variationType,id,attachId,variationId,patternId
1,1,110,3030,0
0,2,110,3420,1
0,3,110,3420,2
1,4,110,3000,3
0,5,110,3220,4
0,6,110,3420,5
2,7,110,3400,6
0,8,110,3220,7
3,9,110,3410,8
3,10,110,3400,9
0,11,110,3810,10
0,12,110,3000,11
1,13,110,3030,12
0,14,110,3030,13
1,15,110,3810,14
1,16,110,3410,15
0,17,110,2100,16
3,18,110,3410,17
0,19,110,3000,18
0,20,110,3420,19
0,21,110,3430,20
0,22,110,3200,21
3,23,110,3400,22
0,24,110,3810,23
1,25,110,3400,24
2,26,110,3210,30
1,27,110,3800,31
0,28,110,3210,32
1,29,110,3030,33
0,30,110,3430,34
2,31,110,3400,35
1,32,110,3810,36
4,33,110,3410,37
0,34,110,3800,38
1,35,110,3410,39
0,36,110,3030,40
2,37,110,3400,41
1,38,110,3410,42
1,39,110,3800,43
3,40,110,3400,44
3,41,110,3400,45
0,42,110,3220,46
2,43,110,3400,47
0,44,110,3410,48
0,45,110,3430,49
0,46,110,3810,50
1,47,110,3410,51
0,48,110,3200,52
0,49,110,3420,53
1,50,110,3810,54
0,51,110,3200,55
0,52,110,3220,56
0,53,110,3410,57
1,54,110,3200,58
0,55,110,3220,59
0,56,110,3200,60
3,57,110,3400,61
0,58,110,3200,62
1,59,110,3810,63
1,60,110,3400,64
0,61,110,3220,70
0,62,110,3220,71
1,63,110,3800,72
3,64,110,3400,73
3,65,110,3410,74
0,66,110,3200,75
0,67,110,3400,76
1,68,110,3220,77
0,69,110,3410,78
1,70,110,3800,79
0,71,110,3430,80
4,72,110,3410,81
0,73,110,3810,82
0,74,110,3400,83
0,75,110,3210,84
1,76,110,3030,85
2,77,110,3410,86
0,78,110,3810,87
0,79,110,3000,88
1,80,110,3030,89
0,81,110,3210,90
3,82,110,3410,91
4,83,110,3410,92
0,84,110,3200,93
1,85,110,3200,94
0,86,110,3200,95
0,87,110,3410,96
4,88,110,3410,97
2,89,110,3410,98
0,90,110,3410,99
1,91,110,3030,100
0,92,110,3800,101
0,93,110,3200,102
0,94,110,3210,103
1,95,110,3800,104
0,96,110,3000,110
1,97,110,3000,111
1,98,110,3030,112
0,99,110,3810,113
0,100,110,3220,114
1,101,110,3800,115
1,102,110,3200,116
1,103,110,3810,117
1,104,110,3000,118
1,105,110,3400,119
1,106,110,3400,120
2,107,110,3210,121
1,108,110,3220,122
2,109,110,3210,123
1,110,110,3220,124
1,111,110,3410,125
1,112,110,3030,126
1,113,110,3810,127
0,114,110,3810,128
3,115,110,3410,129
2,116,110,3410,130
2,117,110,3400,131
1,118,110,3220,132
0,119,110,3800,133
1,120,110,3030,134
1,121,110,3220,135
0,122,110,3000,136
1,123,110,3000,137
0,124,110,3400,138
1,125,110,3410,139
0,126,110,3800,140
0,127,110,3030,141
1,128,110,3810,142
0,129,110,3200,143
0,130,110,3000,144
1,131,110,3200,150
0,132,110,3200,151
3,133,110,3410,152
2,134,110,3410,153
1,135,110,3210,154
1,136,110,3000,155
0,137,110,3400,156
0,138,110,3000,157
3,139,110,3410,158
3,140,110,3410,159
3,141,110,3400,160
2,142,110,3400,161
1,143,110,3000,162
0,144,110,3000,163
0,145,110,3000,164
0,146,110,3200,165
1,147,110,3800,166
1,148,110,3810,167
0,149,110,3420,168
1,150,110,3220,169
2,151,110,3400,170
2,152,110,3410,171
0,153,110,3400,172
2,154,110,3400,173
0,155,110,3210,174
0,156,110,3810,175
1,157,110,3210,176
1,158,110,3220,177
0,159,110,3030,178
1,160,110,3800,179
1,161,110,3000,180
1,162,110,3200,181
0,163,110,3410,182
1,164,110,3220,183
0,165,110,3400,184
0,166,110,3810,190
2,167,110,3210,191
1,168,110,3200,192
1,169,110,3400,193
0,170,110,3430,194
0,171,110,3420,195
1,172,110,3210,196
0,173,110,3030,197
1,174,110,3220,198
1,175,110,3030,199
2,176,110,3400,200
1,177,110,3220,201
3,178,110,3400,202
0,179,110,3400,203
3,180,110,3410,204
1,181,110,3210,205
3,182,110,3400,206
1,183,110,3410,207
0,184,110,3200,208
2,185,110,3210,209
0,186,110,3420,210
4,187,110,3410,211
0,188,110,3400,212
0,189,110,3200,213
1,190,110,3200,214
1,191,110,3000,215
2,192,110,3210,216
0,193,110,3030,217
0,194,110,3810,218
1,195,110,3210,219
1,196,110,3220,220
1,197,110,3000,221
0,198,110,3430,222
4,199,110,3410,223
1,200,110,3810,224
0,201,110,3200,230
2,202,110,3400,231
3,203,110,3410,232
4,204,110,3410,233
0,205,110,3810,234
1,206,110,3400,235
0,207,110,3220,236
0,208,110,3000,237
0,209,110,3400,238
1,210,110,3220,239
2,211,110,3400,240
0,212,110,3030,241
3,213,110,3400,242
1,214,110,3810,243
0,215,110,3420,244
0,216,110,3220,245
0,217,110,3210,246
0,218,110,3430,247
0,219,110,3400,248
1,220,110,3030,249
0,221,110,3430,250
1,222,110,3200,251
0,223,110,3220,252
1,224,110,3000,253
3,225,110,3400,254
1,226,110,3220,255
3,227,110,3410,256
0,228,110,3400,257
1,229,110,3800,258
0,230,110,3000,259
0,231,110,3800,260
1,232,110,3810,261
1,233,110,3400,262
1,234,110,3030,263
4,235,110,3410,264
0,236,110,3810,270
1,237,110,3000,271
0,238,110,3430,272
3,239,110,3410,273
0,240,110,3220,274
2,241,110,3210,275
0,242,110,3400,276
1,243,110,3220,277
0,244,110,3810,278
0,245,110,3430,279
1,246,110,3400,280
0,247,110,3210,281
0,248,110,3200,282
0,249,110,3400,283
3,250,110,3410,284
1,251,110,3800,285
0,252,110,3800,286
2,253,110,3410,287
1,254,110,3400,288
1,255,110,3800,289
1,256,110,3220,290
3,257,110,3400,291
1,258,110,3800,292
0,259,110,3210,293
1,260,110,3400,294
2,261,110,3400,295
1,262,110,3200,296
0,263,110,3810,297
0,264,110,3000,298
0,265,110,3410,299
1,266,110,3800,300
0,267,110,3000,301
3,268,110,3410,302
0,269,110,3430,303
1,270,110,3410,304
2,271,110,3210,310
0,272,110,3810,311
3,273,110,3400,312
0,274,110,3000,313
1,275,110,3000,314
0,276,110,3810,315
1,277,110,3000,316
3,278,110,3400,317
1,279,110,3210,318
0,280,110,3000,319
0,281,2110,3410,1000
2,282,2110,3400,1001
4,283,2110,5011,1002
1,284,2110,5001,1003
0,285,2110,3220,1004
0,286,2110,5006,1010
0,287,2110,3410,1011
1,288,2110,5000,1012
1,289,2110,3800,1013
0,290,2110,3220,1014
0,291,2110,5005,1020
4,292,2110,5011,1021
4,293,2110,5010,1022
0,294,2110,5002,1023
3,295,2110,5010,1024
0,296,2110,5003,1030
4,297,2110,3410,1031
0,298,2110,3200,1032
1,299,2110,3000,1033
2,300,2110,3410,1034
0,301,2110,5005,1040
3,302,2110,5010,1041
2,303,2110,3400,1042
0,304,2110,5005,1043
1,305,2110,3800,1044
0,306,2110,3430,1050
1,307,2110,5001,1051
1,308,2110,3200,1052
3,309,2110,5011,1053
0,310,2110,5005,1054
0,311,2110,5005,1060
1,312,2110,3220,1061
2,313,2110,5010,1062
1,314,2110,5000,1063
3,315,2110,5011,1064
1,316,2110,3800,1070
0,317,2110,3800,1071
3,318,2110,5010,1072
2,319,2110,5011,1073
2,320,2110,3400,1074
0,321,2110,5004,1080
0,322,2110,5006,1081
2,323,2110,3210,1082
0,324,2110,5006,1083
0,325,2110,5003,1084
0,326,2110,5010,1085
0,327,2110,3200,1086
0,328,2110,5004,1087
2,329,2110,3410,1088
0,330,2110,5010,1089
0,331,2110,3800,1090
2,332,2110,3400,1091
3,333,2110,5010,1092
2,334,2110,5010,1093
0,335,2110,3810,1094
0,336,2110,3200,1095
3,337,2110,5010,1096
1,338,2110,5001,1097
0,339,2110,5003,1098
0,340,2110,5010,1099
1,341,2110,3400,1100
2,342,2110,5011,1101
1,343,2110,5001,1102
1,344,2110,3210,1103
2,345,2110,5011,1104
1,346,2110,5001,1110
4,347,2110,5010,1111
0,348,2110,5005,1112
0,349,2110,3420,1113
0,350,2110,5003,1114
3,351,2110,3400,1135
4,352,2110,5010,1136
0,353,2110,5002,1137
3,354,2110,3400,1138
3,355,2110,5010,1139
0,356,2110,5003,1140
3,357,2110,5011,1141
1,358,2110,5001,1142
0,359,2110,5006,1143
3,360,2110,5011,1144
0,361,2110,5004,1145
0,362,2110,3800,1146
3,363,2110,5010,1147
0,364,2110,5002,1148
2,365,2110,5010,1149
1,366,2110,3030,1150
0,367,2110,5003,1151
1,368,2110,3400,1152
1,369,2110,3410,1153
1,370,2110,3220,1154
1,371,2110,5001,1155
1,372,2110,5001,1156
1,373,2110,3810,1157
4,374,2110,5010,1158
4,375,2110,5010,1159
3,376,2110,5010,1160
2,377,2110,3400,1161
1,378,2110,3030,1162
0,379,2110,5003,1163
3,380,2110,5010,1164
4,381,2110,5011,1170
4,382,2110,5011,1171
0,383,2110,3000,1172
2,384,2110,3410,1173
1,385,2110,3200,1174
0,386,2110,5010,1195
1,387,2110,3210,1196
0,388,2110,3420,1197
3,389,2110,5010,1198
2,390,2110,5011,1199
0,391,103,3030,0
0,392,103,3210,1
3,393,103,3410,2
0,394,103,3400,3
1,395,103,3200,4
0,396,103,3420,5
1,397,103,3220,6
3,398,103,3400,7
1,399,103,3810,8
2,400,103,3210,9
1,401,103,3000,10
4,402,103,3410,11
0,403,103,3800,12
0,404,103,3200,13
0,405,103,3030,14
2,406,103,3210,15
0,407,103,3430,16
0,408,103,3400,17
1,409,103,3810,18
1,410,103,3000,19
1,411,103,3800,25
0,412,103,3800,26
0,413,103,3400,27
1,414,103,3410,28
1,415,103,3810,29
0,416,103,3800,30
0,417,103,3200,31
3,418,103,3400,32
1,419,103,3220,33
1,420,103,3810,34
1,421,103,3810,35
1,422,103,3220,36
1,423,103,3000,37
3,424,103,3400,38
1,425,103,3000,39
0,426,103,3210,40
3,427,103,3400,41
0,428,103,3410,42
0,429,103,3810,43
3,430,103,3410,44
0,431,103,3220,45
1,432,103,3400,46
1,433,103,3030,47
1,434,103,3410,48
0,435,103,3430,49
1,436,103,3210,50
2,437,103,3400,51
1,438,103,3810,52
0,439,103,3420,53
1,440,103,3220,54
0,441,103,3000,55
0,442,103,3410,56
3,443,103,3410,57
0,444,103,3400,58
0,445,103,3800,59
1,446,103,3810,65
0,447,103,3000,66
0,448,103,3030,67
2,449,103,3400,68
0,450,103,3810,69
3,451,103,3410,70
0,452,103,3810,71
2,453,103,3400,72
1,454,103,3800,73
0,455,103,3430,74
0,456,103,3800,75
1,457,103,3210,76
2,458,103,3210,77
1,459,103,3200,78
1,460,103,3220,79
0,461,103,3430,80
1,462,103,3220,81
0,463,103,3200,82
0,464,103,3400,83
0,465,103,3200,84
1,466,103,3220,85
1,467,103,3220,86
2,468,103,3210,87
1,469,103,3000,88
0,470,103,3810,89
1,471,103,3000,90
1,472,103,3030,91
0,473,103,3220,92
0,474,103,3400,93
0,475,103,3220,94
1,476,103,3200,95
0,477,103,3810,96
0,478,103,3000,97
1,479,103,3210,98
3,480,103,3400,99
1,481,103,3000,105
0,482,103,3000,106
1,483,103,3800,107
1,484,103,3000,108
2,485,103,3410,109
1,486,103,3210,110
4,487,103,3410,111
3,488,103,3410,112
2,489,103,3410,113
0,490,103,3420,114
0,491,103,3200,115
1,492,103,3410,116
0,493,103,3220,117
1,494,103,3200,118
0,495,103,3220,119
1,496,103,3400,120
4,497,103,3410,121
0,498,103,3810,122
0,499,103,3000,123
1,500,103,3220,124
0,501,103,3000,125
4,502,103,3410,126
2,503,103,3210,127
0,504,103,2030,128
0,505,103,3800,129
2,506,103,3410,130
1,507,103,3030,131
2,508,103,3210,132
1,509,103,3810,133
0,510,103,3030,134
0,511,103,3430,135
0,512,103,3420,136
4,513,103,3410,137
1,514,103,3030,138
1,515,103,3410,139
0,516,103,3000,145
0,517,103,3800,146
1,518,103,3800,147
1,519,103,3220,148
1,520,103,3000,149
0,521,103,3200,150
1,522,103,3800,151
0,523,103,3200,152
1,524,103,3220,153
4,525,103,3410,154
2,526,103,3410,155
3,527,103,3410,156
1,528,103,3200,157
1,529,103,3210,158
2,530,103,3210,159
0,531,103,3200,160
1,532,103,3410,161
0,533,103,3420,162
1,534,103,3220,163
1,535,103,3800,164
2,536,103,3400,165
1,537,103,3200,166
1,538,103,3000,167
0,539,103,3430,168
1,540,103,3210,169
2,541,103,3400,170
2,542,103,3210,171
2,543,103,3410,172
1,544,103,3200,173
1,545,103,3200,174
0,546,103,3210,175
4,547,103,3410,176
1,548,103,3410,177
4,549,103,3410,178
3,550,103,3410,179
1,551,103,3810,185
0,552,103,3810,186
0,553,103,3800,187
0,554,103,3400,188
1,555,103,3030,189
0,556,103,3410,190
0,557,103,3220,191
1,558,103,3200,192
1,559,103,3220,193
2,560,103,3410,194
0,561,103,3420,195
2,562,103,3210,196
1,563,103,3030,197
0,564,103,3810,198
0,565,103,3000,199
2,566,103,3400,200
1,567,103,3410,201
1,568,103,3000,202
1,569,103,3410,203
0,570,103,3210,204
1,571,103,3800,205
3,572,103,3400,206
1,573,103,3210,207
0,574,103,3400,208
0,575,103,3200,209
2,576,103,3210,210
0,577,103,3200,211
1,578,103,3220,212
1,579,103,3800,213
2,580,103,3410,214
0,581,103,3430,215
2,582,103,3410,216
0,583,103,3200,217
0,584,103,3220,218
0,585,103,3410,219
0,586,103,3210,225
1,587,103,3210,226
0,588,103,3400,227
0,589,103,3220,228
0,590,103,3810,229
0,591,103,3410,230
2,592,103,3400,231
0,593,103,3000,232
4,594,103,3410,233
0,595,103,3810,234
1,596,103,3030,235
1,597,103,3200,236
0,598,103,3400,237
1,599,103,3410,238
0,600,103,3800,239
4,601,103,3410,240
0,602,103,3030,241
0,603,103,3030,242
0,604,103,3430,243
4,605,103,3410,244
0,606,103,3030,245
0,607,103,3810,246
1,608,103,3000,247
1,609,103,3410,248
0,610,103,3210,249
0,611,103,3810,250
4,612,103,3410,251
1,613,103,3200,252
2,614,103,3400,253
1,615,103,3410,254
1,616,103,3000,255
0,617,103,3810,256
3,618,103,3400,257
1,619,103,3220,258
4,620,103,3410,259
1,621,103,3800,265
1,622,103,3200,266
0,623,103,3200,267
0,624,103,3400,268
3,625,103,3400,269
1,626,103,3200,270
1,627,103,3210,271
1,628,103,3220,272
0,629,103,3030,273
2,630,103,3210,274
0,631,103,3210,275
1,632,103,3220,276
1,633,103,3000,277
0,634,103,3200,278
0,635,103,3400,279
1,636,103,3800,280
1,637,103,3000,281
1,638,103,3000,282
4,639,103,3410,283
2,640,103,3410,284
1,641,103,3410,285
1,642,103,3030,286
0,643,103,3220,287
0,644,103,3000,288
1,645,103,3400,289
1,646,103,3220,290
0,647,103,3430,291
0,648,103,3030,292
2,649,103,3210,293
0,650,103,3430,294
0,651,103,3210,295
1,652,103,3810,296
1,653,103,3800,297
3,654,103,3410,298
2,655,103,3210,299
0,656,103,3400,305
0,657,103,3810,306
1,658,103,3210,307
1,659,103,3210,308
0,660,103,3200,309
0,661,103,3030,310
0,662,103,3000,311
0,663,103,3800,312
0,664,103,3810,313
1,665,103,3200,314
4,666,103,3410,315
1,667,103,3000,316
1,668,103,3810,317
1,669,103,3810,318
0,670,103,3210,319
0,671,2103,5002,1000
0,672,2103,3420,1001
0,673,2103,5003,1002
2,674,2103,5010,1003
0,675,2103,5002,1004
1,676,2103,3800,1010
0,677,2103,3800,1011
1,678,2103,5001,1012
2,679,2103,3210,1013
0,680,2103,3210,1014
4,681,2103,3410,1020
0,682,2103,3200,1021
0,683,2103,5006,1022
1,684,2103,3800,1023
4,685,2103,5011,1024
0,686,2103,5003,1030
2,687,2103,5011,1031
2,688,2103,5011,1032
0,689,2103,3030,1033
0,690,2103,3410,1034
0,691,2103,3200,1040
0,692,2103,3200,1041
6,693,2103,5011,1042
0,694,2103,5002,1043
1,695,2103,5001,1044
2,696,2103,3400,1050
1,697,2103,5001,1051
1,698,2103,3200,1052
1,699,2103,5000,1053
0,700,2103,5005,1054
2,701,2103,5011,1060
0,702,2103,5010,1061
0,703,2103,5004,1062
0,704,2103,3800,1063
0,705,2103,5006,1064
3,706,2103,5010,1070
0,707,2103,5006,1071
0,708,2103,5005,1072
3,709,2103,5011,1073
3,710,2103,5011,1074
0,711,2103,5004,1080
0,712,2103,3430,1081
0,713,2103,3220,1082
3,714,2103,5010,1083
1,715,2103,5000,1084
1,716,2103,5001,1085
0,717,2103,5004,1086
4,718,2103,5011,1087
0,719,2103,3430,1088
1,720,2103,5000,1089
1,721,2103,5000,1090
4,722,2103,3410,1091
2,723,2103,5010,1092
1,724,2103,3400,1093
0,725,2103,3400,1094
2,726,2103,3210,1095
1,727,2103,3200,1096
2,728,2103,3210,1097
2,729,2103,3410,1098
0,730,2103,5010,1099
1,731,2103,3800,1105
3,732,2103,5010,1106
1,733,2103,5000,1107
0,734,2103,3210,1108
0,735,2103,5010,1109
0,736,2103,5006,1110
0,737,2103,3220,1111
2,738,2103,5010,1112
4,739,2103,5010,1113
4,740,2103,5011,1114
0,741,2103,5006,1135
2,742,2103,5010,1136
0,743,2103,3800,1137
0,744,2103,5005,1138
3,745,2103,5010,1139
2,746,2103,5010,1140
4,747,2103,5011,1141
0,748,2103,5010,1142
3,749,2103,5011,1143
1,750,2103,3800,1144
3,751,2103,5011,1145
4,752,2103,5010,1146
2,753,2103,3410,1147
0,754,2103,5010,1148
0,755,2103,3210,1149
1,756,2103,3220,1150
4,757,2103,5010,1151
2,758,2103,5010,1152
0,759,2103,5005,1153
4,760,2103,5010,1154
3,761,2103,5010,1155
1,762,2103,5001,1156
3,763,2103,3410,1157
0,764,2103,5003,1158
4,765,2103,5011,1159
0,766,2103,5002,1165
0,767,2103,3430,1166
0,768,2103,3430,1167
0,769,2103,3030,1168
6,770,2103,5011,1169
4,771,2103,5011,1170
4,772,2103,5011,1171
0,773,2103,5005,1172
1,774,2103,5000,1173
1,775,2103,3810,1174
0,776,2103,5006,1195
1,777,2103,5001,1196
2,778,2103,5011,1197
4,779,2103,5011,1198
0,780,2103,3810,1199
1,781,107,3810,0
0,782,107,3410,1
3,783,107,3410,2
1,784,107,3410,3
1,785,107,3030,4
1,786,107,3800,5
0,787,107,3410,6
0,788,107,3000,7
0,789,107,3420,8
1,790,107,3200,9
1,791,107,3030,10
1,792,107,3030,11
2,793,107,3410,12
0,794,107,3000,13
0,795,107,3410,14
1,796,107,3210,15
1,797,107,3410,16
1,798,107,3200,17
0,799,107,2060,18
1,800,107,3800,19
1,801,107,3810,30
0,802,107,3210,31
1,803,107,3030,32
0,804,107,3000,33
1,805,107,3000,34
1,806,107,3410,35
1,807,107,3000,36
2,808,107,3400,37
2,809,107,3210,38
0,810,107,3220,39
0,811,107,3430,40
0,812,107,3220,41
0,813,107,3220,42
3,814,107,3400,43
0,815,107,3030,44
2,816,107,3410,45
1,817,107,3220,46
1,818,107,3030,47
1,819,107,3810,48
1,820,107,3400,49
0,821,107,3000,50
1,822,107,3410,51
0,823,107,3410,52
0,824,107,3200,53
3,825,107,3400,54
0,826,107,3220,55
0,827,107,3000,56
0,828,107,3810,57
0,829,107,3400,58
1,830,107,3800,59
1,831,107,3210,70
0,832,107,3220,71
0,833,107,3220,72
1,834,107,3810,73
0,835,107,3210,74
2,836,107,3210,75
2,837,107,3210,76
0,838,107,3400,77
1,839,107,3030,78
1,840,107,3210,79
1,841,107,3220,80
1,842,107,3410,81
3,843,107,3410,82
4,844,107,3410,83
1,845,107,3810,84
3,846,107,3410,85
2,847,107,3400,86
0,848,107,3210,87
1,849,107,3200,88
1,850,107,3210,89
0,851,107,3000,90
3,852,107,3410,91
3,853,107,3400,92
0,854,107,3400,93
1,855,107,3000,94
0,856,107,3200,95
0,857,107,3410,96
0,858,107,3030,97
1,859,107,3800,98
0,860,107,3410,99
0,861,107,3410,110
0,862,107,3420,111
1,863,107,3220,112
0,864,107,3800,113
0,865,107,3410,114
0,866,107,3200,115
0,867,107,3810,116
1,868,107,3200,117
0,869,107,3210,118
3,870,107,3400,119
1,871,107,3220,120
3,872,107,3410,121
0,873,107,3210,122
0,874,107,3200,123
0,875,107,3430,124
0,876,107,3220,125
0,877,107,3210,126
1,878,107,3000,127
2,879,107,3410,128
0,880,107,3410,129
1,881,107,3220,130
0,882,107,3430,131
2,883,107,3210,132
1,884,107,3220,133
3,885,107,3400,134
1,886,107,3800,135
1,887,107,3410,136
1,888,107,3220,137
0,889,107,3210,138
1,890,107,3000,139
0,891,107,3200,150
0,892,107,3420,151
0,893,107,2060,152
0,894,107,3400,153
0,895,107,3420,154
0,896,107,3030,155
1,897,107,3000,156
4,898,107,3410,157
0,899,107,3220,158
1,900,107,3200,159
0,901,107,3000,160
0,902,107,3000,161
0,903,107,3420,162
0,904,107,3810,163
1,905,107,3200,164
1,906,107,3400,165
0,907,107,3410,166
0,908,107,3410,167
1,909,107,3200,168
0,910,107,3810,169
2,911,107,3410,170
1,912,107,3220,171
3,913,107,3410,172
1,914,107,3210,173
1,915,107,3030,174
1,916,107,3000,175
1,917,107,3400,176
1,918,107,3000,177
0,919,107,3810,178
3,920,107,3410,179
0,921,107,3800,190
0,922,107,3220,191
4,923,107,3410,192
0,924,107,3800,193
1,925,107,3000,194
1,926,107,3410,195
1,927,107,3210,196
4,928,107,3410,197
1,929,107,3000,198
3,930,107,3410,199
0,931,107,3400,200
1,932,107,3000,201
0,933,107,3220,202
0,934,107,3400,203
1,935,107,3030,204
0,936,107,3400,205
3,937,107,3400,206
0,938,107,3030,207
0,939,107,3400,208
0,940,107,3810,209
1,941,107,3030,210
0,942,107,3210,211
0,943,107,3810,212
0,944,107,3400,213
0,945,107,3410,214
0,946,107,3430,215
0,947,107,3030,216
0,948,107,3420,217
3,949,107,3410,218
0,950,107,3800,219
1,951,107,3000,230
1,952,107,3210,231
0,953,107,3030,232
2,954,107,3210,233
1,955,107,3220,234
0,956,107,3210,235
1,957,107,3030,236
1,958,107,3200,237
0,959,107,3800,238
0,960,107,3200,239
0,961,107,3220,240
1,962,107,3220,241
0,963,107,3810,242
0,964,107,3430,243
4,965,107,3410,244
0,966,107,3800,245
2,967,107,3210,246
4,968,107,3410,247
0,969,107,3210,248
1,970,107,3000,249
1,971,107,3410,250
3,972,107,3400,251
1,973,107,3030,252
1,974,107,3410,253
0,975,107,3410,254
0,976,107,3210,255
0,977,107,3000,256
0,978,107,3030,257
0,979,107,3220,258
2,980,107,3410,259
0,981,107,3430,270
0,982,107,3810,271
0,983,107,3810,272
0,984,107,3400,273
2,985,107,3210,274
0,986,107,3400,275
3,987,107,3410,276
3,988,107,3400,277
0,989,107,3210,278
0,990,107,3400,279
1,991,107,3400,280
1,992,107,3800,281
0,993,107,3030,282
1,994,107,3210,283
1,995,107,3210,284
0,996,107,3200,285
0,997,107,3220,286
1,998,107,3810,287
0,999,107,3430,288
1,1000,107,3400,289
1,1001,107,3410,290
4,1002,107,3410,291
1,1003,107,3410,292
0,1004,107,3800,293
4,1005,107,3410,294
0,1006,107,3430,295
0,1007,107,3410,296
3,1008,107,3400,297
1,1009,107,3000,298
1,1010,107,3000,299
0,1011,107,3810,310
0,1012,107,3420,311
0,1013,107,3200,312
2,1014,107,3210,313
0,1015,107,3430,314
0,1016,107,3420,315
0,1017,107,3430,316
0,1018,107,3420,317
0,1019,107,3220,318
0,1020,107,3220,319
6,1021,2107,5011,1000
4,1022,2107,5011,1001
0,1023,2107,3430,1002
6,1024,2107,5011,1003
0,1025,2107,5002,1004
3,1026,2107,5011,1010
1,1027,2107,5000,1011
1,1028,2107,5001,1012
1,1029,2107,3800,1013
0,1030,2107,5006,1014
4,1031,2107,5011,1020
6,1032,2107,5011,1021
3,1033,2107,5011,1022
0,1034,2107,3400,1023
0,1035,2107,3200,1024
0,1036,2107,3810,1030
0,1037,2107,5002,1031
0,1038,2107,5004,1032
1,1039,2107,5001,1033
0,1040,2107,5002,1034
4,1041,2107,5011,1040
0,1042,2107,5005,1041
0,1043,2107,3420,1042
0,1044,2107,3810,1043
3,1045,2107,5011,1044
0,1046,2107,5004,1050
2,1047,2107,3410,1051
1,1048,2107,3220,1052
0,1049,2107,3210,1053
4,1050,2107,3410,1054
0,1051,2107,3200,1060
3,1052,2107,5010,1061
2,1053,2107,3400,1062
1,1054,2107,5000,1063
6,1055,2107,5011,1064
4,1056,2107,3410,1070
4,1057,2107,5010,1071
0,1058,2107,5005,1072
0,1059,2107,5004,1073
1,1060,2107,3410,1074
1,1061,2107,3220,1080
2,1062,2107,3400,1081
2,1063,2107,5010,1082
3,1064,2107,5011,1083
3,1065,2107,5010,1084
1,1066,2107,3410,1085
3,1067,2107,5011,1086
0,1068,2107,5004,1087
1,1069,2107,5001,1088
3,1070,2107,3410,1089
2,1071,2107,5010,1090
1,1072,2107,5000,1091
0,1073,2107,3800,1092
0,1074,2107,3410,1093
2,1075,2107,3400,1094
0,1076,2107,5003,1095
0,1077,2107,5005,1096
1,1078,2107,5001,1097
2,1079,2107,5011,1098
3,1080,2107,5010,1099
0,1081,2107,5010,1110
1,1082,2107,3800,1111
1,1083,2107,3800,1112
2,1084,2107,3400,1113
4,1085,2107,5011,1114
0,1086,2107,3000,1135
3,1087,2107,5011,1136
0,1088,2107,5010,1137
0,1089,2107,3800,1138
4,1090,2107,5011,1139
3,1091,2107,5010,1140
4,1092,2107,5010,1141
1,1093,2107,5001,1142
6,1094,2107,5011,1143
3,1095,2107,5011,1144
0,1096,2107,3810,1145
3,1097,2107,5011,1146
1,1098,2107,5000,1147
1,1099,2107,3030,1148
0,1100,2107,3210,1149
0,1101,2107,3200,1150
0,1102,2107,5010,1151
2,1103,2107,5011,1152
1,1104,2107,5000,1153
0,1105,2107,3210,1154
0,1106,2107,3000,1155
0,1107,2107,5006,1156
3,1108,2107,5011,1157
0,1109,2107,5003,1158
4,1110,2107,5010,1159
0,1111,2107,5006,1170
0,1112,2107,3200,1171
2,1113,2107,3210,1172
1,1114,2107,3030,1173
1,1115,2107,3220,1174
0,1116,2107,3220,1195
4,1117,2107,5011,1196
2,1118,2107,5011,1197
1,1119,2107,3200,1198
0,1120,2107,3410,1199
2,1121,112,3210,0
0,1122,112,3420,1
0,1123,112,3800,2
0,1124,112,3410,3
1,1125,112,3030,4
0,1126,112,3200,5
1,1127,112,3220,6
0,1128,112,3200,7
1,1129,112,3210,8
0,1130,112,3200,9
0,1131,112,3420,10
0,1132,112,3420,11
2,1133,112,3400,12
0,1134,112,3220,13
3,1135,112,3410,14
0,1136,127,3810,15
1,1137,112,3030,16
1,1138,112,3800,17
2,1139,112,3410,18
0,1140,112,3410,19
0,1141,112,3200,20
1,1142,112,3800,21
0,1143,112,3030,22
0,1144,112,3000,23
1,1145,112,3030,24
0,1146,112,3200,30
1,1147,112,3810,31
1,1148,112,3220,32
0,1149,112,3000,33
0,1150,112,3430,34
0,1151,112,3220,35
0,1152,127,3030,36
0,1153,112,3810,37
0,1154,112,3000,38
2,1155,112,3410,39
2,1156,112,3400,40
1,1157,112,3000,41
0,1158,112,3220,42
3,1159,112,3400,43
1,1160,112,3800,44
2,1161,112,3410,45
0,1162,112,3200,46
0,1163,112,3430,47
0,1164,112,3410,48
1,1165,112,3400,49
1,1166,112,3030,50
1,1167,112,3800,51
0,1168,112,2110,52
1,1169,112,3410,53
1,1170,112,3800,54
1,1171,127,3810,55
0,1172,112,3410,56
1,1173,112,3030,57
0,1174,112,3220,58
1,1175,112,3220,59
2,1176,112,3410,60
2,1177,112,3210,61
4,1178,112,3410,62
1,1179,112,3030,63
1,1180,112,3030,64
1,1181,112,3030,70
0,1182,112,3030,71
3,1183,112,3410,72
3,1184,112,3400,73
0,1185,112,3000,74
0,1186,127,3810,75
1,1187,127,3800,76
1,1188,112,3800,77
3,1189,112,3400,78
0,1190,112,3420,79
3,1191,112,3400,80
2,1192,112,3210,81
1,1193,127,3800,82
0,1194,112,3400,83
0,1195,112,3420,84
0,1196,112,3810,85
1,1197,112,3000,86
2,1198,112,3210,87
2,1199,112,3410,88
0,1200,112,3810,89
0,1201,112,3220,90
1,1202,112,3210,91
0,1203,112,3800,92
1,1204,112,3410,93
0,1205,112,3210,94
0,1206,112,3800,95
2,1207,112,3210,96
0,1208,112,3400,97
0,1209,112,3400,98
1,1210,112,3030,99
1,1211,112,3210,100
0,1212,112,3030,101
1,1213,112,3810,102
0,1214,112,3810,103
0,1215,112,3430,104
0,1216,112,3210,110
1,1217,112,3800,111
1,1218,127,3000,112
0,1219,127,3030,113
0,1220,112,3220,114
0,1221,112,3030,115
3,1222,112,3410,116
0,1223,112,3810,117
1,1224,112,3210,118
0,1225,112,3210,119
1,1226,112,3030,120
1,1227,127,3800,121
2,1228,112,3410,122
0,1229,112,3000,123
0,1230,112,3810,124
0,1231,112,3400,125
1,1232,112,3210,126
1,1233,112,3000,127
3,1234,112,3400,128
0,1235,112,3810,129
0,1236,112,3410,130
0,1237,112,3410,131
0,1238,112,3410,132
0,1239,127,3000,133
0,1240,112,3220,134
3,1241,112,3400,135
0,1242,127,3800,136
1,1243,112,3220,137
1,1244,112,3210,138
0,1245,112,3810,139
2,1246,112,3410,140
0,1247,112,3030,141
0,1248,112,3810,142
1,1249,112,3210,143
1,1250,112,3810,144
1,1251,112,3030,150
0,1252,112,3220,151
0,1253,112,3200,152
0,1254,112,3200,153
4,1255,112,3410,154
1,1256,112,3400,155
0,1257,112,3210,156
0,1258,112,3200,157
0,1259,127,3800,158
1,1260,112,3210,159
1,1261,112,3400,160
0,1262,112,3220,161
1,1263,112,3810,162
0,1264,112,3220,163
1,1265,112,3410,164
1,1266,112,3210,165
0,1267,112,3400,166
1,1268,112,3220,167
0,1269,112,3200,168
0,1270,112,3410,169
1,1271,127,3030,170
0,1272,112,2110,171
1,1273,127,3000,172
1,1274,112,3800,173
0,1275,112,3430,174
3,1276,112,3410,175
0,1277,112,3220,176
0,1278,112,3200,177
1,1279,112,3200,178
2,1280,112,3410,179
0,1281,112,3410,180
0,1282,112,3000,181
1,1283,112,3220,182
0,1284,112,3000,183
1,1285,112,3030,184
0,1286,112,3810,190
1,1287,112,3400,191
0,1288,127,3810,192
1,1289,112,3810,193
0,1290,112,3800,194
1,1291,112,3200,195
1,1292,112,3030,196
1,1293,112,3220,197
3,1294,112,3410,198
0,1295,112,3220,199
0,1296,112,3430,200
0,1297,112,3220,201
1,1298,112,3410,202
0,1299,112,3000,203
2,1300,112,3410,204
0,1301,112,3030,205
0,1302,112,3800,206
0,1303,112,3400,207
0,1304,112,3420,208
2,1305,112,3400,209
4,1306,112,3410,210
4,1307,112,3410,211
0,1308,127,3000,212
1,1309,112,3400,213
2,1310,112,3400,214
3,1311,112,3410,215
0,1312,112,3030,216
0,1313,112,3800,217
4,1314,112,3410,218
0,1315,112,3800,219
1,1316,127,3810,220
0,1317,112,3800,221
1,1318,112,3810,222
4,1319,112,3410,223
3,1320,112,3400,224
0,1321,112,3430,230
1,1322,112,3810,231
0,1323,112,3810,232
1,1324,127,3000,233
0,1325,112,3420,234
1,1326,112,3400,235
1,1327,112,3810,236
0,1328,112,3430,237
0,1329,112,3210,238
1,1330,112,3210,239
0,1331,127,3800,240
1,1332,112,3030,241
0,1333,112,2110,242
0,1334,112,3030,243
4,1335,112,3410,244
1,1336,112,3000,245
0,1337,112,3200,246
0,1338,112,3430,247
0,1339,112,3000,248
1,1340,112,3810,249
0,1341,112,3420,250
1,1342,112,3200,251
0,1343,112,3810,252
0,1344,112,3200,253
1,1345,112,3000,254
1,1346,127,3800,255
0,1347,112,3000,256
3,1348,112,3400,257
3,1349,112,3400,258
1,1350,112,3030,259
1,1351,112,3000,260
0,1352,112,3200,261
0,1353,127,3800,262
1,1354,112,3800,263
1,1355,112,3000,264
1,1356,112,3030,270
3,1357,112,3410,271
1,1358,127,3810,272
0,1359,112,3210,273
0,1360,112,3420,274
1,1361,112,3810,275
1,1362,112,3400,276
0,1363,112,3420,277
1,1364,112,3810,278
1,1365,127,3800,279
0,1366,112,3810,280
0,1367,112,3220,281
1,1368,112,3200,282
1,1369,127,3800,283
0,1370,112,3030,284
0,1371,112,3810,285
0,1372,112,3800,286
0,1373,112,3220,287
0,1374,112,3430,288
1,1375,112,3810,289
3,1376,112,3410,290
1,1377,112,3220,291
0,1378,127,3030,292
1,1379,112,3000,293
1,1380,112,3400,294
2,1381,112,3400,295
0,1382,127,3000,296
0,1383,112,3410,297
1,1384,112,3200,298
0,1385,127,3000,299
4,1386,112,3410,300
1,1387,112,3810,301
1,1388,112,3220,302
0,1389,112,3210,303
1,1390,127,3030,304
1,1391,112,3220,310
2,1392,112,3210,311
0,1393,112,3430,312
1,1394,127,3800,313
1,1395,112,3200,314
0,1396,112,3800,315
0,1397,112,3200,316
3,1398,112,3400,317
1,1399,127,3000,318
0,1400,112,3030,319
0,1401,2112,3420,1000
0,1402,2112,3420,1001
0,1403,2112,3400,1002
1,1404,2127,3800,1003
0,1405,2112,3220,1004
1,1406,2112,3200,1010
1,1407,2112,5000,1011
2,1408,2112,3210,1012
4,1409,2112,5011,1013
0,1410,2112,5006,1014
2,1411,2112,3410,1020
4,1412,2112,5011,1021
0,1413,2112,5002,1022
0,1414,2112,3400,1023
3,1415,2112,5010,1024
1,1416,2112,3200,1030
2,1417,2112,5011,1031
1,1418,2112,3800,1032
2,1419,2112,5010,1033
0,1420,2112,3410,1034
6,1421,2112,5011,1040
0,1422,2112,3220,1041
0,1423,2112,3430,1042
2,1424,2112,3210,1043
2,1425,2112,5010,1044
4,1426,2112,3410,1050
0,1427,2112,3410,1051
0,1428,2112,5004,1052
0,1429,2112,5002,1053
0,1430,2127,3030,1054
6,1431,2112,5011,1060
1,1432,2112,3210,1061
0,1433,2112,5003,1062
1,1434,2112,3210,1063
1,1435,2112,5000,1064
0,1436,2127,3800,1070
1,1437,2112,3810,1071
1,1438,2112,3810,1072
3,1439,2112,5011,1073
0,1440,2127,3800,1074
0,1441,2112,3220,1080
4,1442,2112,5011,1081
0,1443,2127,3000,1082
2,1444,2112,3400,1083
0,1445,2112,3200,1084
0,1446,2112,5010,1085
1,1447,2112,3220,1086
0,1448,2112,3000,1087
0,1449,2112,3430,1088
2,1450,2112,3410,1089
0,1451,2112,5004,1090
1,1452,2127,3030,1091
1,1453,2112,5001,1092
1,1454,2112,3400,1093
0,1455,2112,3400,1094
1,1456,2112,3220,1095
3,1457,2112,5010,1096
0,1458,2112,3200,1097
0,1459,2112,5003,1098
0,1460,2127,3810,1099
1,1461,2112,3400,1100
1,1462,2112,5001,1101
2,1463,2112,5011,1102
2,1464,2112,5010,1103
0,1465,2112,3220,1104
1,1466,2127,3800,1110
0,1467,2127,3800,1111
1,1468,2112,3800,1112
4,1469,2112,5010,1113
0,1470,2112,3000,1114
6,1471,2112,5011,1135
0,1472,2112,5006,1136
0,1473,2112,5010,1137
1,1474,2112,3410,1138
4,1475,2112,5010,1139
1,1476,2112,3810,1140
2,1477,2112,3410,1141
0,1478,2112,5003,1142
3,1479,2112,3410,1143
1,1480,2112,5001,1144
0,1481,2112,5010,1145
0,1482,2112,3220,1146
1,1483,2112,3800,1147
0,1484,2112,5002,1148
0,1485,2112,5010,1149
0,1486,2112,5002,1150
0,1487,2127,3800,1151
2,1488,2112,5010,1152
1,1489,2112,5000,1153
0,1490,2112,5004,1154
0,1491,2127,3030,1155
1,1492,2112,3210,1156
0,1493,2112,5003,1157
0,1494,2112,5004,1158
0,1495,2112,5004,1159
0,1496,2112,3420,1160
0,1497,2112,5004,1161
2,1498,2112,5010,1162
0,1499,2112,5010,1163
0,1500,2127,3800,1164
0,1501,2112,3220,1170
1,1502,2112,3220,1171
0,1503,2112,5004,1172
2,1504,2112,3410,1173
1,1505,2112,5000,1174
0,1506,2112,3810,1195
3,1507,2112,5011,1196
1,1508,2127,3800,1197
1,1509,2112,3800,1198
0,1510,2112,5006,1199
1,1511,120,3220,0
1,1512,124,3810,1
1,1513,120,3200,2
0,1514,120,3400,3
1,1515,120,3400,4
0,1516,120,3220,5
0,1517,124,3810,6
0,1518,120,3410,7
1,1519,120,3200,8
0,1520,120,3800,9
2,1521,120,3210,10
0,1522,120,3220,11
2,1523,120,3210,12
2,1524,120,3400,13
3,1525,120,3410,14
0,1526,120,3420,15
0,1527,120,3810,16
0,1528,120,3030,17
0,1529,124,3800,18
1,1530,123,3000,19
0,1531,120,3420,25
1,1532,120,3210,26
1,1533,120,3030,27
1,1534,123,3810,28
1,1535,123,3030,29
0,1536,120,3410,30
0,1537,123,3000,31
0,1538,120,3210,32
0,1539,120,3410,33
3,1540,120,3400,34
0,1541,124,3030,35
0,1542,120,3410,36
2,1543,120,3400,37
1,1544,120,3000,38
1,1545,120,3800,39
0,1546,120,3030,40
1,1547,123,3000,41
1,1548,120,3410,42
0,1549,120,3030,43
0,1550,120,3200,44
0,1551,120,3810,45
1,1552,120,3030,46
0,1553,123,3810,47
1,1554,124,3810,48
1,1555,120,3030,49
3,1556,120,3410,50
0,1557,120,3030,51
1,1558,120,3210,52
1,1559,120,3030,53
0,1560,120,3410,54
1,1561,120,3810,55
0,1562,120,3800,56
1,1563,124,3000,57
0,1564,120,3030,58
0,1565,120,3220,59
1,1566,120,3210,65
0,1567,120,3200,66
0,1568,120,3420,67
2,1569,120,3400,68
2,1570,120,3400,69
1,1571,124,3000,70
0,1572,120,3420,71
0,1573,120,3030,72
1,1574,120,3210,73
3,1575,120,3410,74
1,1576,120,3030,75
1,1577,120,3400,76
0,1578,123,3810,77
0,1579,120,3810,78
2,1580,120,3400,79
0,1581,120,3030,80
1,1582,123,3810,81
3,1583,120,3410,82
0,1584,124,3030,83
4,1585,120,3410,84
0,1586,120,3410,85
1,1587,120,3800,86
1,1588,120,3400,87
1,1589,120,3410,88
4,1590,120,3410,89
0,1591,120,3400,90
3,1592,120,3410,91
0,1593,120,3030,92
0,1594,120,3030,93
0,1595,120,3420,94
0,1596,120,3200,95
1,1597,120,3210,96
1,1598,120,3220,97
1,1599,120,3030,98
0,1600,124,3800,99
0,1601,120,3200,105
0,1602,120,3420,106
1,1603,123,3030,107
2,1604,120,3400,108
1,1605,120,3810,109
1,1606,120,3210,110
1,1607,120,3210,111
1,1608,120,3030,112
1,1609,120,3000,113
1,1610,123,3800,114
2,1611,120,3410,115
4,1612,120,3410,116
1,1613,120,3410,117
0,1614,123,3800,118
0,1615,120,3810,119
0,1616,120,3430,120
1,1617,120,3200,121
0,1618,120,3000,122
3,1619,120,3410,123
0,1620,120,3210,124
1,1621,120,3400,125
0,1622,120,3210,126
0,1623,124,3810,127
1,1624,120,3000,128
0,1625,123,3810,129
0,1626,120,3800,130
0,1627,120,3430,131
1,1628,123,3800,132
1,1629,120,3000,133
0,1630,120,3210,134
0,1631,123,3000,135
1,1632,120,3220,136
1,1633,120,3000,137
0,1634,120,3210,138
3,1635,120,3400,139
0,1636,123,3800,145
0,1637,120,3000,146
4,1638,120,3410,147
0,1639,120,3410,148
0,1640,120,3200,149
1,1641,120,3400,150
0,1642,123,3000,151
0,1643,120,3410,152
0,1644,120,3810,153
1,1645,120,3800,154
0,1646,123,3800,155
0,1647,124,3800,156
2,1648,120,3400,157
0,1649,120,3800,158
0,1650,123,3030,159
3,1651,120,3400,160
0,1652,120,3810,161
1,1653,120,3200,162
0,1654,120,3430,163
2,1655,120,3410,164
1,1656,120,3210,165
0,1657,123,3810,166
2,1658,120,3410,167
1,1659,120,3810,168
0,1660,124,3810,169
1,1661,120,3000,170
1,1662,120,3810,171
1,1663,120,3220,172
1,1664,120,3810,173
1,1665,120,3410,174
4,1666,120,3410,175
1,1667,120,3400,176
1,1668,120,3800,177
0,1669,120,3000,178
0,1670,124,3000,179
0,1671,120,3220,185
3,1672,120,3410,186
3,1673,120,3400,187
1,1674,120,3810,188
1,1675,120,3810,189
0,1676,120,3200,190
1,1677,120,3400,191
0,1678,120,3420,192
0,1679,123,3000,193
0,1680,120,3200,194
0,1681,120,3210,195
0,1682,120,3410,196
1,1683,123,3810,197
0,1684,120,3430,198
1,1685,124,3800,199
0,1686,120,3000,200
0,1687,124,3000,201
0,1688,124,3000,202
1,1689,120,3200,203
1,1690,120,3210,204
0,1691,123,3810,205
0,1692,120,3030,206
0,1693,120,3400,207
0,1694,120,3810,208
1,1695,120,3000,209
1,1696,123,3000,210
1,1697,120,3030,211
1,1698,120,3400,212
1,1699,120,3030,213
0,1700,120,3220,214
1,1701,120,3220,215
2,1702,120,3210,216
0,1703,120,3410,217
0,1704,120,3800,218
1,1705,120,3210,219
0,1706,120,3400,225
1,1707,123,3000,226
1,1708,120,3800,227
0,1709,120,3400,228
1,1710,120,3030,229
1,1711,120,3210,230
0,1712,124,3800,231
0,1713,120,3400,232
0,1714,120,3800,233
0,1715,120,3420,234
2,1716,120,3410,235
0,1717,123,3800,236
1,1718,123,3810,237
1,1719,120,3000,238
1,1720,120,3030,239
1,1721,120,3810,240
1,1722,120,3200,241
3,1723,120,3400,242
1,1724,120,3200,243
2,1725,120,3210,244
1,1726,120,3410,245
0,1727,120,3410,246
0,1728,120,3200,247
1,1729,120,3800,248
2,1730,120,3410,249
1,1731,120,3030,250
0,1732,120,3220,251
2,1733,120,3400,252
0,1734,120,3220,253
1,1735,120,3810,254
1,1736,120,3220,255
1,1737,123,3800,256
1,1738,120,3210,257
1,1739,124,3000,258
0,1740,124,3800,259
1,1741,123,3810,265
0,1742,120,3030,266
0,1743,123,3030,267
0,1744,120,3210,268
0,1745,123,3000,269
0,1746,124,3810,270
3,1747,120,3410,271
0,1748,120,3420,272
1,1749,124,3800,273
0,1750,123,3810,274
0,1751,120,3810,275
0,1752,123,3030,276
2,1753,120,3210,277
2,1754,120,3410,278
0,1755,120,3200,279
1,1756,120,3220,280
0,1757,124,3000,281
0,1758,120,3410,282
0,1759,120,3400,283
3,1760,120,3410,284
0,1761,120,3220,285
0,1762,120,3220,286
0,1763,120,3420,287
1,1764,123,3000,288
1,1765,120,3800,289
1,1766,120,3030,290
0,1767,120,3200,291
1,1768,120,3800,292
0,1769,123,3030,293
0,1770,120,3000,294
1,1771,120,3800,295
1,1772,120,3030,296
0,1773,120,3000,297
1,1774,124,3810,298
2,1775,120,3410,299
0,1776,120,3210,305
2,1777,120,3400,306
4,1778,120,3410,307
1,1779,120,3000,308
1,1780,123,3810,309
3,1781,120,3400,310
1,1782,123,3810,311
0,1783,123,3030,312
3,1784,120,3400,313
0,1785,120,3810,314
0,1786,120,3200,315
1,1787,120,3810,316
1,1788,120,3200,317
0,1789,120,3420,318
0,1790,120,3400,319
1,1791,2124,3810,1000
0,1792,2120,3420,1001
2,1793,2120,5011,1002
1,1794,2120,3410,1003
1,1795,2124,3810,1004
1,1796,2123,3810,1010
0,1797,2120,3410,1011
1,1798,2123,3000,1012
1,1799,2124,3810,1013
0,1800,2120,3030,1014
2,1801,2120,5010,1020
0,1802,2120,5006,1021
0,1803,2124,3030,1022
4,1804,2120,5010,1023
1,1805,2123,3000,1024
0,1806,2120,5003,1030
1,1807,2124,3800,1031
2,1808,2120,5011,1032
2,1809,2120,3400,1033
2,1810,2120,5010,1034
4,1811,2120,5011,1040
0,1812,2120,5002,1041
0,1813,2120,3800,1042
6,1814,2120,5011,1043
1,1815,2120,5001,1044
0,1816,2120,5004,1050
1,1817,2120,5001,1051
4,1818,2120,5011,1052
2,1819,2120,5010,1053
0,1820,2120,5006,1054
2,1821,2120,5010,1060
0,1822,2120,3810,1061
0,1823,2124,3000,1062
4,1824,2120,5011,1063
2,1825,2120,5010,1064
3,1826,2120,5010,1070
0,1827,2124,3800,1071
1,1828,2120,3210,1072
1,1829,2120,3200,1073
0,1830,2120,3810,1074
0,1831,2120,3210,1080
0,1832,2120,5002,1081
0,1833,2120,3000,1082
0,1834,2120,3800,1083
0,1835,2123,3810,1084
0,1836,2123,3800,1085
1,1837,2120,5000,1086
0,1838,2120,3210,1087
0,1839,2120,3430,1088
0,1840,2120,5010,1089
3,1841,2120,3400,1090
4,1842,2120,5010,1091
0,1843,2123,3800,1092
1,1844,2124,3030,1093
1,1845,2123,3810,1094
2,1846,2120,5011,1095
4,1847,2120,5010,1096
1,1848,2120,5001,1097
6,1849,2120,5011,1098
3,1850,2120,3400,1099
2,1851,2120,5010,1105
1,1852,2120,3800,1106
3,1853,2120,5010,1107
6,1854,2120,5011,1108
0,1855,2120,5005,1109
0,1856,2120,3220,1110
4,1857,2120,5011,1111
1,1858,2120,3220,1112
0,1859,2120,3420,1113
3,1860,2120,3410,1114
0,1861,2120,3400,1135
0,1862,2123,3810,1136
4,1863,2120,3410,1137
1,1864,2120,3810,1138
4,1865,2120,5011,1139
1,1866,2120,3210,1140
2,1867,2120,3410,1141
0,1868,2120,3210,1142
0,1869,2120,5005,1143
0,1870,2124,3800,1144
6,1871,2120,5011,1145
1,1872,2120,5001,1146
3,1873,2120,3400,1147
1,1874,2120,5001,1148
0,1875,2120,3220,1149
0,1876,2120,5005,1150
0,1877,2120,3810,1151
0,1878,2120,3400,1152
0,1879,2123,3000,1153
4,1880,2120,5010,1154
1,1881,2120,3220,1155
0,1882,2124,3810,1156
2,1883,2120,5011,1157
0,1884,2120,3810,1158
4,1885,2120,5011,1159
1,1886,2120,3210,1165
0,1887,2120,3430,1166
0,1888,2123,3030,1167
2,1889,2120,3410,1168
0,1890,2120,5006,1169
0,1891,2124,3810,1170
0,1892,2124,3800,1171
0,1893,2120,5004,1172
0,1894,2124,3030,1173
1,1895,2120,3800,1174
0,1896,2124,3810,1195
1,1897,2123,3030,1196
2,1898,2120,3410,1197
1,1899,2120,3220,1198
1,1900,2123,3800,1199
1,1901,116,3210,0
2,1902,116,3400,1
0,1903,116,3420,2
1,1904,116,3220,3
1,1905,116,3200,4
1,1906,116,3200,5
1,1907,116,3000,6
1,1908,116,3800,7
0,1909,116,3000,8
2,1910,116,3210,9
0,1911,116,3200,10
1,1912,116,3200,11
1,1913,116,3030,12
0,1914,116,3400,13
0,1915,116,3800,14
0,1916,116,3030,15
2,1917,116,3210,16
0,1918,116,3800,17
2,1919,116,3410,18
0,1920,116,3430,19
1,1921,116,3030,20
1,1922,116,3800,21
3,1923,116,3400,22
0,1924,116,3200,23
0,1925,116,3000,24
0,1926,116,3800,25
0,1927,116,3420,26
0,1928,116,3200,27
0,1929,116,3810,28
0,1930,116,3430,29
0,1931,116,3410,30
0,1932,116,3030,31
4,1933,116,3410,32
1,1934,116,3810,33
1,1935,116,3220,34
0,1936,116,3410,35
0,1937,116,3210,36
2,1938,116,3210,37
0,1939,116,3200,38
1,1940,116,3000,39
0,1941,116,3420,40
1,1942,116,3220,41
0,1943,116,3220,42
1,1944,116,3030,43
0,1945,116,3810,44
0,1946,116,3200,45
1,1947,116,3030,46
0,1948,116,3800,47
2,1949,116,3210,48
1,1950,116,3200,49
1,1951,116,3800,50
1,1952,116,3410,51
1,1953,116,3210,52
0,1954,116,3220,53
1,1955,116,3810,54
2,1956,116,3210,55
0,1957,116,3400,56
0,1958,116,3210,57
0,1959,116,3210,58
0,1960,116,3000,59
1,1961,116,3810,60
0,1962,116,3000,61
0,1963,116,3200,62
3,1964,116,3410,63
3,1965,116,3410,64
0,1966,116,3210,65
1,1967,116,3800,66
0,1968,116,3800,67
0,1969,116,3810,68
1,1970,116,3810,69
1,1971,116,3800,70
0,1972,116,3420,71
3,1973,116,3410,72
1,1974,116,3810,73
0,1975,116,3430,74
0,1976,116,3220,75
0,1977,116,3410,76
3,1978,116,3410,77
0,1979,116,3420,78
1,1980,116,3810,79
1,1981,116,3800,80
4,1982,116,3410,81
0,1983,116,3210,82
0,1984,116,3200,83
1,1985,116,3030,84
1,1986,116,3200,85
1,1987,116,3220,86
0,1988,116,3030,87
1,1989,116,3220,88
3,1990,116,3400,89
0,1991,116,3210,90
0,1992,116,3420,91
2,1993,116,3210,92
1,1994,116,3200,93
1,1995,116,3200,94
0,1996,116,3030,95
0,1997,116,3430,96
4,1998,116,3410,97
1,1999,116,3210,98
0,2000,116,3810,99
1,2001,116,3210,100
0,2002,116,3030,101
1,2003,116,3200,102
0,2004,116,3210,103
4,2005,116,3410,104
1,2006,116,3800,105
0,2007,116,3800,106
0,2008,116,3200,107
0,2009,116,3220,108
0,2010,116,3030,109
1,2011,116,3000,110
0,2012,116,3800,111
4,2013,116,3410,112
1,2014,116,3220,113
0,2015,116,3410,114
1,2016,116,3200,115
1,2017,116,3030,116
1,2018,116,3210,117
1,2019,116,3210,118
0,2020,116,3800,119
0,2021,116,3810,120
1,2022,116,3200,121
3,2023,116,3400,122
1,2024,116,3000,123
0,2025,116,3420,124
0,2026,116,3400,125
1,2027,116,3220,126
1,2028,116,3000,127
2,2029,116,3410,128
0,2030,116,3430,129
1,2031,116,3220,130
0,2032,116,3430,131
0,2033,116,3000,132
0,2034,116,3420,133
3,2035,116,3400,134
0,2036,116,3410,135
0,2037,116,3420,136
1,2038,116,3030,137
3,2039,116,3400,138
0,2040,116,3800,139
0,2041,116,3810,140
3,2042,116,3410,141
0,2043,116,3810,142
0,2044,116,3200,143
1,2045,116,3030,144
2,2046,116,3410,145
0,2047,116,3810,146
0,2048,116,2140,147
0,2049,116,3410,148
1,2050,116,3200,149
0,2051,116,3800,150
4,2052,116,3410,151
3,2053,116,3410,152
2,2054,116,3410,153
1,2055,116,3210,154
1,2056,116,3810,155
4,2057,116,3410,156
1,2058,116,3400,157
2,2059,116,3400,158
3,2060,116,3410,159
0,2061,116,3210,160
0,2062,116,3030,161
0,2063,116,3430,162
0,2064,116,3000,163
1,2065,116,3210,164
0,2066,116,3200,165
2,2067,116,3210,166
1,2068,116,3220,167
4,2069,116,3410,168
0,2070,116,3410,169
2,2071,116,3410,170
0,2072,116,3800,171
0,2073,116,3000,172
0,2074,116,3030,173
3,2075,116,3400,174
2,2076,116,3400,175
1,2077,116,3220,176
0,2078,116,3210,177
1,2079,116,3220,178
0,2080,116,3810,179
0,2081,116,3210,180
4,2082,116,3410,181
2,2083,116,3400,182
2,2084,116,3210,183
0,2085,116,3430,184
1,2086,116,3410,185
1,2087,116,3220,186
1,2088,116,3800,187
1,2089,116,3810,188
1,2090,116,3200,189
2,2091,116,3210,190
0,2092,116,3800,191
1,2093,116,3030,192
0,2094,116,3030,193
0,2095,116,3430,194
1,2096,116,3200,195
1,2097,116,3000,196
1,2098,116,3210,197
0,2099,116,3810,198
1,2100,116,3030,199
0,2101,116,3430,200
0,2102,116,3200,201
1,2103,116,3000,202
0,2104,116,3430,203
1,2105,116,3030,204
3,2106,116,3400,205
0,2107,116,3200,206
1,2108,116,3410,207
0,2109,116,3000,208
0,2110,116,3800,209
4,2111,116,3410,210
4,2112,116,3410,211
1,2113,116,3000,212
1,2114,116,3400,213
1,2115,116,3220,214
1,2116,116,3000,215
0,2117,116,3200,216
0,2118,116,3420,217
0,2119,116,3000,218
1,2120,116,3210,219
2,2121,116,3210,220
2,2122,116,3210,221
0,2123,116,3210,222
0,2124,116,3030,223
3,2125,116,3400,224
0,2126,116,3400,225
0,2127,116,3430,226
0,2128,116,3400,227
0,2129,116,3030,228
0,2130,116,3200,229
0,2131,116,3430,230
1,2132,116,3000,231
0,2133,116,3200,232
1,2134,116,3220,233
1,2135,116,3800,234
0,2136,116,3410,235
0,2137,116,3800,236
1,2138,116,3220,237
3,2139,116,3400,238
0,2140,116,3400,239
1,2141,116,3200,240
1,2142,116,3220,241
1,2143,116,3800,242
0,2144,116,3810,243
0,2145,116,3220,244
1,2146,116,3000,245
2,2147,116,3210,246
4,2148,116,3410,247
0,2149,116,3430,248
0,2150,116,3410,249
1,2151,116,3200,250
4,2152,116,3410,251
0,2153,116,3210,252
0,2154,116,3220,253
1,2155,116,3220,254
0,2156,116,3220,255
0,2157,116,3030,256
0,2158,116,3420,257
2,2159,116,3210,258
0,2160,116,3210,259
1,2161,116,3000,260
1,2162,116,3210,261
1,2163,116,3200,262
0,2164,116,3410,263
1,2165,116,3800,264
0,2166,116,3200,265
0,2167,116,3410,266
0,2168,116,2140,267
1,2169,116,3030,268
1,2170,116,3220,269
1,2171,116,3810,270
0,2172,116,3430,271
1,2173,116,3030,272
0,2174,116,3200,273
0,2175,116,3800,274
2,2176,116,3400,275
1,2177,116,3800,276
1,2178,116,3210,277
0,2179,116,2140,278
1,2180,116,3220,279
1,2181,116,3200,280
0,2182,116,3410,281
0,2183,116,3200,282
1,2184,116,3400,283
0,2185,116,3810,284
3,2186,116,3410,285
1,2187,116,3200,286
0,2188,116,3420,287
0,2189,116,3430,288
1,2190,116,3200,289
1,2191,116,3410,290
0,2192,116,3430,291
1,2193,116,3200,292
0,2194,116,3400,293
1,2195,116,3800,294
1,2196,116,3030,295
1,2197,116,3810,296
3,2198,116,3400,297
0,2199,116,3200,298
0,2200,116,3210,299
0,2201,116,3030,300
0,2202,116,3220,301
0,2203,116,3430,302
0,2204,116,3430,303
0,2205,116,3210,304
1,2206,116,3400,305
0,2207,116,3030,306
0,2208,116,3400,307
1,2209,116,3220,308
1,2210,116,3030,309
0,2211,116,3030,310
1,2212,116,3000,311
0,2213,116,3210,312
0,2214,116,3030,313
1,2215,116,3810,314
1,2216,116,3220,315
2,2217,116,3210,316
1,2218,116,3800,317
1,2219,116,3800,318
0,2220,116,3000,319
0,2221,2116,5002,1000
1,2222,2116,3810,1001
0,2223,2116,5005,1002
1,2224,2116,3410,1003
0,2225,2116,3200,1004
1,2226,2116,3810,1010
2,2227,2116,5011,1011
0,2228,2116,3220,1012
0,2229,2116,3200,1013
3,2230,2116,5011,1014
0,2231,2116,5010,1020
1,2232,2116,3200,1021
0,2233,2116,3200,1022
0,2234,2116,5004,1023
2,2235,2116,5010,1024
2,2236,2116,5011,1030
2,2237,2116,3400,1031
0,2238,2116,3210,1032
1,2239,2116,5001,1033
2,2240,2116,3400,1034
1,2241,2116,5000,1040
0,2242,2116,3810,1041
2,2243,2116,3400,1042
0,2244,2116,5010,1043
3,2245,2116,5011,1044
3,2246,2116,5010,1050
1,2247,2116,3000,1051
0,2248,2116,5004,1052
1,2249,2116,5000,1053
0,2250,2116,3000,1054
0,2251,2116,5005,1060
0,2252,2116,5010,1061
2,2253,2116,3410,1062
4,2254,2116,5011,1063
0,2255,2116,5006,1064
0,2256,2116,5002,1070
6,2257,2116,5011,1071
6,2258,2116,5011,1072
0,2259,2116,3210,1073
0,2260,2116,3410,1074
3,2261,2116,5010,1080
3,2262,2116,3410,1081
4,2263,2116,5010,1082
3,2264,2116,3410,1083
3,2265,2116,5011,1084
1,2266,2116,5001,1085
4,2267,2116,5011,1086
0,2268,2116,3000,1087
1,2269,2116,3800,1088
4,2270,2116,5010,1089
3,2271,2116,5010,1090
4,2272,2116,5010,1091
0,2273,2116,5005,1092
1,2274,2116,3000,1093
1,2275,2116,5001,1094
2,2276,2116,3210,1095
0,2277,2116,5010,1096
0,2278,2116,5010,1097
3,2279,2116,5010,1098
3,2280,2116,3400,1099
2,2281,2116,5010,1100
4,2282,2116,5011,1101
0,2283,2116,5005,1102
1,2284,2116,3210,1103
1,2285,2116,3200,1104
0,2286,2116,5003,1105
1,2287,2116,5001,1106
6,2288,2116,5011,1107
0,2289,2116,3210,1108
0,2290,2116,5002,1109
0,2291,2116,5010,1110
4,2292,2116,5010,1111
1,2293,2116,3200,1112
1,2294,2116,5000,1113
3,2295,2116,3410,1114
1,2296,2116,3030,1135
0,2297,2116,5006,1136
0,2298,2116,3400,1137
0,2299,2116,5010,1138
1,2300,2116,3800,1139
4,2301,2116,5010,1140
1,2302,2116,5001,1141
0,2303,2116,5003,1142
0,2304,2116,3400,1143
1,2305,2116,3400,1144
1,2306,2116,3400,1145
3,2307,2116,5011,1146
0,2308,2116,5003,1147
1,2309,2116,3210,1148
3,2310,2116,5011,1149
2,2311,2116,5011,1150
0,2312,2116,5003,1151
0,2313,2116,5003,1152
4,2314,2116,5011,1153
2,2315,2116,5011,1154
1,2316,2116,5001,1155
2,2317,2116,5010,1156
0,2318,2116,3410,1157
1,2319,2116,3200,1158
0,2320,2116,5005,1159
1,2321,2116,3000,1160
6,2322,2116,5011,1161
0,2323,2116,3200,1162
0,2324,2116,5003,1163
1,2325,2116,3800,1164
2,2326,2116,5011,1165
1,2327,2116,5001,1166
0,2328,2116,5002,1167
3,2329,2116,5010,1168
6,2330,2116,5011,1169
4,2331,2116,5011,1170
0,2332,2116,5005,1171
2,2333,2116,3210,1172
0,2334,2116,5010,1173
3,2335,2116,5011,1174
4,2336,2116,5010,1195
0,2337,2116,3210,1196
0,2338,2116,5003,1197
1,2339,2116,3800,1198
3,2340,2116,5010,1199
1,2341,101,3410,0
0,2342,101,3210,1
1,2343,101,3810,2
1,2344,101,3210,3
1,2345,101,3000,4
0,2346,101,3410,5
1,2347,101,3800,6
1,2348,101,3200,7
1,2349,121,3000,8
1,2350,101,3030,9
1,2351,121,3810,10
0,2352,101,3800,11
1,2353,101,3000,12
1,2354,121,3810,13
1,2355,121,3810,14
2,2356,101,3210,15
1,2357,101,3410,16
0,2358,101,3400,17
0,2359,101,3200,18
0,2360,101,3430,19
0,2361,101,3420,20
0,2362,101,3810,21
1,2363,101,3030,22
1,2364,101,3030,23
1,2365,101,3400,24
0,2366,101,3000,25
1,2367,121,3800,26
1,2368,101,3200,27
1,2369,101,3000,28
0,2370,101,3800,29
2,2371,101,3210,30
2,2372,101,3410,31
0,2373,101,3000,32
0,2374,101,3200,33
1,2375,101,3200,34
1,2376,101,3210,40
1,2377,101,3000,41
1,2378,101,3200,42
2,2379,101,3410,43
2,2380,101,3400,44
0,2381,101,3030,45
1,2382,101,3810,46
1,2383,101,3000,47
0,2384,101,3220,48
1,2385,121,3000,49
1,2386,101,3220,50
2,2387,101,3210,51
0,2388,101,3030,52
1,2389,101,3400,53
0,2390,101,3030,54
2,2391,101,3400,55
0,2392,101,3220,56
0,2393,101,3410,57
0,2394,121,3810,58
0,2395,101,3430,59
0,2396,101,3800,60
0,2397,121,3800,61
4,2398,101,3410,62
0,2399,101,3030,63
2,2400,101,3210,64
2,2401,101,3410,65
1,2402,101,3800,66
0,2403,101,3800,67
1,2404,101,3200,68
0,2405,121,3000,69
0,2406,101,3420,70
0,2407,101,3200,71
1,2408,101,3210,72
0,2409,101,3420,73
0,2410,101,3810,74
2,2411,101,3410,80
1,2412,101,3410,81
2,2413,101,3210,82
2,2414,101,3400,83
0,2415,101,3220,84
3,2416,101,3410,85
0,2417,101,3030,86
1,2418,101,3220,87
1,2419,101,3800,88
1,2420,101,3000,89
0,2421,101,3210,90
0,2422,101,3210,91
2,2423,101,3410,92
0,2424,101,3200,93
0,2425,101,3030,94
1,2426,101,3410,95
0,2427,121,3000,96
1,2428,101,3800,97
0,2429,101,3400,98
1,2430,101,3030,99
0,2431,101,3410,100
4,2432,101,3410,101
2,2433,101,3400,102
1,2434,101,3030,103
1,2435,101,3000,104
1,2436,101,3400,105
0,2437,101,3410,106
0,2438,101,3030,107
4,2439,101,3410,108
0,2440,101,3210,109
0,2441,121,3810,110
1,2442,121,3800,111
1,2443,101,3220,112
2,2444,101,3410,113
0,2445,101,3800,114
1,2446,101,3400,120
1,2447,101,3000,121
0,2448,101,3220,122
1,2449,121,3800,123
0,2450,101,3810,124
1,2451,121,3000,125
0,2452,101,3800,126
2,2453,101,3410,127
2,2454,101,3210,128
0,2455,101,3000,129
0,2456,101,3000,130
1,2457,101,3200,131
1,2458,101,3030,132
1,2459,101,3410,133
1,2460,121,3800,134
1,2461,101,3800,135
0,2462,101,3000,136
1,2463,101,3220,137
0,2464,121,3800,138
3,2465,101,3400,139
0,2466,121,3030,140
0,2467,101,3800,141
0,2468,121,3030,142
1,2469,101,3210,143
0,2470,101,3430,144
1,2471,101,3000,145
2,2472,101,3410,146
0,2473,101,3810,147
1,2474,101,3220,148
1,2475,101,3000,149
0,2476,121,3000,150
0,2477,101,3220,151
1,2478,121,3030,152
1,2479,101,3030,153
1,2480,101,3220,154
1,2481,101,3200,160
0,2482,101,3210,161
1,2483,121,3810,162
4,2484,101,3410,163
1,2485,101,3810,164
4,2486,101,3410,165
2,2487,101,3410,166
1,2488,101,3220,167
1,2489,121,3030,168
1,2490,101,3210,169
1,2491,101,3220,170
2,2492,101,3410,171
0,2493,101,3210,172
1,2494,101,3200,173
1,2495,101,3810,174
2,2496,101,3210,175
1,2497,101,3210,176
1,2498,101,3000,177
0,2499,101,3200,178
0,2500,101,3030,179
0,2501,101,3210,180
1,2502,101,3200,181
0,2503,101,3220,182
1,2504,101,3220,183
1,2505,101,3220,184
1,2506,101,3410,185
1,2507,101,3810,186
3,2508,101,3400,187
1,2509,101,3000,188
1,2510,101,3810,189
0,2511,121,3000,190
0,2512,121,3030,191
2,2513,101,3210,192
2,2514,101,3210,193
1,2515,101,3800,194
2,2516,101,3400,200
0,2517,101,3800,201
1,2518,101,3220,202
0,2519,121,3800,203
0,2520,101,3410,204
1,2521,101,3200,205
0,2522,121,3810,206
1,2523,101,3210,207
0,2524,101,3200,208
2,2525,101,3210,209
0,2526,101,3800,210
0,2527,121,3800,211
0,2528,101,3210,212
0,2529,101,3210,213
2,2530,101,3410,214
0,2531,101,3200,215
3,2532,101,3410,216
1,2533,101,3200,217
0,2534,121,3030,218
0,2535,101,3030,219
0,2536,101,3410,220
0,2537,101,3030,221
3,2538,101,3400,222
0,2539,101,3430,223
2,2540,101,3210,224
0,2541,121,3810,225
3,2542,101,3410,226
1,2543,101,3220,227
1,2544,121,3800,228
2,2545,101,3410,229
0,2546,101,3030,230
0,2547,101,3400,231
0,2548,101,3200,232
0,2549,101,3030,233
0,2550,101,3420,234
4,2551,101,3410,240
1,2552,121,3800,241
1,2553,101,3220,242
1,2554,121,3030,243
1,2555,101,3800,244
0,2556,121,3030,245
0,2557,101,3210,246
3,2558,101,3410,247
1,2559,101,3410,248
1,2560,101,3000,249
0,2561,101,3800,250
1,2562,101,3410,251
1,2563,101,3000,252
0,2564,101,3030,253
1,2565,101,3220,254
0,2566,101,3400,255
0,2567,101,3400,256
3,2568,101,3400,257
3,2569,101,3400,258
1,2570,101,3400,259
0,2571,101,3810,260
3,2572,101,3410,261
1,2573,101,3200,262
1,2574,101,3200,263
2,2575,101,3210,264
0,2576,101,3030,265
2,2577,101,3210,266
0,2578,101,3000,267
0,2579,101,3030,268
0,2580,101,3800,269
0,2581,101,3430,270
1,2582,101,3210,271
0,2583,101,3000,272
3,2584,101,3410,273
1,2585,101,3030,274
3,2586,101,3400,280
4,2587,101,3410,281
1,2588,101,3000,282
0,2589,101,3400,283
1,2590,121,3800,284
3,2591,101,3410,285
0,2592,101,3410,286
0,2593,101,3420,287
0,2594,101,3800,288
1,2595,121,3030,289
1,2596,101,3210,290
0,2597,121,3000,291
0,2598,101,3210,292
2,2599,101,3210,293
1,2600,101,3210,294
3,2601,101,3400,295
1,2602,101,3800,296
0,2603,101,3410,297
1,2604,101,3400,298
2,2605,101,3210,299
2,2606,101,3400,300
1,2607,101,3410,301
1,2608,101,3220,302
0,2609,101,3410,303
0,2610,101,3210,304
1,2611,121,3030,305
4,2612,101,3410,306
0,2613,101,3030,307
0,2614,101,3810,308
0,2615,101,3030,309
1,2616,101,3810,310
1,2617,101,3200,311
0,2618,101,3210,312
1,2619,101,3200,313
2,2620,101,3210,314
0,2621,2101,5010,1000
0,2622,2101,5005,1001
0,2623,2121,3810,1002
1,2624,2101,3810,1003
1,2625,2101,3210,1004
0,2626,2101,5002,1010
2,2627,2101,5011,1011
0,2628,2101,3210,1012
2,2629,2101,3210,1013
4,2630,2101,5010,1014
0,2631,2101,5006,1020
0,2632,2121,3000,1021
3,2633,2101,5011,1022
0,2634,2121,3810,1023
2,2635,2101,5010,1024
4,2636,2101,5010,1030
0,2637,2101,3810,1031
1,2638,2121,3810,1032
0,2639,2121,3030,1033
1,2640,2121,3030,1034
1,2641,2101,5000,1040
1,2642,2121,3810,1041
1,2643,2101,5001,1042
1,2644,2101,3220,1043
3,2645,2101,5010,1044
3,2646,2101,5010,1050
0,2647,2101,3400,1051
0,2648,2101,3220,1052
0,2649,2101,3800,1053
1,2650,2101,3400,1054
1,2651,2101,3210,1060
1,2652,2101,3210,1061
2,2653,2101,3410,1062
1,2654,2101,3220,1063
0,2655,2101,3030,1064
0,2656,2101,5002,1070
1,2657,2101,3200,1071
1,2658,2101,3220,1072
1,2659,2101,3810,1073
6,2660,2101,5011,1074
3,2661,2101,5010,1080
0,2662,2121,3000,1081
1,2663,2101,5000,1082
3,2664,2101,5011,1083
0,2665,2101,3200,1084
2,2666,2101,3400,1085
3,2667,2101,5010,1086
1,2668,2101,3200,1087
1,2669,2121,3810,1088
1,2670,2101,3030,1089
4,2671,2101,5010,1090
1,2672,2101,5000,1091
1,2673,2101,5001,1092
3,2674,2101,5010,1093
3,2675,2101,5011,1094
1,2676,2101,5000,1095
1,2677,2101,3220,1096
0,2678,2121,3810,1097
1,2679,2101,5000,1098
2,2680,2101,5011,1099
0,2681,2121,3030,1100
0,2682,2101,3210,1101
1,2683,2101,3810,1102
0,2684,2121,3800,1103
1,2685,2101,3030,1104
1,2686,2101,3800,1105
1,2687,2101,5000,1106
0,2688,2121,3800,1107
0,2689,2101,5002,1108
1,2690,2101,3200,1109
3,2691,2101,5010,1110
0,2692,2101,5005,1111
2,2693,2101,5010,1112
1,2694,2121,3000,1113
1,2695,2121,3030,1114
0,2696,2101,2000,1140
3,2697,2101,5011,1141
0,2698,2101,5003,1142
0,2699,2101,3420,1143
1,2700,2101,5001,1144
3,2701,2101,3400,1145
0,2702,2101,3200,1146
0,2703,2101,5003,1147
0,2704,2101,3200,1148
0,2705,2101,3210,1149
0,2706,2101,5002,1150
1,2707,2101,3220,1151
0,2708,2101,5003,1152
1,2709,2101,5000,1153
1,2710,2101,3210,1154
3,2711,2101,5010,1155
4,2712,2101,5011,1156
0,2713,2101,3430,1157
2,2714,2101,5010,1158
0,2715,2101,3410,1159
0,2716,2101,5003,1160
0,2717,2101,3400,1161
0,2718,2101,5005,1162
3,2719,2101,5010,1163
2,2720,2101,3210,1164
0,2721,2121,3800,1165
3,2722,2101,5011,1166
2,2723,2101,5010,1167
1,2724,2101,3000,1168
0,2725,2101,3800,1169
0,2726,2101,3800,1170
1,2727,2101,3220,1171
2,2728,2101,5011,1172
2,2729,2101,5010,1173
0,2730,2101,5004,1174
0,2731,111,3430,0
0,2732,111,3200,1
0,2733,111,3210,2
0,2734,129,3810,3
0,2735,111,3800,4
1,2736,111,3000,5
0,2737,111,3410,6
0,2738,111,3030,7
0,2739,111,3420,8
1,2740,111,3000,9
3,2741,111,3410,10
2,2742,111,3400,11
2,2743,111,3210,12
2,2744,111,3210,13
1,2745,111,3200,14
0,2746,111,3220,15
0,2747,111,3800,16
1,2748,129,3030,17
0,2749,111,3220,18
0,2750,111,3200,19
1,2751,129,3030,20
0,2752,111,2090,21
1,2753,111,3200,22
1,2754,129,3800,23
1,2755,129,3810,24
1,2756,129,3030,30
0,2757,111,3210,31
1,2758,129,3800,32
1,2759,129,3800,33
1,2760,111,3030,34
1,2761,111,3410,35
1,2762,111,3000,36
1,2763,111,3000,37
1,2764,111,3410,38
1,2765,111,3410,39
1,2766,111,3220,40
1,2767,111,3210,41
1,2768,111,3400,42
0,2769,129,3030,43
1,2770,129,3800,44
0,2771,111,3420,45
4,2772,111,3410,46
2,2773,111,3400,47
1,2774,111,3030,48
2,2775,111,3400,49
1,2776,111,3200,50
1,2777,111,3210,51
0,2778,111,3410,52
0,2779,111,3000,53
3,2780,111,3400,54
0,2781,111,3800,55
0,2782,111,3400,56
0,2783,111,3220,57
1,2784,111,3030,58
1,2785,129,3030,59
1,2786,129,3000,60
0,2787,111,3800,61
0,2788,129,3000,62
0,2789,111,3200,63
2,2790,111,3210,64
0,2791,129,3800,68
1,2792,111,3210,70
1,2793,129,3800,71
1,2794,111,3210,72
1,2795,129,3030,73
0,2796,111,3430,74
4,2797,111,3410,75
0,2798,111,3030,76
0,2799,111,3030,77
0,2800,111,3000,78
0,2801,111,3210,79
2,2802,111,3210,80
0,2803,111,3030,81
1,2804,111,3410,82
2,2805,111,3400,83
1,2806,111,3810,84
0,2807,111,3410,85
2,2808,111,3410,86
2,2809,111,3410,87
2,2810,111,3410,88
0,2811,111,3220,89
0,2812,111,3800,90
0,2813,111,3810,91
1,2814,129,3810,92
0,2815,129,3800,93
1,2816,111,3000,94
1,2817,129,3800,95
0,2818,111,3800,96
0,2819,129,3800,97
1,2820,111,3800,98
1,2821,111,3200,99
0,2822,111,3410,100
4,2823,111,3410,101
0,2824,129,3030,102
2,2825,111,3400,103
1,2826,111,3800,104
0,2827,129,3030,105
0,2828,111,3410,110
1,2829,111,3210,111
1,2830,111,3800,112
0,2831,111,3410,113
0,2832,111,3410,114
1,2833,129,3810,115
0,2834,129,3030,116
1,2835,111,3410,117
1,2836,111,3810,118
1,2837,111,3000,119
0,2838,111,3210,120
0,2839,111,3410,121
0,2840,111,3030,122
1,2841,111,3410,123
0,2842,111,3030,124
1,2843,111,3200,125
1,2844,111,3810,126
3,2845,111,3400,127
0,2846,111,3210,128
0,2847,111,3430,129
0,2848,111,3810,130
1,2849,129,3810,131
0,2850,111,3200,132
0,2851,111,3210,133
3,2852,111,3400,134
0,2853,111,3810,135
1,2854,111,3800,136
0,2855,129,3810,137
1,2856,111,3200,138
1,2857,111,3220,139
2,2858,111,3410,140
3,2859,111,3410,141
0,2860,111,3000,142
2,2861,111,3410,143
4,2862,111,3410,144
1,2863,129,3810,148
0,2864,111,3400,150
0,2865,111,3030,151
0,2866,111,3000,152
1,2867,129,3000,153
4,2868,111,3410,154
1,2869,111,3400,155
0,2870,111,3800,156
0,2871,111,3200,157
0,2872,111,3000,158
0,2873,111,3000,159
1,2874,111,3200,160
2,2875,111,3400,161
1,2876,111,3220,162
0,2877,111,3810,163
2,2878,111,3410,164
0,2879,111,3800,165
0,2880,111,3000,166
0,2881,111,3410,167
0,2882,111,3430,168
1,2883,111,3220,169
1,2884,111,3000,170
2,2885,111,3410,171
2,2886,111,3210,172
2,2887,111,3400,173
1,2888,111,3800,174
4,2889,111,3410,175
0,2890,129,3000,176
0,2891,111,3420,177
2,2892,111,3410,178
1,2893,111,3200,179
1,2894,129,3030,180
1,2895,129,3800,181
0,2896,129,3810,182
1,2897,111,3810,183
1,2898,129,3800,184
1,2899,111,3030,190
1,2900,111,3030,191
1,2901,111,3800,192
1,2902,111,3810,193
0,2903,129,3030,194
0,2904,129,3000,195
0,2905,111,3810,196
1,2906,111,3800,197
0,2907,111,3210,198
1,2908,111,3410,199
0,2909,111,3000,200
1,2910,111,3410,201
1,2911,111,3200,202
0,2912,111,3400,203
0,2913,111,3810,204
3,2914,111,3400,205
1,2915,111,3030,206
0,2916,111,3800,207
1,2917,129,3810,208
0,2918,129,3000,209
1,2919,111,3800,210
0,2920,111,3430,211
0,2921,111,3200,212
0,2922,111,3800,213
1,2923,111,3000,214
1,2924,111,3200,215
2,2925,111,3410,216
1,2926,129,3800,217
4,2927,111,3410,218
1,2928,111,3210,219
0,2929,111,3430,220
2,2930,111,3400,221
0,2931,111,3000,222
0,2932,111,3430,223
0,2933,111,3210,224
0,2934,129,3030,229
0,2935,111,3410,230
2,2936,111,3400,231
0,2937,129,3800,232
1,2938,111,3800,233
0,2939,111,3030,234
1,2940,111,3220,235
0,2941,111,3410,236
0,2942,111,3430,237
0,2943,111,3800,238
1,2944,111,3210,239
2,2945,111,3400,240
1,2946,111,3220,241
1,2947,111,3210,242
1,2948,111,3410,243
3,2949,111,3400,244
3,2950,111,3400,245
0,2951,111,3800,246
0,2952,111,3810,247
0,2953,111,3430,248
1,2954,129,3810,249
0,2955,111,3420,250
1,2956,111,3030,251
0,2957,111,3420,252
0,2958,111,3200,253
3,2959,111,3400,254
0,2960,111,3400,255
0,2961,111,3420,256
0,2962,111,3220,257
3,2963,111,3400,258
0,2964,111,3200,259
2,2965,111,3210,260
0,2966,111,3400,261
0,2967,111,3400,262
1,2968,111,3030,263
1,2969,129,3030,264
0,2970,129,3810,268
0,2971,111,3400,270
3,2972,111,3410,271
0,2973,111,3420,272
0,2974,111,2090,273
0,2975,111,3420,274
2,2976,111,3210,275
0,2977,111,3210,276
1,2978,111,3030,277
0,2979,111,3220,278
0,2980,111,3400,279
0,2981,111,3000,280
0,2982,111,3810,281
2,2983,111,3410,282
1,2984,111,3220,283
4,2985,111,3410,284
1,2986,111,3000,285
0,2987,111,3400,286
0,2988,111,3220,287
0,2989,111,3000,288
0,2990,111,3400,289
1,2991,111,3000,290
0,2992,111,3030,291
0,2993,111,3220,292
1,2994,111,3410,293
0,2995,129,3030,294
2,2996,111,3210,295
1,2997,111,3030,296
0,2998,111,3410,297
0,2999,111,3200,298
0,3000,111,3210,299
0,3001,129,3030,300
1,3002,111,3400,301
0,3003,111,3430,302
1,3004,111,3800,303
0,3005,111,3420,304
1,3006,129,3000,306
1,3007,129,3810,310
1,3008,111,3400,311
1,3009,111,3030,312
3,3010,111,3400,313
1,3011,111,3200,314
1,3012,111,3030,315
2,3013,111,3410,316
1,3014,129,3810,317
0,3015,111,3220,318
0,3016,129,3800,319
0,3017,2111,5003,1000
1,3018,2111,5000,1001
0,3019,2111,3400,1002
3,3020,2111,5010,1003
2,3021,2111,5010,1004
1,3022,2111,3220,1010
3,3023,2111,5010,1011
2,3024,2111,5011,1012
3,3025,2111,5010,1013
3,3026,2111,5011,1014
1,3027,2129,3800,1020
0,3028,2111,3000,1021
0,3029,2111,5002,1022
1,3030,2111,3400,1023
1,3031,2111,5001,1024
1,3032,2129,3810,1030
3,3033,2111,5010,1031
0,3034,2111,5004,1032
4,3035,2111,5010,1033
0,3036,2111,5002,1034
1,3037,2129,3800,1040
0,3038,2111,3220,1041
1,3039,2111,5001,1042
0,3040,2111,5005,1043
0,3041,2111,5002,1044
0,3042,2111,5004,1050
0,3043,2111,3410,1051
0,3044,2111,5010,1052
0,3045,2111,3810,1053
0,3046,2111,5010,1054
0,3047,2111,3800,1060
0,3048,2111,3810,1061
0,3049,2111,5003,1062
0,3050,2129,3810,1063
2,3051,2111,3210,1064
3,3052,2111,5010,1070
0,3053,2111,5006,1071
0,3054,2111,3200,1072
0,3055,2129,3800,1073
1,3056,2111,5001,1074
0,3057,2111,3220,1080
2,3058,2111,5010,1081
4,3059,2111,5010,1082
0,3060,2111,3400,1083
1,3061,2111,3220,1084
1,3062,2111,5001,1085
3,3063,2111,5010,1086
2,3064,2111,5010,1087
1,3065,2111,5001,1088
3,3066,2111,3410,1089
2,3067,2111,3410,1090
0,3068,2111,5006,1091
3,3069,2111,5010,1092
1,3070,2111,5000,1093
1,3071,2111,5001,1094
0,3072,2111,3800,1095
1,3073,2111,5001,1096
1,3074,2111,3800,1097
2,3075,2111,5011,1098
0,3076,2111,5003,1099
2,3077,2111,5010,1100
1,3078,2111,3000,1101
4,3079,2111,3410,1102
2,3080,2111,5010,1103
0,3081,2111,3220,1104
0,3082,2129,3810,1106
0,3083,2111,5010,1110
0,3084,2111,5005,1111
2,3085,2111,5011,1112
4,3086,2111,5011,1113
2,3087,2111,5010,1114
4,3088,2111,5011,1135
1,3089,2111,3220,1136
6,3090,2111,5011,1137
0,3091,2129,3800,1138
0,3092,2129,3800,1139
0,3093,2111,3200,1140
0,3094,2111,3800,1141
4,3095,2111,5011,1142
3,3096,2111,5011,1143
0,3097,2111,5006,1144
1,3098,2129,3810,1145
1,3099,2111,5001,1146
1,3100,2111,3410,1147
0,3101,2129,3000,1148
0,3102,2129,3800,1149
2,3103,2111,5011,1150
0,3104,2111,3810,1151
1,3105,2111,3800,1152
1,3106,2111,3000,1153
2,3107,2111,5011,1154
0,3108,2111,3210,1155
3,3109,2111,5011,1156
1,3110,2111,5000,1157
1,3111,2111,3200,1158
3,3112,2111,3410,1159
3,3113,2111,5010,1160
0,3114,2111,5002,1161
0,3115,2111,5005,1162
0,3116,2111,5010,1163
2,3117,2111,3210,1164
0,3118,2111,3220,1170
0,3119,2111,3810,1171
1,3120,2129,3030,1172
0,3121,2111,5010,1173
1,3122,2129,3800,1174
1,3123,2111,3210,1195
6,3124,2111,5011,1196
0,3125,2111,5010,1197
3,3126,2111,5010,1198
1,3127,2111,5001,1199
3,3128,106,3410,0
0,3129,106,3000,1
1,3130,106,3030,2
1,3131,106,3200,3
0,3132,106,3400,4
1,3133,106,3200,5
3,3134,106,3400,6
0,3135,106,3220,7
0,3136,106,3000,8
1,3137,106,3200,9
0,3138,106,3420,10
4,3139,106,3410,11
2,3140,106,3410,12
2,3141,106,3400,13
0,3142,106,3200,14
1,3143,106,3810,15
1,3144,106,3220,16
0,3145,106,3800,17
1,3146,106,3400,18
2,3147,106,3210,19
1,3148,106,3810,30
0,3149,106,3430,31
1,3150,106,3810,32
0,3151,106,3200,33
1,3152,106,3800,34
1,3153,106,3220,35
2,3154,106,3400,36
1,3155,106,3210,37
1,3156,106,3800,38
0,3157,106,3220,39
0,3158,106,3420,40
1,3159,106,3810,41
1,3160,106,3410,42
1,3161,106,3210,43
1,3162,106,3220,44
0,3163,106,3030,45
1,3164,106,3220,46
2,3165,106,3410,47
0,3166,106,3030,48
0,3167,106,3800,49
0,3168,106,3410,50
0,3169,106,3810,51
1,3170,106,3000,52
1,3171,106,3030,53
1,3172,106,3000,54
0,3173,106,3420,55
0,3174,106,3410,56
1,3175,106,3210,57
0,3176,106,3210,58
0,3177,106,3000,59
0,3178,106,3800,70
4,3179,106,3410,71
1,3180,106,3030,72
1,3181,106,3200,73
1,3182,106,3800,74
1,3183,106,3410,75
0,3184,106,3000,76
1,3185,106,3030,77
0,3186,106,3810,78
0,3187,106,3030,79
1,3188,106,3800,80
1,3189,106,3030,81
4,3190,106,3410,82
1,3191,106,3810,83
1,3192,106,3410,84
0,3193,106,3410,85
2,3194,106,3410,86
2,3195,106,3410,87
1,3196,106,3200,88
4,3197,106,3410,89
2,3198,106,3410,90
0,3199,106,3430,91
0,3200,106,3000,92
2,3201,106,3210,93
0,3202,106,3420,94
0,3203,106,3420,95
0,3204,106,3410,96
0,3205,106,3210,97
0,3206,106,3200,98
0,3207,106,3220,99
1,3208,106,3400,110
1,3209,106,3000,111
1,3210,106,3220,112
2,3211,106,3410,113
1,3212,106,3030,114
1,3213,106,3410,115
1,3214,106,3410,116
1,3215,106,3000,117
0,3216,106,3430,118
0,3217,106,3420,119
0,3218,106,3410,120
1,3219,106,3000,121
0,3220,106,3400,122
3,3221,106,3410,123
0,3222,106,3200,124
1,3223,106,3410,125
1,3224,106,3000,126
0,3225,106,3420,127
0,3226,106,3210,128
0,3227,106,3410,129
0,3228,106,3030,130
0,3229,106,3410,131
1,3230,106,3400,132
1,3231,106,3410,133
0,3232,106,3210,134
1,3233,106,3200,135
1,3234,106,3210,136
0,3235,106,3220,137
1,3236,106,3400,138
2,3237,106,3210,139
1,3238,106,3030,150
4,3239,106,3410,151
0,3240,106,3800,152
2,3241,106,3410,153
0,3242,106,3810,154
1,3243,106,3210,155
0,3244,106,3200,156
2,3245,106,3400,157
2,3246,106,3410,158
0,3247,106,3810,159
1,3248,106,3800,160
0,3249,106,3200,161
1,3250,106,3220,162
1,3251,106,3030,163
1,3252,106,3410,164
1,3253,106,3800,165
2,3254,106,3410,166
2,3255,106,3210,167
1,3256,106,3210,168
1,3257,106,3410,169
1,3258,106,3800,170
2,3259,106,3410,171
1,3260,106,3000,172
4,3261,106,3410,173
1,3262,106,3800,174
3,3263,106,3410,175
0,3264,106,3810,176
0,3265,106,3200,177
0,3266,106,3030,178
0,3267,106,3200,179
0,3268,106,3000,190
1,3269,106,3400,191
1,3270,106,3030,192
3,3271,106,3400,193
0,3272,106,3200,194
0,3273,106,3200,195
0,3274,106,3420,196
1,3275,106,3810,197
2,3276,106,3210,198
1,3277,106,3410,199
0,3278,106,3400,200
0,3279,106,3800,201
3,3280,106,3400,202
2,3281,106,3210,203
2,3282,106,3410,204
1,3283,106,3210,205
0,3284,106,3220,206
1,3285,106,3210,207
1,3286,106,3210,208
1,3287,106,3000,209
0,3288,106,3420,210
2,3289,106,3400,211
1,3290,106,3000,212
1,3291,106,3220,213
0,3292,106,3000,214
0,3293,106,3800,215
1,3294,106,3800,216
0,3295,106,3410,217
0,3296,106,3430,218
0,3297,106,3200,219
0,3298,106,3200,230
1,3299,106,3030,231
1,3300,106,3210,232
4,3301,106,3410,233
1,3302,106,3400,234
0,3303,106,3410,235
4,3304,106,3410,236
0,3305,106,3210,237
2,3306,106,3210,238
1,3307,106,3220,239
2,3308,106,3400,240
1,3309,106,3400,241
0,3310,106,3220,242
1,3311,106,3210,243
0,3312,106,3220,244
0,3313,106,3430,245
0,3314,106,3410,246
1,3315,106,3210,247
0,3316,106,3000,248
0,3317,106,3810,249
1,3318,106,3030,250
1,3319,106,3030,251
0,3320,106,3210,252
1,3321,106,3000,253
0,3322,106,3030,254
0,3323,106,3420,255
0,3324,106,3400,256
0,3325,106,3210,257
0,3326,106,3420,258
0,3327,106,3220,259
0,3328,106,3030,270
0,3329,106,3030,271
2,3330,106,3210,272
0,3331,106,3210,273
0,3332,106,3420,274
1,3333,106,3000,275
0,3334,106,3810,276
2,3335,106,3210,277
0,3336,106,3000,278
2,3337,106,3210,279
0,3338,106,3220,280
4,3339,106,3410,281
0,3340,106,3220,282
1,3341,106,3030,283
0,3342,106,3810,284
1,3343,106,3410,285
0,3344,106,3400,286
0,3345,106,3210,287
0,3346,106,3430,288
1,3347,106,3210,289
0,3348,106,3810,290
0,3349,106,3430,291
1,3350,106,3200,292
1,3351,106,3410,293
4,3352,106,3410,294
1,3353,106,3800,295
1,3354,106,3200,296
2,3355,106,3210,297
1,3356,106,3210,298
0,3357,106,3430,299
4,3358,106,3410,310
0,3359,106,3810,311
3,3360,106,3400,312
0,3361,106,3000,313
0,3362,106,3030,314
0,3363,106,3810,315
1,3364,106,3810,316
0,3365,106,3030,317
0,3366,106,3420,318
2,3367,106,3210,319
1,3368,2106,3410,1000
0,3369,2106,5005,1001
4,3370,2106,5011,1002
1,3371,2106,5001,1003
2,3372,2106,5010,1004
0,3373,2106,5006,1010
2,3374,2106,5011,1011
4,3375,2106,5011,1012
4,3376,2106,5011,1013
0,3377,2106,3000,1014
0,3378,2106,5005,1020
1,3379,2106,3200,1021
0,3380,2106,3000,1022
0,3381,2106,3810,1023
1,3382,2106,3030,1024
2,3383,2106,5011,1030
2,3384,2106,3400,1031
3,3385,2106,5010,1032
4,3386,2106,5010,1033
3,3387,2106,5010,1034
1,3388,2106,5000,1040
3,3389,2106,5011,1041
6,3390,2106,5011,1042
0,3391,2106,5005,1043
0,3392,2106,3220,1044
4,3393,2106,5011,1050
0,3394,2106,5003,1051
0,3395,2106,5010,1052
6,3396,2106,5011,1053
3,3397,2106,5011,1054
1,3398,2106,3200,1060
1,3399,2106,3220,1061
0,3400,2106,5010,1062
1,3401,2106,3220,1063
0,3402,2106,3210,1064
0,3403,2106,3400,1070
0,3404,2106,5006,1071
4,3405,2106,5010,1072
2,3406,2106,5011,1073
1,3407,2106,5001,1074
4,3408,2106,5010,1080
4,3409,2106,5010,1081
0,3410,2106,3200,1082
1,3411,2106,5001,1083
1,3412,2106,5000,1084
1,3413,2106,5000,1085
0,3414,2106,3200,1086
2,3415,2106,5011,1087
2,3416,2106,5011,1088
1,3417,2106,5000,1089
1,3418,2106,5000,1090
2,3419,2106,5010,1091
1,3420,2106,3210,1092
0,3421,2106,2050,1093
3,3422,2106,5011,1094
0,3423,2106,5010,1095
4,3424,2106,5010,1096
0,3425,2106,5010,1097
2,3426,2106,3400,1098
0,3427,2106,5003,1099
0,3428,2106,3220,1110
1,3429,2106,3220,1111
0,3430,2106,5003,1112
0,3431,2106,5003,1113
0,3432,2106,2050,1114
6,3433,2106,5011,1135
1,3434,2106,3210,1136
3,3435,2106,3400,1137
3,3436,2106,3400,1138
0,3437,2106,3410,1139
0,3438,2106,5003,1140
2,3439,2106,3400,1141
1,3440,2106,3000,1142
1,3441,2106,3000,1143
2,3442,2106,5011,1144
0,3443,2106,3400,1145
1,3444,2106,5000,1146
0,3445,2106,5003,1147
4,3446,2106,5010,1148
0,3447,2106,5006,1149
0,3448,2106,5002,1150
0,3449,2106,3210,1151
0,3450,2106,5010,1152
4,3451,2106,5011,1153
4,3452,2106,5010,1154
3,3453,2106,5011,1155
3,3454,2106,5011,1156
0,3455,2106,3430,1157
0,3456,2106,3220,1158
0,3457,2106,3800,1159
6,3458,2106,5011,1170
4,3459,2106,5010,1171
3,3460,2106,5011,1172
0,3461,2106,5002,1173
0,3462,2106,5010,1174
0,3463,2106,5006,1195
0,3464,2106,3000,1196
1,3465,2106,3800,1197
0,3466,2106,5002,1198
2,3467,2106,5010,1199
1,3468,104,3410,0
0,3469,104,3410,1
1,3470,104,3210,2
1,3471,104,3030,3
0,3472,104,3420,4
0,3473,104,3410,5
2,3474,104,3400,6
0,3475,104,3220,7
0,3476,104,3420,8
1,3477,104,3800,9
1,3478,104,3400,10
0,3479,104,3200,11
1,3480,104,3030,12
1,3481,104,3800,13
0,3482,104,3000,14
1,3483,104,3410,15
2,3484,104,3400,16
0,3485,104,3030,17
0,3486,104,3200,18
0,3487,104,3800,19
0,3488,104,3030,20
0,3489,104,3210,21
0,3490,104,3420,22
1,3491,104,3800,23
1,3492,104,3400,24
0,3493,104,3410,25
0,3494,104,3420,26
0,3495,104,3410,27
2,3496,104,3210,28
1,3497,104,3030,29
0,3498,104,3030,30
0,3499,104,3430,31
3,3500,104,3400,32
1,3501,104,3220,33
1,3502,104,3810,34
2,3503,104,3400,40
1,3504,104,3220,41
1,3505,104,3220,42
0,3506,104,3030,43
3,3507,104,3400,44
0,3508,104,3420,45
0,3509,104,3430,46
0,3510,104,3210,47
0,3511,104,3030,48
1,3512,104,3810,49
1,3513,104,3800,50
0,3514,104,3200,51
3,3515,104,3410,52
0,3516,104,3200,53
2,3517,104,3210,54
0,3518,104,3400,55
2,3519,104,3210,56
0,3520,104,3210,57
1,3521,104,3400,58
1,3522,104,3210,59
0,3523,104,3430,60
0,3524,104,2040,61
3,3525,104,3400,62
1,3526,104,3030,63
3,3527,104,3410,64
0,3528,104,3810,65
1,3529,104,3810,66
0,3530,104,3400,67
3,3531,104,3400,68
1,3532,104,3000,69
0,3533,104,3420,70
0,3534,104,3420,71
0,3535,104,2040,72
0,3536,104,3420,73
2,3537,104,3210,74
0,3538,104,3430,80
0,3539,104,3800,81
0,3540,104,3030,82
4,3541,104,3410,83
0,3542,104,3200,84
0,3543,104,3220,85
0,3544,104,3420,86
1,3545,104,3030,87
1,3546,104,3220,88
2,3547,104,3210,89
1,3548,104,3810,90
0,3549,104,3430,91
1,3550,104,3200,92
1,3551,104,3000,93
1,3552,104,3200,94
2,3553,104,3410,95
0,3554,104,3030,96
0,3555,104,3800,97
0,3556,104,3400,98
3,3557,104,3410,99
0,3558,104,3410,100
1,3559,104,3000,101
1,3560,104,3000,102
1,3561,104,3800,103
0,3562,104,3430,104
2,3563,104,3210,105
0,3564,104,3410,106
1,3565,104,3030,107
1,3566,104,3810,108
0,3567,104,3810,109
0,3568,104,3210,110
1,3569,104,3030,111
4,3570,104,3410,112
0,3571,104,3220,113
1,3572,104,3220,114
0,3573,104,3000,120
0,3574,104,3220,121
0,3575,104,3400,122
1,3576,104,3000,123
0,3577,104,3030,124
1,3578,104,3800,125
1,3579,104,3000,126
0,3580,104,3030,127
0,3581,104,3420,128
3,3582,104,3410,129
0,3583,104,3200,130
1,3584,104,3220,131
1,3585,104,3400,132
0,3586,104,3400,133
0,3587,104,3210,134
0,3588,104,3200,135
0,3589,104,3420,136
1,3590,104,3220,137
0,3591,104,3400,138
0,3592,104,3810,139
3,3593,104,3400,140
0,3594,104,3810,141
1,3595,104,3210,142
0,3596,104,3000,143
0,3597,104,3430,144
1,3598,104,3210,145
0,3599,104,3430,146
0,3600,104,3220,147
0,3601,104,3420,148
0,3602,104,3800,149
0,3603,104,3810,150
0,3604,104,3420,151
1,3605,104,3200,152
0,3606,104,3810,153
0,3607,104,3000,154
1,3608,104,3200,160
0,3609,104,3220,161
1,3610,104,3400,162
1,3611,104,3220,163
1,3612,104,3220,164
4,3613,104,3410,165
1,3614,104,3000,166
1,3615,104,3810,167
0,3616,104,3420,168
0,3617,104,3220,169
3,3618,104,3400,170
1,3619,104,3400,171
1,3620,104,3220,172
1,3621,104,3410,173
0,3622,104,2040,174
0,3623,104,3800,175
4,3624,104,3410,176
1,3625,104,3030,177
0,3626,104,3200,178
3,3627,104,3400,179
0,3628,104,3410,180
0,3629,104,3000,181
0,3630,104,3410,182
1,3631,104,3810,183
0,3632,104,3030,184
0,3633,104,3430,185
0,3634,104,3030,186
0,3635,104,3210,187
1,3636,104,3410,188
1,3637,104,3030,189
0,3638,104,3410,190
3,3639,104,3400,191
4,3640,104,3410,192
1,3641,104,3220,193
0,3642,104,3800,194
1,3643,104,3200,200
4,3644,104,3410,201
2,3645,104,3410,202
1,3646,104,3220,203
3,3647,104,3410,204
1,3648,104,3210,205
1,3649,104,3220,206
1,3650,104,3810,207
3,3651,104,3410,208
1,3652,104,3200,209
1,3653,104,3210,210
0,3654,104,3210,211
1,3655,104,3400,212
0,3656,104,3210,213
1,3657,104,3200,214
0,3658,104,3200,215
0,3659,104,3210,216
1,3660,104,3210,217
0,3661,104,3000,218
0,3662,104,3400,219
1,3663,104,3220,220
0,3664,104,3400,221
0,3665,104,3430,222
0,3666,104,3430,223
2,3667,104,3210,224
1,3668,104,3410,225
0,3669,104,3210,226
0,3670,104,3810,227
0,3671,104,3800,228
0,3672,104,3200,229
0,3673,104,3800,230
1,3674,104,3030,231
0,3675,104,3810,232
0,3676,104,3030,233
2,3677,104,3210,234
0,3678,104,3410,240
0,3679,104,3810,241
0,3680,104,3030,242
0,3681,104,3200,243
2,3682,104,3210,244
0,3683,104,3210,245
1,3684,104,3000,246
1,3685,104,3210,247
0,3686,104,3220,248
1,3687,104,3000,249
0,3688,104,3210,250
3,3689,104,3400,251
1,3690,104,3030,252
2,3691,104,3210,253
1,3692,104,3210,254
1,3693,104,3800,255
1,3694,104,3210,256
0,3695,104,3810,257
2,3696,104,3400,258
1,3697,104,3400,259
0,3698,104,3800,260
1,3699,104,3030,261
1,3700,104,3210,262
1,3701,104,3200,263
2,3702,104,3410,264
1,3703,104,3030,265
0,3704,104,3420,266
2,3705,104,3410,267
0,3706,104,3400,268
1,3707,104,3200,269
0,3708,104,3200,270
0,3709,104,3030,271
1,3710,104,3220,272
1,3711,104,3800,273
0,3712,104,3030,274
3,3713,104,3400,280
0,3714,104,3430,281
1,3715,104,3200,282
0,3716,104,3400,283
0,3717,104,3220,284
1,3718,104,3400,285
1,3719,104,3030,286
4,3720,104,3410,287
1,3721,104,3000,288
0,3722,104,3220,289
1,3723,104,3210,290
1,3724,104,3810,291
0,3725,104,3410,292
0,3726,104,3200,293
0,3727,104,3810,294
0,3728,104,3200,295
3,3729,104,3410,296
0,3730,104,3430,297
1,3731,104,3210,298
0,3732,104,3410,299
1,3733,104,3210,300
1,3734,104,3220,301
0,3735,104,3430,302
1,3736,104,3200,303
2,3737,104,3210,304
0,3738,104,3400,305
0,3739,104,3210,306
0,3740,104,3400,307
1,3741,104,3220,308
2,3742,104,3410,309
3,3743,104,3400,310
1,3744,104,3200,311
1,3745,104,3030,312
3,3746,104,3410,313
0,3747,104,3410,314
0,3748,2104,5003,1000
1,3749,2104,3400,1001
0,3750,2104,5003,1002
3,3751,2104,3410,1003
0,3752,2104,5004,1004
4,3753,2104,5011,1010
0,3754,2104,5010,1011
0,3755,2104,3220,1012
1,3756,2104,3200,1013
0,3757,2104,5002,1014
4,3758,2104,5011,1020
0,3759,2104,3030,1021
0,3760,2104,3200,1022
0,3761,2104,5004,1023
0,3762,2104,3220,1024
2,3763,2104,5011,1030
3,3764,2104,5010,1031
0,3765,2104,5004,1032
0,3766,2104,5006,1033
1,3767,2104,5000,1034
0,3768,2104,3810,1040
2,3769,2104,5010,1041
4,3770,2104,5011,1042
2,3771,2104,3210,1043
3,3772,2104,5011,1044
4,3773,2104,3410,1050
3,3774,2104,5010,1051
1,3775,2104,3220,1052
0,3776,2104,5002,1053
3,3777,2104,5011,1054
1,3778,2104,3210,1060
0,3779,2104,3200,1061
3,3780,2104,5011,1062
2,3781,2104,3210,1063
1,3782,2104,5000,1064
6,3783,2104,5011,1070
2,3784,2104,3210,1071
1,3785,2104,3210,1072
0,3786,2104,3210,1073
0,3787,2104,5006,1074
6,3788,2104,5011,1080
0,3789,2104,5006,1081
0,3790,2104,5006,1082
1,3791,2104,3810,1083
1,3792,2104,3800,1084
1,3793,2104,3800,1085
1,3794,2104,3210,1086
0,3795,2104,3210,1087
4,3796,2104,3410,1088
0,3797,2104,3430,1089
3,3798,2104,5010,1090
3,3799,2104,3410,1091
1,3800,2104,3220,1092
3,3801,2104,3410,1093
2,3802,2104,5011,1094
6,3803,2104,5011,1095
0,3804,2104,2040,1096
0,3805,2104,3810,1097
1,3806,2104,5000,1098
4,3807,2104,3410,1099
0,3808,2104,5010,1100
0,3809,2104,5006,1101
4,3810,2104,3410,1102
0,3811,2104,3200,1103
0,3812,2104,5002,1104
2,3813,2104,5010,1105
1,3814,2104,5001,1106
3,3815,2104,5010,1107
3,3816,2104,5010,1108
2,3817,2104,3210,1109
0,3818,2104,3810,1110
0,3819,2104,5002,1111
1,3820,2104,3200,1112
0,3821,2104,5003,1113
0,3822,2104,3400,1114
2,3823,2104,3210,1140
0,3824,2104,3410,1141
1,3825,2104,3000,1142
4,3826,2104,5010,1143
1,3827,2104,5001,1144
0,3828,2104,5010,1145
1,3829,2104,3200,1146
6,3830,2104,5011,1147
1,3831,2104,3030,1148
1,3832,2104,5000,1149
4,3833,2104,5011,1150
0,3834,2104,3220,1151
1,3835,2104,3400,1152
3,3836,2104,3400,1153
0,3837,2104,5004,1154
2,3838,2104,3210,1155
0,3839,2104,3220,1156
1,3840,2104,5000,1157
0,3841,2104,5010,1158
0,3842,2104,5005,1159
0,3843,2104,5006,1160
0,3844,2104,3800,1161
3,3845,2104,5011,1162
0,3846,2104,5006,1163
4,3847,2104,5011,1164
0,3848,2104,5003,1165
4,3849,2104,5011,1166
1,3850,2104,5001,1167
0,3851,2104,5006,1168
1,3852,2104,5000,1169
0,3853,2104,3200,1170
1,3854,2104,3220,1171
2,3855,2104,3210,1172
0,3856,2104,3410,1173
1,3857,2104,3200,1174
0,3858,358,4341,0
9,3859,308,4000,1
1,3860,308,4340,2
0,3861,308,3790,3
1,3862,308,4300,4
0,3863,358,4501,5
0,3864,308,4100,6
0,3865,308,4100,7
1,3866,308,4340,8
0,3867,358,4101,9
1,3868,308,4300,10
0,3869,308,4100,11
5,3870,308,4000,12
1,3871,308,4000,13
0,3872,308,4100,14
0,3873,308,4100,15
1,3874,308,4350,16
0,3875,308,4100,17
0,3876,308,4100,18
8,3877,308,4000,19
1,3878,308,4350,20
4,3879,308,4000,21
1,3880,308,4300,22
1,3881,308,4300,23
0,3882,308,4100,24
0,3883,308,4100,25
0,3884,308,4100,26
0,3885,358,4501,27
0,3886,308,4100,28
0,3887,308,4100,29
0,3888,308,4300,35
0,3889,308,4100,36
0,3890,358,4341,37
0,3891,308,4100,38
0,3892,358,4301,39
7,3893,308,4000,40
7,3894,308,4000,41
0,3895,308,4000,42
0,3896,308,4100,43
1,3897,308,4300,44
0,3898,308,4100,45
0,3899,308,4100,46
0,3900,308,3790,47
0,3901,308,4500,48
0,3902,308,4100,49
0,3903,308,3790,50
0,3904,358,4501,51
0,3905,308,4100,52
0,3906,308,4100,53
0,3907,308,4500,54
0,3908,308,4500,55
0,3909,308,4500,56
0,3910,308,4100,57
6,3911,308,4000,58
1,3912,308,4350,59
0,3913,308,4100,60
0,3914,308,3790,61
1,3915,308,4350,62
1,3916,358,4341,63
1,3917,308,4340,64
0,3918,358,4401,65
0,3919,308,4100,66
1,3920,358,4301,67
0,3921,308,4300,68
0,3922,308,4100,69
3,3923,308,4000,75
0,3924,308,4100,76
1,3925,308,4340,77
1,3926,308,4300,78
7,3927,308,4000,79
0,3928,358,4301,80
0,3929,308,4500,81
0,3930,308,4500,82
1,3931,308,4340,83
3,3932,308,4000,84
7,3933,308,4000,85
0,3934,358,4341,86
0,3935,358,4401,87
0,3936,308,4500,88
0,3937,308,4300,89
0,3938,308,4500,90
0,3939,308,4100,91
2,3940,308,4000,92
0,3941,308,4100,93
0,3942,308,4100,94
1,3943,308,4300,95
0,3944,308,4340,96
0,3945,308,4100,97
0,3946,308,4100,98
1,3947,308,4350,99
0,3948,308,4100,100
5,3949,308,4000,101
1,3950,308,4350,102
6,3951,308,4000,103
1,3952,358,4101,104
0,3953,308,4100,105
0,3954,308,4100,106
0,3955,308,4100,107
0,3956,308,4300,108
0,3957,308,4100,109
1,3958,308,4340,115
0,3959,308,4100,116
0,3960,358,4341,117
0,3961,308,4500,118
0,3962,308,4100,119
8,3963,308,4000,120
2,3964,308,4000,121
0,3965,308,4500,122
8,3966,308,4000,123
0,3967,308,4100,124
0,3968,308,4340,125
0,3969,308,4100,126
0,3970,308,4100,127
0,3971,308,4100,128
0,3972,308,4500,129
1,3973,358,4301,130
0,3974,308,4100,131
0,3975,308,4100,132
0,3976,308,4340,133
0,3977,308,3790,134
0,3978,308,4100,135
0,3979,308,4100,136
7,3980,308,4000,137
0,3981,308,4100,138
7,3982,308,4000,139
0,3983,308,4340,140
0,3984,308,4100,141
0,3985,308,4100,142
0,3986,308,4100,143
0,3987,308,4100,144
0,3988,308,4340,145
1,3989,308,4300,146
0,3990,358,4301,147
1,3991,308,4350,148
0,3992,358,4501,149
7,3993,308,4000,155
0,3994,308,4500,156
0,3995,308,3790,157
0,3996,308,4300,158
0,3997,308,3790,159
0,3998,308,4500,160
0,3999,308,4100,161
0,4000,308,4100,162
7,4001,308,4000,163
0,4002,308,4000,164
1,4003,358,4301,165
0,4004,308,3790,166
0,4005,308,4100,167
1,4006,308,4000,168
0,4007,308,4000,169
0,4008,308,4500,170
0,4009,308,4100,171
0,4010,308,4100,172
0,4011,358,4101,173
2,4012,308,4000,174
0,4013,358,4401,175
0,4014,308,4100,176
0,4015,308,4100,177
0,4016,308,4100,178
0,4017,308,4100,179
0,4018,308,4500,180
0,4019,308,4000,181
0,4020,308,4100,182
0,4021,308,4100,183
0,4022,308,4100,184
0,4023,308,3790,185
0,4024,308,4100,186
0,4025,308,3790,187
1,4026,358,4341,188
1,4027,308,4340,189
0,4028,308,4500,195
1,4029,358,4341,196
9,4030,308,4000,197
0,4031,308,4500,198
0,4032,308,4100,199
0,4033,308,3790,200
0,4034,308,4100,201
0,4035,308,4100,202
1,4036,308,4350,203
1,4037,308,4300,204
8,4038,308,4000,205
9,4039,308,4000,206
1,4040,308,4350,207
8,4041,308,4000,208
0,4042,308,4100,209
0,4043,308,3790,210
1,4044,308,4340,211
1,4045,308,4300,212
1,4046,308,4300,213
0,4047,308,4300,214
0,4048,308,4300,215
1,4049,308,4350,216
0,4050,308,4100,217
9,4051,308,4000,218
0,4052,308,4100,219
0,4053,308,4100,220
0,4054,308,4100,221
0,4055,308,4500,222
1,4056,308,4300,223
0,4057,308,4500,224
0,4058,308,4100,225
0,4059,308,4500,226
1,4060,308,4300,227
0,4061,308,4340,228
0,4062,308,4340,229
0,4063,358,4302,235
0,4064,308,4100,236
5,4065,308,4000,237
1,4066,358,4341,238
0,4067,358,4401,239
0,4068,308,4100,240
0,4069,308,4100,241
0,4070,308,4100,242
1,4071,308,4350,243
0,4072,358,4401,244
0,4073,308,4100,245
0,4074,358,4302,246
0,4075,358,4501,247
0,4076,358,4101,248
0,4077,308,4500,249
0,4078,308,4500,250
0,4079,308,4340,251
0,4080,308,4500,252
0,4081,308,4500,253
0,4082,308,4100,254
0,4083,308,4100,255
0,4084,308,4100,256
1,4085,308,4350,257
5,4086,308,4000,258
1,4087,308,4350,259
0,4088,308,4100,260
0,4089,358,4302,261
0,4090,308,4500,262
0,4091,308,3790,263
0,4092,308,4100,264
0,4093,308,4100,265
0,4094,308,4100,266
0,4095,308,4100,267
0,4096,308,4100,268
0,4097,308,4000,269
0,4098,308,4100,275
1,4099,308,4350,276
0,4100,358,4101,277
1,4101,308,4000,278
0,4102,308,3790,279
0,4103,358,4341,280
0,4104,308,4100,281
0,4105,308,4100,282
1,4106,308,4350,283
0,4107,308,4500,284
0,4108,358,4302,285
0,4109,308,4500,286
0,4110,358,4101,287
0,4111,308,4100,288
1,4112,308,4350,289
0,4113,308,4100,290
0,4114,308,4100,291
0,4115,308,4300,292
0,4116,308,4100,293
0,4117,308,4300,294
0,4118,308,4100,295
0,4119,308,4500,296
6,4120,308,4000,297
0,4121,308,4100,298
0,4122,308,4500,299
3,4123,308,4000,300
7,4124,308,4000,301
2,4125,308,4000,302
5,4126,308,4000,303
0,4127,308,4100,304
0,4128,308,3790,305
1,4129,308,4350,306
3,4130,308,4000,307
0,4131,358,4341,308
0,4132,308,4100,309
2,4133,308,4000,315
0,4134,308,4100,316
0,4135,308,3790,317
0,4136,308,3790,318
0,4137,308,3790,319
0,4138,2308,4000,1000
0,4139,2308,4500,1001
0,4140,2308,4100,1002
0,4141,2308,4300,1003
1,4142,2308,4340,1004
0,4143,2308,4100,1010
1,4144,2308,4300,1011
0,4145,2308,4100,1012
8,4146,2308,4000,1013
7,4147,2308,4000,1014
1,4148,2308,4300,1020
0,4149,2308,4100,1021
1,4150,2308,4350,1022
1,4151,2308,4340,1023
1,4152,2308,4340,1024
1,4153,2308,4350,1030
0,4154,2308,4100,1031
0,4155,2308,4100,1032
0,4156,2308,4500,1033
5,4157,2308,4000,1034
1,4158,2308,4340,1040
0,4159,2308,4100,1041
6,4160,2308,4000,1042
0,4161,2308,4100,1043
0,4162,2308,4500,1044
1,4163,2308,4350,1050
1,4164,2308,4350,1051
2,4165,2308,4000,1052
0,4166,2308,4100,1053
0,4167,2308,4500,1054
0,4168,2358,4401,1060
6,4169,2308,4000,1061
0,4170,2308,4500,1062
0,4171,2308,4340,1063
0,4172,2358,4302,1064
0,4173,2308,3790,1070
0,4174,2308,4100,1071
0,4175,2358,4501,1072
0,4176,2308,4500,1073
3,4177,2308,4000,1074
1,4178,2308,4300,1080
1,4179,2308,4350,1081
1,4180,2308,4350,1082
0,4181,2308,4100,1083
0,4182,2308,4100,1084
0,4183,2308,4000,1085
0,4184,2358,4301,1086
1,4185,2358,4341,1087
0,4186,2308,4100,1088
1,4187,2358,4301,1089
0,4188,2308,4500,1090
7,4189,2308,4000,1091
0,4190,2308,4100,1092
0,4191,2308,3790,1093
0,4192,2308,4300,1094
0,4193,2358,4501,1095
0,4194,2358,4101,1096
7,4195,2308,4000,1097
0,4196,2308,4500,1098
9,4197,2308,4000,1099
0,4198,2308,4100,1100
1,4199,2308,4340,1101
0,4200,2308,4100,1102
1,4201,2308,4300,1103
0,4202,2358,4302,1104
0,4203,2358,4101,1105
0,4204,2308,4500,1106
1,4205,2308,4340,1107
0,4206,2308,4100,1108
0,4207,2308,4100,1109
0,4208,2308,4100,1135
0,4209,2308,3790,1136
0,4210,2308,4100,1137
0,4211,2308,4340,1138
0,4212,2308,4100,1139
0,4213,2308,4100,1140
0,4214,2308,4100,1141
0,4215,2308,4100,1142
0,4216,2308,4500,1143
0,4217,2308,4100,1144
7,4218,2308,4000,1145
9,4219,2308,4000,1146
0,4220,2358,4101,1147
0,4221,2308,4100,1148
0,4222,2308,4300,1149
4,4223,2308,4000,1150
1,4224,2308,4300,1151
0,4225,2308,4300,1152
0,4226,2308,4100,1153
0,4227,2308,4500,1154
2,4228,2308,4000,1155
2,4229,2308,4000,1156
1,4230,2308,4340,1157
0,4231,2308,4500,1158
1,4232,2308,4350,1159
0,4233,2308,4100,1160
1,4234,2308,4340,1161
0,4235,2308,4100,1162
0,4236,2308,4100,1163
1,4237,2308,4340,1164
0,4238,2308,4100,1165
5,4239,2308,4000,1166
1,4240,2308,4340,1167
0,4241,2308,3790,1168
1,4242,2358,4341,1169
1,4243,2308,4300,1195
1,4244,2308,4340,1196
0,4245,2308,4100,1197
0,4246,2308,4100,1198
6,4247,2308,4000,1199
0,4248,302,4100,0
6,4249,302,4000,1
1,4250,302,4340,2
5,4251,302,4000,3
0,4252,302,4500,4
1,4253,302,4300,5
0,4254,302,4500,6
4,4255,302,4000,7
7,4256,302,4000,8
0,4257,302,4500,9
0,4258,302,4100,10
1,4259,302,4300,11
0,4260,302,4300,12
0,4261,302,3790,13
0,4262,302,4100,14
0,4263,302,4100,15
0,4264,302,4000,16
0,4265,302,4300,17
0,4266,302,4000,18
0,4267,352,4501,19
0,4268,302,4300,25
0,4269,302,4340,26
0,4270,302,4100,27
0,4271,352,4501,28
1,4272,352,4301,29
2,4273,302,4000,30
0,4274,352,4101,31
0,4275,302,4500,32
4,4276,302,4000,33
0,4277,302,4100,34
0,4278,302,4100,35
0,4279,302,4100,36
0,4280,302,4100,37
0,4281,302,4100,38
0,4282,302,4340,39
0,4283,302,4340,40
0,4284,352,4302,41
6,4285,302,4000,42
0,4286,302,4100,43
1,4287,302,4300,44
0,4288,302,4340,45
0,4289,302,4500,46
0,4290,352,4302,47
0,4291,302,4100,48
0,4292,302,4100,49
8,4293,302,4000,50
0,4294,302,4500,51
3,4295,302,4000,52
0,4296,302,4100,53
7,4297,302,4000,54
1,4298,302,4000,55
0,4299,302,4100,56
0,4300,302,4340,57
0,4301,302,3790,58
0,4302,302,4500,59
0,4303,302,4100,65
0,4304,302,4100,66
0,4305,302,4100,67
1,4306,302,4340,68
4,4307,302,4000,69
0,4308,302,4100,70
0,4309,302,4500,71
1,4310,302,4000,72
1,4311,302,4300,73
0,4312,302,4500,74
0,4313,302,4300,75
0,4314,302,4100,76
0,4315,352,4401,77
0,4316,302,4100,78
0,4317,302,4100,79
0,4318,302,4100,80
0,4319,352,4101,81
0,4320,302,4300,82
6,4321,302,4000,83
1,4322,302,4340,84
0,4323,302,4500,85
1,4324,302,4340,86
0,4325,302,4000,87
0,4326,302,4000,88
8,4327,302,4000,89
2,4328,302,4000,90
0,4329,302,4340,91
0,4330,302,4100,92
0,4331,302,4300,93
0,4332,302,4100,94
2,4333,302,4000,95
5,4334,302,4000,96
1,4335,302,4300,97
1,4336,302,4350,98
0,4337,302,4100,99
0,4338,302,4100,105
0,4339,302,3790,106
0,4340,352,4401,107
1,4341,302,4340,108
0,4342,302,4100,109
0,4343,302,4500,110
4,4344,302,4000,111
7,4345,302,4090,112
0,4346,302,4100,113
0,4347,352,4302,114
0,4348,302,4100,115
0,4349,302,3790,116
5,4350,302,4000,117
0,4351,352,4401,118
0,4352,302,4100,119
3,4353,302,4000,120
5,4354,302,4000,121
0,4355,302,4300,122
0,4356,302,4100,123
0,4357,302,3790,124
0,4358,302,4100,125
0,4359,302,4100,126
0,4360,302,4100,127
0,4361,302,4100,128
1,4362,352,4301,129
0,4363,302,4500,130
0,4364,302,4300,131
1,4365,352,4301,132
0,4366,302,4500,133
1,4367,302,4340,134
1,4368,352,4301,135
1,4369,302,4340,136
0,4370,302,4100,137
0,4371,302,4300,138
1,4372,302,4000,139
1,4373,352,4341,145
0,4374,302,4100,146
0,4375,302,4100,147
0,4376,302,4100,148
0,4377,302,4300,149
0,4378,302,4100,150
0,4379,352,4302,151
2,4380,302,4000,152
0,4381,302,4100,153
0,4382,302,4100,154
0,4383,352,4302,155
0,4384,302,4100,156
1,4385,302,4300,157
0,4386,302,4500,158
1,4387,352,4341,159
0,4388,302,4100,160
0,4389,302,4500,161
0,4390,302,4100,162
0,4391,302,4500,163
1,4392,302,4350,164
0,4393,302,4100,165
0,4394,352,4101,166
1,4395,302,4350,167
0,4396,302,4340,168
4,4397,302,4000,169
6,4398,302,4000,170
1,4399,302,4340,171
0,4400,302,4500,172
0,4401,302,4100,173
0,4402,302,4500,174
3,4403,302,4000,175
1,4404,302,4300,176
0,4405,302,4100,177
0,4406,302,4340,178
0,4407,302,4100,179
0,4408,302,4100,185
0,4409,302,4100,186
1,4410,302,4340,187
1,4411,302,4350,188
0,4412,302,4500,189
0,4413,302,3790,190
1,4414,302,4300,191
4,4415,302,4000,192
0,4416,352,4302,193
0,4417,302,4100,194
0,4418,302,4100,195
0,4419,302,4100,196
0,4420,352,4101,197
0,4421,302,4100,198
0,4422,302,4300,199
1,4423,302,4350,200
9,4424,302,4000,201
0,4425,302,4100,202
0,4426,302,4340,203
0,4427,302,3790,204
0,4428,352,4401,205
0,4429,302,4500,206
1,4430,302,4350,207
0,4431,302,4100,208
0,4432,302,4500,209
0,4433,352,4501,210
0,4434,302,4100,211
7,4435,302,4000,212
1,4436,302,4350,213
0,4437,302,4100,214
0,4438,302,4300,215
0,4439,302,4340,216
0,4440,302,4100,217
1,4441,302,4340,218
0,4442,302,4500,219
1,4443,302,4350,225
1,4444,352,4341,226
0,4445,302,4500,227
0,4446,302,4500,228
1,4447,302,4300,229
0,4448,302,3790,230
0,4449,302,4100,231
1,4450,302,4340,232
0,4451,302,4000,233
0,4452,302,4500,234
0,4453,302,4100,235
1,4454,352,4341,236
0,4455,352,4302,237
1,4456,302,4350,238
0,4457,302,4100,239
0,4458,302,3790,240
0,4459,302,4500,241
6,4460,302,4000,242
1,4461,302,4340,243
0,4462,302,4340,244
0,4463,302,4100,245
0,4464,302,4340,246
0,4465,302,4100,247
0,4466,302,4100,248
1,4467,302,4340,249
0,4468,302,4100,250
1,4469,302,4350,251
1,4470,302,4350,252
0,4471,302,4100,253
1,4472,352,4341,254
8,4473,302,4000,255
0,4474,352,4401,256
0,4475,302,4100,257
0,4476,302,4100,258
0,4477,302,4100,259
0,4478,352,4401,265
0,4479,302,4300,266
0,4480,352,4101,267
0,4481,302,3790,268
1,4482,352,4301,269
1,4483,302,4350,270
0,4484,302,4100,271
1,4485,302,4340,272
0,4486,302,4100,273
0,4487,352,4302,274
2,4488,302,4000,275
0,4489,352,4401,276
0,4490,302,4100,277
0,4491,302,4100,278
8,4492,302,4000,279
1,4493,302,4300,280
1,4494,302,4350,281
0,4495,302,4100,282
0,4496,302,4100,283
7,4497,302,4000,284
0,4498,302,4100,285
1,4499,302,4350,286
1,4500,302,4300,287
0,4501,352,4101,288
1,4502,302,4350,289
1,4503,302,4300,290
5,4504,302,4000,291
5,4505,302,4000,292
1,4506,352,4301,293
0,4507,302,4100,294
0,4508,302,4100,295
0,4509,302,3790,296
0,4510,302,4100,297
0,4511,302,4300,298
0,4512,302,4100,299
1,4513,302,4340,305
1,4514,302,4340,306
0,4515,302,4100,307
0,4516,302,4100,308
0,4517,352,4101,309
0,4518,302,4100,310
0,4519,352,4101,311
0,4520,352,4401,312
0,4521,302,4300,313
0,4522,302,3790,314
0,4523,302,4100,315
7,4524,302,4000,316
0,4525,302,4100,317
1,4526,302,4300,318
0,4527,302,4340,319
0,4528,2302,4300,1000
1,4529,2302,4340,1001
9,4530,2302,4000,1002
0,4531,2302,4500,1003
0,4532,2302,4500,1004
1,4533,2352,4301,1010
3,4534,2302,4000,1011
0,4535,2352,4302,1012
0,4536,2302,4100,1013
0,4537,2302,4500,1014
0,4538,2302,4100,1020
0,4539,2302,4500,1021
6,4540,2302,4000,1022
4,4541,2302,4000,1023
0,4542,2352,4501,1024
1,4543,2302,4000,1030
0,4544,2302,4100,1031
0,4545,2302,3790,1032
1,4546,2302,4350,1033
0,4547,2302,4100,1034
1,4548,2302,4340,1040
0,4549,2302,4500,1041
1,4550,2302,4350,1042
7,4551,2302,4000,1043
0,4552,2302,4000,1044
1,4553,2302,4350,1050
0,4554,2302,4100,1051
0,4555,2302,4500,1052
1,4556,2302,4350,1053
1,4557,2302,4350,1054
0,4558,2302,4100,1060
0,4559,2302,4100,1061
1,4560,2302,4340,1062
0,4561,2302,4100,1063
6,4562,2302,4000,1064
0,4563,2302,4100,1070
1,4564,2302,4350,1071
0,4565,2302,4340,1072
5,4566,2302,4000,1073
0,4567,2302,4340,1074
0,4568,2302,4500,1080
9,4569,2302,4000,1081
0,4570,2302,4100,1082
1,4571,2302,4340,1083
0,4572,2352,4341,1084
0,4573,2352,4101,1085
0,4574,2302,4100,1086
0,4575,2302,4340,1087
3,4576,2302,4000,1088
3,4577,2302,4000,1089
0,4578,2302,4500,1090
1,4579,2302,4340,1091
0,4580,2352,4101,1092
0,4581,2302,4100,1093
0,4582,2352,4401,1094
0,4583,2302,4100,1095
3,4584,2302,4000,1096
1,4585,2302,4300,1097
5,4586,2302,4000,1098
0,4587,2302,4500,1099
7,4588,2302,4000,1105
8,4589,2302,4000,1106
6,4590,2302,4000,1107
2,4591,2302,4000,1108
1,4592,2302,4340,1109
1,4593,2302,4300,1110
7,4594,2302,4000,1111
0,4595,2302,4300,1112
0,4596,2302,4100,1113
0,4597,2302,4100,1114
0,4598,2302,4100,1135
0,4599,2352,4301,1136
0,4600,2302,4100,1137
0,4601,2302,4500,1138
0,4602,2302,4500,1139
1,4603,2302,4350,1140
0,4604,2302,4300,1141
0,4605,2302,4100,1142
0,4606,2302,4340,1143
2,4607,2302,4000,1144
0,4608,2302,4500,1145
0,4609,2302,4300,1146
0,4610,2302,4500,1147
1,4611,2302,4300,1148
1,4612,2302,4340,1149
1,4613,2302,4340,1150
0,4614,2302,4000,1151
1,4615,2302,4300,1152
0,4616,2352,4302,1153
1,4617,2302,4340,1154
7,4618,2302,4000,1155
9,4619,2302,4000,1156
0,4620,2302,4500,1157
0,4621,2302,3790,1158
0,4622,2302,4100,1159
0,4623,2302,4000,1165
0,4624,2302,4100,1166
0,4625,2352,4501,1167
1,4626,2302,4300,1168
0,4627,2302,4100,1169
0,4628,2302,4300,1170
0,4629,2302,4100,1171
0,4630,2302,3790,1172
3,4631,2302,4000,1173
0,4632,2302,4100,1174
0,4633,2302,4100,1195
0,4634,2352,4302,1196
1,4635,2302,4300,1197
6,4636,2302,4000,1198
1,4637,2352,4341,1199
0,4638,313,4100,0
1,4639,313,4350,1
1,4640,313,4350,2
0,4641,313,4100,3
1,4642,313,4350,4
0,4643,313,4300,5
0,4644,313,4100,6
0,4645,313,4100,7
0,4646,313,4500,8
1,4647,313,4300,9
0,4648,313,4100,10
0,4649,313,4100,11
0,4650,313,4100,12
0,4651,313,4100,13
1,4652,313,4340,14
1,4653,313,4340,15
0,4654,313,4100,16
0,4655,313,4500,17
0,4656,313,4300,18
0,4657,313,4500,19
0,4658,313,4300,20
1,4659,313,4340,21
0,4660,313,4500,22
0,4661,313,4100,23
0,4662,313,4100,24
0,4663,313,4100,25
0,4664,313,4340,26
1,4665,313,4300,27
0,4666,313,4500,28
0,4667,313,4100,29
0,4668,313,4500,30
0,4669,313,4500,31
1,4670,313,4300,32
2,4671,313,4000,33
0,4672,313,3790,34
0,4673,313,4100,35
1,4674,313,4340,36
0,4675,313,4100,37
0,4676,313,4100,38
0,4677,313,3790,39
0,4678,313,4340,40
0,4679,313,4100,41
1,4680,313,4340,42
0,4681,313,4300,43
6,4682,313,4000,44
0,4683,313,4100,45
1,4684,313,4350,46
1,4685,313,4350,47
0,4686,313,4500,48
0,4687,313,4000,49
0,4688,313,4500,50
0,4689,313,4100,51
0,4690,313,4100,52
0,4691,313,4300,53
0,4692,313,4500,54
2,4693,313,4000,55
0,4694,313,3790,56
0,4695,313,4100,57
0,4696,313,4300,58
0,4697,313,4300,59
4,4698,313,4000,60
1,4699,313,4340,61
0,4700,313,4500,62
0,4701,313,4300,63
0,4702,313,4100,64
6,4703,313,4000,65
0,4704,313,4100,66
0,4705,313,4300,67
0,4706,313,4100,68
0,4707,313,4100,69
1,4708,313,4350,70
0,4709,313,4100,71
1,4710,313,4300,72
0,4711,313,4300,73
0,4712,313,4100,74
5,4713,313,4000,75
0,4714,313,4100,76
0,4715,313,4100,77
6,4716,313,4000,78
0,4717,313,4100,79
0,4718,313,3790,80
0,4719,313,4100,81
0,4720,313,4100,82
1,4721,313,4350,83
0,4722,313,4100,84
0,4723,313,4100,85
1,4724,313,4340,86
3,4725,313,4000,87
1,4726,313,4340,88
0,4727,313,3790,89
0,4728,313,4100,90
0,4729,313,4500,91
0,4730,313,4100,92
0,4731,313,4100,93
1,4732,313,4340,94
0,4733,313,4100,95
4,4734,313,4000,96
0,4735,313,4500,97
0,4736,313,4500,98
6,4737,313,4000,99
3,4738,313,4000,100
1,4739,313,4340,101
1,4740,313,4300,102
1,4741,313,4340,103
0,4742,313,4100,104
1,4743,313,4350,105
0,4744,313,4100,106
0,4745,313,4340,107
0,4746,313,4100,108
0,4747,313,4300,109
5,4748,313,4000,110
0,4749,313,4100,111
0,4750,313,4100,112
0,4751,313,4100,113
0,4752,313,3790,114
0,4753,313,4100,115
0,4754,313,4340,116
1,4755,313,4350,117
0,4756,313,4100,118
5,4757,313,4000,119
0,4758,313,4340,120
9,4759,313,4000,121
0,4760,313,4100,122
0,4761,313,4500,123
0,4762,313,4000,124
0,4763,313,4500,125
0,4764,313,4100,126
0,4765,313,4500,127
1,4766,313,4340,128
0,4767,313,4500,129
0,4768,313,4300,130
0,4769,313,4500,131
1,4770,313,4340,132
0,4771,313,4500,133
1,4772,313,4350,134
1,4773,313,4340,135
1,4774,313,4340,136
1,4775,313,4350,137
0,4776,313,4500,138
0,4777,313,4100,139
0,4778,313,4100,140
1,4779,313,4340,141
0,4780,313,4000,142
0,4781,313,4340,143
1,4782,313,4300,144
0,4783,313,4100,145
1,4784,313,4350,146
6,4785,313,4000,147
0,4786,313,4340,148
0,4787,313,4100,149
8,4788,313,4000,150
1,4789,313,4340,151
0,4790,313,4100,152
6,4791,313,4000,153
0,4792,313,4340,154
8,4793,313,4000,155
1,4794,313,4350,156
0,4795,313,4000,157
6,4796,313,4000,158
1,4797,313,4350,159
5,4798,313,4090,160
1,4799,313,4000,161
1,4800,313,4350,162
3,4801,313,4000,163
0,4802,313,4500,164
6,4803,313,4000,165
9,4804,313,4000,166
1,4805,313,4340,167
0,4806,313,4500,168
0,4807,313,3790,169
7,4808,313,4000,170
0,4809,313,4100,171
0,4810,313,4100,172
0,4811,313,4100,173
0,4812,313,4340,174
0,4813,313,4300,175
2,4814,313,4000,176
0,4815,313,3790,177
1,4816,313,4000,178
7,4817,313,4000,179
0,4818,313,4340,180
0,4819,313,3790,181
0,4820,313,4100,182
7,4821,313,4000,183
5,4822,313,4000,184
0,4823,313,4500,185
1,4824,313,4340,186
0,4825,313,4100,187
0,4826,313,4090,188
0,4827,313,4100,189
0,4828,313,4300,190
1,4829,313,4090,191
1,4830,313,4300,192
0,4831,313,4100,193
1,4832,313,4300,194
0,4833,313,4100,195
0,4834,313,4100,196
0,4835,313,4340,197
0,4836,313,3790,198
0,4837,313,4100,199
0,4838,313,4100,200
0,4839,313,4100,201
1,4840,313,4340,202
0,4841,313,4500,203
0,4842,313,4100,204
9,4843,313,4000,205
0,4844,313,4100,206
0,4845,313,4500,207
1,4846,313,4350,208
0,4847,313,4500,209
0,4848,313,4500,210
0,4849,313,4100,211
0,4850,313,4340,212
0,4851,313,4100,213
0,4852,313,4500,214
0,4853,313,4300,215
0,4854,313,4100,216
7,4855,313,4000,217
1,4856,313,4300,218
0,4857,313,4100,219
0,4858,313,4340,220
0,4859,313,4100,221
1,4860,313,4300,222
0,4861,313,4340,223
1,4862,313,4000,224
0,4863,313,4100,225
1,4864,313,4340,226
1,4865,313,4340,227
4,4866,313,4000,228
0,4867,313,4340,229
2,4868,313,4000,230
0,4869,313,4100,231
0,4870,313,4100,232
0,4871,313,4100,233
0,4872,313,4000,234
0,4873,313,4500,235
0,4874,313,4100,236
0,4875,313,4100,237
0,4876,313,3790,238
3,4877,313,4000,239
0,4878,313,4300,240
1,4879,313,4000,241
0,4880,313,4100,242
4,4881,313,4000,243
1,4882,313,4300,244
7,4883,313,4000,245
1,4884,313,4300,246
0,4885,313,4300,247
0,4886,313,4000,248
1,4887,313,4340,249
0,4888,313,4100,250
0,4889,313,4340,251
0,4890,313,4500,252
9,4891,313,4000,253
0,4892,313,4100,254
0,4893,313,4340,255
0,4894,313,4000,256
0,4895,313,4100,257
2,4896,313,4000,258
0,4897,313,4100,259
1,4898,313,4300,260
1,4899,313,4300,261
6,4900,313,4000,262
0,4901,313,4100,263
0,4902,313,4100,264
0,4903,313,4100,265
0,4904,313,3790,266
1,4905,313,4300,267
1,4906,313,4340,268
0,4907,313,4300,269
0,4908,313,3790,270
0,4909,313,4100,271
0,4910,313,4500,272
0,4911,313,4100,273
5,4912,313,4000,274
1,4913,313,4350,275
0,4914,313,4300,276
0,4915,313,4300,277
0,4916,313,4100,278
1,4917,313,4340,279
0,4918,313,4100,280
0,4919,313,4100,281
0,4920,313,4500,282
0,4921,313,4340,283
0,4922,313,4000,284
8,4923,313,4000,285
0,4924,313,4100,286
0,4925,313,4500,287
6,4926,313,4000,288
0,4927,313,4100,289
0,4928,313,4340,290
1,4929,313,4340,291
0,4930,313,4100,292
0,4931,313,4100,293
1,4932,313,4340,294
0,4933,313,4340,295
8,4934,313,4000,296
0,4935,313,4100,297
1,4936,313,4340,298
1,4937,313,4340,299
0,4938,313,4100,300
0,4939,313,4100,301
9,4940,313,4000,302
1,4941,313,4300,303
1,4942,313,4350,304
0,4943,313,4100,305
0,4944,313,4100,306
1,4945,313,4340,307
0,4946,313,4100,308
0,4947,313,4100,309
0,4948,313,4100,310
0,4949,313,4100,311
0,4950,313,4100,312
0,4951,313,4100,313
1,4952,313,4340,314
7,4953,313,4000,315
0,4954,313,4100,316
0,4955,313,4100,317
6,4956,313,4000,318
0,4957,313,4100,319
0,4958,2313,4500,1000
0,4959,2313,4100,1001
1,4960,2313,4000,1002
3,4961,2313,4000,1003
0,4962,2313,4500,1004
0,4963,2313,4100,1010
0,4964,2313,4100,1011
1,4965,2313,4300,1012
0,4966,2313,4300,1013
0,4967,2313,4100,1014
5,4968,2313,4000,1020
0,4969,2313,4500,1021
0,4970,2313,4100,1022
0,4971,2313,3790,1023
0,4972,2313,4500,1024
0,4973,2313,4500,1030
0,4974,2313,4100,1031
9,4975,2313,4000,1032
1,4976,2313,4350,1033
0,4977,2313,4500,1034
1,4978,2313,4340,1040
0,4979,2313,4500,1041
9,4980,2313,4000,1042
0,4981,2313,4100,1043
0,4982,2313,4100,1044
0,4983,2313,4100,1050
0,4984,2313,4500,1051
0,4985,2313,4100,1052
6,4986,2313,4000,1053
7,4987,2313,4000,1054
6,4988,2313,4000,1060
0,4989,2313,4500,1061
1,4990,2313,4340,1062
0,4991,2313,4100,1063
0,4992,2313,4100,1064
0,4993,2313,4500,1070
1,4994,2313,4300,1071
0,4995,2313,3790,1072
4,4996,2313,4000,1073
6,4997,2313,4000,1074
0,4998,2313,4100,1080
0,4999,2313,4100,1081
0,5000,2313,4500,1082
1,5001,2313,4300,1083
1,5002,2313,4350,1084
1,5003,2313,4350,1085
0,5004,2313,4340,1086
0,5005,2313,4100,1087
0,5006,2313,4000,1088
0,5007,2313,4300,1089
0,5008,2313,4100,1090
0,5009,2313,4500,1091
0,5010,2313,4500,1092
5,5011,2313,4000,1093
0,5012,2313,4100,1094
0,5013,2313,4500,1095
1,5014,2313,4300,1096
1,5015,2313,4340,1097
0,5016,2313,4100,1098
1,5017,2313,4300,1099
1,5018,2313,4350,1100
1,5019,2313,4300,1101
1,5020,2313,4300,1102
1,5021,2313,4300,1103
6,5022,2313,4000,1104
0,5023,2313,4340,1105
0,5024,2313,4100,1106
0,5025,2313,4300,1107
0,5026,2313,4340,1108
3,5027,2313,4000,1109
0,5028,2313,4100,1110
3,5029,2313,4000,1111
3,5030,2313,4000,1112
0,5031,2313,4500,1113
0,5032,2313,4100,1114
0,5033,2313,4100,1135
1,5034,2313,4000,1136
0,5035,2313,4500,1137
0,5036,2313,4100,1138
3,5037,2313,4000,1139
1,5038,2313,4340,1140
0,5039,2313,4000,1141
0,5040,2313,4500,1142
0,5041,2313,4340,1143
0,5042,2313,4500,1144
1,5043,2313,4340,1145
0,5044,2313,4300,1146
5,5045,2313,4000,1147
0,5046,2313,4100,1148
0,5047,2313,4300,1149
1,5048,2313,4300,1150
0,5049,2313,4100,1151
0,5050,2313,4100,1152
1,5051,2313,4350,1153
0,5052,2313,4100,1154
0,5053,2313,3790,1155
3,5054,2313,4000,1156
0,5055,2313,4100,1157
0,5056,2313,4500,1158
0,5057,2313,4500,1159
0,5058,2313,4500,1160
7,5059,2313,4000,1161
0,5060,2313,4300,1162
1,5061,2313,4350,1163
0,5062,2313,4100,1164
0,5063,2313,4100,1165
0,5064,2313,4100,1166
0,5065,2313,3790,1167
0,5066,2313,4100,1168
2,5067,2313,4000,1169
0,5068,2313,4100,1170
0,5069,2313,4100,1171
1,5070,2313,4340,1172
1,5071,2313,4340,1173
0,5072,2313,3790,1174
0,5073,2313,3790,1195
9,5074,2313,4000,1196
3,5075,2313,4000,1197
0,5076,2313,3790,1198
1,5077,2313,4350,1199
0,5078,300,4100,0
0,5079,300,4340,1
1,5080,300,4350,2
8,5081,300,4000,3
6,5082,300,4000,4
9,5083,300,4000,5
0,5084,300,4100,6
0,5085,300,4100,7
0,5086,350,4101,8
0,5087,300,4100,9
0,5088,350,4101,10
1,5089,300,4300,11
0,5090,300,4100,12
0,5091,350,4301,13
1,5092,350,4341,14
1,5093,300,4300,15
0,5094,300,4340,16
0,5095,300,4500,17
0,5096,300,4300,18
0,5097,300,4300,19
1,5098,300,4350,20
0,5099,300,4100,21
0,5100,300,4100,22
0,5101,300,4100,23
0,5102,300,4500,24
0,5103,300,4500,25
0,5104,350,4302,26
0,5105,300,4100,27
0,5106,300,4340,28
0,5107,300,4100,29
1,5108,300,4300,30
0,5109,300,4100,31
0,5110,300,4100,32
0,5111,300,4100,33
7,5112,300,4000,34
0,5113,300,4100,40
1,5114,300,4350,41
0,5115,300,4100,42
0,5116,300,4340,43
0,5117,300,4100,44
0,5118,300,4340,45
1,5119,300,4300,46
1,5120,300,4300,47
1,5121,300,4300,48
0,5122,350,4101,49
0,5123,300,4100,50
0,5124,300,4100,51
1,5125,300,4300,52
0,5126,300,4100,53
1,5127,300,4340,54
0,5128,300,3790,55
1,5129,300,4300,56
0,5130,300,4100,57
0,5131,350,4341,58
1,5132,300,4350,59
0,5133,300,4340,60
0,5134,350,4341,61
1,5135,300,4300,62
0,5136,300,4100,63
0,5137,300,4100,64
0,5138,300,4500,65
1,5139,300,4350,66
0,5140,300,4000,67
0,5141,300,4500,68
1,5142,350,4301,69
0,5143,300,4340,70
0,5144,300,4100,71
1,5145,300,4340,72
1,5146,300,4300,73
4,5147,300,4000,74
0,5148,300,4500,80
0,5149,300,4340,81
0,5150,300,4300,82
0,5151,300,4100,83
0,5152,300,4500,84
1,5153,300,4340,85
0,5154,300,4500,86
0,5155,300,4500,87
0,5156,300,4100,88
0,5157,300,4100,89
1,5158,300,4340,90
0,5159,300,4500,91
8,5160,300,4000,92
0,5161,300,4100,93
0,5162,300,4100,94
0,5163,300,4100,95
1,5164,350,4101,96
0,5165,300,4100,97
0,5166,300,4340,98
0,5167,300,4100,99
0,5168,300,3790,100
0,5169,300,4100,101
0,5170,300,4100,102
0,5171,300,4100,103
3,5172,300,4000,104
1,5173,300,4300,105
5,5174,300,4000,106
0,5175,300,4100,107
0,5176,300,4100,108
6,5177,300,4000,109
0,5178,350,4401,110
0,5179,350,4302,111
0,5180,300,4100,112
6,5181,300,4000,113
0,5182,300,4100,114
0,5183,300,4340,120
0,5184,300,4340,121
0,5185,300,4100,122
0,5186,350,4101,123
4,5187,300,4000,124
0,5188,350,4341,125
1,5189,300,4300,126
3,5190,300,4000,127
0,5191,300,4300,128
1,5192,300,4000,129
0,5193,300,4000,130
0,5194,300,4340,131
0,5195,300,4500,132
0,5196,300,4340,133
0,5197,350,4501,134
0,5198,300,4500,135
0,5199,300,4100,136
0,5200,300,4500,137
1,5201,350,4341,138
0,5202,300,4500,139
1,5203,350,4341,140
0,5204,300,4100,141
0,5205,350,4301,142
4,5206,300,4000,143
1,5207,300,4300,144
0,5208,300,4340,145
0,5209,300,4100,146
0,5210,300,4300,147
0,5211,300,4340,148
1,5212,300,4350,149
0,5213,350,4101,150
0,5214,300,4100,151
0,5215,350,4341,152
0,5216,300,4100,153
0,5217,300,4100,154
0,5218,300,4100,160
8,5219,300,4000,161
0,5220,350,4301,162
1,5221,300,4300,163
0,5222,300,4100,164
1,5223,300,4350,165
0,5224,300,4100,166
0,5225,300,4100,167
0,5226,350,4302,168
0,5227,300,4500,169
1,5228,300,4300,170
0,5229,300,4100,171
1,5230,300,4300,172
0,5231,300,4100,173
0,5232,300,3790,174
0,5233,300,4500,175
1,5234,300,4340,176
5,5235,300,4000,177
6,5236,300,4000,178
0,5237,300,4500,179
4,5238,300,4000,180
1,5239,300,4340,181
1,5240,300,4340,182
0,5241,300,4100,183
0,5242,300,4340,184
0,5243,300,4100,185
3,5244,300,4000,186
0,5245,300,4100,187
9,5246,300,4000,188
0,5247,300,4100,189
0,5248,350,4501,190
0,5249,350,4401,191
0,5250,300,4100,192
1,5251,300,4350,193
0,5252,300,4340,194
0,5253,300,4100,200
0,5254,300,4500,201
1,5255,300,4340,202
0,5256,350,4302,203
1,5257,300,4350,204
0,5258,300,4340,205
1,5259,350,4341,206
3,5260,300,4000,207
0,5261,300,4100,208
0,5262,300,4100,209
0,5263,300,4340,210
0,5264,350,4501,211
0,5265,300,4500,212
1,5266,300,4300,213
7,5267,300,4000,214
0,5268,300,4100,215
1,5269,300,4350,216
0,5270,300,4100,217
0,5271,350,4101,218
1,5272,300,4340,219
0,5273,300,4100,220
1,5274,300,4340,221
0,5275,300,4100,222
0,5276,300,4100,223
0,5277,300,4000,224
1,5278,350,4341,225
0,5279,300,4100,226
0,5280,300,4100,227
0,5281,350,4341,228
0,5282,300,4100,229
5,5283,300,4000,230
0,5284,300,4100,231
1,5285,300,4350,232
0,5286,300,4100,233
0,5287,300,4100,234
1,5288,300,4300,240
0,5289,350,4401,241
9,5290,300,4000,242
0,5291,350,4302,243
1,5292,300,4300,244
0,5293,350,4101,245
0,5294,300,4500,246
0,5295,300,4100,247
0,5296,300,4100,248
0,5297,300,4100,249
0,5298,300,4100,250
0,5299,300,4500,251
6,5300,300,4000,252
0,5301,300,4500,253
0,5302,300,4500,254
1,5303,300,4300,255
0,5304,300,4100,256
1,5305,300,4350,257
0,5306,300,4100,258
0,5307,300,4500,259
0,5308,300,4340,260
0,5309,300,4300,261
0,5310,300,4100,262
4,5311,300,4000,263
1,5312,300,4300,264
6,5313,300,4000,265
0,5314,300,4100,266
1,5315,300,4350,267
0,5316,300,4500,268
3,5317,300,4000,269
0,5318,300,4500,270
0,5319,300,4100,271
4,5320,300,4000,272
0,5321,300,4500,273
0,5322,300,4100,274
0,5323,300,3790,280
0,5324,300,4100,281
0,5325,300,4100,282
0,5326,300,4100,283
0,5327,350,4501,284
0,5328,300,4100,285
6,5329,300,4000,286
0,5330,300,4100,287
0,5331,300,4100,288
0,5332,350,4401,289
1,5333,300,4300,290
1,5334,350,4301,291
1,5335,300,4340,292
0,5336,300,4500,293
0,5337,300,4300,294
0,5338,300,4300,295
1,5339,300,4300,296
0,5340,300,4500,297
0,5341,300,4300,298
1,5342,300,4340,299
0,5343,300,4100,300
1,5344,300,4340,301
0,5345,300,4300,302
0,5346,300,4300,303
3,5347,300,4000,304
0,5348,350,4501,305
0,5349,300,4100,306
0,5350,300,4300,307
1,5351,300,4340,308
1,5352,300,4350,309
0,5353,300,4300,310
0,5354,300,4100,311
1,5355,300,4300,312
4,5356,300,4000,313
0,5357,300,4100,314
9,5358,2300,4000,1000
0,5359,2300,4100,1001
1,5360,2350,4301,1002
0,5361,2300,4100,1003
0,5362,2300,4340,1004
0,5363,2300,4500,1010
0,5364,2300,4300,1011
4,5365,2300,4000,1012
1,5366,2300,4340,1013
0,5367,2300,4300,1014
0,5368,2300,4500,1020
0,5369,2350,4101,1021
0,5370,2300,4500,1022
0,5371,2350,4101,1023
1,5372,2300,4340,1024
0,5373,2300,4100,1030
1,5374,2300,4340,1031
1,5375,2350,4341,1032
0,5376,2350,4101,1033
0,5377,2350,4501,1034
0,5378,2300,4100,1040
1,5379,2350,4301,1041
0,5380,2300,4100,1042
1,5381,2300,4340,1043
7,5382,2300,4000,1044
0,5383,2300,4100,1050
0,5384,2300,4300,1051
3,5385,2300,4000,1052
7,5386,2300,4000,1053
0,5387,2300,4100,1054
0,5388,2300,3790,1060
1,5389,2300,4340,1061
0,5390,2300,4100,1062
0,5391,2300,4000,1063
1,5392,2300,4340,1064
0,5393,2300,4100,1070
1,5394,2300,4300,1071
0,5395,2300,4100,1072
1,5396,2300,4300,1073
0,5397,2300,3790,1074
0,5398,2300,4340,1080
0,5399,2350,4341,1081
1,5400,2300,4340,1082
0,5401,2300,4100,1083
2,5402,2300,4000,1084
0,5403,2300,4100,1085
0,5404,2300,4340,1086
0,5405,2300,4500,1087
0,5406,2350,4101,1088
0,5407,2300,4100,1089
1,5408,2300,4350,1090
8,5409,2300,4000,1091
9,5410,2300,4000,1092
0,5411,2300,4300,1093
0,5412,2300,4100,1094
0,5413,2300,4100,1095
0,5414,2300,4500,1096
0,5415,2350,4401,1097
3,5416,2300,4000,1098
0,5417,2300,4100,1099
1,5418,2350,4301,1100
8,5419,2300,4000,1101
0,5420,2300,4100,1102
0,5421,2350,4501,1103
0,5422,2300,4340,1104
0,5423,2300,4100,1105
0,5424,2300,4100,1106
0,5425,2350,4301,1107
7,5426,2300,4000,1108
0,5427,2300,4100,1109
0,5428,2300,4100,1110
0,5429,2300,4100,1111
0,5430,2300,4100,1112
0,5431,2350,4302,1113
1,5432,2350,4341,1114
0,5433,2300,3790,1140
0,5434,2300,4340,1141
2,5435,2300,4000,1142
0,5436,2300,4100,1143
1,5437,2300,4340,1144
0,5438,2300,4340,1145
6,5439,2300,4000,1146
0,5440,2300,4100,1147
1,5441,2300,4300,1148
0,5442,2300,4500,1149
1,5443,2300,4340,1150
0,5444,2300,4100,1151
0,5445,2300,4300,1152
0,5446,2300,4500,1153
6,5447,2300,4000,1154
0,5448,2300,4100,1155
0,5449,2300,4300,1156
7,5450,2300,4000,1157
0,5451,2300,4100,1158
0,5452,2300,3790,1159
3,5453,2300,4000,1160
0,5454,2300,4100,1161
2,5455,2300,4000,1162
1,5456,2300,4300,1163
0,5457,2300,4340,1164
1,5458,2350,4301,1165
0,5459,2300,4100,1166
0,5460,2300,4100,1167
1,5461,2300,4350,1168
0,5462,2300,4500,1169
0,5463,2300,4100,1170
1,5464,2300,4350,1171
0,5465,2300,4000,1172
0,5466,2300,4100,1173
1,5467,2300,4350,1174
0,5468,312,4500,0
0,5469,312,4500,1
1,5470,312,4350,2
0,5471,312,4300,3
0,5472,312,4500,4
0,5473,312,4100,5
0,5474,312,4300,6
1,5475,362,4341,7
9,5476,312,4000,8
1,5477,312,4350,9
1,5478,312,4000,10
0,5479,362,4341,11
1,5480,312,4350,12
1,5481,312,4350,13
1,5482,312,4340,14
0,5483,312,4100,15
1,5484,312,4350,16
0,5485,312,4300,17
0,5486,312,4100,18
1,5487,312,4000,19
0,5488,312,4100,20
0,5489,312,4500,21
7,5490,312,4000,22
7,5491,312,4000,23
0,5492,312,4300,24
0,5493,312,4340,25
0,5494,312,4100,26
0,5495,312,3790,27
0,5496,312,4100,28
0,5497,312,4340,29
0,5498,312,4340,35
0,5499,312,4100,36
9,5500,312,4000,37
0,5501,362,4301,38
0,5502,312,4100,39
1,5503,312,4340,40
0,5504,312,4500,41
8,5505,312,4000,42
0,5506,312,4500,43
0,5507,312,4100,44
1,5508,312,4350,45
0,5509,312,3790,46
0,5510,312,4500,47
0,5511,312,4100,48
5,5512,312,4000,49
0,5513,362,4501,50
0,5514,312,4000,51
0,5515,362,4401,52
5,5516,312,4000,53
0,5517,312,4100,54
4,5518,312,4000,55
0,5519,362,4301,56
1,5520,312,4000,57
0,5521,312,4300,58
0,5522,312,4300,59
1,5523,312,4340,60
1,5524,312,4350,61
0,5525,312,4100,62
2,5526,312,4000,63
0,5527,362,4101,64
0,5528,312,4300,65
1,5529,312,4340,66
0,5530,312,4100,67
3,5531,312,4000,68
9,5532,312,4000,69
0,5533,312,3790,75
1,5534,312,4340,76
0,5535,312,3790,77
0,5536,362,4302,78
0,5537,312,4340,79
0,5538,312,4100,80
0,5539,312,4340,81
7,5540,312,4000,82
0,5541,312,3790,83
0,5542,362,4301,84
0,5543,362,4341,85
0,5544,312,4300,86
1,5545,312,4300,87
2,5546,312,4000,88
0,5547,312,4500,89
1,5548,312,4300,90
0,5549,312,3790,91
0,5550,312,4340,92
7,5551,312,4000,93
0,5552,362,4302,94
3,5553,312,4000,95
0,5554,312,4100,96
0,5555,312,4000,97
0,5556,312,4100,98
0,5557,312,4340,99
1,5558,362,4341,100
1,5559,362,4341,101
0,5560,312,4100,102
0,5561,362,4302,103
1,5562,312,4340,104
0,5563,312,4100,105
1,5564,362,4341,106
0,5565,312,4100,107
0,5566,362,4401,108
0,5567,312,4500,109
8,5568,312,4000,115
0,5569,312,4100,116
0,5570,312,4100,117
1,5571,312,4300,118
1,5572,312,4000,119
1,5573,312,4300,120
0,5574,312,4500,121
0,5575,312,4340,122
1,5576,312,4300,123
0,5577,362,4301,124
0,5578,312,4100,125
4,5579,312,4000,126
0,5580,312,4100,127
4,5581,312,4000,128
1,5582,312,4340,129
0,5583,312,4100,130
0,5584,312,3790,131
7,5585,312,4000,132
1,5586,312,4300,133
1,5587,312,4350,134
5,5588,312,4000,135
0,5589,312,4340,136
0,5590,312,4100,137
1,5591,312,4300,138
0,5592,362,4401,139
9,5593,312,4000,140
0,5594,312,4100,141
1,5595,312,4340,142
0,5596,312,4340,143
0,5597,362,4341,144
1,5598,312,4340,145
0,5599,312,4100,147
0,5600,312,4100,148
2,5601,312,4000,149
0,5602,312,4300,155
6,5603,312,4000,156
0,5604,312,4500,157
0,5605,312,4000,158
0,5606,312,4100,159
0,5607,312,4340,160
0,5608,312,4100,161
1,5609,312,4350,162
1,5610,312,4350,163
0,5611,312,4340,164
0,5612,312,4100,165
0,5613,312,4500,166
0,5614,362,4301,167
0,5615,312,4000,168
1,5616,312,4340,169
0,5617,312,4300,170
0,5618,312,4500,171
7,5619,312,4000,172
0,5620,312,4500,173
0,5621,362,4401,174
0,5622,312,4300,175
1,5623,312,4340,176
1,5624,312,4350,177
0,5625,312,3790,178
0,5626,312,4100,179
0,5627,312,4100,180
0,5628,312,4100,181
1,5629,312,4300,182
1,5630,362,4341,183
0,5631,312,4340,184
0,5632,362,4341,185
0,5633,312,4300,186
4,5634,312,4000,187
0,5635,312,4100,188
2,5636,312,4000,189
0,5637,312,3790,195
0,5638,312,4340,196
0,5639,312,4300,197
0,5640,312,4100,198
5,5641,312,4000,199
1,5642,312,4350,200
0,5643,312,4340,201
1,5644,312,4300,202
8,5645,312,4000,203
1,5646,312,4300,204
0,5647,312,4300,205
0,5648,312,4500,206
2,5649,312,4000,207
0,5650,312,4500,208
3,5651,312,4000,209
0,5652,312,4340,210
1,5653,312,4300,211
0,5654,312,4100,212
0,5655,362,4302,213
5,5656,312,4000,214
0,5657,362,4101,215
1,5658,312,4350,216
0,5659,312,4500,217
8,5660,312,4000,218
9,5661,312,4000,219
7,5662,312,4000,220
0,5663,362,4341,221
1,5664,362,4301,222
0,5665,362,4301,223
0,5666,312,4100,224
0,5667,312,4300,225
0,5668,312,4000,226
7,5669,312,4000,227
1,5670,312,4300,228
0,5671,312,4100,229
0,5672,312,4340,235
6,5673,312,4000,236
1,5674,312,4350,237
0,5675,312,4100,238
0,5676,312,4300,239
1,5677,312,4300,240
0,5678,312,4300,241
0,5679,312,3790,242
1,5680,312,4350,243
0,5681,312,4100,244
0,5682,312,4100,245
0,5683,312,4100,246
0,5684,312,4100,247
0,5685,312,4500,248
9,5686,312,4000,249
1,5687,362,4341,250
0,5688,362,4302,251
0,5689,362,4301,252
0,5690,312,3790,253
1,5691,312,4000,254
0,5692,312,4100,255
1,5693,312,4300,256
6,5694,312,4000,257
1,5695,312,4300,258
1,5696,312,4350,259
0,5697,362,4341,260
0,5698,312,4100,261
1,5699,312,4350,262
0,5700,362,4301,263
0,5701,312,4340,264
0,5702,312,4500,265
0,5703,312,4100,266
0,5704,312,4100,267
0,5705,312,4100,268
0,5706,312,4100,269
0,5707,362,4101,275
0,5708,312,4100,276
0,5709,312,4100,277
0,5710,362,4341,278
1,5711,312,4300,279
0,5712,312,4500,280
2,5713,312,4000,281
0,5714,362,4302,282
0,5715,312,4100,283
1,5716,312,4300,284
0,5717,312,4300,285
0,5718,362,4341,286
0,5719,312,4340,287
0,5720,312,4500,288
0,5721,312,3790,289
0,5722,312,4100,290
1,5723,312,4340,291
3,5724,312,4000,292
9,5725,312,4000,293
0,5726,312,4100,294
9,5727,312,4000,295
0,5728,312,4100,296
0,5729,312,4300,297
5,5730,312,4000,298
0,5731,312,4000,299
0,5732,312,4340,300
9,5733,312,4000,301
1,5734,312,4300,302
1,5735,312,4300,303
1,5736,312,4340,304
3,5737,312,4000,305
4,5738,312,4000,306
0,5739,312,4300,307
0,5740,312,4340,308
1,5741,312,4350,309
1,5742,362,4301,315
0,5743,362,4501,316
4,5744,312,4000,317
0,5745,312,4100,318
8,5746,312,4000,319
7,5747,2312,4000,1000
0,5748,2362,4302,1001
1,5749,2312,4350,1002
0,5750,2312,4100,1003
0,5751,2312,4340,1004
1,5752,2312,4300,1010
0,5753,2362,4341,1011
0,5754,2312,4100,1012
0,5755,2312,4100,1013
0,5756,2312,4500,1014
4,5757,2312,4000,1020
0,5758,2312,4000,1021
0,5759,2312,4100,1022
0,5760,2312,4500,1023
1,5761,2312,4350,1024
0,5762,2312,4500,1030
4,5763,2312,4000,1031
0,5764,2312,4100,1032
0,5765,2312,4100,1033
0,5766,2312,4340,1034
0,5767,2312,4100,1040
0,5768,2312,3790,1041
5,5769,2312,4000,1042
4,5770,2312,4000,1043
1,5771,2312,4340,1044
0,5772,2362,4101,1050
1,5773,2312,4350,1051
0,5774,2312,4500,1052
0,5775,2362,4501,1053
1,5776,2312,4350,1054
0,5777,2312,4340,1060
1,5778,2362,4341,1061
1,5779,2312,4340,1062
1,5780,2312,4340,1063
0,5781,2312,4340,1064
5,5782,2312,4000,1070
0,5783,2312,4500,1071
6,5784,2312,4000,1072
0,5785,2312,4340,1073
0,5786,2312,4100,1074
0,5787,2362,4401,1080
0,5788,2312,4100,1081
0,5789,2312,4100,1082
0,5790,2362,4341,1083
1,5791,2312,4300,1084
1,5792,2312,4350,1085
1,5793,2312,4000,1086
0,5794,2312,4500,1087
1,5795,2312,4350,1088
0,5796,2312,4500,1089
0,5797,2312,4100,1090
0,5798,2312,4100,1091
4,5799,2312,4000,1092
0,5800,2312,4100,1093
0,5801,2312,4300,1094
0,5802,2312,3790,1095
0,5803,2312,4340,1096
0,5804,2312,4500,1097
0,5805,2312,4100,1098
0,5806,2312,4100,1099
0,5807,2312,4100,1100
0,5808,2312,4100,1101
0,5809,2312,4500,1102
8,5810,2312,4000,1103
0,5811,2312,4100,1104
0,5812,2312,4500,1105
0,5813,2312,3790,1106
3,5814,2312,4000,1107
0,5815,2312,4340,1108
0,5816,2312,4100,1109
0,5817,2312,4000,1135
0,5818,2312,4100,1136
0,5819,2362,4341,1137
6,5820,2312,4000,1138
0,5821,2312,4100,1139
0,5822,2312,4500,1140
0,5823,2312,4100,1141
0,5824,2312,4340,1142
3,5825,2312,4000,1143
0,5826,2312,4340,1144
0,5827,2312,4000,1145
0,5828,2362,4501,1146
0,5829,2312,4500,1147
0,5830,2312,4500,1148
0,5831,2312,4100,1149
0,5832,2312,4100,1150
1,5833,2312,4350,1151
7,5834,2312,4000,1152
0,5835,2312,4100,1153
3,5836,2312,4000,1154
1,5837,2312,4350,1155
0,5838,2312,4100,1156
0,5839,2362,4501,1157
0,5840,2312,4100,1158
0,5841,2312,4000,1159
0,5842,2312,3790,1160
1,5843,2312,4300,1161
0,5844,2312,4100,1162
1,5845,2312,4350,1163
1,5846,2312,4340,1164
1,5847,2312,4300,1165
0,5848,2312,4500,1166
0,5849,2312,4100,1167
0,5850,2312,4100,1168
0,5851,2312,4300,1169
6,5852,2312,4000,1195
0,5853,2312,4100,1196
7,5854,2312,4000,1197
0,5855,2312,4300,1198
0,5856,2312,4340,1199
8,5857,305,4000,0
0,5858,305,4100,1
4,5859,305,4000,2
0,5860,305,4100,3
8,5861,305,4000,4
2,5862,305,4000,5
0,5863,305,4340,6
0,5864,305,3790,7
0,5865,305,4500,8
0,5866,305,4100,9
1,5867,305,4300,10
0,5868,305,4100,11
0,5869,305,4500,12
0,5870,305,4500,13
0,5871,305,4100,14
2,5872,305,4000,15
4,5873,305,4000,16
9,5874,305,4000,17
1,5875,305,4350,18
1,5876,305,4300,19
1,5877,305,4000,20
0,5878,305,4300,21
1,5879,305,4340,22
1,5880,305,4300,23
0,5881,305,3790,24
0,5882,305,4100,25
8,5883,305,4000,26
7,5884,305,4000,27
0,5885,305,3790,28
1,5886,305,4300,29
0,5887,305,4100,30
0,5888,305,4100,31
1,5889,305,4340,32
0,5890,305,4100,33
0,5891,305,4340,34
1,5892,305,4000,40
0,5893,305,4100,41
0,5894,305,4100,42
0,5895,305,4500,43
0,5896,305,4500,44
5,5897,305,4000,45
0,5898,305,4100,46
0,5899,305,4100,47
6,5900,305,4000,48
0,5901,305,4500,49
0,5902,305,4500,50
0,5903,305,4500,51
0,5904,305,4300,52
1,5905,305,4350,53
0,5906,305,4100,54
0,5907,305,4100,55
1,5908,305,4350,56
0,5909,305,4340,57
1,5910,305,4340,58
0,5911,305,4500,59
1,5912,305,4340,60
2,5913,305,4000,61
0,5914,305,4100,62
0,5915,305,4100,63
1,5916,305,4340,64
0,5917,305,4100,65
8,5918,305,4000,66
0,5919,305,4100,67
0,5920,305,4100,68
1,5921,305,4340,69
0,5922,305,4500,70
1,5923,305,4340,71
0,5924,305,3790,72
0,5925,305,4100,73
1,5926,305,4340,74
5,5927,305,4000,80
0,5928,305,4340,81
0,5929,305,4500,82
5,5930,305,4000,83
0,5931,305,4100,84
0,5932,305,4100,85
0,5933,305,4100,86
0,5934,305,4100,87
0,5935,305,4500,88
7,5936,305,4000,89
0,5937,305,4100,90
0,5938,305,4100,91
0,5939,305,4100,92
0,5940,305,4500,93
4,5941,305,4000,94
0,5942,305,4500,95
0,5943,305,3790,96
0,5944,305,4340,97
8,5945,305,4000,98
0,5946,305,4500,99
0,5947,305,4100,100
1,5948,305,4350,101
1,5949,305,4350,102
1,5950,305,4340,103
0,5951,305,4100,104
1,5952,305,4300,105
0,5953,305,4100,106
1,5954,305,4300,107
0,5955,305,4100,108
0,5956,305,4100,109
1,5957,305,4340,110
0,5958,305,4100,111
0,5959,305,4100,112
0,5960,305,4100,113
0,5961,305,4100,114
0,5962,305,4100,120
0,5963,305,4100,121
0,5964,305,4100,122
0,5965,305,4100,123
0,5966,305,4500,124
6,5967,305,4000,125
0,5968,305,4500,126
0,5969,305,3790,127
0,5970,305,4100,128
0,5971,305,4100,129
0,5972,305,4100,130
0,5973,305,4100,131
0,5974,305,4340,132
0,5975,305,4100,133
3,5976,305,4000,134
9,5977,305,4000,135
0,5978,305,4100,136
0,5979,305,4100,137
0,5980,305,4000,138
1,5981,305,4300,139
0,5982,305,4100,140
7,5983,305,4000,141
0,5984,305,4100,142
0,5985,305,4300,143
0,5986,305,4100,144
0,5987,305,4500,145
0,5988,305,4100,146
0,5989,305,4100,147
1,5990,305,4000,148
0,5991,305,3790,149
0,5992,305,4100,150
0,5993,305,4100,151
0,5994,305,3790,152
0,5995,305,4100,153
0,5996,305,3790,154
0,5997,305,4500,160
2,5998,305,4000,161
0,5999,305,4100,162
0,6000,305,4100,163
0,6001,305,4100,164
0,6002,305,4300,165
0,6003,305,4100,166
1,6004,305,4000,167
3,6005,305,4000,168
0,6006,305,4100,169
0,6007,305,4500,170
5,6008,305,4000,171
9,6009,305,4000,172
0,6010,305,4300,173
0,6011,305,4100,174
0,6012,305,4340,175
3,6013,305,4000,176
0,6014,305,4100,177
2,6015,305,4000,178
0,6016,305,4500,179
0,6017,305,4100,180
0,6018,305,4100,181
1,6019,305,4000,182
1,6020,305,4000,183
0,6021,305,4340,184
0,6022,305,4100,185
0,6023,305,4100,186
0,6024,305,4100,187
0,6025,305,3790,188
0,6026,305,4100,189
0,6027,305,4100,190
0,6028,305,3790,191
0,6029,305,4100,192
0,6030,305,4100,193
0,6031,305,4100,194
0,6032,305,4100,200
2,6033,305,4000,201
0,6034,305,4100,202
4,6035,305,4000,203
1,6036,305,4350,204
0,6037,305,4100,205
0,6038,305,3790,206
0,6039,305,4100,207
6,6040,305,4000,208
1,6041,305,4340,209
0,6042,305,4100,210
0,6043,305,4100,211
3,6044,305,4000,212
0,6045,305,4100,213
0,6046,305,3790,214
1,6047,305,4340,215
0,6048,305,4100,216
0,6049,305,4300,217
0,6050,305,4100,218
0,6051,305,4500,219
0,6052,305,4100,220
0,6053,305,4100,221
1,6054,305,4000,222
0,6055,305,4100,223
0,6056,305,4100,224
1,6057,305,4350,225
1,6058,305,4350,226
0,6059,305,4100,227
0,6060,305,4100,228
3,6061,305,4000,229
0,6062,305,4100,230
3,6063,305,4000,231
8,6064,305,4000,232
0,6065,305,4300,233
1,6066,305,4350,234
8,6067,305,4000,240
0,6068,305,3790,241
0,6069,305,4500,242
0,6070,305,4100,243
7,6071,305,4000,244
0,6072,305,4300,245
0,6073,305,4100,246
1,6074,305,4300,247
3,6075,305,4000,248
0,6076,305,4100,249
0,6077,305,3790,250
4,6078,305,4000,251
5,6079,305,4000,252
0,6080,305,4100,253
1,6081,305,4300,254
6,6082,305,4000,255
1,6083,305,4340,256
0,6084,305,4100,257
0,6085,305,4300,258
0,6086,305,3790,259
1,6087,305,4300,260
0,6088,305,4100,261
0,6089,305,4100,262
1,6090,305,4300,263
1,6091,305,4300,264
8,6092,305,4000,265
0,6093,305,4300,266
0,6094,305,4100,267
1,6095,305,4300,268
0,6096,305,4100,269
0,6097,305,4100,270
0,6098,305,4340,271
3,6099,305,4000,272
9,6100,305,4000,273
1,6101,305,4340,274
0,6102,305,4100,280
0,6103,305,4500,281
1,6104,305,4340,282
1,6105,305,4350,283
4,6106,305,4000,284
3,6107,305,4000,285
1,6108,305,4350,286
0,6109,305,4340,287
4,6110,305,4000,288
7,6111,305,4000,289
0,6112,305,4500,290
0,6113,305,4100,291
0,6114,305,4100,292
6,6115,305,4000,293
0,6116,305,4500,294
0,6117,305,4100,295
0,6118,305,4100,296
0,6119,305,4500,297
0,6120,305,3790,298
0,6121,305,4100,299
0,6122,305,4100,300
0,6123,305,4300,301
0,6124,305,4100,302
0,6125,305,4100,303
1,6126,305,4340,304
0,6127,305,4100,305
0,6128,305,4100,306
0,6129,305,4100,307
0,6130,305,4340,308
8,6131,305,4000,309
0,6132,305,4340,310
0,6133,305,4500,311
0,6134,305,4100,312
1,6135,305,4350,313
6,6136,305,4000,314
1,6137,2305,4300,1000
0,6138,2305,4100,1001
0,6139,2305,4340,1002
1,6140,2305,4300,1003
6,6141,2305,4000,1004
6,6142,2305,4000,1010
7,6143,2305,4000,1011
1,6144,2305,4300,1012
5,6145,2305,4000,1013
0,6146,2305,4100,1014
0,6147,2305,4300,1020
0,6148,2305,4300,1021
0,6149,2305,3790,1022
9,6150,2305,4000,1023
0,6151,2305,4000,1024
1,6152,2305,4350,1030
0,6153,2305,4000,1031
0,6154,2305,4500,1032
0,6155,2305,4100,1033
0,6156,2305,4340,1034
0,6157,2305,4300,1040
1,6158,2305,4300,1041
1,6159,2305,4340,1042
1,6160,2305,4340,1043
0,6161,2305,4340,1044
4,6162,2305,4000,1050
0,6163,2305,4100,1051
0,6164,2305,4100,1052
0,6165,2305,4100,1053
0,6166,2305,4000,1054
0,6167,2305,4100,1060
0,6168,2305,4500,1061
0,6169,2305,4300,1062
0,6170,2305,4100,1063
0,6171,2305,4500,1064
0,6172,2305,4500,1070
1,6173,2305,4000,1071
0,6174,2305,4100,1072
0,6175,2305,4100,1073
0,6176,2305,4500,1074
3,6177,2305,4000,1080
0,6178,2305,4100,1081
5,6179,2305,4000,1082
0,6180,2305,3790,1083
0,6181,2305,4100,1084
0,6182,2305,4100,1085
0,6183,2305,4500,1086
0,6184,2305,4100,1087
0,6185,2305,4500,1088
0,6186,2305,4500,1089
6,6187,2305,4000,1090
0,6188,2305,4100,1091
0,6189,2305,4300,1092
0,6190,2305,4500,1093
1,6191,2305,4300,1094
5,6192,2305,4000,1095
0,6193,2305,4500,1096
0,6194,2305,4100,1097
0,6195,2305,3790,1098
7,6196,2305,4000,1099
0,6197,2305,4100,1100
0,6198,2305,4500,1101
0,6199,2305,4300,1102
0,6200,2305,4100,1103
1,6201,2305,4340,1104
0,6202,2305,4300,1105
1,6203,2305,4350,1106
0,6204,2305,4300,1107
0,6205,2305,4100,1108
0,6206,2305,4500,1109
0,6207,2305,4500,1110
0,6208,2305,4100,1111
0,6209,2305,4100,1112
8,6210,2305,4000,1113
0,6211,2305,4100,1114
0,6212,2305,4100,1140
0,6213,2305,4300,1141
0,6214,2305,4500,1142
1,6215,2305,4340,1143
0,6216,2305,4100,1144
0,6217,2305,4100,1145
0,6218,2305,4340,1146
1,6219,2305,4300,1147
0,6220,2305,4100,1148
0,6221,2305,4100,1149
0,6222,2305,4500,1150
0,6223,2305,4500,1151
1,6224,2305,4300,1152
4,6225,2305,4000,1153
9,6226,2305,4000,1154
0,6227,2305,4100,1155
0,6228,2305,4100,1156
0,6229,2305,4500,1157
1,6230,2305,4340,1158
5,6231,2305,4000,1159
1,6232,2305,4300,1160
0,6233,2305,3790,1161
0,6234,2305,4340,1162
0,6235,2305,4100,1163
0,6236,2305,4100,1164
0,6237,2305,4100,1165
1,6238,2305,4300,1166
0,6239,2305,4000,1167
0,6240,2305,4500,1168
0,6241,2305,4340,1169
0,6242,2305,4340,1170
0,6243,2305,3790,1171
0,6244,2305,4100,1172
0,6245,2305,4100,1173
0,6246,2305,4100,1174
0,6247,314,4340,0
0,6248,314,4100,1
0,6249,314,4100,2
0,6250,364,4302,3
0,6251,314,3790,4
5,6252,314,4000,5
3,6253,314,4000,6
0,6254,314,4300,7
0,6255,314,4100,8
1,6256,314,4300,9
0,6257,314,4500,10
3,6258,314,4000,11
0,6259,314,4500,12
0,6260,314,4300,13
1,6261,314,4340,14
0,6262,314,4500,15
0,6263,314,4340,16
0,6264,364,4302,17
1,6265,314,4350,18
0,6266,314,4100,19
0,6267,364,4101,20
0,6268,314,4100,21
0,6269,314,4100,22
0,6270,364,4401,23
0,6271,364,4301,24
0,6272,314,4000,25
0,6273,314,4340,26
4,6274,314,4000,27
0,6275,314,4300,28
0,6276,314,4340,29
0,6277,364,4401,30
0,6278,314,3790,31
0,6279,364,4341,32
0,6280,364,4302,33
0,6281,314,4100,34
0,6282,314,3790,35
0,6283,314,3790,36
1,6284,314,4300,37
0,6285,314,3790,38
3,6286,314,4000,39
0,6287,314,4100,40
1,6288,314,4340,41
0,6289,314,4100,42
0,6290,364,4301,43
1,6291,364,4341,44
9,6292,314,4000,45
1,6293,314,4300,46
0,6294,314,4100,47
0,6295,314,4300,48
0,6296,314,3790,49
0,6297,314,4100,50
0,6298,314,3790,51
6,6299,314,4000,52
0,6300,314,4500,53
1,6301,314,4340,54
1,6302,314,4350,55
0,6303,314,4100,56
1,6304,314,4350,57
0,6305,314,4100,58
1,6306,364,4301,59
0,6307,364,4401,60
0,6308,314,4100,61
0,6309,364,4501,62
0,6310,314,4100,63
1,6311,314,4340,64
0,6312,314,4100,65
1,6313,314,4350,66
5,6314,314,4000,67
0,6315,364,4301,68
0,6316,314,4500,69
0,6317,314,4100,70
0,6318,364,4401,71
0,6319,314,4100,72
0,6320,364,4341,73
3,6321,314,4000,74
0,6322,314,4100,75
1,6323,314,4300,76
0,6324,314,4500,77
0,6325,314,4100,78
1,6326,314,4300,79
1,6327,314,4300,80
1,6328,314,4350,81
1,6329,314,4300,82
0,6330,314,4100,83
0,6331,314,4340,84
1,6332,314,4340,85
8,6333,314,4000,86
0,6334,314,4100,87
0,6335,314,4100,88
0,6336,314,4100,89
6,6337,314,4000,90
4,6338,314,4000,91
0,6339,364,4401,92
0,6340,364,4501,93
1,6341,314,4300,94
0,6342,364,4341,95
0,6343,314,4500,96
0,6344,364,4101,97
1,6345,314,4350,98
0,6346,314,4340,99
0,6347,314,4500,100
2,6348,314,4000,101
0,6349,364,4301,102
0,6350,314,4500,103
5,6351,314,4000,104
1,6352,364,4301,105
0,6353,314,4340,106
2,6354,314,4000,107
2,6355,314,4000,108
0,6356,314,3790,109
0,6357,314,4100,110
0,6358,314,3790,111
4,6359,314,4000,112
4,6360,314,4000,113
1,6361,314,4350,114
0,6362,364,4101,115
0,6363,364,4341,116
0,6364,314,3790,117
5,6365,314,4000,118
1,6366,314,4300,119
0,6367,314,4100,120
0,6368,314,4100,121
3,6369,314,4000,122
0,6370,314,4000,123
1,6371,314,4350,124
1,6372,314,4340,125
1,6373,314,4340,126
1,6374,314,4350,127
0,6375,314,4500,128
0,6376,314,4100,129
0,6377,314,4300,130
0,6378,364,4101,131
1,6379,314,4340,132
0,6380,314,4100,133
1,6381,314,4350,134
1,6382,314,4340,135
4,6383,314,4000,136
0,6384,364,4341,137
0,6385,314,4300,138
1,6386,314,4300,139
0,6387,314,4500,140
5,6388,314,4000,141
9,6389,314,4000,142
0,6390,314,4340,143
0,6391,314,4300,144
4,6392,314,4000,145
8,6393,314,4000,146
0,6394,314,3790,147
0,6395,364,4501,148
5,6396,314,4000,149
1,6397,314,4340,150
0,6398,314,4000,151
1,6399,314,4340,152
0,6400,364,4101,153
0,6401,314,4100,154
0,6402,314,4100,155
0,6403,314,4100,156
0,6404,314,4100,157
0,6405,314,4100,158
1,6406,314,4300,159
1,6407,314,4300,160
0,6408,314,4500,161
0,6409,314,4300,162
0,6410,314,4500,163
1,6411,314,4350,164
1,6412,314,4350,165
0,6413,314,4340,166
3,6414,314,4000,167
0,6415,314,4100,168
0,6416,314,4100,169
0,6417,314,4100,170
0,6418,314,4300,171
8,6419,314,4000,172
7,6420,314,4000,173
0,6421,314,4100,174
0,6422,314,4100,175
0,6423,364,4401,176
7,6424,314,4000,177
0,6425,314,4100,178
0,6426,314,4300,179
1,6427,364,4301,180
0,6428,364,4302,181
0,6429,364,4341,182
1,6430,314,4350,183
0,6431,364,4401,184
0,6432,314,4300,185
2,6433,314,4000,186
1,6434,314,4300,187
0,6435,314,4300,188
0,6436,314,4000,189
0,6437,314,4100,190
0,6438,314,4100,191
0,6439,314,4100,192
0,6440,314,3790,193
0,6441,364,4341,194
1,6442,364,4341,195
2,6443,314,4000,196
0,6444,314,4100,197
1,6445,314,4300,198
0,6446,314,3790,199
0,6447,314,4500,200
5,6448,314,4000,201
2,6449,314,4000,202
7,6450,314,4000,203
3,6451,314,4000,204
0,6452,314,4500,205
1,6453,314,4350,206
0,6454,314,4300,207
0,6455,364,4341,208
0,6456,364,4341,209
0,6457,314,4100,210
0,6458,314,4500,211
0,6459,314,3790,212
1,6460,314,4350,213
0,6461,314,4100,214
0,6462,314,4100,215
7,6463,314,4000,216
0,6464,364,4401,217
0,6465,314,4500,218
0,6466,314,4300,219
0,6467,314,4340,220
0,6468,314,3790,221
0,6469,314,4100,222
0,6470,314,4100,223
1,6471,314,4350,224
1,6472,314,4350,225
0,6473,314,4100,226
0,6474,314,4100,227
0,6475,314,4100,228
0,6476,364,4302,229
1,6477,314,4350,230
1,6478,314,4350,231
1,6479,364,4341,232
0,6480,314,4500,233
0,6481,314,3790,234
3,6482,314,4000,235
1,6483,314,4000,236
0,6484,314,4500,237
0,6485,314,4500,238
0,6486,314,3790,239
0,6487,314,4500,240
0,6488,314,4500,241
0,6489,314,4500,242
0,6490,314,4100,243
0,6491,314,4500,244
0,6492,314,4500,245
1,6493,314,4300,246
0,6494,314,4500,247
1,6495,314,4340,248
0,6496,364,4401,249
8,6497,314,4000,250
0,6498,314,4340,251
0,6499,314,4100,252
0,6500,314,4100,253
0,6501,314,4500,254
1,6502,314,4300,255
1,6503,314,4300,256
0,6504,314,4500,257
0,6505,314,4500,258
1,6506,314,4340,259
6,6507,314,4000,260
2,6508,314,4000,261
0,6509,314,4100,262
0,6510,314,4300,263
0,6511,364,4501,264
1,6512,314,4340,265
6,6513,314,4000,266
1,6514,314,4300,267
0,6515,364,4101,268
0,6516,314,3790,269
0,6517,314,4100,270
9,6518,314,4000,271
0,6519,314,4100,272
3,6520,314,4000,273
1,6521,314,4350,274
1,6522,314,4300,275
1,6523,314,4000,276
0,6524,314,4500,277
3,6525,314,4000,278
0,6526,314,4100,279
9,6527,314,4000,280
0,6528,314,4500,281
1,6529,314,4350,282
8,6530,314,4000,283
0,6531,314,4100,284
0,6532,314,4100,285
0,6533,314,3790,286
0,6534,314,4100,287
0,6535,314,4340,288
3,6536,314,4000,289
9,6537,314,4000,290
0,6538,314,3790,291
0,6539,314,4300,292
0,6540,314,4340,293
0,6541,364,4101,294
0,6542,314,4500,295
0,6543,314,4300,296
9,6544,314,4000,297
0,6545,314,4500,298
0,6546,314,4100,299
0,6547,364,4341,300
1,6548,314,4340,301
0,6549,314,4100,302
0,6550,314,4100,303
1,6551,314,4340,304
9,6552,314,4000,305
1,6553,364,4341,306
0,6554,314,4100,307
0,6555,314,4500,308
0,6556,314,3790,309
1,6557,364,4341,310
9,6558,314,4000,311
4,6559,314,4000,312
6,6560,314,4000,313
0,6561,314,4100,314
0,6562,314,4100,315
5,6563,314,4000,316
0,6564,364,4301,317
0,6565,314,4000,318
0,6566,364,4501,319
0,6567,2314,4100,1000
0,6568,2314,4340,1001
1,6569,2314,4350,1002
0,6570,2314,4500,1003
0,6571,2314,4100,1004
1,6572,2314,4300,1010
0,6573,2314,4500,1011
1,6574,2314,4000,1012
0,6575,2314,4100,1013
0,6576,2314,3790,1014
0,6577,2364,4401,1020
0,6578,2314,4100,1021
0,6579,2314,4500,1022
0,6580,2314,4100,1023
1,6581,2314,4340,1024
0,6582,2364,4101,1030
0,6583,2314,3790,1031
1,6584,2314,4340,1032
3,6585,2314,4000,1033
0,6586,2314,4100,1034
1,6587,2364,4301,1040
0,6588,2314,4100,1041
0,6589,2314,4500,1042
1,6590,2314,4300,1043
0,6591,2314,4340,1044
0,6592,2314,4500,1050
0,6593,2314,4100,1051
0,6594,2314,4340,1052
0,6595,2314,4100,1053
0,6596,2314,4100,1054
0,6597,2314,4500,1060
0,6598,2314,4100,1061
0,6599,2314,4000,1062
0,6600,2364,4301,1063
0,6601,2314,4340,1064
0,6602,2314,4340,1070
0,6603,2314,4100,1071
0,6604,2314,4000,1072
0,6605,2364,4301,1073
1,6606,2314,4300,1074
2,6607,2314,4000,1080
1,6608,2314,4340,1081
0,6609,2314,4100,1082
0,6610,2314,4100,1083
1,6611,2314,4350,1084
0,6612,2314,4500,1085
0,6613,2314,4100,1086
0,6614,2314,4340,1087
0,6615,2314,4340,1088
0,6616,2314,4100,1089
0,6617,2314,4300,1090
0,6618,2314,3790,1091
2,6619,2314,4000,1092
0,6620,2314,4100,1093
4,6621,2314,4000,1094
1,6622,2314,4300,1095
0,6623,2314,4100,1096
0,6624,2314,4100,1097
1,6625,2314,4340,1098
1,6626,2314,4000,1099
4,6627,2314,4000,1100
0,6628,2314,4100,1101
9,6629,2314,4000,1102
1,6630,2314,4350,1103
0,6631,2314,4100,1104
0,6632,2314,4100,1105
0,6633,2364,4302,1106
0,6634,2314,4100,1107
0,6635,2314,4100,1108
0,6636,2314,4340,1109
1,6637,2314,4350,1110
0,6638,2314,4340,1111
0,6639,2314,3790,1112
0,6640,2314,4100,1113
7,6641,2314,4000,1114
0,6642,2314,4300,1135
0,6643,2314,4100,1136
0,6644,2314,3790,1137
0,6645,2364,4101,1138
1,6646,2364,4301,1139
0,6647,2314,4000,1140
0,6648,2314,4500,1141
1,6649,2314,4350,1142
1,6650,2314,4340,1143
4,6651,2314,4000,1144
1,6652,2364,4341,1145
0,6653,2314,4100,1146
0,6654,2314,4100,1147
0,6655,2364,4301,1148
0,6656,2364,4401,1149
0,6657,2314,4100,1150
1,6658,2314,4300,1151
1,6659,2314,4300,1152
0,6660,2314,4340,1153
1,6661,2314,4300,1154
0,6662,2314,4000,1155
0,6663,2314,4340,1156
1,6664,2314,4340,1157
2,6665,2314,4000,1158
0,6666,2314,4300,1159
0,6667,2314,4100,1160
0,6668,2314,4100,1161
0,6669,2314,4100,1162
0,6670,2314,4100,1163
0,6671,2314,4500,1164
0,6672,2314,3790,1165
0,6673,2314,4300,1166
0,6674,2314,4100,1167
3,6675,2314,4000,1168
4,6676,2314,4000,1169
9,6677,2314,4000,1170
4,6678,2314,4000,1171
0,6679,2364,4301,1172
0,6680,2314,3790,1173
0,6681,2364,4302,1174
2,6682,2314,4000,1195
0,6683,2314,4100,1196
0,6684,2314,4100,1197
0,6685,2314,4100,1198
0,6686,2314,4100,1199
0,6687,301,4300,0
1,6688,301,4350,1
0,6689,351,4301,2
0,6690,301,4300,3
0,6691,301,4100,4
0,6692,301,4100,5
0,6693,301,4340,6
1,6694,301,4000,7
0,6695,301,4100,8
1,6696,301,4300,9
0,6697,301,3790,10
0,6698,301,4500,11
0,6699,351,4301,12
1,6700,301,4350,13
0,6701,301,4500,14
7,6702,301,4000,15
0,6703,301,4500,16
0,6704,301,4100,17
0,6705,301,4500,18
1,6706,301,4300,19
0,6707,301,4100,20
8,6708,301,4000,21
0,6709,351,4302,22
1,6710,301,4340,23
1,6711,301,4350,24
0,6712,301,3790,25
0,6713,301,4100,26
1,6714,301,4350,27
2,6715,301,4000,28
1,6716,301,4300,29
4,6717,301,4000,30
0,6718,301,4340,31
9,6719,301,4000,32
1,6720,301,4350,33
0,6721,351,4501,34
4,6722,301,4000,40
1,6723,301,4340,41
0,6724,351,4301,42
0,6725,301,4340,43
1,6726,301,4350,44
0,6727,301,4100,45
0,6728,301,4100,46
0,6729,301,4100,47
2,6730,301,4000,48
1,6731,301,4300,49
4,6732,301,4000,50
8,6733,301,4000,51
0,6734,301,4500,52
0,6735,351,4101,53
0,6736,301,4100,54
0,6737,301,4100,55
0,6738,301,4500,56
0,6739,301,4500,57
0,6740,301,4500,58
0,6741,301,4000,59
0,6742,301,4100,60
0,6743,301,4100,61
0,6744,301,4100,62
1,6745,301,4350,63
1,6746,301,4350,64
0,6747,301,3790,65
0,6748,301,4500,66
1,6749,301,4300,67
0,6750,301,4100,68
0,6751,301,4300,69
4,6752,301,4000,70
3,6753,301,4000,71
1,6754,351,4301,72
6,6755,301,4000,73
0,6756,351,4301,74
8,6757,301,4000,80
0,6758,301,4340,81
0,6759,301,4100,82
0,6760,301,4500,83
9,6761,301,4000,84
2,6762,301,4000,85
0,6763,301,4100,86
0,6764,301,4100,87
0,6765,301,4340,88
1,6766,301,4350,89
1,6767,351,4301,90
5,6768,301,4000,91
0,6769,301,4500,92
3,6770,301,4000,93
1,6771,301,4300,94
0,6772,301,4340,95
0,6773,301,4340,96
1,6774,301,4000,97
0,6775,351,4341,98
0,6776,301,4500,99
1,6777,301,4350,100
0,6778,301,3790,101
1,6779,301,4300,102
0,6780,301,4340,103
0,6781,301,4100,104
0,6782,301,4000,105
1,6783,301,4350,106
0,6784,301,4500,107
0,6785,301,3790,108
1,6786,351,4341,109
0,6787,301,4100,110
1,6788,301,4340,111
1,6789,301,4340,112
0,6790,301,4340,113
8,6791,301,4000,114
0,6792,301,4100,120
0,6793,301,4100,121
0,6794,301,4300,122
0,6795,301,3790,123
2,6796,301,4000,124
0,6797,301,4340,125
1,6798,301,4300,126
9,6799,301,4000,127
0,6800,351,4301,128
0,6801,301,4100,129
0,6802,301,3790,130
2,6803,301,4000,131
2,6804,301,4000,132
0,6805,301,4100,133
0,6806,301,4100,134
0,6807,301,4100,135
0,6808,301,4500,136
5,6809,301,4000,137
0,6810,301,4100,138
1,6811,301,4350,139
0,6812,301,4100,140
0,6813,301,4500,141
0,6814,301,3790,142
0,6815,301,4100,143
0,6816,301,4100,144
0,6817,301,4100,145
9,6818,301,4000,146
1,6819,301,4300,147
1,6820,301,4350,148
0,6821,301,4100,149
1,6822,301,4340,150
0,6823,301,4500,151
8,6824,301,4000,152
0,6825,301,3790,153
0,6826,351,4302,154
0,6827,351,4401,160
0,6828,351,4401,161
0,6829,301,4300,162
0,6830,301,4100,163
0,6831,351,4501,164
4,6832,301,4000,165
0,6833,301,4300,166
0,6834,301,4500,167
0,6835,301,4100,168
0,6836,301,4100,169
0,6837,301,4100,170
1,6838,301,4000,171
0,6839,301,4340,172
6,6840,301,4000,173
0,6841,301,4500,174
0,6842,301,4340,175
0,6843,301,4100,176
4,6844,301,4000,177
0,6845,301,4100,178
1,6846,301,4300,179
6,6847,301,4000,180
9,6848,301,4000,181
0,6849,301,4100,182
0,6850,301,4340,183
0,6851,301,4300,184
0,6852,301,4340,185
0,6853,301,4300,186
0,6854,301,4500,187
0,6855,301,4100,188
0,6856,351,4301,189
0,6857,301,4100,190
3,6858,301,4000,191
0,6859,301,4300,192
0,6860,301,4100,193
0,6861,301,4000,194
9,6862,301,4000,200
1,6863,301,4300,201
4,6864,301,4000,202
0,6865,301,4100,203
0,6866,301,4500,204
0,6867,301,4100,205
1,6868,301,4350,206
0,6869,351,4501,207
0,6870,301,4300,208
0,6871,301,4300,209
3,6872,301,4000,210
9,6873,301,4000,211
0,6874,301,4500,212
0,6875,301,4100,213
0,6876,351,4101,214
8,6877,301,4000,215
0,6878,301,4340,216
6,6879,301,4000,217
0,6880,301,4100,218
8,6881,301,4000,219
1,6882,301,4300,220
1,6883,301,4340,221
1,6884,301,4300,222
0,6885,351,4101,224
5,6886,301,4000,225
0,6887,301,3790,226
0,6888,351,4101,227
0,6889,301,4100,228
2,6890,301,4000,229
0,6891,351,4301,230
7,6892,301,4000,231
0,6893,301,4100,232
8,6894,301,4000,233
0,6895,351,4501,234
0,6896,301,4100,240
4,6897,301,4000,241
0,6898,351,4301,242
7,6899,301,4000,243
0,6900,301,4500,244
1,6901,301,4300,245
1,6902,301,4300,246
8,6903,301,4000,247
1,6904,301,4350,248
0,6905,301,4340,249
0,6906,301,4500,250
0,6907,301,4100,251
0,6908,301,4100,252
0,6909,351,4302,253
0,6910,301,4100,254
0,6911,301,4500,255
0,6912,301,3790,256
0,6913,301,4340,257
1,6914,301,4300,258
2,6915,301,4000,259
0,6916,301,4100,260
0,6917,301,4100,261
1,6918,301,4340,262
0,6919,301,4100,263
7,6920,301,4000,264
0,6921,301,4100,265
1,6922,351,4341,266
0,6923,301,4000,267
0,6924,301,4100,268
0,6925,301,4100,269
0,6926,301,4100,270
0,6927,351,4401,271
0,6928,301,4100,272
1,6929,301,4340,273
1,6930,301,4350,274
0,6931,301,4500,280
5,6932,301,4000,281
0,6933,301,4500,282
0,6934,301,4500,283
0,6935,301,4300,284
0,6936,301,4500,285
0,6937,301,4340,286
1,6938,301,4300,287
0,6939,301,4500,288
0,6940,301,4100,289
0,6941,301,4340,290
0,6942,301,4100,291
0,6943,301,4500,292
0,6944,301,4340,293
9,6945,301,4000,294
0,6946,351,4401,295
0,6947,301,4500,296
1,6948,351,4301,297
0,6949,301,4100,298
1,6950,301,4340,299
2,6951,301,4000,300
0,6952,301,4100,301
0,6953,301,4100,302
0,6954,301,4100,303
0,6955,301,4100,304
0,6956,301,4100,305
0,6957,301,4000,306
1,6958,301,4340,307
9,6959,301,4000,308
0,6960,301,4100,309
3,6961,301,4000,310
8,6962,301,4000,311
0,6963,301,4000,312
0,6964,301,4100,313
0,6965,351,4302,314
0,6966,2301,4100,1000
0,6967,2301,4340,1001
0,6968,2301,4100,1002
0,6969,2301,3790,1003
2,6970,2301,4000,1004
0,6971,2301,4300,1010
0,6972,2301,4300,1011
0,6973,2301,4300,1012
0,6974,2301,4500,1013
1,6975,2351,4301,1014
0,6976,2301,4100,1020
0,6977,2301,4340,1021
1,6978,2301,4340,1022
0,6979,2301,4000,1023
0,6980,2301,4100,1024
0,6981,2301,4340,1030
0,6982,2301,4300,1031
1,6983,2301,4300,1032
0,6984,2301,4100,1033
0,6985,2301,4100,1034
0,6986,2301,3790,1040
0,6987,2301,4100,1041
0,6988,2351,4101,1042
0,6989,2351,4341,1043
0,6990,2301,4100,1044
2,6991,2301,4000,1050
0,6992,2351,4301,1051
0,6993,2301,4100,1052
2,6994,2301,4000,1053
4,6995,2301,4000,1054
0,6996,2301,4300,1060
0,6997,2301,4100,1061
6,6998,2301,4000,1062
6,6999,2301,4000,1063
0,7000,2301,4100,1064
2,7001,2301,4000,1070
0,7002,2301,4100,1071
0,7003,2301,4100,1072
0,7004,2301,4100,1073
0,7005,2301,4100,1074
0,7006,2301,3790,1080
0,7007,2301,4500,1081
6,7008,2301,4000,1082
0,7009,2301,4000,1083
1,7010,2301,4300,1084
1,7011,2301,4340,1085
1,7012,2301,4340,1086
1,7013,2301,4350,1087
0,7014,2301,4100,1088
1,7015,2301,4340,1089
0,7016,2351,4501,1090
1,7017,2301,4340,1091
1,7018,2301,4350,1092
0,7019,2301,4500,1093
0,7020,2301,4300,1094
1,7021,2301,4000,1095
0,7022,2301,4100,1096
1,7023,2301,4300,1097
0,7024,2351,4401,1098
0,7025,2301,4500,1099
0,7026,2301,4300,1100
0,7027,2301,4100,1101
0,7028,2351,4302,1102
0,7029,2301,4100,1103
8,7030,2301,4000,1104
0,7031,2301,3790,1105
0,7032,2301,4100,1106
0,7033,2301,4100,1107
1,7034,2351,4301,1108
0,7035,2301,4340,1109
5,7036,2301,4000,1110
0,7037,2301,4100,1111
0,7038,2351,4301,1112
1,7039,2301,4340,1113
3,7040,2301,4000,1114
0,7041,2301,4100,1140
0,7042,2301,4100,1141
1,7043,2351,4301,1142
0,7044,2301,4100,1143
8,7045,2301,4000,1144
0,7046,2301,4100,1145
0,7047,2301,4100,1146
8,7048,2301,4000,1147
0,7049,2301,4500,1148
1,7050,2301,4340,1149
1,7051,2301,4340,1150
0,7052,2301,4100,1151
1,7053,2351,4301,1152
1,7054,2301,4000,1153
0,7055,2301,4100,1154
0,7056,2301,4100,1155
0,7057,2301,4340,1156
0,7058,2301,4100,1157
0,7059,2301,4340,1158
4,7060,2301,4000,1159
0,7061,2351,4401,1160
0,7062,2351,4101,1161
1,7063,2351,4341,1162
0,7064,2301,4500,1163
0,7065,2301,4100,1164
1,7066,2301,4340,1165
0,7067,2301,4300,1166
0,7068,2301,4500,1167
0,7069,2351,4302,1168
0,7070,2301,4100,1169
0,7071,2301,4100,1170
0,7072,2301,4100,1171
0,7073,2301,4500,1172
0,7074,2301,4500,1173
2,7075,2301,4000,1174
0,7076,757,4691,0
0,7077,756,4664,0
0,7078,757,4687,1
0,7079,756,4654,1
0,7080,757,4688,2
0,7081,756,4664,2
0,7082,757,4682,3
0,7083,756,4674,3
0,7084,757,4695,4
0,7085,756,4668,4
0,7086,757,4691,5
0,7087,756,4654,5
0,7088,757,4681,6
0,7089,756,4653,6
0,7090,757,4688,7
0,7091,756,4654,7
0,7092,757,4688,8
0,7093,756,4666,8
0,7094,757,4688,9
0,7095,756,4654,9
0,7096,757,4688,10
0,7097,756,4652,10
0,7098,757,4691,11
0,7099,756,4666,11
0,7100,757,4681,12
0,7101,756,4674,12
0,7102,757,4687,13
0,7103,756,4667,13
0,7104,757,4682,14
0,7105,756,4674,14
0,7106,757,4681,15
0,7107,756,4663,15
0,7108,757,4691,16
0,7109,756,4668,16
0,7110,757,4682,17
0,7111,756,4664,17
0,7112,757,4682,18
0,7113,756,4666,18
0,7114,757,4688,19
0,7115,756,4668,19
0,7116,757,4682,20
0,7117,756,4654,20
0,7118,757,4695,21
0,7119,756,4667,21
0,7120,757,4686,22
0,7121,756,4668,22
0,7122,757,4686,23
0,7123,756,4663,23
0,7124,757,4682,24
0,7125,756,4668,24
0,7126,757,4691,25
0,7127,756,4666,25
0,7128,757,4688,26
0,7129,756,4664,26
0,7130,757,4686,27
0,7131,756,4664,27
0,7132,757,4681,28
0,7133,756,4674,28
0,7134,757,4691,29
0,7135,756,4667,29
0,7136,757,4681,30
0,7137,756,4654,30
0,7138,757,4686,31
0,7139,756,4674,31
0,7140,757,4686,32
0,7141,756,4666,32
0,7142,757,4682,33
0,7143,756,4654,33
0,7144,757,4695,34
0,7145,756,4674,34
0,7146,757,4695,40
0,7147,756,4674,40
0,7148,757,4687,41
0,7149,756,4653,41
0,7150,757,4687,42
0,7151,756,4667,42
0,7152,757,4686,43
0,7153,756,4663,43
0,7154,757,4687,44
0,7155,756,4664,44
0,7156,757,4681,45
0,7157,756,4667,45
0,7158,757,4686,46
0,7159,756,4654,46
0,7160,757,4682,47
0,7161,756,4664,47
0,7162,757,4695,48
0,7163,756,4666,48
0,7164,757,4682,49
0,7165,756,4652,49
0,7166,757,4688,50
0,7167,756,4668,50
0,7168,757,4691,51
0,7169,756,4666,51
0,7170,757,4686,52
0,7171,756,4664,52
0,7172,757,4691,53
0,7173,756,4652,53
0,7174,757,4688,54
0,7175,756,4674,54
0,7176,757,4687,55
0,7177,756,4652,55
0,7178,757,4686,56
0,7179,756,4656,56
0,7180,757,4686,57
0,7181,756,4652,57
0,7182,757,4688,58
0,7183,756,4656,58
0,7184,757,4695,59
0,7185,756,4666,59
0,7186,757,4682,60
0,7187,756,4654,60
0,7188,757,4681,61
0,7189,756,4654,61
0,7190,757,4688,62
0,7191,756,4666,62
0,7192,757,4695,63
0,7193,756,4656,63
0,7194,757,4687,64
0,7195,756,4653,64
0,7196,757,4691,65
0,7197,756,4654,65
0,7198,757,4691,66
0,7199,756,4656,66
0,7200,757,4695,67
0,7201,756,4663,67
0,7202,757,4688,68
0,7203,756,4674,68
0,7204,757,4688,69
0,7205,756,4664,69
0,7206,757,4695,70
0,7207,756,4652,70
0,7208,757,4695,71
0,7209,756,4652,71
0,7210,757,4686,72
0,7211,756,4663,72
0,7212,757,4695,73
0,7213,756,4653,73
0,7214,757,4682,74
0,7215,756,4667,74
0,7216,757,4682,80
0,7217,756,4654,80
0,7218,757,4682,81
0,7219,756,4653,81
0,7220,757,4688,82
0,7221,756,4664,82
0,7222,757,4688,83
0,7223,756,4653,83
0,7224,757,4695,84
0,7225,756,4656,84
0,7226,757,4686,85
0,7227,756,4663,85
0,7228,757,4688,86
0,7229,756,4663,86
0,7230,757,4695,87
0,7231,756,4666,87
0,7232,757,4686,88
0,7233,756,4654,88
0,7234,757,4682,89
0,7235,756,4656,89
0,7236,757,4686,90
0,7237,756,4652,90
0,7238,757,4682,91
0,7239,756,4666,91
0,7240,757,4695,92
0,7241,756,4654,92
0,7242,757,4681,93
0,7243,756,4653,93
0,7244,757,4687,94
0,7245,756,4664,94
0,7246,757,4691,95
0,7247,756,4664,95
0,7248,757,4688,96
0,7249,756,4667,96
0,7250,757,4695,97
0,7251,756,4667,97
0,7252,757,4687,98
0,7253,756,4654,98
0,7254,757,4682,99
0,7255,756,4653,99
0,7256,757,4687,100
0,7257,756,4653,100
0,7258,757,4695,101
0,7259,756,4674,101
0,7260,757,4681,102
0,7261,756,4656,102
0,7262,757,4681,103
0,7263,756,4653,103
0,7264,757,4691,104
0,7265,756,4652,104
0,7266,757,4691,105
0,7267,756,4664,105
0,7268,757,4695,106
0,7269,756,4667,106
0,7270,757,4686,107
0,7271,756,4666,107
0,7272,757,4695,108
0,7273,756,4653,108
0,7274,757,4691,109
0,7275,756,4654,109
0,7276,757,4687,110
0,7277,756,4652,110
0,7278,757,4686,111
0,7279,756,4654,111
0,7280,757,4682,112
0,7281,756,4666,112
0,7282,757,4688,113
0,7283,756,4654,113
0,7284,757,4686,114
0,7285,756,4654,114
0,7286,757,4682,120
0,7287,756,4656,120
0,7288,757,4691,121
0,7289,756,4652,121
0,7290,757,4695,122
0,7291,756,4663,122
0,7292,757,4687,123
0,7293,756,4666,123
0,7294,757,4686,124
0,7295,756,4653,124
0,7296,757,4691,125
0,7297,756,4663,125
0,7298,757,4688,126
0,7299,756,4652,126
0,7300,757,4691,127
0,7301,756,4653,127
0,7302,757,4687,128
0,7303,756,4667,128
0,7304,757,4681,129
0,7305,756,4666,129
0,7306,757,4681,130
0,7307,756,4666,130
0,7308,757,4695,131
0,7309,756,4674,131
0,7310,757,4682,132
0,7311,756,4666,132
0,7312,757,4688,133
0,7313,756,4674,133
0,7314,757,4691,134
0,7315,756,4668,134
0,7316,757,4691,135
0,7317,756,4653,135
0,7318,757,4688,136
0,7319,756,4668,136
0,7320,757,4682,137
0,7321,756,4656,137
0,7322,757,4687,138
0,7323,756,4653,138
0,7324,757,4686,139
0,7325,756,4652,139
0,7326,757,4682,140
0,7327,756,4663,140
0,7328,757,4681,141
0,7329,756,4654,141
0,7330,757,4691,142
0,7331,756,4663,142
0,7332,757,4687,143
0,7333,756,4663,143
0,7334,757,4695,144
0,7335,756,4663,144
0,7336,757,4681,145
0,7337,756,4654,145
0,7338,757,4681,146
0,7339,756,4664,146
0,7340,757,4695,147
0,7341,756,4668,147
0,7342,757,4686,148
0,7343,756,4656,148
0,7344,757,4695,149
0,7345,756,4653,149
0,7346,757,4682,150
0,7347,756,4656,150
0,7348,757,4695,151
0,7349,756,4666,151
0,7350,757,4688,152
0,7351,756,4666,152
0,7352,757,4687,153
0,7353,756,4674,153
0,7354,757,4695,154
0,7355,756,4674,154
0,7356,757,4686,160
0,7357,756,4663,160
0,7358,757,4681,161
0,7359,756,4664,161
0,7360,757,4695,162
0,7361,756,4654,162
0,7362,757,4691,163
0,7363,756,4653,163
0,7364,757,4691,164
0,7365,756,4667,164
0,7366,757,4691,165
0,7367,756,4668,165
0,7368,757,4681,166
0,7369,756,4656,166
0,7370,757,4695,167
0,7371,756,4667,167
0,7372,757,4681,168
0,7373,756,4668,168
0,7374,757,4687,169
0,7375,756,4663,169
0,7376,757,4695,170
0,7377,756,4663,170
0,7378,757,4688,171
0,7379,756,4652,171
0,7380,757,4687,172
0,7381,756,4674,172
0,7382,757,4681,173
0,7383,756,4664,173
0,7384,757,4687,174
0,7385,756,4667,174
0,7386,757,4695,175
0,7387,756,4668,175
0,7388,757,4688,176
0,7389,756,4668,176
0,7390,757,4688,177
0,7391,756,4653,177
0,7392,757,4687,178
0,7393,756,4663,178
0,7394,757,4691,179
0,7395,756,4664,179
0,7396,757,4686,180
0,7397,756,4674,180
0,7398,757,4681,181
0,7399,756,4674,181
0,7400,757,4686,182
0,7401,756,4667,182
0,7402,757,4687,183
0,7403,756,4664,183
0,7404,757,4691,184
0,7405,756,4652,184
0,7406,757,4681,185
0,7407,756,4654,185
0,7408,757,4686,186
0,7409,756,4656,186
0,7410,757,4681,187
0,7411,756,4664,187
0,7412,757,4691,188
0,7413,756,4654,188
0,7414,757,4687,189
0,7415,756,4668,189
0,7416,757,4695,190
0,7417,756,4654,190
0,7418,757,4687,191
0,7419,756,4653,191
0,7420,757,4686,192
0,7421,756,4663,192
0,7422,757,4687,193
0,7423,756,4663,193
0,7424,757,4688,194
0,7425,756,4666,194
0,7426,757,4687,200
0,7427,756,4663,200
0,7428,757,4695,201
0,7429,756,4654,201
0,7430,757,4695,202
0,7431,756,4663,202
0,7432,757,4688,203
0,7433,756,4674,203
0,7434,757,4687,204
0,7435,756,4652,204
0,7436,757,4682,205
0,7437,756,4654,205
0,7438,757,4686,206
0,7439,756,4666,206
0,7440,757,4681,207
0,7441,756,4674,207
0,7442,757,4682,208
0,7443,756,4653,208
0,7444,757,4682,209
0,7445,756,4654,209
0,7446,757,4686,210
0,7447,756,4674,210
0,7448,757,4686,211
0,7449,756,4668,211
0,7450,757,4695,212
0,7451,756,4654,212
0,7452,757,4686,213
0,7453,756,4664,213
0,7454,757,4682,214
0,7455,756,4656,214
0,7456,757,4686,215
0,7457,756,4652,215
0,7458,757,4687,216
0,7459,756,4666,216
0,7460,757,4691,217
0,7461,756,4674,217
0,7462,757,4682,218
0,7463,756,4652,218
0,7464,757,4686,219
0,7465,756,4656,219
0,7466,757,4695,220
0,7467,756,4654,220
0,7468,757,4688,221
0,7469,756,4666,221
0,7470,757,4682,222
0,7471,756,4666,222
0,7472,757,4691,223
0,7473,756,4668,223
0,7474,757,4681,224
0,7475,756,4668,224
0,7476,757,4688,225
0,7477,756,4674,225
0,7478,757,4686,226
0,7479,756,4668,226
0,7480,757,4687,227
0,7481,756,4668,227
0,7482,757,4686,228
0,7483,756,4652,228
0,7484,757,4691,229
0,7485,756,4674,229
0,7486,757,4695,230
0,7487,756,4674,230
0,7488,757,4687,231
0,7489,756,4652,231
0,7490,757,4686,232
0,7491,756,4664,232
0,7492,757,4681,233
0,7493,756,4652,233
0,7494,757,4691,234
0,7495,756,4652,234
0,7496,757,4686,240
0,7497,756,4653,240
0,7498,757,4691,241
0,7499,756,4664,241
0,7500,757,4688,242
0,7501,756,4663,242
0,7502,757,4688,243
0,7503,756,4654,243
0,7504,757,4688,244
0,7505,756,4674,244
0,7506,757,4687,245
0,7507,756,4668,245
0,7508,757,4691,246
0,7509,756,4663,246
0,7510,757,4682,247
0,7511,756,4667,247
0,7512,757,4688,248
0,7513,756,4663,248
0,7514,757,4681,249
0,7515,756,4674,249
0,7516,757,4687,250
0,7517,756,4674,250
0,7518,757,4686,251
0,7519,756,4668,251
0,7520,757,4682,252
0,7521,756,4674,252
0,7522,757,4691,253
0,7523,756,4667,253
0,7524,757,4687,254
0,7525,756,4653,254
0,7526,757,4687,255
0,7527,756,4674,255
0,7528,757,4687,256
0,7529,756,4653,256
0,7530,757,4686,257
0,7531,756,4674,257
0,7532,757,4686,258
0,7533,756,4674,258
0,7534,757,4687,259
0,7535,756,4667,259
0,7536,757,4682,260
0,7537,756,4656,260
0,7538,757,4688,261
0,7539,756,4664,261
0,7540,757,4695,262
0,7541,756,4666,262
0,7542,757,4686,263
0,7543,756,4674,263
0,7544,757,4691,264
0,7545,756,4668,264
0,7546,757,4687,265
0,7547,756,4654,265
0,7548,757,4691,266
0,7549,756,4664,266
0,7550,757,4686,267
0,7551,756,4668,267
0,7552,757,4682,268
0,7553,756,4656,268
0,7554,757,4681,269
0,7555,756,4656,269
0,7556,757,4682,270
0,7557,756,4652,270
0,7558,757,4682,271
0,7559,756,4652,271
0,7560,757,4686,272
0,7561,756,4653,272
0,7562,757,4687,273
0,7563,756,4654,273
0,7564,757,4688,274
0,7565,756,4663,274
0,7566,757,4681,280
0,7567,756,4653,280
0,7568,757,4686,281
0,7569,756,4663,281
0,7570,757,4687,282
0,7571,756,4666,282
0,7572,757,4682,283
0,7573,756,4652,283
0,7574,757,4691,284
0,7575,756,4666,284
0,7576,757,4691,285
0,7577,756,4654,285
0,7578,757,4695,286
0,7579,756,4652,286
0,7580,757,4691,287
0,7581,756,4653,287
0,7582,757,4681,288
0,7583,756,4663,288
0,7584,757,4681,289
0,7585,756,4666,289
0,7586,757,4682,290
0,7587,756,4656,290
0,7588,757,4691,291
0,7589,756,4668,291
0,7590,757,4695,292
0,7591,756,4668,292
0,7592,757,4687,293
0,7593,756,4652,293
0,7594,757,4686,294
0,7595,756,4667,294
0,7596,757,4682,295
0,7597,756,4663,295
0,7598,757,4681,296
0,7599,756,4654,296
0,7600,757,4687,297
0,7601,756,4652,297
0,7602,757,4682,298
0,7603,756,4667,298
0,7604,757,4681,299
0,7605,756,4668,299
0,7606,757,4688,300
0,7607,756,4667,300
0,7608,757,4682,301
0,7609,756,4674,301
0,7610,757,4687,302
0,7611,756,4654,302
0,7612,757,4695,303
0,7613,756,4664,303
0,7614,757,4682,304
0,7615,756,4653,304
0,7616,757,4691,305
0,7617,756,4653,305
0,7618,757,4691,306
0,7619,756,4664,306
0,7620,757,4695,307
0,7621,756,4666,307
0,7622,757,4687,308
0,7623,756,4666,308
0,7624,757,4691,309
0,7625,756,4666,309
0,7626,757,4695,310
0,7627,756,4654,310
0,7628,757,4681,311
0,7629,756,4656,311
0,7630,757,4686,312
0,7631,756,4663,312
0,7632,757,4687,313
0,7633,756,4674,313
0,7634,757,4682,314
0,7635,756,4652,314
0,7636,2757,4682,1000
0,7637,2756,4654,1000
0,7638,2757,4686,1001
0,7639,2756,4668,1001
0,7640,2757,4681,1002
0,7641,2756,4674,1002
0,7642,2757,4682,1003
0,7643,2756,4667,1003
0,7644,2757,4688,1004
0,7645,2756,4653,1004
0,7646,2757,4687,1010
0,7647,2756,4653,1010
0,7648,2757,4688,1011
0,7649,2756,4674,1011
0,7650,2757,4681,1012
0,7651,2756,4656,1012
0,7652,2757,4686,1013
0,7653,2756,4667,1013
0,7654,2757,4691,1014
0,7655,2756,4654,1014
0,7656,2757,4688,1020
0,7657,2756,4654,1020
0,7658,2757,4686,1021
0,7659,2756,4652,1021
0,7660,2757,4687,1022
0,7661,2756,4654,1022
0,7662,2757,4682,1023
0,7663,2756,4667,1023
0,7664,2757,4681,1024
0,7665,2756,4663,1024
0,7666,2757,4687,1030
0,7667,2756,4653,1030
0,7668,2757,4682,1031
0,7669,2756,4674,1031
0,7670,2757,4691,1032
0,7671,2756,4663,1032
0,7672,2757,4682,1033
0,7673,2756,4668,1033
0,7674,2757,4691,1034
0,7675,2756,4667,1034
0,7676,2757,4695,1040
0,7677,2756,4663,1040
0,7678,2757,4681,1041
0,7679,2756,4654,1041
0,7680,2757,4695,1042
0,7681,2756,4664,1042
0,7682,2757,4695,1043
0,7683,2756,4668,1043
0,7684,2757,4681,1044
0,7685,2756,4664,1044
0,7686,2757,4695,1050
0,7687,2756,4666,1050
0,7688,2757,4682,1051
0,7689,2756,4663,1051
0,7690,2757,4682,1052
0,7691,2756,4654,1052
0,7692,2757,4695,1053
0,7693,2756,4653,1053
0,7694,2757,4686,1054
0,7695,2756,4656,1054
0,7696,2757,4687,1060
0,7697,2756,4653,1060
0,7698,2757,4688,1061
0,7699,2756,4656,1061
0,7700,2757,4681,1062
0,7701,2756,4656,1062
0,7702,2757,4688,1063
0,7703,2756,4667,1063
0,7704,2757,4688,1064
0,7705,2756,4668,1064
0,7706,2757,4695,1070
0,7707,2756,4664,1070
0,7708,2757,4682,1071
0,7709,2756,4664,1071
0,7710,2757,4681,1072
0,7711,2756,4656,1072
0,7712,2757,4681,1073
0,7713,2756,4674,1073
0,7714,2757,4687,1074
0,7715,2756,4668,1074
0,7716,2757,4688,1080
0,7717,2756,4664,1080
0,7718,2757,4682,1081
0,7719,2756,4668,1081
0,7720,2757,4682,1082
0,7721,2756,4674,1082
0,7722,2757,4695,1083
0,7723,2756,4664,1083
0,7724,2757,4682,1084
0,7725,2756,4668,1084
0,7726,2757,4688,1085
0,7727,2756,4674,1085
0,7728,2757,4682,1086
0,7729,2756,4668,1086
0,7730,2757,4695,1087
0,7731,2756,4664,1087
0,7732,2757,4682,1088
0,7733,2756,4667,1088
0,7734,2757,4695,1089
0,7735,2756,4653,1089
0,7736,2757,4687,1090
0,7737,2756,4653,1090
0,7738,2757,4691,1091
0,7739,2756,4653,1091
0,7740,2757,4687,1092
0,7741,2756,4667,1092
0,7742,2757,4691,1093
0,7743,2756,4654,1093
0,7744,2757,4681,1094
0,7745,2756,4667,1094
0,7746,2757,4691,1095
0,7747,2756,4667,1095
0,7748,2757,4687,1096
0,7749,2756,4653,1096
0,7750,2757,4691,1097
0,7751,2756,4656,1097
0,7752,2757,4681,1098
0,7753,2756,4656,1098
0,7754,2757,4686,1099
0,7755,2756,4663,1099
0,7756,2757,4687,1100
0,7757,2756,4654,1100
0,7758,2757,4681,1101
0,7759,2756,4654,1101
0,7760,2757,4686,1102
0,7761,2756,4653,1102
0,7762,2757,4682,1103
0,7763,2756,4652,1103
0,7764,2757,4681,1104
0,7765,2756,4666,1104
0,7766,2757,4695,1105
0,7767,2756,4667,1105
0,7768,2757,4681,1106
0,7769,2756,4668,1106
0,7770,2757,4681,1107
0,7771,2756,4652,1107
0,7772,2757,4682,1108
0,7773,2756,4674,1108
0,7774,2757,4682,1109
0,7775,2756,4653,1109
0,7776,2757,4691,1110
0,7777,2756,4664,1110
0,7778,2757,4687,1111
0,7779,2756,4668,1111
0,7780,2757,4686,1112
0,7781,2756,4652,1112
0,7782,2757,4686,1113
0,7783,2756,4664,1113
0,7784,2757,4687,1114
0,7785,2756,4668,1114
0,7786,2757,4686,1140
0,7787,2756,4667,1140
0,7788,2757,4695,1141
0,7789,2756,4667,1141
0,7790,2757,4695,1142
0,7791,2756,4656,1142
0,7792,2757,4681,1143
0,7793,2756,4674,1143
0,7794,2757,4695,1144
0,7795,2756,4664,1144
0,7796,2757,4681,1145
0,7797,2756,4664,1145
0,7798,2757,4681,1146
0,7799,2756,4663,1146
0,7800,2757,4686,1147
0,7801,2756,4674,1147
0,7802,2757,4682,1148
0,7803,2756,4652,1148
0,7804,2757,4682,1149
0,7805,2756,4654,1149
0,7806,2757,4682,1150
0,7807,2756,4668,1150
0,7808,2757,4688,1151
0,7809,2756,4668,1151
0,7810,2757,4682,1152
0,7811,2756,4654,1152
0,7812,2757,4688,1153
0,7813,2756,4666,1153
0,7814,2757,4695,1154
0,7815,2756,4664,1154
0,7816,2757,4686,1155
0,7817,2756,4674,1155
0,7818,2757,4695,1156
0,7819,2756,4668,1156
0,7820,2757,4695,1157
0,7821,2756,4674,1157
0,7822,2757,4686,1158
0,7823,2756,4654,1158
0,7824,2757,4681,1159
0,7825,2756,4668,1159
0,7826,2757,4688,1160
0,7827,2756,4656,1160
0,7828,2757,4687,1161
0,7829,2756,4652,1161
0,7830,2757,4686,1162
0,7831,2756,4654,1162
0,7832,2757,4695,1163
0,7833,2756,4652,1163
0,7834,2757,4681,1164
0,7835,2756,4652,1164
0,7836,2757,4681,1165
0,7837,2756,4674,1165
0,7838,2757,4686,1166
0,7839,2756,4652,1166
0,7840,2757,4682,1167
0,7841,2756,4652,1167
0,7842,2757,4688,1168
0,7843,2756,4668,1168
0,7844,2757,4695,1169
0,7845,2756,4674,1169
0,7846,2757,4686,1170
0,7847,2756,4664,1170
0,7848,2757,4682,1171
0,7849,2756,4674,1171
0,7850,2757,4687,1172
0,7851,2756,4664,1172
0,7852,2757,4682,1173
0,7853,2756,4656,1173
0,7854,2757,4682,1174
0,7855,2756,4654,1174
0,7856,190,4942,0
0,7857,190,4943,1
0,7858,190,4941,2
0,7859,190,4941,3
0,7860,190,4941,4
0,7861,190,4943,5
0,7862,190,4942,6
0,7863,190,4943,7
0,7864,190,4943,8
0,7865,190,4943,9
0,7866,190,4941,10
0,7867,190,4942,11
0,7868,190,4942,12
0,7869,190,4942,13
0,7870,190,4942,14
0,7871,190,4943,15
0,7872,190,4942,16
0,7873,190,4941,17
0,7874,190,4942,18
0,7875,190,4943,19
0,7876,190,4941,20
0,7877,190,4942,21
0,7878,190,4942,22
0,7879,190,4941,23
0,7880,190,4942,24
0,7881,190,4942,25
0,7882,190,4942,26
0,7883,190,4941,27
0,7884,190,4943,28
0,7885,190,4942,29
0,7886,190,4943,30
0,7887,190,4943,31
0,7888,190,4941,32
0,7889,190,4941,33
0,7890,190,4941,34
0,7891,190,4942,40
0,7892,190,4941,41
0,7893,190,4943,42
0,7894,190,4943,43
0,7895,190,4941,44
0,7896,190,4943,45
0,7897,190,4941,46
0,7898,190,4942,47
0,7899,190,4942,48
0,7900,190,4941,49
0,7901,190,4943,50
0,7902,190,4942,51
0,7903,190,4941,52
0,7904,190,4941,53
0,7905,190,4943,54
0,7906,190,4943,55
0,7907,190,4943,56
0,7908,190,4942,57
0,7909,190,4942,58
0,7910,190,4943,59
0,7911,190,4941,60
0,7912,190,4942,61
0,7913,190,4943,62
0,7914,190,4941,63
0,7915,190,4941,64
0,7916,190,4943,65
0,7917,190,4942,66
0,7918,190,4943,67
0,7919,190,4942,68
0,7920,190,4942,69
0,7921,190,4942,70
0,7922,190,4941,71
0,7923,190,4943,72
0,7924,190,4942,73
0,7925,190,4943,74
0,7926,190,4943,80
0,7927,190,4942,81
0,7928,190,4941,82
0,7929,190,4942,83
0,7930,190,4942,84
0,7931,190,4942,85
0,7932,190,4943,86
0,7933,190,4942,87
0,7934,190,4942,88
0,7935,190,4942,89
0,7936,190,4941,90
0,7937,190,4943,91
0,7938,190,4941,92
0,7939,190,4942,93
0,7940,190,4943,94
0,7941,190,4942,95
0,7942,190,4943,96
0,7943,190,4943,97
0,7944,190,4943,98
0,7945,190,4943,99
0,7946,190,4941,100
0,7947,190,4943,101
0,7948,190,4941,102
0,7949,190,4942,103
0,7950,190,4942,104
0,7951,190,4943,105
0,7952,190,4943,106
0,7953,190,4941,107
0,7954,190,4942,108
0,7955,190,4942,109
0,7956,190,4943,110
0,7957,190,4942,111
0,7958,190,4943,112
0,7959,190,4942,113
0,7960,190,4941,114
0,7961,190,4941,120
0,7962,190,4943,121
0,7963,190,4941,122
0,7964,190,4942,123
0,7965,190,4941,124
0,7966,190,4943,125
0,7967,190,4942,126
0,7968,190,4943,127
0,7969,190,4943,128
0,7970,190,4942,129
0,7971,190,4942,130
0,7972,190,4941,131
0,7973,190,4942,132
0,7974,190,4942,133
0,7975,190,4943,134
0,7976,190,4942,135
0,7977,190,4943,136
0,7978,190,4943,137
0,7979,190,4943,138
0,7980,190,4941,139
0,7981,190,4943,140
0,7982,190,4942,141
0,7983,190,4943,142
0,7984,190,4941,143
0,7985,190,4943,144
0,7986,190,4941,145
0,7987,190,4943,146
0,7988,190,4942,147
0,7989,190,4941,148
0,7990,190,4943,149
0,7991,190,4943,150
0,7992,190,4943,151
0,7993,190,4943,152
0,7994,190,4943,153
0,7995,190,4943,154
0,7996,190,4941,160
0,7997,190,4941,161
0,7998,190,4942,162
0,7999,190,4942,163
0,8000,190,4943,164
0,8001,190,4941,165
0,8002,190,4942,166
0,8003,190,4943,167
0,8004,190,4941,168
0,8005,190,4943,169
0,8006,190,4942,170
0,8007,190,4941,171
0,8008,190,4941,172
0,8009,190,4941,173
0,8010,190,4943,174
0,8011,190,4941,175
0,8012,190,4941,176
0,8013,190,4942,177
0,8014,190,4943,178
0,8015,190,4941,179
0,8016,190,4943,180
0,8017,190,4941,181
0,8018,190,4941,182
0,8019,190,4941,183
0,8020,190,4942,184
0,8021,190,4943,185
0,8022,190,4942,186
0,8023,190,4943,187
0,8024,190,4941,188
0,8025,190,4942,189
0,8026,190,4941,190
0,8027,190,4943,191
0,8028,190,4941,192
0,8029,190,4942,193
0,8030,190,4943,194
0,8031,190,4943,200
0,8032,190,4943,201
0,8033,190,4942,202
0,8034,190,4943,203
0,8035,190,4941,204
0,8036,190,4943,205
0,8037,190,4941,206
0,8038,190,4943,207
0,8039,190,4942,208
0,8040,190,4943,209
0,8041,190,4942,210
0,8042,190,4941,211
0,8043,190,4942,212
0,8044,190,4942,213
0,8045,190,4941,214
0,8046,190,4943,215
0,8047,190,4941,216
0,8048,190,4943,217
0,8049,190,4943,218
0,8050,190,4943,219
0,8051,190,4942,220
0,8052,190,4941,221
0,8053,190,4943,222
0,8054,190,4942,223
0,8055,190,4941,224
0,8056,190,4941,225
0,8057,190,4941,226
0,8058,190,4941,227
0,8059,190,4941,228
0,8060,190,4943,229
0,8061,190,4943,230
0,8062,190,4943,231
0,8063,190,4941,232
0,8064,190,4943,233
0,8065,190,4943,234
0,8066,190,4943,240
0,8067,190,4942,241
0,8068,190,4943,242
0,8069,190,4943,243
0,8070,190,4943,244
0,8071,190,4942,245
0,8072,190,4941,246
0,8073,190,4941,247
0,8074,190,4941,248
0,8075,190,4941,249
0,8076,190,4942,250
0,8077,190,4942,251
0,8078,190,4943,252
0,8079,190,4942,253
0,8080,190,4942,254
0,8081,190,4941,255
0,8082,190,4941,256
0,8083,190,4943,257
0,8084,190,4942,258
0,8085,190,4941,259
0,8086,190,4943,260
0,8087,190,4942,261
0,8088,190,4943,262
0,8089,190,4941,263
0,8090,190,4942,264
0,8091,190,4942,265
0,8092,190,4942,266
0,8093,190,4941,267
0,8094,190,4941,268
0,8095,190,4943,269
0,8096,190,4941,270
0,8097,190,4941,271
0,8098,190,4942,272
0,8099,190,4941,273
0,8100,190,4942,274
0,8101,190,4941,280
0,8102,190,4942,281
0,8103,190,4941,282
0,8104,190,4942,283
0,8105,190,4942,284
0,8106,190,4941,285
0,8107,190,4942,286
0,8108,190,4942,287
0,8109,190,4942,288
0,8110,190,4942,289
0,8111,190,4941,290
0,8112,190,4943,291
0,8113,190,4941,292
0,8114,190,4942,293
0,8115,190,4941,294
0,8116,190,4942,295
0,8117,190,4941,296
0,8118,190,4941,297
0,8119,190,4942,298
0,8120,190,4942,299
0,8121,190,4942,300
0,8122,190,4942,301
0,8123,190,4942,302
0,8124,190,4942,303
0,8125,190,4941,304
0,8126,190,4941,305
0,8127,190,4941,306
0,8128,190,4942,307
0,8129,190,4942,308
0,8130,190,4941,309
0,8131,190,4942,310
0,8132,190,4943,311
0,8133,190,4941,312
0,8134,190,4941,313
0,8135,190,4943,314
0,8136,2190,4941,1000
0,8137,2190,4941,1001
0,8138,2190,4943,1002
0,8139,2190,4941,1003
0,8140,2190,4943,1004
0,8141,2190,4941,1010
0,8142,2190,4941,1011
0,8143,2190,4941,1012
0,8144,2190,4942,1013
0,8145,2190,4942,1014
0,8146,2190,4943,1020
0,8147,2190,4943,1021
0,8148,2190,4941,1022
0,8149,2190,4942,1023
0,8150,2190,4942,1024
0,8151,2190,4942,1030
0,8152,2190,4941,1031
0,8153,2190,4943,1032
0,8154,2190,4941,1033
0,8155,2190,4943,1034
0,8156,2190,4942,1040
0,8157,2190,4943,1041
0,8158,2190,4942,1042
0,8159,2190,4941,1043
0,8160,2190,4942,1044
0,8161,2190,4942,1050
0,8162,2190,4943,1051
0,8163,2190,4943,1052
0,8164,2190,4942,1053
0,8165,2190,4941,1054
0,8166,2190,4942,1060
0,8167,2190,4941,1061
0,8168,2190,4943,1062
0,8169,2190,4943,1063
0,8170,2190,4941,1064
0,8171,2190,4943,1070
0,8172,2190,4943,1071
0,8173,2190,4941,1072
0,8174,2190,4943,1073
0,8175,2190,4941,1074
0,8176,2190,4941,1080
0,8177,2190,4943,1081
0,8178,2190,4943,1082
0,8179,2190,4943,1083
0,8180,2190,4943,1084
0,8181,2190,4941,1085
0,8182,2190,4943,1086
0,8183,2190,4943,1087
0,8184,2190,4942,1088
0,8185,2190,4942,1089
0,8186,2190,4941,1090
0,8187,2190,4941,1091
0,8188,2190,4941,1092
0,8189,2190,4942,1093
0,8190,2190,4941,1094
0,8191,2190,4941,1095
0,8192,2190,4942,1096
0,8193,2190,4943,1097
0,8194,2190,4941,1098
0,8195,2190,4942,1099
0,8196,2190,4943,1100
0,8197,2190,4941,1101
0,8198,2190,4943,1102
0,8199,2190,4943,1103
0,8200,2190,4942,1104
0,8201,2190,4942,1105
0,8202,2190,4942,1106
0,8203,2190,4943,1107
0,8204,2190,4941,1108
0,8205,2190,4942,1109
0,8206,2190,4942,1110
0,8207,2190,4942,1111
0,8208,2190,4941,1112
0,8209,2190,4943,1113
0,8210,2190,4942,1114
0,8211,2190,4943,1140
0,8212,2190,4942,1141
0,8213,2190,4943,1142
0,8214,2190,4942,1143
0,8215,2190,4942,1144
0,8216,2190,4941,1145
0,8217,2190,4943,1146
0,8218,2190,4941,1147
0,8219,2190,4943,1148
0,8220,2190,4941,1149
0,8221,2190,4941,1150
0,8222,2190,4942,1151
0,8223,2190,4941,1152
0,8224,2190,4942,1153
0,8225,2190,4943,1154
0,8226,2190,4943,1155
0,8227,2190,4943,1156
0,8228,2190,4943,1157
0,8229,2190,4942,1158
0,8230,2190,4943,1159
0,8231,2190,4943,1160
0,8232,2190,4941,1161
0,8233,2190,4941,1162
0,8234,2190,4942,1163
0,8235,2190,4941,1164
0,8236,2190,4941,1165
0,8237,2190,4942,1166
0,8238,2190,4941,1167
0,8239,2190,4941,1168
0,8240,2190,4942,1169
0,8241,2190,4943,1170
0,8242,2190,4943,1171
0,8243,2190,4941,1172
0,8244,2190,4941,1173
0,8245,2190,4941,1174
0,8246,761,4674,0
0,8247,761,4663,1
0,8248,761,4671,2
0,8249,761,4653,3
0,8250,761,4659,4
0,8251,761,4659,5
0,8252,761,4666,6
0,8253,761,4551,7
0,8254,761,4655,8
0,8255,761,4655,9
0,8256,761,4654,10
0,8257,761,4657,11
0,8258,761,4669,12
0,8259,761,4671,13
0,8260,761,4665,14
0,8261,761,4674,15
0,8262,761,4671,16
0,8263,761,4654,17
0,8264,761,4668,18
0,8265,761,4662,19
0,8266,761,4652,20
0,8267,761,4672,21
0,8268,761,4657,22
0,8269,761,4653,23
0,8270,761,4659,24
0,8271,761,4655,30
0,8272,761,4672,31
0,8273,761,4657,32
0,8274,761,4655,33
0,8275,761,4651,34
0,8276,761,4672,35
0,8277,761,4663,36
0,8278,761,4658,37
0,8279,761,4551,38
0,8280,761,4551,39
0,8281,761,4667,40
0,8282,761,4672,41
0,8283,761,4677,42
0,8284,761,4677,43
0,8285,761,4662,44
0,8286,761,4655,45
0,8287,761,4672,46
0,8288,761,4672,47
0,8289,761,4667,48
0,8290,761,4671,49
0,8291,761,4677,50
0,8292,761,4671,51
0,8293,761,4669,52
0,8294,761,4672,53
0,8295,761,4672,54
0,8296,761,4654,55
0,8297,761,4667,56
0,8298,761,4668,57
0,8299,761,4669,58
0,8300,761,4655,59
0,8301,761,4668,60
0,8302,761,4651,61
0,8303,761,4651,62
0,8304,761,4658,63
0,8305,761,4654,64
0,8306,761,4674,70
0,8307,761,4663,71
0,8308,761,4653,72
0,8309,761,4671,73
0,8310,761,4671,74
0,8311,761,4677,75
0,8312,761,4672,76
0,8313,761,4667,77
0,8314,761,4674,78
0,8315,761,4662,79
0,8316,761,4657,80
0,8317,761,4654,81
0,8318,761,4665,82
0,8319,761,4551,83
0,8320,761,4672,84
0,8321,761,4671,85
0,8322,761,4658,86
0,8323,761,4657,87
0,8324,761,4657,88
0,8325,761,4657,89
0,8326,761,4666,90
0,8327,761,4653,91
0,8328,761,4657,92
0,8329,761,4677,93
0,8330,761,4671,94
0,8331,761,4666,95
0,8332,761,4651,96
0,8333,761,4655,97
0,8334,761,4653,98
0,8335,761,4671,99
0,8336,761,4666,100
0,8337,761,4657,101
0,8338,761,4654,102
0,8339,761,4666,103
0,8340,761,4668,104
0,8341,761,4672,110
0,8342,761,4665,111
0,8343,761,4669,112
0,8344,761,4672,113
0,8345,761,4665,114
0,8346,761,4665,115
0,8347,761,4666,116
0,8348,761,4663,117
0,8349,761,4655,118
0,8350,761,4663,119
0,8351,761,4653,120
0,8352,761,4668,121
0,8353,761,4657,122
0,8354,761,4664,123
0,8355,761,4659,124
0,8356,761,4659,125
0,8357,761,4551,126
0,8358,761,4677,127
0,8359,761,4654,128
0,8360,761,4668,129
0,8361,761,4656,130
0,8362,761,4653,131
0,8363,761,4664,132
0,8364,761,4667,133
0,8365,761,4655,134
0,8366,761,4667,135
0,8367,761,4674,136
0,8368,761,4659,137
0,8369,761,4666,138
0,8370,761,4666,139
0,8371,761,4677,140
0,8372,761,4651,141
0,8373,761,4658,142
0,8374,761,4655,143
0,8375,761,4652,144
0,8376,761,4654,150
0,8377,761,4662,151
0,8378,761,4655,152
0,8379,761,4657,153
0,8380,761,4665,154
0,8381,761,4671,155
0,8382,761,4668,156
0,8383,761,4677,157
0,8384,761,4662,158
0,8385,761,4657,159
0,8386,761,4651,160
0,8387,761,4655,161
0,8388,761,4659,162
0,8389,761,4659,163
0,8390,761,4651,164
0,8391,761,4677,165
0,8392,761,4665,166
0,8393,761,4672,167
0,8394,761,4658,168
0,8395,761,4667,169
0,8396,761,4668,170
0,8397,761,4665,171
0,8398,761,4652,172
0,8399,761,4669,173
0,8400,761,4652,174
0,8401,761,4663,175
0,8402,761,4665,176
0,8403,761,4666,177
0,8404,761,4658,178
0,8405,761,4654,179
0,8406,761,4652,180
0,8407,761,4653,181
0,8408,761,4657,182
0,8409,761,4671,183
0,8410,761,4662,184
0,8411,761,4668,190
0,8412,761,4672,191
0,8413,761,4672,192
0,8414,761,4651,193
0,8415,761,4651,194
0,8416,761,4657,195
0,8417,761,4657,196
0,8418,761,4669,197
0,8419,761,4651,198
0,8420,761,4656,199
0,8421,761,4671,200
0,8422,761,4662,201
0,8423,761,4671,202
0,8424,761,4655,203
0,8425,761,4666,204
0,8426,761,4659,205
0,8427,761,4657,206
0,8428,761,4659,207
0,8429,761,4654,208
0,8430,761,4663,209
0,8431,761,4666,210
0,8432,761,4667,211
0,8433,761,4666,212
0,8434,761,4667,213
0,8435,761,4551,214
0,8436,761,4657,215
0,8437,761,4677,216
0,8438,761,4677,217
0,8439,761,4663,218
0,8440,761,4666,219
0,8441,761,4672,220
0,8442,761,4665,221
0,8443,761,4657,222
0,8444,761,4677,223
0,8445,761,4671,224
0,8446,761,4653,230
0,8447,761,4659,231
0,8448,761,4677,232
0,8449,761,4669,233
0,8450,761,4551,234
0,8451,761,4657,235
0,8452,761,4662,236
0,8453,761,4652,237
0,8454,761,4657,238
0,8455,761,4657,239
0,8456,761,4664,240
0,8457,761,4662,241
0,8458,761,4677,242
0,8459,761,4671,243
0,8460,761,4671,244
0,8461,761,4653,245
0,8462,761,4652,246
0,8463,761,4551,247
0,8464,761,4672,248
0,8465,761,4666,249
0,8466,761,4658,250
0,8467,761,4669,251
0,8468,761,4669,252
0,8469,761,4662,253
0,8470,761,4654,254
0,8471,761,4677,255
0,8472,761,4668,256
0,8473,761,4671,257
0,8474,761,4662,258
0,8475,761,4658,259
0,8476,761,4667,260
0,8477,761,4666,261
0,8478,761,4663,262
0,8479,761,4666,263
0,8480,761,4672,264
0,8481,761,4674,270
0,8482,761,4659,271
0,8483,761,4659,272
0,8484,761,4669,273
0,8485,761,4665,274
0,8486,761,4663,275
0,8487,761,4672,276
0,8488,761,4657,277
0,8489,761,4672,278
0,8490,761,4677,279
0,8491,761,4665,280
0,8492,761,4677,281
0,8493,761,4672,282
0,8494,761,4671,283
0,8495,761,4669,284
0,8496,761,4656,285
0,8497,761,4677,286
0,8498,761,4674,287
0,8499,761,4659,288
0,8500,761,4674,289
0,8501,761,4659,290
0,8502,761,4669,291
0,8503,761,4659,292
0,8504,761,4657,293
0,8505,761,4677,294
0,8506,761,4668,295
0,8507,761,4671,296
0,8508,761,4657,297
0,8509,761,4551,298
0,8510,761,4651,299
0,8511,761,4652,300
0,8512,761,4665,301
0,8513,761,4671,302
0,8514,761,4677,303
0,8515,761,4656,304
0,8516,761,4662,310
0,8517,761,4662,311
0,8518,761,4651,312
0,8519,761,4654,313
0,8520,761,4654,314
0,8521,761,4651,315
0,8522,761,4664,316
0,8523,761,4662,317
0,8524,761,4671,318
0,8525,761,4665,319
0,8526,2761,4659,1000
0,8527,2761,4671,1001
0,8528,2761,4672,1002
0,8529,2761,4659,1003
0,8530,2761,4663,1004
0,8531,2761,4671,1010
0,8532,2761,4657,1011
0,8533,2761,4653,1012
0,8534,2761,4671,1013
0,8535,2761,4655,1014
0,8536,2761,4551,1020
0,8537,2761,4669,1021
0,8538,2761,4667,1022
0,8539,2761,4671,1023
0,8540,2761,4671,1024
0,8541,2761,4671,1030
0,8542,2761,4662,1031
0,8543,2761,4657,1032
0,8544,2761,4667,1033
0,8545,2761,4669,1034
0,8546,2761,4653,1040
0,8547,2761,4666,1041
0,8548,2761,4663,1042
0,8549,2761,4662,1043
0,8550,2761,4669,1044
0,8551,2761,4651,1050
0,8552,2761,4671,1051
0,8553,2761,4657,1052
0,8554,2761,4654,1053
0,8555,2761,4666,1054
0,8556,2761,4651,1060
0,8557,2761,4671,1061
0,8558,2761,4654,1062
0,8559,2761,4666,1063
0,8560,2761,4672,1064
0,8561,2761,4674,1070
0,8562,2761,4668,1071
0,8563,2761,4665,1072
0,8564,2761,4671,1073
0,8565,2761,4657,1074
0,8566,2761,4665,1080
0,8567,2761,4659,1081
0,8568,2761,4671,1082
0,8569,2761,4657,1083
0,8570,2761,4667,1084
0,8571,2761,4664,1085
0,8572,2761,4669,1086
0,8573,2761,4671,1087
0,8574,2761,4668,1088
0,8575,2761,4666,1089
0,8576,2761,4674,1090
0,8577,2761,4655,1091
0,8578,2761,4671,1092
0,8579,2761,4669,1093
0,8580,2761,4651,1094
0,8581,2761,4662,1095
0,8582,2761,4662,1096
0,8583,2761,4662,1097
0,8584,2761,4666,1098
0,8585,2761,4668,1099
0,8586,2761,4653,1100
0,8587,2761,4657,1101
0,8588,2761,4657,1102
0,8589,2761,4671,1103
0,8590,2761,4652,1104
0,8591,2761,4652,1110
0,8592,2761,4671,1111
0,8593,2761,4671,1112
0,8594,2761,4662,1113
0,8595,2761,4674,1114
0,8596,2761,4657,1135
0,8597,2761,4662,1136
0,8598,2761,4657,1137
0,8599,2761,4654,1138
0,8600,2761,4677,1139
0,8601,2761,4654,1140
0,8602,2761,4662,1141
0,8603,2761,4663,1142
0,8604,2761,4662,1143
0,8605,2761,4652,1144
0,8606,2761,4654,1145
0,8607,2761,4667,1146
0,8608,2761,4657,1147
0,8609,2761,4656,1148
0,8610,2761,4658,1149
0,8611,2761,4655,1150
0,8612,2761,4657,1151
0,8613,2761,4669,1152
0,8614,2761,4672,1153
0,8615,2761,4653,1154
0,8616,2761,4662,1155
0,8617,2761,4659,1156
0,8618,2761,4664,1157
0,8619,2761,4668,1158
0,8620,2761,4674,1159
0,8621,2761,4665,1160
0,8622,2761,4666,1161
0,8623,2761,4668,1162
0,8624,2761,4551,1163
0,8625,2761,4669,1164
0,8626,2761,4651,1170
0,8627,2761,4677,1171
0,8628,2761,4666,1172
0,8629,2761,4659,1173
0,8630,2761,4671,1174
0,8631,2761,4669,1195
0,8632,2761,4659,1196
0,8633,2761,4657,1197
0,8634,2761,4663,1198
0,8635,2761,4669,1199
0,8636,763,4663,0
0,8637,763,4668,1
0,8638,763,4663,2
0,8639,763,4654,3
0,8640,763,4671,4
0,8641,763,4657,5
0,8642,763,4662,6
0,8643,763,4658,7
0,8644,763,4653,8
0,8645,763,4663,9
0,8646,763,4674,10
0,8647,763,4655,11
0,8648,763,4655,12
0,8649,763,4672,13
0,8650,763,4657,14
0,8651,763,4667,15
0,8652,763,4651,16
0,8653,763,4662,17
0,8654,763,4663,18
0,8655,763,4663,19
0,8656,763,4551,20
0,8657,763,4652,21
0,8658,763,4664,22
0,8659,763,4669,23
0,8660,763,4662,24
0,8661,763,4659,25
0,8662,763,4667,26
0,8663,763,4656,27
0,8664,763,4663,28
0,8665,763,4652,29
0,8666,763,4663,35
0,8667,763,4665,36
0,8668,763,4669,37
0,8669,763,4651,38
0,8670,763,4671,39
0,8671,763,4668,40
0,8672,763,4666,41
0,8673,763,4653,42
0,8674,763,4667,43
0,8675,763,4659,44
0,8676,763,4665,45
0,8677,763,4668,46
0,8678,763,4669,47
0,8679,763,4677,48
0,8680,763,4655,49
0,8681,763,4671,50
0,8682,763,4656,51
0,8683,763,4674,52
0,8684,763,4663,53
0,8685,763,4664,54
0,8686,763,4674,55
0,8687,763,4666,56
0,8688,763,4662,57
0,8689,763,4651,58
0,8690,763,4656,59
0,8691,763,4677,60
0,8692,763,4669,61
0,8693,763,4655,62
0,8694,763,4677,63
0,8695,763,4551,64
0,8696,763,4653,65
0,8697,763,4677,66
0,8698,763,4655,67
0,8699,763,4663,68
0,8700,763,4665,69
0,8701,763,4667,75
0,8702,763,4654,76
0,8703,763,4653,77
0,8704,763,4667,78
0,8705,763,4677,79
0,8706,763,4656,80
0,8707,763,4658,81
0,8708,763,4667,82
0,8709,763,4658,83
0,8710,763,4668,84
0,8711,763,4677,85
0,8712,763,4656,86
0,8713,763,4658,87
0,8714,763,4667,88
0,8715,763,4672,89
0,8716,763,4551,90
0,8717,763,4652,91
0,8718,763,4659,92
0,8719,763,4657,93
0,8720,763,4669,94
0,8721,763,4677,95
0,8722,763,4654,96
0,8723,763,4665,97
0,8724,763,4658,98
0,8725,763,4551,99
0,8726,763,4669,100
0,8727,763,4663,101
0,8728,763,4662,102
0,8729,763,4659,103
0,8730,763,4651,104
0,8731,763,4667,105
0,8732,763,4671,106
0,8733,763,4656,107
0,8734,763,4666,108
0,8735,763,4667,109
0,8736,763,4655,115
0,8737,763,4672,116
0,8738,763,4551,117
0,8739,763,4662,118
0,8740,763,4659,119
0,8741,763,4671,120
0,8742,763,4671,121
0,8743,763,4668,122
0,8744,763,4672,123
0,8745,763,4663,124
0,8746,763,4652,125
0,8747,763,4671,126
0,8748,763,4663,127
0,8749,763,4668,128
0,8750,763,4671,129
0,8751,763,4667,130
0,8752,763,4672,131
0,8753,763,4656,132
0,8754,763,4657,133
0,8755,763,4662,134
0,8756,763,4652,135
0,8757,763,4677,136
0,8758,763,4663,137
0,8759,763,4672,138
0,8760,763,4654,139
0,8761,763,4551,140
0,8762,763,4655,141
0,8763,763,4672,142
0,8764,763,4667,143
0,8765,763,4658,144
0,8766,763,4672,145
0,8767,763,4653,146
0,8768,763,4651,147
0,8769,763,4669,148
0,8770,763,4663,149
0,8771,763,4665,155
0,8772,763,4656,156
0,8773,763,4665,157
0,8774,763,4654,158
0,8775,763,4662,159
0,8776,763,4659,160
0,8777,763,4677,161
0,8778,763,4664,162
0,8779,763,4671,163
0,8780,763,4662,164
0,8781,763,4551,165
0,8782,763,4662,166
0,8783,763,4657,167
0,8784,763,4654,168
0,8785,763,4551,169
0,8786,763,4653,170
0,8787,763,4671,171
0,8788,763,4655,172
0,8789,763,4658,173
0,8790,763,4551,174
0,8791,763,4666,175
0,8792,763,4667,176
0,8793,763,4677,177
0,8794,763,4657,178
0,8795,763,4651,179
0,8796,763,4551,180
0,8797,763,4657,181
0,8798,763,4654,182
0,8799,763,4663,183
0,8800,763,4677,184
0,8801,763,4653,185
0,8802,763,4666,186
0,8803,763,4651,187
0,8804,763,4672,188
0,8805,763,4671,189
0,8806,763,4672,195
0,8807,763,4666,196
0,8808,763,4652,197
0,8809,763,4662,198
0,8810,763,4666,199
0,8811,763,4664,200
0,8812,763,4677,201
0,8813,763,4667,202
0,8814,763,4668,203
0,8815,763,4668,204
0,8816,763,4672,205
0,8817,763,4671,206
0,8818,763,4656,207
0,8819,763,4655,208
0,8820,763,4655,209
0,8821,763,4653,210
0,8822,763,4663,211
0,8823,763,4657,212
0,8824,763,4658,213
0,8825,763,4671,214
0,8826,763,4669,215
0,8827,763,4657,216
0,8828,763,4657,217
0,8829,763,4656,218
0,8830,763,4674,219
0,8831,763,4671,220
0,8832,763,4551,221
0,8833,763,4671,222
0,8834,763,4671,223
0,8835,763,4666,224
0,8836,763,4658,225
0,8837,763,4656,226
0,8838,763,4662,227
0,8839,763,4664,228
0,8840,763,4658,229
0,8841,763,4666,235
0,8842,763,4551,236
0,8843,763,4662,237
0,8844,763,4653,238
0,8845,763,4677,239
0,8846,763,4677,240
0,8847,763,4667,241
0,8848,763,4674,242
0,8849,763,4658,243
0,8850,763,4551,244
0,8851,763,4667,245
0,8852,763,4668,246
0,8853,763,4671,247
0,8854,763,4668,248
0,8855,763,4657,249
0,8856,763,4665,250
0,8857,763,4656,251
0,8858,763,4664,252
0,8859,763,4655,253
0,8860,763,4551,254
0,8861,763,4666,255
0,8862,763,4652,256
0,8863,763,4651,257
0,8864,763,4657,258
0,8865,763,4671,259
0,8866,763,4664,260
0,8867,763,4669,261
0,8868,763,4659,262
0,8869,763,4551,263
0,8870,763,4654,264
0,8871,763,4674,265
0,8872,763,4658,266
0,8873,763,4663,267
0,8874,763,4666,268
0,8875,763,4659,269
0,8876,763,4654,275
0,8877,763,4654,276
0,8878,763,4551,277
0,8879,763,4654,278
0,8880,763,4674,279
0,8881,763,4668,280
0,8882,763,4669,281
0,8883,763,4668,282
0,8884,763,4662,283
0,8885,763,4651,284
0,8886,763,4672,285
0,8887,763,4659,286
0,8888,763,4662,287
0,8889,763,4666,288
0,8890,763,4672,289
0,8891,763,4657,290
0,8892,763,4656,291
0,8893,763,4665,292
0,8894,763,4669,293
0,8895,763,4674,294
0,8896,763,4656,295
0,8897,763,4651,296
0,8898,763,4658,297
0,8899,763,4665,298
0,8900,763,4674,299
0,8901,763,4669,300
0,8902,763,4677,301
0,8903,763,4551,302
0,8904,763,4656,303
0,8905,763,4658,304
0,8906,763,4662,305
0,8907,763,4677,306
0,8908,763,4654,307
0,8909,763,4551,308
0,8910,763,4664,309
0,8911,763,4654,315
0,8912,763,4668,316
0,8913,763,4659,317
0,8914,763,4677,318
0,8915,763,4669,319
0,8916,2763,4664,1000
0,8917,2763,4659,1001
0,8918,2763,4651,1002
0,8919,2763,4672,1003
0,8920,2763,4668,1004
0,8921,2763,4662,1010
0,8922,2763,4664,1011
0,8923,2763,4663,1012
0,8924,2763,4668,1013
0,8925,2763,4651,1014
0,8926,2763,4674,1020
0,8927,2763,4677,1021
0,8928,2763,4671,1022
0,8929,2763,4677,1023
0,8930,2763,4666,1024
0,8931,2763,4658,1030
0,8932,2763,4671,1031
0,8933,2763,4659,1032
0,8934,2763,4662,1033
0,8935,2763,4662,1034
0,8936,2763,4664,1040
0,8937,2763,4662,1041
0,8938,2763,4672,1042
0,8939,2763,4659,1043
0,8940,2763,4662,1044
0,8941,2763,4656,1050
0,8942,2763,4657,1051
0,8943,2763,4677,1052
0,8944,2763,4651,1053
0,8945,2763,4551,1054
0,8946,2763,4655,1060
0,8947,2763,4657,1061
0,8948,2763,4669,1062
0,8949,2763,4652,1063
0,8950,2763,4658,1064
0,8951,2763,4551,1070
0,8952,2763,4655,1071
0,8953,2763,4651,1072
0,8954,2763,4657,1073
0,8955,2763,4671,1074
0,8956,2763,4655,1080
0,8957,2763,4664,1081
0,8958,2763,4672,1082
0,8959,2763,4654,1083
0,8960,2763,4677,1084
0,8961,2763,4677,1085
0,8962,2763,4665,1086
0,8963,2763,4651,1087
0,8964,2763,4665,1088
0,8965,2763,4551,1089
0,8966,2763,4669,1090
0,8967,2763,4672,1091
0,8968,2763,4664,1092
0,8969,2763,4651,1093
0,8970,2763,4652,1094
0,8971,2763,4671,1095
0,8972,2763,4665,1096
0,8973,2763,4663,1097
0,8974,2763,4663,1098
0,8975,2763,4666,1099
0,8976,2763,4663,1100
0,8977,2763,4658,1101
0,8978,2763,4659,1102
0,8979,2763,4664,1103
0,8980,2763,4651,1104
0,8981,2763,4677,1105
0,8982,2763,4654,1106
0,8983,2763,4671,1107
0,8984,2763,4669,1108
0,8985,2763,4652,1109
0,8986,2763,4658,1135
0,8987,2763,4668,1136
0,8988,2763,4662,1137
0,8989,2763,4651,1138
0,8990,2763,4657,1139
0,8991,2763,4659,1140
0,8992,2763,4672,1141
0,8993,2763,4657,1142
0,8994,2763,4659,1143
0,8995,2763,4656,1144
0,8996,2763,4672,1145
0,8997,2763,4655,1146
0,8998,2763,4666,1147
0,8999,2763,4677,1148
0,9000,2763,4662,1149
0,9001,2763,4669,1150
0,9002,2763,4671,1151
0,9003,2763,4658,1152
0,9004,2763,4651,1153
0,9005,2763,4651,1154
0,9006,2763,4669,1155
0,9007,2763,4671,1156
0,9008,2763,4654,1157
0,9009,2763,4551,1158
0,9010,2763,4672,1159
0,9011,2763,4652,1160
0,9012,2763,4677,1161
0,9013,2763,4666,1162
0,9014,2763,4668,1163
0,9015,2763,4665,1164
0,9016,2763,4669,1165
0,9017,2763,4662,1166
0,9018,2763,4672,1167
0,9019,2763,4666,1168
0,9020,2763,4657,1169
0,9021,2763,4665,1195
0,9022,2763,4658,1196
0,9023,2763,4651,1197
0,9024,2763,4677,1198
0,9025,2763,4672,1199
0,9026,755,4656,0
0,9027,755,4657,1
0,9028,755,4668,2
0,9029,755,4671,3
0,9030,755,4655,4
0,9031,755,4658,5
0,9032,755,4657,6
0,9033,755,4677,7
0,9034,755,4658,8
0,9035,755,4658,9
0,9036,755,4677,10
0,9037,755,4658,11
0,9038,755,4664,12
0,9039,755,4668,13
0,9040,755,4664,14
0,9041,755,4662,15
0,9042,755,4551,16
0,9043,755,4658,17
0,9044,755,4657,18
0,9045,755,4665,19
0,9046,755,4667,20
0,9047,755,4666,21
0,9048,755,4674,22
0,9049,755,4658,23
0,9050,755,4656,24
0,9051,755,4664,25
0,9052,755,4657,26
0,9053,755,4665,27
0,9054,755,4653,28
0,9055,755,4551,29
0,9056,755,4671,30
0,9057,755,4652,31
0,9058,755,4672,32
0,9059,755,4672,33
0,9060,755,4671,34
0,9061,755,4657,40
0,9062,755,4659,41
0,9063,755,4551,42
0,9064,755,4668,43
0,9065,755,4669,44
0,9066,755,4671,45
0,9067,755,4677,46
0,9068,755,4665,47
0,9069,755,4653,48
0,9070,755,4677,49
0,9071,755,4551,50
0,9072,755,4669,51
0,9073,755,4665,52
0,9074,755,4662,53
0,9075,755,4669,54
0,9076,755,4657,55
0,9077,755,4665,56
0,9078,755,4653,57
0,9079,755,4666,58
0,9080,755,4651,59
0,9081,755,4656,60
0,9082,755,4658,61
0,9083,755,4677,62
0,9084,755,4662,63
0,9085,755,4651,64
0,9086,755,4658,65
0,9087,755,4672,66
0,9088,755,4664,67
0,9089,755,4662,68
0,9090,755,4663,69
0,9091,755,4662,70
0,9092,755,4651,71
0,9093,755,4657,72
0,9094,755,4659,73
0,9095,755,4659,74
0,9096,755,4671,80
0,9097,755,4664,81
0,9098,755,4658,82
0,9099,755,4677,83
0,9100,755,4677,84
0,9101,755,4551,85
0,9102,755,4654,86
0,9103,755,4653,87
0,9104,755,4662,88
0,9105,755,4658,89
0,9106,755,4677,90
0,9107,755,4671,91
0,9108,755,4655,92
0,9109,755,4669,93
0,9110,755,4659,94
0,9111,755,4662,95
0,9112,755,4657,96
0,9113,755,4677,97
0,9114,755,4652,98
0,9115,755,4654,99
0,9116,755,4658,100
0,9117,755,4658,101
0,9118,755,4672,102
0,9119,755,4657,103
0,9120,755,4551,104
0,9121,755,4657,105
0,9122,755,4663,106
0,9123,755,4651,107
0,9124,755,4656,108
0,9125,755,4653,109
0,9126,755,4677,110
0,9127,755,4651,111
0,9128,755,4662,112
0,9129,755,4651,113
0,9130,755,4668,114
0,9131,755,4652,120
0,9132,755,4658,121
0,9133,755,4658,122
0,9134,755,4551,123
0,9135,755,4654,124
0,9136,755,4656,125
0,9137,755,4672,126
0,9138,755,4671,127
0,9139,755,4674,128
0,9140,755,4674,129
0,9141,755,4668,130
0,9142,755,4662,131
0,9143,755,4668,132
0,9144,755,4651,133
0,9145,755,4657,134
0,9146,755,4669,135
0,9147,755,4655,136
0,9148,755,4677,137
0,9149,755,4657,138
0,9150,755,4668,139
0,9151,755,4671,140
0,9152,755,4652,141
0,9153,755,4651,142
0,9154,755,4662,143
0,9155,755,4671,144
0,9156,755,4652,145
0,9157,755,4658,146
0,9158,755,4656,147
0,9159,755,4672,148
0,9160,755,4662,149
0,9161,755,4672,150
0,9162,755,4655,151
0,9163,755,4657,152
0,9164,755,4677,153
0,9165,755,4657,154
0,9166,755,4657,160
0,9167,755,4656,161
0,9168,755,4668,162
0,9169,755,4652,163
0,9170,755,4663,164
0,9171,755,4652,165
0,9172,755,4651,166
0,9173,755,4659,167
0,9174,755,4669,168
0,9175,755,4672,169
0,9176,755,4656,170
0,9177,755,4658,171
0,9178,755,4663,172
0,9179,755,4657,173
0,9180,755,4668,174
0,9181,755,4654,175
0,9182,755,4671,176
0,9183,755,4658,177
0,9184,755,4674,178
0,9185,755,4668,179
0,9186,755,4671,180
0,9187,755,4668,181
0,9188,755,4652,182
0,9189,755,4658,183
0,9190,755,4651,184
0,9191,755,4668,185
0,9192,755,4651,186
0,9193,755,4672,187
0,9194,755,4657,188
0,9195,755,4672,189
0,9196,755,4665,190
0,9197,755,4665,191
0,9198,755,4551,192
0,9199,755,4657,193
0,9200,755,4677,194
0,9201,755,4674,200
0,9202,755,4665,201
0,9203,755,4665,202
0,9204,755,4665,203
0,9205,755,4665,204
0,9206,755,4677,205
0,9207,755,4658,206
0,9208,755,4669,207
0,9209,755,4659,208
0,9210,755,4677,209
0,9211,755,4652,210
0,9212,755,4659,211
0,9213,755,4659,212
0,9214,755,4652,213
0,9215,755,4657,214
0,9216,755,4665,215
0,9217,755,4663,216
0,9218,755,4669,217
0,9219,755,4667,218
0,9220,755,4672,219
0,9221,755,4657,220
0,9222,755,4658,221
0,9223,755,4665,222
0,9224,755,4664,223
0,9225,755,4658,224
0,9226,755,4662,225
0,9227,755,4653,226
0,9228,755,4664,227
0,9229,755,4658,228
0,9230,755,4677,229
0,9231,755,4665,230
0,9232,755,4657,231
0,9233,755,4654,232
0,9234,755,4655,233
0,9235,755,4672,234
0,9236,755,4662,240
0,9237,755,4677,241
0,9238,755,4654,242
0,9239,755,4669,243
0,9240,755,4651,244
0,9241,755,4657,245
0,9242,755,4654,246
0,9243,755,4672,247
0,9244,755,4656,248
0,9245,755,4662,249
0,9246,755,4663,250
0,9247,755,4664,251
0,9248,755,4668,252
0,9249,755,4652,253
0,9250,755,4669,254
0,9251,755,4658,255
0,9252,755,4662,256
0,9253,755,4667,257
0,9254,755,4651,258
0,9255,755,4674,259
0,9256,755,4666,260
0,9257,755,4658,261
0,9258,755,4654,262
0,9259,755,4672,263
0,9260,755,4663,264
0,9261,755,4659,265
0,9262,755,4667,266
0,9263,755,4659,267
0,9264,755,4668,268
0,9265,755,4671,269
0,9266,755,4671,270
0,9267,755,4657,271
0,9268,755,4672,272
0,9269,755,4662,273
0,9270,755,4669,274
0,9271,755,4664,280
0,9272,755,4657,281
0,9273,755,4669,282
0,9274,755,4677,283
0,9275,755,4664,284
0,9276,755,4657,285
0,9277,755,4662,286
0,9278,755,4655,287
0,9279,755,4654,288
0,9280,755,4654,289
0,9281,755,4551,290
0,9282,755,4674,291
0,9283,755,4655,292
0,9284,755,4668,293
0,9285,755,4662,294
0,9286,755,4667,295
0,9287,755,4669,296
0,9288,755,4664,297
0,9289,755,4655,298
0,9290,755,4664,299
0,9291,755,4655,300
0,9292,755,4659,301
0,9293,755,4659,302
0,9294,755,4652,303
0,9295,755,4664,304
0,9296,755,4667,305
0,9297,755,4666,306
0,9298,755,4668,307
0,9299,755,4671,308
0,9300,755,4654,309
0,9301,755,4671,310
0,9302,755,4654,311
0,9303,755,4665,312
0,9304,755,4551,313
0,9305,755,4551,314
0,9306,2755,4653,1000
0,9307,2755,4666,1001
0,9308,2755,4663,1002
0,9309,2755,4668,1003
0,9310,2755,4665,1004
0,9311,2755,4674,1010
0,9312,2755,4671,1011
0,9313,2755,4659,1012
0,9314,2755,4672,1013
0,9315,2755,4652,1014
0,9316,2755,4653,1020
0,9317,2755,4656,1021
0,9318,2755,4666,1022
0,9319,2755,4666,1023
0,9320,2755,4653,1024
0,9321,2755,4651,1030
0,9322,2755,4664,1031
0,9323,2755,4667,1032
0,9324,2755,4653,1033
0,9325,2755,4652,1034
0,9326,2755,4651,1040
0,9327,2755,4671,1041
0,9328,2755,4662,1042
0,9329,2755,4666,1043
0,9330,2755,4672,1044
0,9331,2755,4657,1050
0,9332,2755,4667,1051
0,9333,2755,4666,1052
0,9334,2755,4668,1053
0,9335,2755,4669,1054
0,9336,2755,4668,1060
0,9337,2755,4653,1061
0,9338,2755,4677,1062
0,9339,2755,4551,1063
0,9340,2755,4651,1064
0,9341,2755,4671,1070
0,9342,2755,4665,1071
0,9343,2755,4668,1072
0,9344,2755,4665,1073
0,9345,2755,4651,1074
0,9346,2755,4672,1080
0,9347,2755,4672,1081
0,9348,2755,4551,1082
0,9349,2755,4656,1083
0,9350,2755,4652,1084
0,9351,2755,4669,1085
0,9352,2755,4551,1086
0,9353,2755,4668,1087
0,9354,2755,4658,1088
0,9355,2755,4677,1089
0,9356,2755,4662,1090
0,9357,2755,4671,1091
0,9358,2755,4668,1092
0,9359,2755,4652,1093
0,9360,2755,4656,1094
0,9361,2755,4666,1095
0,9362,2755,4667,1096
0,9363,2755,4655,1097
0,9364,2755,4671,1098
0,9365,2755,4672,1099
0,9366,2755,4655,1100
0,9367,2755,4653,1101
0,9368,2755,4551,1102
0,9369,2755,4668,1103
0,9370,2755,4659,1104
0,9371,2755,4674,1105
0,9372,2755,4651,1106
0,9373,2755,4663,1107
0,9374,2755,4652,1108
0,9375,2755,4664,1109
0,9376,2755,4662,1110
0,9377,2755,4659,1111
0,9378,2755,4677,1112
0,9379,2755,4651,1113
0,9380,2755,4677,1114
0,9381,2755,4551,1140
0,9382,2755,4656,1141
0,9383,2755,4665,1142
0,9384,2755,4658,1143
0,9385,2755,4671,1144
0,9386,2755,4665,1145
0,9387,2755,4666,1146
0,9388,2755,4677,1147
0,9389,2755,4662,1148
0,9390,2755,4672,1149
0,9391,2755,4667,1150
0,9392,2755,4551,1151
0,9393,2755,4665,1152
0,9394,2755,4551,1153
0,9395,2755,4652,1154
0,9396,2755,4664,1155
0,9397,2755,4674,1156
0,9398,2755,4657,1157
0,9399,2755,4677,1158
0,9400,2755,4657,1159
0,9401,2755,4667,1160
0,9402,2755,4651,1161
0,9403,2755,4672,1162
0,9404,2755,4671,1163
0,9405,2755,4672,1164
0,9406,2755,4657,1165
0,9407,2755,4674,1166
0,9408,2755,4666,1167
0,9409,2755,4667,1168
0,9410,2755,4652,1169
0,9411,2755,4662,1170
0,9412,2755,4669,1171
0,9413,2755,4672,1172
0,9414,2755,4672,1173
0,9415,2755,4662,1174
0,9416,758,4654,0
0,9417,758,4665,1
0,9418,758,4651,2
0,9419,758,4669,3
0,9420,758,4672,4
0,9421,758,4672,5
0,9422,758,4664,6
0,9423,758,4655,7
0,9424,758,4667,8
0,9425,758,4662,9
0,9426,758,4657,10
0,9427,758,4669,11
0,9428,758,4651,12
0,9429,758,4655,13
0,9430,758,4668,14
0,9431,758,4655,15
0,9432,758,4659,16
0,9433,758,4667,17
0,9434,758,4655,18
0,9435,758,4657,19
0,9436,758,4672,30
0,9437,758,4669,31
0,9438,758,4662,32
0,9439,758,4671,33
0,9440,758,4665,34
0,9441,758,4551,35
0,9442,758,4657,36
0,9443,758,4664,37
0,9444,758,4665,38
0,9445,758,4669,39
0,9446,758,4672,40
0,9447,758,4654,41
0,9448,758,4657,42
0,9449,758,4551,43
0,9450,758,4651,44
0,9451,758,4669,45
0,9452,758,4665,46
0,9453,758,4657,47
0,9454,758,4665,48
0,9455,758,4662,49
0,9456,758,4662,50
0,9457,758,4651,51
0,9458,758,4671,52
0,9459,758,4669,53
0,9460,758,4651,54
0,9461,758,4677,55
0,9462,758,4658,56
0,9463,758,4671,57
0,9464,758,4652,58
0,9465,758,4653,59
0,9466,758,4672,70
0,9467,758,4662,71
0,9468,758,4677,72
0,9469,758,4662,73
0,9470,758,4663,74
0,9471,758,4665,75
0,9472,758,4551,76
0,9473,758,4662,77
0,9474,758,4672,78
0,9475,758,4654,79
0,9476,758,4672,80
0,9477,758,4659,81
0,9478,758,4666,82
0,9479,758,4665,83
0,9480,758,4651,84
0,9481,758,4669,85
0,9482,758,4674,86
0,9483,758,4668,87
0,9484,758,4671,88
0,9485,758,4665,89
0,9486,758,4668,90
0,9487,758,4667,91
0,9488,758,4672,92
0,9489,758,4659,93
0,9490,758,4665,94
0,9491,758,4656,95
0,9492,758,4551,96
0,9493,758,4658,97
0,9494,758,4551,98
0,9495,758,4657,99
0,9496,758,4551,110
0,9497,758,4551,111
0,9498,758,4672,112
0,9499,758,4658,113
0,9500,758,4551,114
0,9501,758,4666,115
0,9502,758,4656,116
0,9503,758,4652,117
0,9504,758,4672,118
0,9505,758,4674,119
0,9506,758,4659,120
0,9507,758,4657,121
0,9508,758,4662,122
0,9509,758,4665,123
0,9510,758,4668,124
0,9511,758,4672,125
0,9512,758,4654,126
0,9513,758,4655,127
0,9514,758,4666,128
0,9515,758,4665,129
0,9516,758,4665,130
0,9517,758,4659,131
0,9518,758,4671,132
0,9519,758,4656,133
0,9520,758,4659,134
0,9521,758,4664,135
0,9522,758,4671,136
0,9523,758,4672,137
0,9524,758,4654,138
0,9525,758,4671,139
0,9526,758,4657,150
0,9527,758,4651,151
0,9528,758,4665,152
0,9529,758,4668,153
0,9530,758,4651,154
0,9531,758,4662,155
0,9532,758,4671,156
0,9533,758,4669,157
0,9534,758,4664,158
0,9535,758,4655,159
0,9536,758,4658,160
0,9537,758,4657,161
0,9538,758,4656,162
0,9539,758,4677,163
0,9540,758,4551,164
0,9541,758,4659,165
0,9542,758,4659,166
0,9543,758,4651,167
0,9544,758,4655,168
0,9545,758,4659,169
0,9546,758,4671,170
0,9547,758,4672,171
0,9548,758,4551,172
0,9549,758,4665,173
0,9550,758,4674,174
0,9551,758,4652,175
0,9552,758,4657,176
0,9553,758,4657,177
0,9554,758,4654,178
0,9555,758,4666,179
0,9556,758,4663,190
0,9557,758,4669,191
0,9558,758,4671,192
0,9559,758,4662,193
0,9560,758,4665,194
0,9561,758,4662,195
0,9562,758,4669,196
0,9563,758,4659,197
0,9564,758,4664,198
0,9565,758,4664,199
0,9566,758,4667,200
0,9567,758,4651,201
0,9568,758,4662,202
0,9569,758,4662,203
0,9570,758,4669,204
0,9571,758,4666,205
0,9572,758,4551,206
0,9573,758,4651,207
0,9574,758,4666,208
0,9575,758,4667,209
0,9576,758,4654,210
0,9577,758,4653,211
0,9578,758,4551,212
0,9579,758,4665,213
0,9580,758,4659,214
0,9581,758,4658,215
0,9582,758,4662,216
0,9583,758,4654,217
0,9584,758,4551,218
0,9585,758,4668,219
0,9586,758,4662,230
0,9587,758,4663,231
0,9588,758,4663,232
0,9589,758,4665,233
0,9590,758,4664,234
0,9591,758,4652,235
0,9592,758,4653,236
0,9593,758,4664,237
0,9594,758,4669,238
0,9595,758,4672,239
0,9596,758,4659,240
0,9597,758,4655,241
0,9598,758,4662,242
0,9599,758,4651,243
0,9600,758,4677,244
0,9601,758,4551,245
0,9602,758,4651,246
0,9603,758,4654,247
0,9604,758,4657,248
0,9605,758,4668,249
0,9606,758,4669,250
0,9607,758,4653,251
0,9608,758,4662,252
0,9609,758,4672,253
0,9610,758,4663,254
0,9611,758,4667,255
0,9612,758,4657,256
0,9613,758,4662,257
0,9614,758,4677,258
0,9615,758,4657,259
0,9616,758,4663,270
0,9617,758,4671,271
0,9618,758,4677,272
0,9619,758,4651,273
0,9620,758,4671,274
0,9621,758,4657,275
0,9622,758,4671,276
0,9623,758,4669,277
0,9624,758,4662,278
0,9625,758,4651,279
0,9626,758,4654,280
0,9627,758,4672,281
0,9628,758,4662,282
0,9629,758,4551,283
0,9630,758,4551,284
0,9631,758,4662,285
0,9632,758,4665,286
0,9633,758,4666,287
0,9634,758,4658,288
0,9635,758,4658,289
0,9636,758,4655,290
0,9637,758,4677,291
0,9638,758,4662,292
0,9639,758,4658,293
0,9640,758,4653,294
0,9641,758,4671,295
0,9642,758,4665,296
0,9643,758,4667,297
0,9644,758,4663,298
0,9645,758,4662,299
0,9646,758,4655,310
0,9647,758,4657,311
0,9648,758,4669,312
0,9649,758,4677,313
0,9650,758,4671,314
0,9651,758,4665,315
0,9652,758,4655,316
0,9653,758,4651,317
0,9654,758,4651,318
0,9655,758,4666,319
0,9656,2758,4672,1000
0,9657,2758,4656,1001
0,9658,2758,4665,1002
0,9659,2758,4669,1003
0,9660,2758,4657,1004
0,9661,2758,4654,1010
0,9662,2758,4666,1011
0,9663,2758,4677,1012
0,9664,2758,4674,1013
0,9665,2758,4672,1014
0,9666,2758,4677,1020
0,9667,2758,4659,1021
0,9668,2758,4655,1022
0,9669,2758,4669,1023
0,9670,2758,4659,1024
0,9671,2758,4657,1030
0,9672,2758,4657,1031
0,9673,2758,4669,1032
0,9674,2758,4655,1033
0,9675,2758,4651,1034
0,9676,2758,4668,1040
0,9677,2758,4663,1041
0,9678,2758,4651,1042
0,9679,2758,4654,1043
0,9680,2758,4667,1044
0,9681,2758,4665,1050
0,9682,2758,4669,1051
0,9683,2758,4658,1052
0,9684,2758,4659,1053
0,9685,2758,4662,1054
0,9686,2758,4659,1060
0,9687,2758,4668,1061
0,9688,2758,4652,1062
0,9689,2758,4651,1063
0,9690,2758,4674,1064
0,9691,2758,4658,1070
0,9692,2758,4657,1071
0,9693,2758,4666,1072
0,9694,2758,4659,1073
0,9695,2758,4669,1074
0,9696,2758,4671,1080
0,9697,2758,4657,1081
0,9698,2758,4659,1082
0,9699,2758,4666,1083
0,9700,2758,4663,1084
0,9701,2758,4671,1085
0,9702,2758,4677,1086
0,9703,2758,4655,1087
0,9704,2758,4551,1088
0,9705,2758,4655,1089
0,9706,2758,4677,1090
0,9707,2758,4666,1091
0,9708,2758,4657,1092
0,9709,2758,4662,1093
0,9710,2758,4665,1094
0,9711,2758,4653,1095
0,9712,2758,4674,1096
0,9713,2758,4657,1097
0,9714,2758,4659,1098
0,9715,2758,4671,1099
0,9716,2758,4669,1110
0,9717,2758,4551,1111
0,9718,2758,4551,1112
0,9719,2758,4677,1113
0,9720,2758,4672,1114
0,9721,2758,4677,1135
0,9722,2758,4674,1136
0,9723,2758,4659,1137
0,9724,2758,4657,1138
0,9725,2758,4672,1139
0,9726,2758,4664,1140
0,9727,2758,4651,1141
0,9728,2758,4677,1142
0,9729,2758,4663,1143
0,9730,2758,4655,1144
0,9731,2758,4658,1145
0,9732,2758,4677,1146
0,9733,2758,4653,1147
0,9734,2758,4672,1148
0,9735,2758,4677,1149
0,9736,2758,4657,1150
0,9737,2758,4672,1151
0,9738,2758,4664,1152
0,9739,2758,4664,1153
0,9740,2758,4663,1154
0,9741,2758,4665,1155
0,9742,2758,4665,1156
0,9743,2758,4663,1157
0,9744,2758,4662,1158
0,9745,2758,4667,1159
0,9746,2758,4657,1170
0,9747,2758,4663,1171
0,9748,2758,4667,1172
0,9749,2758,4655,1173
0,9750,2758,4659,1174
0,9751,2758,4662,1195
0,9752,2758,4662,1196
0,9753,2758,4677,1197
0,9754,2758,4674,1198
0,9755,2758,4662,1199
0,9756,754,4662,0
0,9757,754,4671,1
0,9758,754,4658,2
0,9759,754,4652,3
0,9760,754,4658,4
0,9761,754,4668,5
0,9762,754,4669,6
0,9763,754,4668,7
0,9764,754,4657,8
0,9765,754,4666,9
0,9766,754,4653,10
0,9767,754,4662,11
0,9768,754,4668,12
0,9769,754,4659,13
0,9770,754,4655,14
0,9771,754,4654,15
0,9772,754,4667,16
0,9773,754,4669,17
0,9774,754,4658,18
0,9775,754,4658,19
0,9776,754,4657,25
0,9777,754,4662,26
0,9778,754,4669,27
0,9779,754,4667,28
0,9780,754,4659,29
0,9781,754,4658,30
0,9782,754,4662,31
0,9783,754,4651,32
0,9784,754,4656,33
0,9785,754,4658,34
0,9786,754,4658,35
0,9787,754,4659,36
0,9788,754,4671,37
0,9789,754,4671,38
0,9790,754,4658,39
0,9791,754,4551,40
0,9792,754,4551,41
0,9793,754,4651,42
0,9794,754,4674,43
0,9795,754,4653,44
0,9796,754,4656,45
0,9797,754,4659,46
0,9798,754,4551,47
0,9799,754,4671,48
0,9800,754,4657,49
0,9801,754,4651,50
0,9802,754,4653,51
0,9803,754,4651,52
0,9804,754,4667,53
0,9805,754,4654,54
0,9806,754,4667,55
0,9807,754,4651,56
0,9808,754,4657,57
0,9809,754,4672,58
0,9810,754,4665,59
0,9811,754,4671,65
0,9812,754,4669,66
0,9813,754,4667,67
0,9814,754,4671,68
0,9815,754,4655,69
0,9816,754,4551,70
0,9817,754,4656,71
0,9818,754,4654,72
0,9819,754,4651,73
0,9820,754,4657,74
0,9821,754,4659,75
0,9822,754,4652,76
0,9823,754,4674,77
0,9824,754,4652,78
0,9825,754,4665,79
0,9826,754,4659,80
0,9827,754,4657,81
0,9828,754,4671,82
0,9829,754,4656,83
0,9830,754,4664,84
0,9831,754,4674,85
0,9832,754,4551,86
0,9833,754,4671,87
0,9834,754,4674,88
0,9835,754,4663,89
0,9836,754,4665,90
0,9837,754,4665,91
0,9838,754,4668,92
0,9839,754,4665,93
0,9840,754,4677,94
0,9841,754,4657,95
0,9842,754,4666,96
0,9843,754,4671,97
0,9844,754,4677,98
0,9845,754,4674,99
0,9846,754,4677,105
0,9847,754,4668,106
0,9848,754,4654,107
0,9849,754,4551,108
0,9850,754,4663,109
0,9851,754,4667,110
0,9852,754,4666,111
0,9853,754,4654,112
0,9854,754,4551,113
0,9855,754,4669,114
0,9856,754,4669,115
0,9857,754,4662,116
0,9858,754,4677,117
0,9859,754,4652,118
0,9860,754,4671,119
0,9861,754,4654,120
0,9862,754,4663,121
0,9863,754,4651,122
0,9864,754,4668,123
0,9865,754,4651,124
0,9866,754,4671,125
0,9867,754,4677,126
0,9868,754,4652,127
0,9869,754,4665,128
0,9870,754,4663,129
0,9871,754,4654,130
0,9872,754,4652,131
0,9873,754,4653,132
0,9874,754,4662,133
0,9875,754,4551,134
0,9876,754,4662,135
0,9877,754,4667,136
0,9878,754,4664,137
0,9879,754,4662,138
0,9880,754,4674,139
0,9881,754,4658,145
0,9882,754,4662,146
0,9883,754,4658,147
0,9884,754,4551,148
0,9885,754,4667,149
0,9886,754,4665,150
0,9887,754,4665,151
0,9888,754,4651,152
0,9889,754,4672,153
0,9890,754,4663,154
0,9891,754,4663,155
0,9892,754,4654,156
0,9893,754,4662,157
0,9894,754,4659,158
0,9895,754,4654,159
0,9896,754,4662,160
0,9897,754,4669,161
0,9898,754,4657,162
0,9899,754,4662,163
0,9900,754,4655,164
0,9901,754,4671,165
0,9902,754,4658,166
0,9903,754,4665,167
0,9904,754,4666,168
0,9905,754,4665,169
0,9906,754,4677,170
0,9907,754,4551,171
0,9908,754,4669,172
0,9909,754,4677,173
0,9910,754,4657,174
0,9911,754,4662,175
0,9912,754,4551,176
0,9913,754,4656,177
0,9914,754,4677,178
0,9915,754,4677,179
0,9916,754,4652,185
0,9917,754,4658,186
0,9918,754,4665,187
0,9919,754,4664,188
0,9920,754,4663,189
0,9921,754,4662,190
0,9922,754,4668,191
0,9923,754,4662,192
0,9924,754,4655,193
0,9925,754,4551,194
0,9926,754,4659,195
0,9927,754,4655,196
0,9928,754,4658,197
0,9929,754,4677,198
0,9930,754,4665,199
0,9931,754,4672,200
0,9932,754,4656,201
0,9933,754,4551,202
0,9934,754,4663,203
0,9935,754,4659,204
0,9936,754,4669,205
0,9937,754,4672,206
0,9938,754,4672,207
0,9939,754,4669,208
0,9940,754,4659,209
0,9941,754,4665,210
0,9942,754,4669,211
0,9943,754,4655,212
0,9944,754,4674,213
0,9945,754,4677,214
0,9946,754,4651,215
0,9947,754,4672,216
0,9948,754,4551,217
0,9949,754,4659,218
0,9950,754,4671,219
0,9951,754,4654,225
0,9952,754,4657,226
0,9953,754,4666,227
0,9954,754,4672,228
0,9955,754,4668,229
0,9956,754,4651,230
0,9957,754,4677,231
0,9958,754,4651,232
0,9959,754,4662,233
0,9960,754,4671,234
0,9961,754,4665,235
0,9962,754,4671,236
0,9963,754,4655,237
0,9964,754,4671,238
0,9965,754,4663,239
0,9966,754,4551,240
0,9967,754,4656,241
0,9968,754,4652,242
0,9969,754,4663,243
0,9970,754,4667,244
0,9971,754,4674,245
0,9972,754,4667,246
0,9973,754,4657,247
0,9974,754,4653,248
0,9975,754,4671,249
0,9976,754,4664,250
0,9977,754,4665,251
0,9978,754,4666,252
0,9979,754,4677,253
0,9980,754,4655,254
0,9981,754,4672,255
0,9982,754,4669,256
0,9983,754,4658,257
0,9984,754,4672,258
0,9985,754,4659,259
0,9986,754,4551,265
0,9987,754,4659,266
0,9988,754,4656,267
0,9989,754,4653,268
0,9990,754,4669,269
0,9991,754,4672,270
0,9992,754,4655,271
0,9993,754,4674,272
0,9994,754,4659,273
0,9995,754,4672,274
0,9996,754,4666,275
0,9997,754,4663,276
0,9998,754,4671,277
0,9999,754,4666,278
0,10000,754,4652,279
0,10001,754,4659,280
0,10002,754,4656,281
0,10003,754,4651,282
0,10004,754,4664,283
0,10005,754,4655,284
0,10006,754,4651,285
0,10007,754,4653,286
0,10008,754,4551,287
0,10009,754,4672,288
0,10010,754,4651,289
0,10011,754,4672,290
0,10012,754,4657,291
0,10013,754,4666,292
0,10014,754,4551,293
0,10015,754,4665,294
0,10016,754,4653,295
0,10017,754,4659,296
0,10018,754,4672,297
0,10019,754,4672,298
0,10020,754,4665,299
0,10021,754,4654,305
0,10022,754,4672,306
0,10023,754,4671,307
0,10024,754,4653,308
0,10025,754,4668,309
0,10026,754,4656,310
0,10027,754,4651,311
0,10028,754,4656,312
0,10029,754,4657,313
0,10030,754,4664,314
0,10031,754,4652,315
0,10032,754,4654,316
0,10033,754,4657,317
0,10034,754,4655,318
0,10035,754,4651,319
0,10036,2754,4669,1000
0,10037,2754,4657,1001
0,10038,2754,4652,1002
0,10039,2754,4666,1003
0,10040,2754,4669,1004
0,10041,2754,4677,1010
0,10042,2754,4669,1011
0,10043,2754,4668,1012
0,10044,2754,4651,1013
0,10045,2754,4659,1014
0,10046,2754,4664,1020
0,10047,2754,4658,1021
0,10048,2754,4659,1022
0,10049,2754,4656,1023
0,10050,2754,4662,1024
0,10051,2754,4654,1030
0,10052,2754,4659,1031
0,10053,2754,4666,1032
0,10054,2754,4654,1033
0,10055,2754,4668,1034
0,10056,2754,4655,1040
0,10057,2754,4677,1041
0,10058,2754,4665,1042
0,10059,2754,4677,1043
0,10060,2754,4651,1044
0,10061,2754,4667,1050
0,10062,2754,4551,1051
0,10063,2754,4655,1052
0,10064,2754,4658,1053
0,10065,2754,4672,1054
0,10066,2754,4677,1060
0,10067,2754,4677,1061
0,10068,2754,4662,1062
0,10069,2754,4662,1063
0,10070,2754,4677,1064
0,10071,2754,4651,1070
0,10072,2754,4656,1071
0,10073,2754,4671,1072
0,10074,2754,4667,1073
0,10075,2754,4658,1074
0,10076,2754,4653,1080
0,10077,2754,4663,1081
0,10078,2754,4663,1082
0,10079,2754,4671,1083
0,10080,2754,4662,1084
0,10081,2754,4654,1085
0,10082,2754,4662,1086
0,10083,2754,4667,1087
0,10084,2754,4662,1088
0,10085,2754,4674,1089
0,10086,2754,4664,1090
0,10087,2754,4677,1091
0,10088,2754,4662,1092
0,10089,2754,4677,1093
0,10090,2754,4668,1094
0,10091,2754,4669,1095
0,10092,2754,4651,1096
0,10093,2754,4551,1097
0,10094,2754,4668,1098
0,10095,2754,4674,1099
0,10096,2754,4657,1105
0,10097,2754,4653,1106
0,10098,2754,4651,1107
0,10099,2754,4551,1108
0,10100,2754,4659,1109
0,10101,2754,4551,1110
0,10102,2754,4677,1111
0,10103,2754,4663,1112
0,10104,2754,4674,1113
0,10105,2754,4651,1114
0,10106,2754,4654,1135
0,10107,2754,4671,1136
0,10108,2754,4674,1137
0,10109,2754,4672,1138
0,10110,2754,4656,1139
0,10111,2754,4669,1140
0,10112,2754,4666,1141
0,10113,2754,4659,1142
0,10114,2754,4669,1143
0,10115,2754,4551,1144
0,10116,2754,4655,1145
0,10117,2754,4674,1146
0,10118,2754,4551,1147
0,10119,2754,4664,1148
0,10120,2754,4665,1149
0,10121,2754,4658,1150
0,10122,2754,4652,1151
0,10123,2754,4657,1152
0,10124,2754,4669,1153
0,10125,2754,4657,1154
0,10126,2754,4677,1155
0,10127,2754,4663,1156
0,10128,2754,4655,1157
0,10129,2754,4664,1158
0,10130,2754,4662,1159
0,10131,2754,4656,1165
0,10132,2754,4668,1166
0,10133,2754,4656,1167
0,10134,2754,4657,1168
0,10135,2754,4662,1169
0,10136,2754,4665,1170
0,10137,2754,4551,1171
0,10138,2754,4671,1172
0,10139,2754,4657,1173
0,10140,2754,4655,1174
0,10141,2754,4654,1195
0,10142,2754,4651,1196
0,10143,2754,4667,1197
0,10144,2754,4665,1198
0,10145,2754,4652,1199
0,10146,760,4659,0
0,10147,760,4655,1
0,10148,760,4652,2
0,10149,760,4551,3
0,10150,760,4657,4
0,10151,760,4662,5
0,10152,760,4655,6
0,10153,760,4674,7
0,10154,760,4652,8
0,10155,760,4651,9
0,10156,760,4551,10
0,10157,760,4663,11
0,10158,760,4666,12
0,10159,760,4663,13
0,10160,760,4669,14
0,10161,760,4677,15
0,10162,760,4666,16
0,10163,760,4665,17
0,10164,760,4551,18
0,10165,760,4653,19
0,10166,760,4665,20
0,10167,760,4659,21
0,10168,760,4652,22
0,10169,760,4657,23
0,10170,760,4674,24
0,10171,760,4666,30
0,10172,760,4551,31
0,10173,760,4551,32
0,10174,760,4669,33
0,10175,760,4659,34
0,10176,760,4667,35
0,10177,760,4662,36
0,10178,760,4651,37
0,10179,760,4657,38
0,10180,760,4657,39
0,10181,760,4677,40
0,10182,760,4663,41
0,10183,760,4663,42
0,10184,760,4654,43
0,10185,760,4674,44
0,10186,760,4653,45
0,10187,760,4664,46
0,10188,760,4667,47
0,10189,760,4659,48
0,10190,760,4665,49
0,10191,760,4663,50
0,10192,760,4667,51
0,10193,760,4663,52
0,10194,760,4655,53
0,10195,760,4655,54
0,10196,760,4672,55
0,10197,760,4659,56
0,10198,760,4665,57
0,10199,760,4662,58
0,10200,760,4667,59
0,10201,760,4671,60
0,10202,760,4663,61
0,10203,760,4654,62
0,10204,760,4657,63
0,10205,760,4669,64
0,10206,760,4671,70
0,10207,760,4665,71
0,10208,760,4659,72
0,10209,760,4667,73
0,10210,760,4652,74
0,10211,760,4656,75
0,10212,760,4659,76
0,10213,760,4659,77
0,10214,760,4665,78
0,10215,760,4674,79
0,10216,760,4667,80
0,10217,760,4677,81
0,10218,760,4668,82
0,10219,760,4668,83
0,10220,760,4653,84
0,10221,760,4668,85
0,10222,760,4669,86
0,10223,760,4654,87
0,10224,760,4656,88
0,10225,760,4667,89
0,10226,760,4657,90
0,10227,760,4659,91
0,10228,760,4652,92
0,10229,760,4667,93
0,10230,760,4654,94
0,10231,760,4655,95
0,10232,760,4674,96
0,10233,760,4652,97
0,10234,760,4662,98
0,10235,760,4669,99
0,10236,760,4662,100
0,10237,760,4652,101
0,10238,760,4659,102
0,10239,760,4672,103
0,10240,760,4657,104
0,10241,760,4657,110
0,10242,760,4669,111
0,10243,760,4671,112
0,10244,760,4668,113
0,10245,760,4657,114
0,10246,760,4672,115
0,10247,760,4677,116
0,10248,760,4665,117
0,10249,760,4666,118
0,10250,760,4662,119
0,10251,760,4669,120
0,10252,760,4677,121
0,10253,760,4665,122
0,10254,760,4657,123
0,10255,760,4665,124
0,10256,760,4674,125
0,10257,760,4657,126
0,10258,760,4654,127
0,10259,760,4651,128
0,10260,760,4657,129
0,10261,760,4657,130
0,10262,760,4651,131
0,10263,760,4662,132
0,10264,760,4677,133
0,10265,760,4666,134
0,10266,760,4671,135
0,10267,760,4662,136
0,10268,760,4674,137
0,10269,760,4651,138
0,10270,760,4651,139
0,10271,760,4667,140
0,10272,760,4667,141
0,10273,760,4659,142
0,10274,760,4654,143
0,10275,760,4662,144
0,10276,760,4659,150
0,10277,760,4671,151
0,10278,760,4551,152
0,10279,760,4664,153
0,10280,760,4662,154
0,10281,760,4656,155
0,10282,760,4651,156
0,10283,760,4671,157
0,10284,760,4651,158
0,10285,760,4656,159
0,10286,760,4674,160
0,10287,760,4653,161
0,10288,760,4653,162
0,10289,760,4666,163
0,10290,760,4672,164
0,10291,760,4655,165
0,10292,760,4653,166
0,10293,760,4666,167
0,10294,760,4662,168
0,10295,760,4651,169
0,10296,760,4672,170
0,10297,760,4654,171
0,10298,760,4671,172
0,10299,760,4656,173
0,10300,760,4662,174
0,10301,760,4651,175
0,10302,760,4664,176
0,10303,760,4665,177
0,10304,760,4651,178
0,10305,760,4662,179
0,10306,760,4665,180
0,10307,760,4665,181
0,10308,760,4653,182
0,10309,760,4667,183
0,10310,760,4668,184
0,10311,760,4659,190
0,10312,760,4664,191
0,10313,760,4659,192
0,10314,760,4672,193
0,10315,760,4655,194
0,10316,760,4677,195
0,10317,760,4551,196
0,10318,760,4655,197
0,10319,760,4668,198
0,10320,760,4657,199
0,10321,760,4665,200
0,10322,760,4668,201
0,10323,760,4653,202
0,10324,760,4656,203
0,10325,760,4551,204
0,10326,760,4667,205
0,10327,760,4674,206
0,10328,760,4657,207
0,10329,760,4672,208
0,10330,760,4672,209
0,10331,760,4672,210
0,10332,760,4651,211
0,10333,760,4671,212
0,10334,760,4662,213
0,10335,760,4665,214
0,10336,760,4659,215
0,10337,760,4667,216
0,10338,760,4656,217
0,10339,760,4671,218
0,10340,760,4657,219
0,10341,760,4674,220
0,10342,760,4667,221
0,10343,760,4663,222
0,10344,760,4654,223
0,10345,760,4653,224
0,10346,760,4655,230
0,10347,760,4651,231
0,10348,760,4657,232
0,10349,760,4667,233
0,10350,760,4655,234
0,10351,760,4671,235
0,10352,760,4668,236
0,10353,760,4665,237
0,10354,760,4666,238
0,10355,760,4667,239
0,10356,760,4671,240
0,10357,760,4666,241
0,10358,760,4665,242
0,10359,760,4657,243
0,10360,760,4665,244
0,10361,760,4655,245
0,10362,760,4551,246
0,10363,760,4664,247
0,10364,760,4666,248
0,10365,760,4672,249
0,10366,760,4655,250
0,10367,760,4657,251
0,10368,760,4663,252
0,10369,760,4551,253
0,10370,760,4672,254
0,10371,760,4654,255
0,10372,760,4651,256
0,10373,760,4672,257
0,10374,760,4669,258
0,10375,760,4551,259
0,10376,760,4665,260
0,10377,760,4665,261
0,10378,760,4657,262
0,10379,760,4659,263
0,10380,760,4653,264
0,10381,760,4655,270
0,10382,760,4551,271
0,10383,760,4657,272
0,10384,760,4671,273
0,10385,760,4674,274
0,10386,760,4659,275
0,10387,760,4662,276
0,10388,760,4656,277
0,10389,760,4657,278
0,10390,760,4668,279
0,10391,760,4667,280
0,10392,760,4671,281
0,10393,760,4659,282
0,10394,760,4663,283
0,10395,760,4663,284
0,10396,760,4677,285
0,10397,760,4666,286
0,10398,760,4657,287
0,10399,760,4671,288
0,10400,760,4671,289
0,10401,760,4654,290
0,10402,760,4672,291
0,10403,760,4651,292
0,10404,760,4664,293
0,10405,760,4551,294
0,10406,760,4677,295
0,10407,760,4667,296
0,10408,760,4653,297
0,10409,760,4674,298
0,10410,760,4653,299
0,10411,760,4672,300
0,10412,760,4667,301
0,10413,760,4667,302
0,10414,760,4666,303
0,10415,760,4671,304
0,10416,760,4651,310
0,10417,760,4672,311
0,10418,760,4672,312
0,10419,760,4665,313
0,10420,760,4657,314
0,10421,760,4663,315
0,10422,760,4662,316
0,10423,760,4652,317
0,10424,760,4668,318
0,10425,760,4656,319
0,10426,2760,4668,1000
0,10427,2760,4663,1001
0,10428,2760,4654,1002
0,10429,2760,4657,1003
0,10430,2760,4652,1004
0,10431,2760,4667,1010
0,10432,2760,4651,1011
0,10433,2760,4651,1012
0,10434,2760,4656,1013
0,10435,2760,4663,1014
0,10436,2760,4666,1020
0,10437,2760,4551,1021
0,10438,2760,4657,1022
0,10439,2760,4668,1023
0,10440,2760,4668,1024
0,10441,2760,4652,1030
0,10442,2760,4653,1031
0,10443,2760,4672,1032
0,10444,2760,4657,1033
0,10445,2760,4659,1034
0,10446,2760,4657,1040
0,10447,2760,4652,1041
0,10448,2760,4666,1042
0,10449,2760,4665,1043
0,10450,2760,4666,1044
0,10451,2760,4664,1050
0,10452,2760,4668,1051
0,10453,2760,4674,1052
0,10454,2760,4674,1053
0,10455,2760,4677,1054
0,10456,2760,4664,1060
0,10457,2760,4665,1061
0,10458,2760,4651,1062
0,10459,2760,4677,1063
0,10460,2760,4655,1064
0,10461,2760,4666,1070
0,10462,2760,4659,1071
0,10463,2760,4674,1072
0,10464,2760,4663,1073
0,10465,2760,4662,1074
0,10466,2760,4677,1080
0,10467,2760,4669,1081
0,10468,2760,4653,1082
0,10469,2760,4665,1083
0,10470,2760,4654,1084
0,10471,2760,4551,1085
0,10472,2760,4654,1086
0,10473,2760,4677,1087
0,10474,2760,4656,1088
0,10475,2760,4672,1089
0,10476,2760,4671,1090
0,10477,2760,4551,1091
0,10478,2760,4669,1092
0,10479,2760,4656,1093
0,10480,2760,4657,1094
0,10481,2760,4677,1095
0,10482,2760,4671,1096
0,10483,2760,4654,1097
0,10484,2760,4655,1098
0,10485,2760,4657,1099
0,10486,2760,4671,1100
0,10487,2760,4662,1101
0,10488,2760,4667,1102
0,10489,2760,4662,1103
0,10490,2760,4656,1104
0,10491,2760,4657,1110
0,10492,2760,4652,1111
0,10493,2760,4672,1112
0,10494,2760,4657,1113
0,10495,2760,4654,1114
0,10496,2760,4667,1135
0,10497,2760,4655,1136
0,10498,2760,4672,1137
0,10499,2760,4665,1138
0,10500,2760,4669,1139
0,10501,2760,4677,1140
0,10502,2760,4671,1141
0,10503,2760,4672,1142
0,10504,2760,4654,1143
0,10505,2760,4654,1144
0,10506,2760,4668,1145
0,10507,2760,4669,1146
0,10508,2760,4652,1147
0,10509,2760,4653,1148
0,10510,2760,4666,1149
0,10511,2760,4551,1150
0,10512,2760,4666,1151
0,10513,2760,4653,1152
0,10514,2760,4662,1153
0,10515,2760,4665,1154
0,10516,2760,4651,1155
0,10517,2760,4551,1156
0,10518,2760,4671,1157
0,10519,2760,4666,1158
0,10520,2760,4677,1159
0,10521,2760,4672,1160
0,10522,2760,4655,1161
0,10523,2760,4656,1162
0,10524,2760,4674,1163
0,10525,2760,4666,1164
0,10526,2760,4672,1170
0,10527,2760,4666,1171
0,10528,2760,4651,1172
0,10529,2760,4654,1173
0,10530,2760,4656,1174
0,10531,2760,4659,1195
0,10532,2760,4654,1196
0,10533,2760,4656,1197
0,10534,2760,4669,1198
0,10535,2760,4671,1199
0,10536,762,4672,0
0,10537,762,4659,1
0,10538,762,4665,2
0,10539,762,4655,3
0,10540,762,4664,4
0,10541,762,4674,5
0,10542,762,4658,6
0,10543,762,4671,7
0,10544,762,4671,8
0,10545,762,4672,9
0,10546,762,4671,10
0,10547,762,4651,11
0,10548,762,4665,12
0,10549,762,4664,13
0,10550,762,4652,14
0,10551,762,4665,15
0,10552,762,4652,16
0,10553,762,4677,17
0,10554,762,4659,18
0,10555,762,4651,19
0,10556,762,4668,20
0,10557,762,4658,21
0,10558,762,4551,22
0,10559,762,4654,23
0,10560,762,4664,24
0,10561,762,4658,25
0,10562,762,4671,26
0,10563,762,4651,27
0,10564,762,4657,28
0,10565,762,4651,29
0,10566,762,4669,35
0,10567,762,4668,36
0,10568,762,4665,37
0,10569,762,4674,38
0,10570,762,4664,39
0,10571,762,4655,40
0,10572,762,4671,41
0,10573,762,4672,42
0,10574,762,4669,43
0,10575,762,4654,44
0,10576,762,4663,45
0,10577,762,4657,46
0,10578,762,4671,47
0,10579,762,4668,48
0,10580,762,4658,49
0,10581,762,4653,50
0,10582,762,4677,51
0,10583,762,4672,52
0,10584,762,4677,53
0,10585,762,4665,54
0,10586,762,4659,55
0,10587,762,4551,56
0,10588,762,4658,57
0,10589,762,4664,58
0,10590,762,4677,59
0,10591,762,4663,60
0,10592,762,4652,61
0,10593,762,4674,62
0,10594,762,4653,63
0,10595,762,4674,64
0,10596,762,4662,65
0,10597,762,4653,66
0,10598,762,4653,67
0,10599,762,4672,68
0,10600,762,4652,69
0,10601,762,4662,75
0,10602,762,4651,76
0,10603,762,4657,77
0,10604,762,4655,78
0,10605,762,4651,79
0,10606,762,4655,80
0,10607,762,4665,81
0,10608,762,4657,82
0,10609,762,4662,83
0,10610,762,4671,84
0,10611,762,4653,85
0,10612,762,4671,86
0,10613,762,4551,87
0,10614,762,4677,88
0,10615,762,4669,89
0,10616,762,4674,90
0,10617,762,4677,91
0,10618,762,4665,92
0,10619,762,4655,93
0,10620,762,4652,94
0,10621,762,4669,95
0,10622,762,4655,96
0,10623,762,4672,97
0,10624,762,4659,98
0,10625,762,4658,99
0,10626,762,4663,100
0,10627,762,4659,101
0,10628,762,4664,102
0,10629,762,4664,103
0,10630,762,4664,104
0,10631,762,4669,105
0,10632,762,4652,106
0,10633,762,4662,107
0,10634,762,4662,108
0,10635,762,4662,109
0,10636,762,4658,115
0,10637,762,4654,116
0,10638,762,4653,117
0,10639,762,4657,118
0,10640,762,4655,119
0,10641,762,4663,120
0,10642,762,4667,121
0,10643,762,4671,122
0,10644,762,4654,123
0,10645,762,4551,124
0,10646,762,4662,125
0,10647,762,4664,126
0,10648,762,4657,127
0,10649,762,4671,128
0,10650,762,4656,129
0,10651,762,4651,130
0,10652,762,4667,131
0,10653,762,4665,132
0,10654,762,4551,133
0,10655,762,4651,134
0,10656,762,4651,135
0,10657,762,4654,136
0,10658,762,4655,137
0,10659,762,4664,138
0,10660,762,4669,139
0,10661,762,4654,140
0,10662,762,4668,141
0,10663,762,4652,142
0,10664,762,4672,143
0,10665,762,4672,144
0,10666,762,4666,145
0,10667,762,4651,146
0,10668,762,4663,147
0,10669,762,4666,148
0,10670,762,4655,149
0,10671,762,4653,155
0,10672,762,4677,156
0,10673,762,4663,157
0,10674,762,4671,158
0,10675,762,4663,159
0,10676,762,4672,160
0,10677,762,4659,161
0,10678,762,4655,162
0,10679,762,4664,163
0,10680,762,4666,164
0,10681,762,4658,165
0,10682,762,4655,166
0,10683,762,4662,167
0,10684,762,4657,168
0,10685,762,4668,169
0,10686,762,4665,170
0,10687,762,4653,171
0,10688,762,4658,172
0,10689,762,4671,173
0,10690,762,4663,174
0,10691,762,4671,175
0,10692,762,4651,176
0,10693,762,4668,177
0,10694,762,4652,178
0,10695,762,4655,179
0,10696,762,4664,180
0,10697,762,4666,181
0,10698,762,4662,182
0,10699,762,4665,183
0,10700,762,4663,184
0,10701,762,4651,185
0,10702,762,4551,186
0,10703,762,4663,187
0,10704,762,4668,188
0,10705,762,4653,189
0,10706,762,4654,195
0,10707,762,4651,196
0,10708,762,4657,197
0,10709,762,4658,198
0,10710,762,4677,199
0,10711,762,4651,200
0,10712,762,4672,201
0,10713,762,4655,202
0,10714,762,4677,203
0,10715,762,4657,204
0,10716,762,4663,205
0,10717,762,4664,206
0,10718,762,4665,207
0,10719,762,4668,208
0,10720,762,4662,209
0,10721,762,4651,210
0,10722,762,4662,211
0,10723,762,4663,212
0,10724,762,4651,213
0,10725,762,4652,214
0,10726,762,4653,215
0,10727,762,4664,216
0,10728,762,4651,217
0,10729,762,4669,218
0,10730,762,4662,219
0,10731,762,4652,220
0,10732,762,4653,221
0,10733,762,4656,222
0,10734,762,4653,223
0,10735,762,4655,224
0,10736,762,4669,225
0,10737,762,4669,226
0,10738,762,4667,227
0,10739,762,4657,228
0,10740,762,4659,229
0,10741,762,4659,235
0,10742,762,4674,236
0,10743,762,4657,237
0,10744,762,4659,238
0,10745,762,4662,239
0,10746,762,4674,240
0,10747,762,4672,241
0,10748,762,4551,242
0,10749,762,4655,243
0,10750,762,4668,244
0,10751,762,4662,245
0,10752,762,4677,246
0,10753,762,4653,247
0,10754,762,4669,248
0,10755,762,4656,249
0,10756,762,4666,250
0,10757,762,4671,251
0,10758,762,4551,252
0,10759,762,4664,253
0,10760,762,4652,254
0,10761,762,4655,255
0,10762,762,4655,256
0,10763,762,4652,257
0,10764,762,4666,258
0,10765,762,4666,259
0,10766,762,4671,260
0,10767,762,4653,261
0,10768,762,4667,262
0,10769,762,4654,263
0,10770,762,4551,264
0,10771,762,4671,265
0,10772,762,4651,266
0,10773,762,4677,267
0,10774,762,4662,268
0,10775,762,4654,269
0,10776,762,4651,275
0,10777,762,4655,276
0,10778,762,4674,277
0,10779,762,4677,278
0,10780,762,4671,279
0,10781,762,4677,280
0,10782,762,4652,281
0,10783,762,4657,282
0,10784,762,4669,283
0,10785,762,4654,284
0,10786,762,4664,285
0,10787,762,4551,286
0,10788,762,4663,287
0,10789,762,4669,288
0,10790,762,4668,289
0,10791,762,4677,290
0,10792,762,4651,291
0,10793,762,4658,292
0,10794,762,4671,293
0,10795,762,4669,294
0,10796,762,4662,295
0,10797,762,4655,296
0,10798,762,4665,297
0,10799,762,4658,298
0,10800,762,4672,299
0,10801,762,4656,300
0,10802,762,4668,301
0,10803,762,4652,302
0,10804,762,4672,303
0,10805,762,4551,304
0,10806,762,4651,305
0,10807,762,4667,306
0,10808,762,4662,307
0,10809,762,4658,308
0,10810,762,4651,309
0,10811,762,4677,315
0,10812,762,4551,316
0,10813,762,4663,317
0,10814,762,4662,318
0,10815,762,4672,319
0,10816,2762,4665,1000
0,10817,2762,4551,1001
0,10818,2762,4667,1002
0,10819,2762,4662,1003
0,10820,2762,4651,1004
0,10821,2762,4658,1010
0,10822,2762,4551,1011
0,10823,2762,4671,1012
0,10824,2762,4551,1013
0,10825,2762,4668,1014
0,10826,2762,4665,1020
0,10827,2762,4674,1021
0,10828,2762,4677,1022
0,10829,2762,4665,1023
0,10830,2762,4677,1024
0,10831,2762,4659,1030
0,10832,2762,4666,1031
0,10833,2762,4668,1032
0,10834,2762,4669,1033
0,10835,2762,4551,1034
0,10836,2762,4671,1040
0,10837,2762,4658,1041
0,10838,2762,4677,1042
0,10839,2762,4664,1043
0,10840,2762,4653,1044
0,10841,2762,4677,1050
0,10842,2762,4653,1051
0,10843,2762,4667,1052
0,10844,2762,4551,1053
0,10845,2762,4667,1054
0,10846,2762,4665,1060
0,10847,2762,4654,1061
0,10848,2762,4674,1062
0,10849,2762,4672,1063
0,10850,2762,4662,1064
0,10851,2762,4656,1070
0,10852,2762,4669,1071
0,10853,2762,4659,1072
0,10854,2762,4655,1073
0,10855,2762,4663,1074
0,10856,2762,4668,1080
0,10857,2762,4677,1081
0,10858,2762,4666,1082
0,10859,2762,4651,1083
0,10860,2762,4551,1084
0,10861,2762,4668,1085
0,10862,2762,4671,1086
0,10863,2762,4652,1087
0,10864,2762,4677,1088
0,10865,2762,4651,1089
0,10866,2762,4672,1090
0,10867,2762,4664,1091
0,10868,2762,4677,1092
0,10869,2762,4667,1093
0,10870,2762,4669,1094
0,10871,2762,4658,1095
0,10872,2762,4659,1096
0,10873,2762,4659,1097
0,10874,2762,4662,1098
0,10875,2762,4659,1099
0,10876,2762,4677,1100
0,10877,2762,4671,1101
0,10878,2762,4664,1102
0,10879,2762,4665,1103
0,10880,2762,4658,1104
0,10881,2762,4551,1105
0,10882,2762,4671,1106
0,10883,2762,4667,1107
0,10884,2762,4656,1108
0,10885,2762,4655,1109
0,10886,2762,4655,1135
0,10887,2762,4665,1136
0,10888,2762,4668,1137
0,10889,2762,4659,1138
0,10890,2762,4662,1139
0,10891,2762,4663,1140
0,10892,2762,4659,1141
0,10893,2762,4653,1142
0,10894,2762,4671,1143
0,10895,2762,4659,1144
0,10896,2762,4652,1145
0,10897,2762,4658,1146
0,10898,2762,4662,1147
0,10899,2762,4551,1148
0,10900,2762,4657,1149
0,10901,2762,4672,1150
0,10902,2762,4664,1151
0,10903,2762,4662,1152
0,10904,2762,4667,1153
0,10905,2762,4656,1154
0,10906,2762,4658,1155
0,10907,2762,4667,1156
0,10908,2762,4651,1157
0,10909,2762,4672,1158
0,10910,2762,4656,1159
0,10911,2762,4669,1160
0,10912,2762,4663,1161
0,10913,2762,4657,1162
0,10914,2762,4657,1163
0,10915,2762,4664,1164
0,10916,2762,4664,1165
0,10917,2762,4657,1166
0,10918,2762,4677,1167
0,10919,2762,4551,1168
0,10920,2762,4666,1169
0,10921,2762,4667,1195
0,10922,2762,4669,1196
0,10923,2762,4662,1197
0,10924,2762,4668,1198
0,10925,2762,4663,1199
0,10926,750,4655,0
0,10927,750,4674,1
0,10928,750,4672,2
0,10929,750,4663,3
0,10930,750,4667,4
0,10931,750,4669,5
0,10932,750,4659,6
0,10933,750,4657,7
0,10934,750,4677,8
0,10935,750,4671,9
0,10936,750,4666,10
0,10937,750,4551,11
0,10938,750,4672,12
0,10939,750,4662,13
0,10940,750,4659,14
0,10941,750,4658,15
0,10942,750,4657,16
0,10943,750,4671,17
0,10944,750,4667,18
0,10945,750,4667,19
0,10946,750,4657,20
0,10947,750,4671,21
0,10948,750,4662,22
0,10949,750,4671,23
0,10950,750,4551,24
0,10951,750,4551,25
0,10952,750,4652,26
0,10953,750,4666,27
0,10954,750,4671,28
0,10955,750,4658,29
0,10956,750,4657,30
0,10957,750,4665,31
0,10958,750,4665,32
0,10959,750,4551,33
0,10960,750,4672,34
0,10961,750,4663,40
0,10962,750,4665,41
0,10963,750,4655,42
0,10964,750,4671,43
0,10965,750,4665,44
0,10966,750,4674,45
0,10967,750,4551,46
0,10968,750,4668,47
0,10969,750,4551,48
0,10970,750,4664,49
0,10971,750,4674,50
0,10972,750,4652,51
0,10973,750,4668,52
0,10974,750,4668,53
0,10975,750,4668,54
0,10976,750,4668,55
0,10977,750,4672,56
0,10978,750,4651,57
0,10979,750,4658,58
0,10980,750,4664,59
0,10981,750,4655,60
0,10982,750,4657,61
0,10983,750,4668,62
0,10984,750,4663,63
0,10985,750,4666,64
0,10986,750,4677,65
0,10987,750,4652,66
0,10988,750,4671,67
0,10989,750,4654,68
0,10990,750,4651,69
0,10991,750,4654,70
0,10992,750,4677,71
0,10993,750,4671,72
0,10994,750,4551,73
0,10995,750,4669,74
0,10996,750,4677,80
0,10997,750,4655,81
0,10998,750,4677,82
0,10999,750,4667,83
0,11000,750,4666,84
0,11001,750,4672,85
0,11002,750,4665,86
0,11003,750,4662,87
0,11004,750,4669,88
0,11005,750,4677,89
0,11006,750,4669,90
0,11007,750,4658,91
0,11008,750,4663,92
0,11009,750,4652,93
0,11010,750,4663,94
0,11011,750,4658,95
0,11012,750,4672,96
0,11013,750,4654,97
0,11014,750,4671,98
0,11015,750,4677,99
0,11016,750,4655,100
0,11017,750,4655,101
0,11018,750,4658,102
0,11019,750,4667,103
0,11020,750,4653,104
0,11021,750,4663,105
0,11022,750,4677,106
0,11023,750,4668,107
0,11024,750,4659,108
0,11025,750,4651,109
0,11026,750,4651,110
0,11027,750,4662,111
0,11028,750,4667,112
0,11029,750,4655,113
0,11030,750,4671,114
0,11031,750,4665,120
0,11032,750,4672,121
0,11033,750,4672,122
0,11034,750,4658,123
0,11035,750,4657,124
0,11036,750,4551,125
0,11037,750,4663,126
0,11038,750,4674,127
0,11039,750,4655,128
0,11040,750,4655,129
0,11041,750,4655,130
0,11042,750,4656,131
0,11043,750,4669,132
0,11044,750,4652,133
0,11045,750,4656,134
0,11046,750,4657,135
0,11047,750,4653,136
0,11048,750,4671,137
0,11049,750,4671,138
0,11050,750,4659,139
0,11051,750,4656,140
0,11052,750,4659,141
0,11053,750,4654,142
0,11054,750,4668,143
0,11055,750,4668,144
0,11056,750,4659,145
0,11057,750,4659,146
0,11058,750,4677,147
0,11059,750,4674,148
0,11060,750,4668,149
0,11061,750,4667,150
0,11062,750,4653,151
0,11063,750,4668,152
0,11064,750,4655,153
0,11065,750,4667,154
0,11066,750,4654,160
0,11067,750,4671,161
0,11068,750,4671,162
0,11069,750,4657,163
0,11070,750,4659,164
0,11071,750,4662,165
0,11072,750,4668,166
0,11073,750,4668,167
0,11074,750,4656,168
0,11075,750,4658,169
0,11076,750,4657,170
0,11077,750,4677,171
0,11078,750,4651,172
0,11079,750,4652,173
0,11080,750,4672,174
0,11081,750,4551,175
0,11082,750,4672,176
0,11083,750,4671,177
0,11084,750,4672,178
0,11085,750,4669,179
0,11086,750,4668,180
0,11087,750,4655,181
0,11088,750,4665,182
0,11089,750,4672,183
0,11090,750,4656,184
0,11091,750,4672,185
0,11092,750,4663,186
0,11093,750,4674,187
0,11094,750,4658,188
0,11095,750,4658,189
0,11096,750,4677,190
0,11097,750,4551,191
0,11098,750,4657,192
0,11099,750,4664,193
0,11100,750,4652,194
0,11101,750,4662,200
0,11102,750,4667,201
0,11103,750,4659,202
0,11104,750,4672,203
0,11105,750,4653,204
0,11106,750,4652,205
0,11107,750,4665,206
0,11108,750,4654,207
0,11109,750,4658,208
0,11110,750,4658,209
0,11111,750,4671,210
0,11112,750,4665,211
0,11113,750,4653,212
0,11114,750,4669,213
0,11115,750,4666,214
0,11116,750,4654,215
0,11117,750,4669,216
0,11118,750,4663,217
0,11119,750,4657,218
0,11120,750,4653,219
0,11121,750,4663,220
0,11122,750,4651,221
0,11123,750,4674,222
0,11124,750,4657,223
0,11125,750,4669,224
0,11126,750,4663,225
0,11127,750,4662,226
0,11128,750,4669,227
0,11129,750,4662,228
0,11130,750,4656,229
0,11131,750,4654,230
0,11132,750,4668,231
0,11133,750,4669,232
0,11134,750,4657,233
0,11135,750,4653,234
0,11136,750,4668,240
0,11137,750,4654,241
0,11138,750,4671,242
0,11139,750,4652,243
0,11140,750,4666,244
0,11141,750,4663,245
0,11142,750,4672,246
0,11143,750,4655,247
0,11144,750,4662,248
0,11145,750,4664,249
0,11146,750,4671,250
0,11147,750,4662,251
0,11148,750,4657,252
0,11149,750,4669,253
0,11150,750,4662,254
0,11151,750,4651,255
0,11152,750,4674,256
0,11153,750,4665,257
0,11154,750,4658,258
0,11155,750,4669,259
0,11156,750,4677,260
0,11157,750,4657,261
0,11158,750,4551,262
0,11159,750,4668,263
0,11160,750,4669,264
0,11161,750,4653,265
0,11162,750,4669,266
0,11163,750,4652,267
0,11164,750,4665,268
0,11165,750,4666,269
0,11166,750,4659,270
0,11167,750,4666,271
0,11168,750,4658,272
0,11169,750,4665,273
0,11170,750,4651,274
0,11171,750,4651,280
0,11172,750,4654,281
0,11173,750,4664,282
0,11174,750,4653,283
0,11175,750,4662,284
0,11176,750,4653,285
0,11177,750,4664,286
0,11178,750,4677,287
0,11179,750,4662,288
0,11180,750,4677,289
0,11181,750,4658,290
0,11182,750,4671,291
0,11183,750,4667,292
0,11184,750,4677,293
0,11185,750,4652,294
0,11186,750,4655,295
0,11187,750,4652,296
0,11188,750,4669,297
0,11189,750,4669,298
0,11190,750,4677,299
0,11191,750,4663,300
0,11192,750,4664,301
0,11193,750,4666,302
0,11194,750,4655,303
0,11195,750,4662,304
0,11196,750,4551,305
0,11197,750,4651,306
0,11198,750,4672,307
0,11199,750,4663,308
0,11200,750,4672,309
0,11201,750,4653,310
0,11202,750,4665,311
0,11203,750,4662,312
0,11204,750,4658,313
0,11205,750,4662,314
0,11206,2750,4551,1000
0,11207,2750,4652,1001
0,11208,2750,4671,1002
0,11209,2750,4665,1003
0,11210,2750,4671,1004
0,11211,2750,4665,1010
0,11212,2750,4672,1011
0,11213,2750,4664,1012
0,11214,2750,4665,1013
0,11215,2750,4657,1014
0,11216,2750,4669,1020
0,11217,2750,4664,1021
0,11218,2750,4653,1022
0,11219,2750,4551,1023
0,11220,2750,4654,1024
0,11221,2750,4655,1030
0,11222,2750,4677,1031
0,11223,2750,4654,1032
0,11224,2750,4663,1033
0,11225,2750,4674,1034
0,11226,2750,4665,1040
0,11227,2750,4672,1041
0,11228,2750,4674,1042
0,11229,2750,4651,1043
0,11230,2750,4654,1044
0,11231,2750,4551,1050
0,11232,2750,4665,1051
0,11233,2750,4662,1052
0,11234,2750,4671,1053
0,11235,2750,4665,1054
0,11236,2750,4667,1060
0,11237,2750,4672,1061
0,11238,2750,4665,1062
0,11239,2750,4654,1063
0,11240,2750,4663,1064
0,11241,2750,4659,1070
0,11242,2750,4666,1071
0,11243,2750,4655,1072
0,11244,2750,4654,1073
0,11245,2750,4654,1074
0,11246,2750,4674,1080
0,11247,2750,4666,1081
0,11248,2750,4669,1082
0,11249,2750,4662,1083
0,11250,2750,4659,1084
0,11251,2750,4656,1085
0,11252,2750,4663,1086
0,11253,2750,4662,1087
0,11254,2750,4659,1088
0,11255,2750,4668,1089
0,11256,2750,4666,1090
0,11257,2750,4657,1091
0,11258,2750,4652,1092
0,11259,2750,4655,1093
0,11260,2750,4672,1094
0,11261,2750,4654,1095
0,11262,2750,4654,1096
0,11263,2750,4651,1097
0,11264,2750,4677,1098
0,11265,2750,4669,1099
0,11266,2750,4668,1100
0,11267,2750,4663,1101
0,11268,2750,4656,1102
0,11269,2750,4674,1103
0,11270,2750,4672,1104
0,11271,2750,4654,1105
0,11272,2750,4672,1106
0,11273,2750,4658,1107
0,11274,2750,4659,1108
0,11275,2750,4666,1109
0,11276,2750,4663,1110
0,11277,2750,4674,1111
0,11278,2750,4654,1112
0,11279,2750,4659,1113
0,11280,2750,4655,1114
0,11281,2750,4665,1140
0,11282,2750,4657,1141
0,11283,2750,4667,1142
0,11284,2750,4672,1143
0,11285,2750,4672,1144
0,11286,2750,4669,1145
0,11287,2750,4659,1146
0,11288,2750,4651,1147
0,11289,2750,4655,1148
0,11290,2750,4656,1149
0,11291,2750,4677,1150
0,11292,2750,4677,1151
0,11293,2750,4672,1152
0,11294,2750,4663,1153
0,11295,2750,4672,1154
0,11296,2750,4657,1155
0,11297,2750,4655,1156
0,11298,2750,4662,1157
0,11299,2750,4663,1158
0,11300,2750,4651,1159
0,11301,2750,4653,1160
0,11302,2750,4667,1161
0,11303,2750,4651,1162
0,11304,2750,4658,1163
0,11305,2750,4654,1164
0,11306,2750,4654,1165
0,11307,2750,4672,1166
0,11308,2750,4671,1167
0,11309,2750,4655,1168
0,11310,2750,4664,1169
0,11311,2750,4667,1170
0,11312,2750,4672,1171
0,11313,2750,4655,1172
0,11314,2750,4677,1173
0,11315,2750,4665,1174
0,11316,759,4657,0
0,11317,759,4669,1
0,11318,759,4677,2
0,11319,759,4665,3
0,11320,759,4652,4
0,11321,759,4666,5
0,11322,759,4672,6
0,11323,759,4664,7
0,11324,759,4669,8
0,11325,759,4667,9
0,11326,759,4655,10
0,11327,759,4664,11
0,11328,759,4658,12
0,11329,759,4665,13
0,11330,759,4677,14
0,11331,759,4671,15
0,11332,759,4674,16
0,11333,759,4659,17
0,11334,759,4671,18
0,11335,759,4551,19
0,11336,759,4662,30
0,11337,759,4653,31
0,11338,759,4674,32
0,11339,759,4674,33
0,11340,759,4668,34
0,11341,759,4657,35
0,11342,759,4669,36
0,11343,759,4672,37
0,11344,759,4656,38
0,11345,759,4653,39
0,11346,759,4659,40
0,11347,759,4677,41
0,11348,759,4666,42
0,11349,759,4657,43
0,11350,759,4666,44
0,11351,759,4677,45
0,11352,759,4667,46
0,11353,759,4652,47
0,11354,759,4657,48
0,11355,759,4653,49
0,11356,759,4654,50
0,11357,759,4672,51
0,11358,759,4666,52
0,11359,759,4654,53
0,11360,759,4667,54
0,11361,759,4662,55
0,11362,759,4662,56
0,11363,759,4672,57
0,11364,759,4655,58
0,11365,759,4659,59
0,11366,759,4657,70
0,11367,759,4659,71
0,11368,759,4672,72
0,11369,759,4665,73
0,11370,759,4665,74
0,11371,759,4651,75
0,11372,759,4668,76
0,11373,759,4671,77
0,11374,759,4677,78
0,11375,759,4671,79
0,11376,759,4658,80
0,11377,759,4669,81
0,11378,759,4655,82
0,11379,759,4655,83
0,11380,759,4665,84
0,11381,759,4656,85
0,11382,759,4655,86
0,11383,759,4665,87
0,11384,759,4652,88
0,11385,759,4664,89
0,11386,759,4672,90
0,11387,759,4672,91
0,11388,759,4653,92
0,11389,759,4674,93
0,11390,759,4666,94
0,11391,759,4551,95
0,11392,759,4653,96
0,11393,759,4551,97
0,11394,759,4665,98
0,11395,759,4663,99
0,11396,759,4664,110
0,11397,759,4674,111
0,11398,759,4551,112
0,11399,759,4671,113
0,11400,759,4662,114
0,11401,759,4662,115
0,11402,759,4655,116
0,11403,759,4659,117
0,11404,759,4658,118
0,11405,759,4665,119
0,11406,759,4672,120
0,11407,759,4669,121
0,11408,759,4656,122
0,11409,759,4651,123
0,11410,759,4671,124
0,11411,759,4667,125
0,11412,759,4669,126
0,11413,759,4659,127
0,11414,759,4659,128
0,11415,759,4672,129
0,11416,759,4662,130
0,11417,759,4665,131
0,11418,759,4551,132
0,11419,759,4671,133
0,11420,759,4667,134
0,11421,759,4672,135
0,11422,759,4651,136
0,11423,759,4667,137
0,11424,759,4551,138
0,11425,759,4672,139
0,11426,759,4662,150
0,11427,759,4654,151
0,11428,759,4653,152
0,11429,759,4551,153
0,11430,759,4551,154
0,11431,759,4551,155
0,11432,759,4672,156
0,11433,759,4658,157
0,11434,759,4551,158
0,11435,759,4671,159
0,11436,759,4665,160
0,11437,759,4667,161
0,11438,759,4651,162
0,11439,759,4651,163
0,11440,759,4652,164
0,11441,759,4653,165
0,11442,759,4654,166
0,11443,759,4654,167
0,11444,759,4672,168
0,11445,759,4669,169
0,11446,759,4655,170
0,11447,759,4664,171
0,11448,759,4659,172
0,11449,759,4653,173
0,11450,759,4655,174
0,11451,759,4665,175
0,11452,759,4674,176
0,11453,759,4551,177
0,11454,759,4669,178
0,11455,759,4672,179
0,11456,759,4672,190
0,11457,759,4657,191
0,11458,759,4664,192
0,11459,759,4665,193
0,11460,759,4664,194
0,11461,759,4652,195
0,11462,759,4674,196
0,11463,759,4664,197
0,11464,759,4657,198
0,11465,759,4672,199
0,11466,759,4655,200
0,11467,759,4653,201
0,11468,759,4668,202
0,11469,759,4654,203
0,11470,759,4655,204
0,11471,759,4662,205
0,11472,759,4651,206
0,11473,759,4668,207
0,11474,759,4551,208
0,11475,759,4671,209
0,11476,759,4662,210
0,11477,759,4657,211
0,11478,759,4665,212
0,11479,759,4677,213
0,11480,759,4664,214
0,11481,759,4677,215
0,11482,759,4652,216
0,11483,759,4671,217
0,11484,759,4677,218
0,11485,759,4669,219
0,11486,759,4659,230
0,11487,759,4665,231
0,11488,759,4659,232
0,11489,759,4672,233
0,11490,759,4659,234
0,11491,759,4672,235
0,11492,759,4669,236
0,11493,759,4671,237
0,11494,759,4655,238
0,11495,759,4664,239
0,11496,759,4669,240
0,11497,759,4671,241
0,11498,759,4664,242
0,11499,759,4656,243
0,11500,759,4656,244
0,11501,759,4671,245
0,11502,759,4659,246
0,11503,759,4662,247
0,11504,759,4671,248
0,11505,759,4651,249
0,11506,759,4677,250
0,11507,759,4672,251
0,11508,759,4659,252
0,11509,759,4666,253
0,11510,759,4651,254
0,11511,759,4671,255
0,11512,759,4672,256
0,11513,759,4653,257
0,11514,759,4664,258
0,11515,759,4655,259
0,11516,759,4665,270
0,11517,759,4654,271
0,11518,759,4662,272
0,11519,759,4667,273
0,11520,759,4655,274
0,11521,759,4677,275
0,11522,759,4658,276
0,11523,759,4665,277
0,11524,759,4668,278
0,11525,759,4551,279
0,11526,759,4655,280
0,11527,759,4664,281
0,11528,759,4667,282
0,11529,759,4654,283
0,11530,759,4652,284
0,11531,759,4669,285
0,11532,759,4658,286
0,11533,759,4672,287
0,11534,759,4657,288
0,11535,759,4669,289
0,11536,759,4664,290
0,11537,759,4653,291
0,11538,759,4663,292
0,11539,759,4665,293
0,11540,759,4671,294
0,11541,759,4659,295
0,11542,759,4658,296
0,11543,759,4659,297
0,11544,759,4671,298
0,11545,759,4657,299
0,11546,759,4551,310
0,11547,759,4669,311
0,11548,759,4667,312
0,11549,759,4659,313
0,11550,759,4655,314
0,11551,759,4671,315
0,11552,759,4671,316
0,11553,759,4551,317
0,11554,759,4653,318
0,11555,759,4655,319
0,11556,2759,4657,1000
0,11557,2759,4669,1001
0,11558,2759,4669,1002
0,11559,2759,4664,1003
0,11560,2759,4666,1004
0,11561,2759,4669,1010
0,11562,2759,4656,1011
0,11563,2759,4665,1012
0,11564,2759,4669,1013
0,11565,2759,4664,1014
0,11566,2759,4671,1020
0,11567,2759,4671,1021
0,11568,2759,4672,1022
0,11569,2759,4659,1023
0,11570,2759,4669,1024
0,11571,2759,4662,1030
0,11572,2759,4672,1031
0,11573,2759,4551,1032
0,11574,2759,4677,1033
0,11575,2759,4653,1034
0,11576,2759,4672,1040
0,11577,2759,4657,1041
0,11578,2759,4653,1042
0,11579,2759,4551,1043
0,11580,2759,4677,1044
0,11581,2759,4671,1050
0,11582,2759,4664,1051
0,11583,2759,4551,1052
0,11584,2759,4655,1053
0,11585,2759,4658,1054
0,11586,2759,4654,1060
0,11587,2759,4655,1061
0,11588,2759,4659,1062
0,11589,2759,4674,1063
0,11590,2759,4665,1064
0,11591,2759,4672,1070
0,11592,2759,4663,1071
0,11593,2759,4657,1072
0,11594,2759,4669,1073
0,11595,2759,4551,1074
0,11596,2759,4666,1080
0,11597,2759,4662,1081
0,11598,2759,4662,1082
0,11599,2759,4551,1083
0,11600,2759,4672,1084
0,11601,2759,4657,1085
0,11602,2759,4656,1086
0,11603,2759,4551,1087
0,11604,2759,4664,1088
0,11605,2759,4662,1089
0,11606,2759,4657,1090
0,11607,2759,4652,1091
0,11608,2759,4655,1092
0,11609,2759,4674,1093
0,11610,2759,4666,1094
0,11611,2759,4551,1095
0,11612,2759,4672,1096
0,11613,2759,4658,1097
0,11614,2759,4669,1098
0,11615,2759,4551,1099
0,11616,2759,4659,1110
0,11617,2759,4665,1111
0,11618,2759,4651,1112
0,11619,2759,4672,1113
0,11620,2759,4657,1114
0,11621,2759,4669,1135
0,11622,2759,4666,1136
0,11623,2759,4651,1137
0,11624,2759,4668,1138
0,11625,2759,4664,1139
0,11626,2759,4658,1140
0,11627,2759,4664,1141
0,11628,2759,4671,1142
0,11629,2759,4677,1143
0,11630,2759,4657,1144
0,11631,2759,4659,1145
0,11632,2759,4657,1146
0,11633,2759,4665,1147
0,11634,2759,4658,1148
0,11635,2759,4659,1149
0,11636,2759,4653,1150
0,11637,2759,4655,1151
0,11638,2759,4668,1152
0,11639,2759,4657,1153
0,11640,2759,4659,1154
0,11641,2759,4653,1155
0,11642,2759,4664,1156
0,11643,2759,4658,1157
0,11644,2759,4651,1158
0,11645,2759,4665,1159
0,11646,2759,4652,1170
0,11647,2759,4662,1171
0,11648,2759,4659,1172
0,11649,2759,4669,1173
0,11650,2759,4668,1174
0,11651,2759,4672,1195
0,11652,2759,4663,1196
0,11653,2759,4671,1197
0,11654,2759,4655,1198
0,11655,2759,4651,1199
0,11656,753,4651,0
0,11657,753,4666,1
0,11658,753,4655,2
0,11659,753,4657,3
0,11660,753,4665,4
0,11661,753,4651,5
0,11662,753,4674,6
0,11663,753,4672,7
0,11664,753,4651,8
0,11665,753,4677,9
0,11666,753,4672,10
0,11667,753,4668,11
0,11668,753,4659,12
0,11669,753,4658,13
0,11670,753,4654,14
0,11671,753,4651,15
0,11672,753,4655,16
0,11673,753,4652,17
0,11674,753,4677,18
0,11675,753,4655,19
0,11676,753,4674,25
0,11677,753,4674,26
0,11678,753,4663,27
0,11679,753,4655,28
0,11680,753,4663,29
0,11681,753,4651,30
0,11682,753,4671,31
0,11683,753,4652,32
0,11684,753,4662,33
0,11685,753,4551,34
0,11686,753,4651,35
0,11687,753,4653,36
0,11688,753,4674,37
0,11689,753,4652,38
0,11690,753,4655,39
0,11691,753,4664,40
0,11692,753,4652,41
0,11693,753,4654,42
0,11694,753,4665,43
0,11695,753,4672,44
0,11696,753,4657,45
0,11697,753,4652,46
0,11698,753,4658,47
0,11699,753,4674,48
0,11700,753,4663,49
0,11701,753,4657,50
0,11702,753,4657,51
0,11703,753,4657,52
0,11704,753,4671,53
0,11705,753,4671,54
0,11706,753,4665,55
0,11707,753,4664,56
0,11708,753,4667,57
0,11709,753,4657,58
0,11710,753,4662,59
0,11711,753,4674,65
0,11712,753,4663,66
0,11713,753,4665,67
0,11714,753,4653,68
0,11715,753,4653,69
0,11716,753,4659,70
0,11717,753,4655,71
0,11718,753,4665,72
0,11719,753,4656,73
0,11720,753,4551,74
0,11721,753,4663,75
0,11722,753,4669,76
0,11723,753,4669,77
0,11724,753,4669,78
0,11725,753,4658,79
0,11726,753,4652,80
0,11727,753,4667,81
0,11728,753,4551,82
0,11729,753,4651,83
0,11730,753,4551,84
0,11731,753,4651,85
0,11732,753,4657,86
0,11733,753,4651,87
0,11734,753,4672,88
0,11735,753,4662,89
0,11736,753,4667,90
0,11737,753,4655,91
0,11738,753,4677,92
0,11739,753,4654,93
0,11740,753,4672,94
0,11741,753,4667,95
0,11742,753,4677,96
0,11743,753,4664,97
0,11744,753,4663,98
0,11745,753,4665,99
0,11746,753,4656,105
0,11747,753,4662,106
0,11748,753,4551,107
0,11749,753,4658,108
0,11750,753,4551,109
0,11751,753,4659,110
0,11752,753,4677,111
0,11753,753,4677,112
0,11754,753,4665,113
0,11755,753,4674,114
0,11756,753,4667,115
0,11757,753,4651,116
0,11758,753,4671,117
0,11759,753,4677,118
0,11760,753,4658,119
0,11761,753,4551,120
0,11762,753,4651,121
0,11763,753,4652,122
0,11764,753,4677,123
0,11765,753,4652,124
0,11766,753,4677,125
0,11767,753,4667,126
0,11768,753,4551,127
0,11769,753,4657,128
0,11770,753,4659,129
0,11771,753,4672,130
0,11772,753,4655,131
0,11773,753,4657,132
0,11774,753,4668,133
0,11775,753,4664,134
0,11776,753,4658,135
0,11777,753,4665,136
0,11778,753,4669,137
0,11779,753,4667,138
0,11780,753,4665,139
0,11781,753,4655,145
0,11782,753,4667,146
0,11783,753,4672,147
0,11784,753,4663,148
0,11785,753,4551,149
0,11786,753,4551,150
0,11787,753,4672,151
0,11788,753,4669,152
0,11789,753,4662,153
0,11790,753,4659,154
0,11791,753,4657,155
0,11792,753,4655,156
0,11793,753,4656,157
0,11794,753,4667,158
0,11795,753,4659,159
0,11796,753,4668,160
0,11797,753,4658,161
0,11798,753,4672,162
0,11799,753,4663,163
0,11800,753,4654,164
0,11801,753,4667,165
0,11802,753,4671,166
0,11803,753,4664,167
0,11804,753,4677,168
0,11805,753,4653,169
0,11806,753,4658,170
0,11807,753,4662,171
0,11808,753,4653,172
0,11809,753,4659,173
0,11810,753,4651,174
0,11811,753,4672,175
0,11812,753,4652,176
0,11813,753,4669,177
0,11814,753,4671,178
0,11815,753,4652,179
0,11816,753,4662,185
0,11817,753,4665,186
0,11818,753,4658,187
0,11819,753,4551,188
0,11820,753,4662,189
0,11821,753,4671,190
0,11822,753,4655,191
0,11823,753,4656,192
0,11824,753,4654,193
0,11825,753,4657,194
0,11826,753,4658,195
0,11827,753,4668,196
0,11828,753,4665,197
0,11829,753,4671,198
0,11830,753,4655,199
0,11831,753,4666,200
0,11832,753,4657,201
0,11833,753,4652,202
0,11834,753,4551,203
0,11835,753,4674,204
0,11836,753,4671,205
0,11837,753,4667,206
0,11838,753,4653,207
0,11839,753,4657,208
0,11840,753,4664,209
0,11841,753,4669,210
0,11842,753,4674,211
0,11843,753,4656,212
0,11844,753,4671,213
0,11845,753,4674,214
0,11846,753,4668,215
0,11847,753,4671,216
0,11848,753,4668,217
0,11849,753,4668,218
0,11850,753,4551,219
0,11851,753,4677,225
0,11852,753,4663,226
0,11853,753,4655,227
0,11854,753,4654,228
0,11855,753,4669,229
0,11856,753,4671,230
0,11857,753,4671,231
0,11858,753,4671,232
0,11859,753,4653,233
0,11860,753,4677,234
0,11861,753,4653,235
0,11862,753,4651,236
0,11863,753,4658,237
0,11864,753,4667,238
0,11865,753,4551,239
0,11866,753,4666,240
0,11867,753,4551,241
0,11868,753,4655,242
0,11869,753,4665,243
0,11870,753,4657,244
0,11871,753,4651,245
0,11872,753,4671,246
0,11873,753,4663,247
0,11874,753,4655,248
0,11875,753,4677,249
0,11876,753,4551,250
0,11877,753,4667,251
0,11878,753,4672,252
0,11879,753,4658,253
0,11880,753,4668,254
0,11881,753,4669,255
0,11882,753,4658,256
0,11883,753,4659,257
0,11884,753,4656,258
0,11885,753,4652,259
0,11886,753,4663,265
0,11887,753,4652,266
0,11888,753,4671,267
0,11889,753,4551,268
0,11890,753,4668,269
0,11891,753,4657,270
0,11892,753,4665,271
0,11893,753,4551,272
0,11894,753,4653,273
0,11895,753,4666,274
0,11896,753,4665,275
0,11897,753,4651,276
0,11898,753,4666,277
0,11899,753,4551,278
0,11900,753,4665,279
0,11901,753,4669,280
0,11902,753,4659,281
0,11903,753,4663,282
0,11904,753,4659,283
0,11905,753,4677,284
0,11906,753,4666,285
0,11907,753,4655,286
0,11908,753,4664,287
0,11909,753,4656,288
0,11910,753,4662,289
0,11911,753,4668,290
0,11912,753,4667,291
0,11913,753,4671,292
0,11914,753,4666,293
0,11915,753,4656,294
0,11916,753,4669,295
0,11917,753,4663,296
0,11918,753,4551,297
0,11919,753,4654,298
0,11920,753,4666,299
0,11921,753,4652,305
0,11922,753,4653,306
0,11923,753,4667,307
0,11924,753,4657,308
0,11925,753,4659,309
0,11926,753,4659,310
0,11927,753,4663,311
0,11928,753,4551,312
0,11929,753,4671,313
0,11930,753,4659,314
0,11931,753,4659,315
0,11932,753,4657,316
0,11933,753,4674,317
0,11934,753,4667,318
0,11935,753,4668,319
0,11936,2753,4663,1000
0,11937,2753,4672,1001
0,11938,2753,4657,1002
0,11939,2753,4652,1003
0,11940,2753,4672,1004
0,11941,2753,4672,1010
0,11942,2753,4652,1011
0,11943,2753,4669,1012
0,11944,2753,4664,1013
0,11945,2753,4671,1014
0,11946,2753,4662,1020
0,11947,2753,4662,1021
0,11948,2753,4674,1022
0,11949,2753,4654,1023
0,11950,2753,4651,1024
0,11951,2753,4674,1030
0,11952,2753,4668,1031
0,11953,2753,4662,1032
0,11954,2753,4665,1033
0,11955,2753,4655,1034
0,11956,2753,4658,1040
0,11957,2753,4651,1041
0,11958,2753,4551,1042
0,11959,2753,4656,1043
0,11960,2753,4665,1044
0,11961,2753,4663,1050
0,11962,2753,4659,1051
0,11963,2753,4669,1052
0,11964,2753,4672,1053
0,11965,2753,4653,1054
0,11966,2753,4662,1060
0,11967,2753,4667,1061
0,11968,2753,4666,1062
0,11969,2753,4671,1063
0,11970,2753,4666,1064
0,11971,2753,4662,1070
0,11972,2753,4672,1071
0,11973,2753,4652,1072
0,11974,2753,4658,1073
0,11975,2753,4667,1074
0,11976,2753,4551,1080
0,11977,2753,4654,1081
0,11978,2753,4658,1082
0,11979,2753,4653,1083
0,11980,2753,4657,1084
0,11981,2753,4655,1085
0,11982,2753,4667,1086
0,11983,2753,4658,1087
0,11984,2753,4671,1088
0,11985,2753,4652,1089
0,11986,2753,4663,1090
0,11987,2753,4654,1091
0,11988,2753,4654,1092
0,11989,2753,4551,1093
0,11990,2753,4662,1094
0,11991,2753,4657,1095
0,11992,2753,4663,1096
0,11993,2753,4652,1097
0,11994,2753,4652,1098
0,11995,2753,4654,1099
0,11996,2753,4666,1105
0,11997,2753,4663,1106
0,11998,2753,4672,1107
0,11999,2753,4653,1108
0,12000,2753,4551,1109
0,12001,2753,4677,1110
0,12002,2753,4662,1111
0,12003,2753,4662,1112
0,12004,2753,4652,1113
0,12005,2753,4551,1114
0,12006,2753,4665,1135
0,12007,2753,4651,1136
0,12008,2753,4667,1137
0,12009,2753,4652,1138
0,12010,2753,4666,1139
0,12011,2753,4671,1140
0,12012,2753,4674,1141
0,12013,2753,4668,1142
0,12014,2753,4664,1143
0,12015,2753,4666,1144
0,12016,2753,4677,1145
0,12017,2753,4671,1146
0,12018,2753,4656,1147
0,12019,2753,4659,1148
0,12020,2753,4664,1149
0,12021,2753,4674,1150
0,12022,2753,4667,1151
0,12023,2753,4659,1152
0,12024,2753,4658,1153
0,12025,2753,4662,1154
0,12026,2753,4652,1155
0,12027,2753,4677,1156
0,12028,2753,4659,1157
0,12029,2753,4671,1158
0,12030,2753,4653,1159
0,12031,2753,4672,1165
0,12032,2753,4656,1166
0,12033,2753,4653,1167
0,12034,2753,4652,1168
0,12035,2753,4677,1169
0,12036,2753,4671,1170
0,12037,2753,4657,1171
0,12038,2753,4669,1172
0,12039,2753,4658,1173
0,12040,2753,4672,1174
0,12041,2753,4658,1195
0,12042,2753,4671,1196
0,12043,2753,4674,1197
0,12044,2753,4659,1198
0,12045,2753,4674,1199
0,12046,620,4605,0
0,12047,620,4606,4
0,12048,620,4600,5
0,12049,620,4601,8
0,12050,620,4603,10
0,12051,620,4603,20
0,12052,620,4606,28
0,12053,620,4602,33
0,12054,620,4605,135
0,12055,620,4600,137
0,12056,620,4603,140
0,12057,620,4606,204
0,12058,620,4604,227
0,12059,2620,4602,1100
0,12060,633,4601,0
0,12061,633,4604,4
0,12062,633,4601,5
0,12063,633,4600,8
0,12064,633,4606,10
0,12065,633,4604,33
0,12066,633,4604,35
0,12067,633,4605,135
0,12068,633,4605,137
0,12069,633,4604,204
0,12070,655,4600,0
0,12071,655,4600,4
0,12072,655,4604,5
0,12073,655,4602,8
0,12074,655,4605,10
0,12075,655,4601,20
0,12076,655,4605,28
0,12077,655,4602,35
0,12078,655,4600,135
0,12079,655,4603,137
0,12080,655,4605,140
0,12081,655,4600,204
0,12082,655,4600,227
0,12083,655,4603,235
0,12084,628,4606,0
0,12085,628,4600,4
0,12086,628,4606,5
0,12087,628,4605,8
0,12088,628,4601,10
0,12089,628,4601,20
0,12090,628,4602,28
0,12091,628,4603,33
0,12092,628,4606,135
0,12093,628,4605,137
0,12094,628,4604,140
0,12095,628,4600,204
0,12096,628,4605,227
0,12097,2628,4601,1100
0,12098,637,4603,0
0,12099,637,4603,4
0,12100,637,4605,5
0,12101,637,4605,8
0,12102,637,4606,10
0,12103,637,4601,33
0,12104,637,4606,135
0,12105,637,4606,137
0,12106,637,4604,156
0,12107,637,4603,204
0,12108,637,4601,235
0,12109,660,4604,0
0,12110,660,4602,4
0,12111,660,4600,5
0,12112,660,4603,8
0,12113,660,4604,10
0,12114,660,4606,20
0,12115,660,4601,28
0,12116,660,4600,33
0,12117,660,4605,35
0,12118,660,4606,135
0,12119,660,4605,137
0,12120,660,4601,140
0,12121,660,4600,156
0,12122,660,4605,204
0,12123,660,4603,227
0,12124,660,4605,235
0,12125,658,4602,0
0,12126,658,4601,4
0,12127,658,4605,5
0,12128,658,4606,8
0,12129,658,4602,10
0,12130,658,4605,28
0,12131,658,4600,35
0,12132,658,4606,135
0,12133,658,4600,137
0,12134,658,4605,140
0,12135,658,4603,156
0,12136,658,4605,204
0,12137,658,4601,227
0,12138,658,4601,235
0,12139,2658,4605,1100
0,12140,651,4601,0
0,12141,651,4606,4
0,12142,651,4603,5
0,12143,651,4601,8
0,12144,651,4606,10
0,12145,651,4600,20
0,12146,651,4603,28
0,12147,651,4604,35
0,12148,651,4602,135
0,12149,651,4601,137
0,12150,651,4602,140
0,12151,651,4603,156
0,12152,651,4605,204
0,12153,651,4602,227
0,12154,651,4604,235
0,12155,2651,4601,1100
0,12156,659,4603,0
0,12157,659,4605,4
0,12158,659,4603,5
0,12159,659,4601,8
0,12160,659,4604,10
0,12161,659,4601,20
0,12162,659,4606,28
0,12163,659,4604,33
0,12164,659,4605,35
0,12165,659,4603,135
0,12166,659,4603,137
0,12167,659,4603,140
0,12168,659,4600,156
0,12169,659,4603,204
0,12170,659,4603,227
0,12171,659,4604,235
0,12172,2659,4603,1100
0,12173,644,4603,0
0,12174,644,4605,4
0,12175,644,4604,5
0,12176,644,4606,8
0,12177,644,4606,10
0,12178,644,4606,20
0,12179,644,4601,28
0,12180,644,4602,35
0,12181,644,4604,135
0,12182,644,4604,137
0,12183,644,4604,140
0,12184,644,4602,156
0,12185,644,4601,204
0,12186,644,4604,227
0,12187,644,4600,235
0,12188,2644,4600,1100
0,12189,645,4600,0
0,12190,645,4605,4
0,12191,645,4605,5
0,12192,645,4604,8
0,12193,645,4602,10
0,12194,645,4600,20
0,12195,645,4605,33
0,12196,645,4604,35
0,12197,645,4601,135
0,12198,645,4605,137
0,12199,645,4603,140
0,12200,645,4606,156
0,12201,645,4606,204
0,12202,645,4601,235
0,12203,2645,4606,1100
0,12204,662,4601,0
0,12205,662,4605,4
0,12206,662,4606,5
0,12207,662,4603,8
0,12208,662,4601,10
0,12209,662,4603,20
0,12210,662,4605,28
0,12211,662,4601,33
0,12212,662,4602,35
0,12213,662,4602,135
0,12214,662,4606,137
0,12215,662,4600,140
0,12216,662,4603,156
0,12217,662,4605,204
0,12218,662,4603,227
0,12219,2662,4606,1100
0,12220,616,4604,0
0,12221,616,4606,4
0,12222,616,4601,5
0,12223,616,4602,8
0,12224,616,4600,10
0,12225,616,4603,28
0,12226,616,4603,33
0,12227,616,4600,135
0,12228,616,4604,137
0,12229,616,4604,140
0,12230,616,4606,204
0,12231,616,4604,227
0,12232,2616,4603,1100
0,12233,617,4603,0
0,12234,617,4605,4
0,12235,617,4600,5
0,12236,617,4600,8
0,12237,617,4602,10
0,12238,617,4606,20
0,12239,617,4606,28
0,12240,617,4604,33
0,12241,617,4601,135
0,12242,617,4602,137
0,12243,617,4602,140
0,12244,617,4604,204
0,12245,617,4602,227
0,12246,2617,4606,1100
0,12247,643,4605,0
0,12248,643,4603,4
0,12249,643,4604,5
0,12250,643,4606,8
0,12251,643,4605,10
0,12252,643,4605,20
0,12253,643,4604,28
0,12254,643,4605,135
0,12255,643,4600,137
0,12256,643,4603,140
0,12257,643,4606,156
0,12258,643,4603,204
0,12259,643,4606,227
0,12260,643,4600,235
0,12261,2643,4606,1100
0,12262,653,4600,0
0,12263,653,4604,4
0,12264,653,4601,5
0,12265,653,4605,8
0,12266,653,4604,10
0,12267,653,4604,20
0,12268,653,4602,28
0,12269,653,4601,135
0,12270,653,4602,137
0,12271,653,4601,140
0,12272,653,4605,156
0,12273,653,4600,204
0,12274,653,4600,227
0,12275,2653,4600,1100
0,12276,654,4603,0
0,12277,654,4604,4
0,12278,654,4602,5
0,12279,654,4601,8
0,12280,654,4600,10
0,12281,654,4600,20
0,12282,654,4606,28
0,12283,654,4605,35
0,12284,654,4604,135
0,12285,654,4602,137
0,12286,654,4605,140
0,12287,654,4601,204
0,12288,654,4602,227
0,12289,654,4606,235
0,12290,2654,4605,1100
0,12291,621,4604,0
0,12292,621,4603,4
0,12293,621,4605,5
0,12294,621,4600,8
0,12295,621,4604,10
0,12296,621,4603,33
0,12297,621,4604,135
0,12298,621,4605,137
0,12299,621,4603,156
0,12300,621,4604,204
0,12301,621,4606,235
0,12302,627,4603,0
0,12303,627,4604,4
0,12304,627,4602,5
0,12305,627,4605,8
0,12306,627,4602,10
0,12307,627,4602,20
0,12308,627,4603,33
0,12309,627,4606,135
0,12310,627,4601,137
0,12311,627,4601,204
0,12312,627,4605,227
0,12313,646,4605,0
0,12314,646,4606,4
0,12315,646,4603,5
0,12316,646,4605,8
0,12317,646,4603,10
0,12318,646,4603,20
0,12319,646,4601,33
0,12320,646,4602,35
0,12321,646,4605,135
0,12322,646,4601,137
0,12323,646,4605,140
0,12324,646,4603,156
0,12325,646,4602,204
0,12326,646,4606,235
0,12327,2646,4600,1100
0,12328,632,4603,0
0,12329,632,4604,4
0,12330,632,4606,5
0,12331,632,4604,8
0,12332,632,4604,10
0,12333,632,4604,20
0,12334,632,4606,28
0,12335,632,4602,33
0,12336,632,4605,135
0,12337,632,4602,137
0,12338,632,4602,140
0,12339,632,4603,204
0,12340,632,4601,227
0,12341,2632,4606,1100
0,12342,641,4602,0
0,12343,641,4601,4
0,12344,641,4603,5
0,12345,641,4601,8
0,12346,641,4606,10
0,12347,641,4606,20
0,12348,641,4604,28
0,12349,641,4605,35
0,12350,641,4602,135
0,12351,641,4606,137
0,12352,641,4603,140
0,12353,641,4602,156
0,12354,641,4606,204
0,12355,641,4604,227
0,12356,641,4606,235
0,12357,2641,4603,1100
0,12358,661,4602,0
0,12359,661,4605,4
0,12360,661,4600,5
0,12361,661,4602,8
0,12362,661,4604,10
0,12363,661,4604,20
0,12364,661,4601,28
0,12365,661,4600,35
0,12366,661,4602,135
0,12367,661,4604,137
0,12368,661,4601,140
0,12369,661,4602,204
0,12370,661,4601,227
0,12371,2661,4605,1100
0,12372,622,4601,0
0,12373,622,4603,4
0,12374,622,4601,5
0,12375,622,4602,8
0,12376,622,4605,10
0,12377,622,4600,28
0,12378,622,4604,33
0,12379,622,4601,35
0,12380,622,4600,135
0,12381,622,4600,137
0,12382,622,4602,156
0,12383,622,4600,204
0,12384,622,4600,227
0,12385,622,4600,235
0,12386,650,4604,0
0,12387,650,4601,4
0,12388,650,4600,5
0,12389,650,4602,8
0,12390,650,4603,10
0,12391,650,4606,20
0,12392,650,4603,33
0,12393,650,4606,35
0,12394,650,4603,135
0,12395,650,4605,137
0,12396,650,4600,140
0,12397,650,4605,156
0,12398,650,4602,204
0,12399,650,4604,235
0,12400,2650,4600,1100
0,12401,619,4600,0
0,12402,619,4600,4
0,12403,619,4604,5
0,12404,619,4601,8
0,12405,619,4600,10
0,12406,619,4605,28
0,12407,619,4602,33
0,12408,619,4600,135
0,12409,619,4606,137
0,12410,619,4600,140
0,12411,619,4601,204
0,12412,619,4601,227
0,12413,2619,4602,1100
0,12414,648,4601,0
0,12415,648,4604,4
0,12416,648,4606,5
0,12417,648,4602,8
0,12418,648,4600,10
0,12419,648,4600,20
0,12420,648,4603,35
0,12421,648,4602,135
0,12422,648,4603,137
0,12423,648,4602,140
0,12424,648,4602,204
0,12425,2648,4602,1100
0,12426,647,4600,0
0,12427,647,4604,4
0,12428,647,4604,5
0,12429,647,4603,8
0,12430,647,4603,10
0,12431,647,4602,20
0,12432,647,4602,33
0,12433,647,4604,135
0,12434,647,4606,137
0,12435,647,4606,156
0,12436,647,4601,204
0,12437,647,4606,235
0,12438,2647,4601,1100
0,12439,618,4600,0
0,12440,618,4600,4
0,12441,618,4600,5
0,12442,618,4600,8
0,12443,618,4604,10
0,12444,618,4602,20
0,12445,618,4604,28
0,12446,618,4602,33
0,12447,618,4604,135
0,12448,618,4601,137
0,12449,618,4602,140
0,12450,618,4606,204
0,12451,618,4602,227
0,12452,2618,4601,1100
0,12453,634,4600,0
0,12454,634,4602,4
0,12455,634,4602,5
0,12456,634,4600,8
0,12457,634,4606,10
0,12458,634,4600,33
0,12459,634,4601,35
0,12460,634,4606,135
0,12461,634,4602,137
0,12462,634,4602,156
0,12463,634,4602,204
0,12464,634,4604,235
0,12465,638,4601,0
0,12466,638,4600,4
0,12467,638,4601,5
0,12468,638,4605,8
0,12469,638,4603,10
0,12470,638,4604,33
0,12471,638,4602,35
0,12472,638,4605,135
0,12473,638,4606,137
0,12474,638,4601,204
0,12475,638,4600,235
0,12476,652,4606,0
0,12477,652,4602,4
0,12478,652,4603,5
0,12479,652,4600,8
0,12480,652,4600,10
0,12481,652,4605,20
0,12482,652,4604,28
0,12483,652,4606,135
0,12484,652,4604,137
0,12485,652,4602,156
0,12486,652,4604,204
0,12487,652,4604,227
0,12488,2652,4602,1100
0,12489,623,4601,0
0,12490,623,4601,4
0,12491,623,4606,5
0,12492,623,4604,8
0,12493,623,4603,10
0,12494,623,4605,28
0,12495,623,4600,33
0,12496,623,4606,35
0,12497,623,4602,135
0,12498,623,4604,137
0,12499,623,4601,156
0,12500,623,4604,204
0,12501,623,4604,235
0,12502,630,4606,0
0,12503,630,4603,4
0,12504,630,4602,5
0,12505,630,4604,8
0,12506,630,4605,10
0,12507,630,4601,20
0,12508,630,4601,28
0,12509,630,4606,33
0,12510,630,4602,135
0,12511,630,4601,137
0,12512,630,4604,140
0,12513,630,4606,204
0,12514,2630,4600,1100
0,12515,640,4602,0
0,12516,640,4606,4
0,12517,640,4600,5
0,12518,640,4604,8
0,12519,640,4602,10
0,12520,640,4604,20
0,12521,640,4600,28
0,12522,640,4603,35
0,12523,640,4606,135
0,12524,640,4603,137
0,12525,640,4604,140
0,12526,640,4605,156
0,12527,640,4606,204
0,12528,640,4602,227
0,12529,640,4603,235
0,12530,2640,4606,1100
0,12531,642,4604,0
0,12532,642,4602,4
0,12533,642,4602,5
0,12534,642,4603,8
0,12535,642,4606,10
0,12536,642,4602,20
0,12537,642,4603,28
0,12538,642,4602,35
0,12539,642,4601,135
0,12540,642,4602,137
0,12541,642,4606,140
0,12542,642,4600,156
0,12543,642,4604,204
0,12544,642,4603,235
0,12545,2642,4603,1100
0,12546,639,4606,0
0,12547,639,4600,4
0,12548,639,4605,5
0,12549,639,4603,8
0,12550,639,4602,10
0,12551,639,4600,20
0,12552,639,4602,28
0,12553,639,4600,35
0,12554,639,4603,135
0,12555,639,4605,137
0,12556,639,4600,140
0,12557,639,4602,156
0,12558,639,4606,204
0,12559,639,4603,227
0,12560,639,4601,235
0,12561,656,4606,0
0,12562,656,4600,4
0,12563,656,4601,5
0,12564,656,4606,8
0,12565,656,4606,10
0,12566,656,4600,20
0,12567,656,4604,28
0,12568,656,4604,35
0,12569,656,4600,135
0,12570,656,4602,137
0,12571,656,4603,140
0,12572,656,4602,156
0,12573,656,4603,204
0,12574,656,4601,227
0,12575,656,4604,235
0,12576,2656,4602,1100
0,12577,631,4606,0
0,12578,631,4605,4
0,12579,631,4606,5
0,12580,631,4605,8
0,12581,631,4601,10
0,12582,631,4603,20
0,12583,631,4602,28
0,12584,631,4600,33
0,12585,631,4603,135
0,12586,631,4603,137
0,12587,631,4605,140
0,12588,631,4606,204
0,12589,631,4605,227
0,12590,2631,4602,1100
0,12591,625,4606,0
0,12592,625,4603,4
0,12593,625,4601,5
0,12594,625,4603,8
0,12595,625,4605,10
0,12596,625,4602,28
0,12597,625,4604,33
0,12598,625,4601,35
0,12599,625,4603,135
0,12600,625,4600,137
0,12601,625,4602,204
0,12602,625,4604,227
0,12603,625,4604,235
0,12604,657,4605,0
0,12605,657,4601,4
0,12606,657,4606,5
0,12607,657,4606,8
0,12608,657,4605,10
0,12609,657,4605,28
0,12610,657,4604,33
0,12611,657,4601,35
0,12612,657,4601,135
0,12613,657,4603,137
0,12614,657,4600,140
0,12615,657,4601,204
0,12616,657,4603,227
0,12617,657,4601,235
0,12618,2657,4604,1100
0,12619,649,4602,0
0,12620,649,4603,4
0,12621,649,4602,5
0,12622,649,4602,8
0,12623,649,4601,10
0,12624,649,4604,20
0,12625,649,4601,33
0,12626,649,4606,135
0,12627,649,4600,137
0,12628,649,4606,140
0,12629,649,4600,156
0,12630,649,4606,204
0,12631,2649,4604,1100
0,12632,635,4606,0
0,12633,635,4606,4
0,12634,635,4605,5
0,12635,635,4606,8
0,12636,635,4603,10
0,12637,635,4603,33
0,12638,635,4601,35
0,12639,635,4601,135
0,12640,635,4604,137
0,12641,635,4604,156
0,12642,635,4605,204
0,12643,624,4604,0
0,12644,624,4606,4
0,12645,624,4606,5
0,12646,624,4604,8
0,12647,624,4606,10
0,12648,624,4600,33
0,12649,624,4606,35
0,12650,624,4601,135
0,12651,624,4604,137
0,12652,624,4601,156
0,12653,624,4604,204
0,12654,624,4606,227
0,12655,624,4605,235
0,12656,629,4605,0
0,12657,629,4606,4
0,12658,629,4602,5
0,12659,629,4600,8
0,12660,629,4600,10
0,12661,629,4606,20
0,12662,629,4604,28
0,12663,629,4606,33
0,12664,629,4603,135
0,12665,629,4601,137
0,12666,629,4604,140
0,12667,629,4605,204
0,12668,629,4606,227
0,12669,2629,4602,1100
0,12670,626,4605,0
0,12671,626,4601,4
0,12672,626,4604,5
0,12673,626,4601,8
0,12674,626,4600,10
0,12675,626,4601,33
0,12676,626,4602,35
0,12677,626,4600,135
0,12678,626,4606,137
0,12679,626,4605,156
0,12680,626,4605,204
0,12681,626,4605,227
0,12682,626,4605,235
0,12683,615,4605,0
0,12684,615,4601,4
0,12685,615,4605,5
0,12686,615,4604,8
0,12687,615,4605,10
0,12688,615,4604,20
0,12689,615,4604,28
0,12690,615,4605,33
0,12691,615,4603,135
0,12692,615,4603,137
0,12693,615,4600,204
0,12694,615,4605,227
0,12695,2615,4604,1100
0,12696,636,4604,0
0,12697,636,4602,4
0,12698,636,4604,5
0,12699,636,4603,8
0,12700,636,4602,10
0,12701,636,4600,135
0,12702,636,4600,137
0,12703,636,4600,156
0,12704,636,4603,204
0,12705,636,4602,235
5,12706,602,4660,0
0,12707,602,4670,1
5,12708,602,4660,2
2,12709,602,4660,3
2,12710,602,4660,4
3,12711,602,4670,5
5,12712,602,4650,6
6,12713,602,4660,7
2,12714,602,4650,8
2,12715,602,4660,9
5,12716,602,4650,10
3,12717,602,4650,11
3,12718,602,4670,12
0,12719,602,4670,13
3,12720,602,4670,14
3,12721,602,4660,15
5,12722,602,4660,16
1,12723,602,4670,17
6,12724,602,4660,18
4,12725,602,4650,19
3,12726,602,4650,20
6,12727,602,4660,21
0,12728,602,4670,22
5,12729,602,4650,23
3,12730,602,4660,24
3,12731,602,4660,25
6,12732,602,4660,26
3,12733,602,4660,27
3,12734,602,4660,28
4,12735,602,4650,29
1,12736,602,4670,30
6,12737,602,4660,31
2,12738,602,4650,32
5,12739,602,4660,33
1,12740,602,4670,34
3,12741,602,4650,40
4,12742,602,4670,41
5,12743,602,4660,42
3,12744,602,4650,43
2,12745,602,4650,44
4,12746,602,4660,45
6,12747,602,4660,46
3,12748,602,4670,47
2,12749,602,4660,48
5,12750,602,4650,49
6,12751,602,4660,50
5,12752,602,4650,51
5,12753,602,4660,52
2,12754,602,4650,53
0,12755,602,4670,54
2,12756,602,4650,55
4,12757,602,4650,56
1,12758,602,4670,57
2,12759,602,4660,58
4,12760,602,4660,59
1,12761,602,4670,60
5,12762,602,4660,61
3,12763,602,4660,62
3,12764,602,4650,63
5,12765,602,4660,64
2,12766,602,4670,65
2,12767,602,4650,66
3,12768,602,4660,67
3,12769,602,4650,68
3,12770,602,4660,69
0,12771,602,4670,70
3,12772,602,4650,71
5,12773,602,4660,72
3,12774,602,4650,73
2,12775,602,4660,74
6,12776,602,4660,80
3,12777,602,4670,81
0,12778,602,4670,82
4,12779,602,4650,83
1,12780,602,4670,84
3,12781,602,4670,85
5,12782,602,4650,86
5,12783,602,4660,87
4,12784,602,4670,88
4,12785,602,4660,89
3,12786,602,4650,90
6,12787,602,4660,91
0,12788,602,4670,92
2,12789,602,4670,93
0,12790,602,4670,94
4,12791,602,4650,95
3,12792,602,4660,96
0,12793,602,4670,97
3,12794,602,4650,98
2,12795,602,4670,99
4,12796,602,4660,100
5,12797,602,4660,101
5,12798,602,4660,102
3,12799,602,4660,103
0,12800,602,4670,104
1,12801,602,4670,105
3,12802,602,4670,106
3,12803,602,4670,107
2,12804,602,4660,108
5,12805,602,4660,109
3,12806,602,4670,110
3,12807,602,4650,111
3,12808,602,4660,112
4,12809,602,4650,113
2,12810,602,4650,114
5,12811,602,4660,120
4,12812,602,4660,121
5,12813,602,4650,122
3,12814,602,4650,123
2,12815,602,4660,124
2,12816,602,4650,125
5,12817,602,4650,126
5,12818,602,4650,127
3,12819,602,4670,128
2,12820,602,4660,129
2,12821,602,4670,130
3,12822,602,4660,131
2,12823,602,4660,132
3,12824,602,4650,133
3,12825,602,4650,134
3,12826,602,4660,135
1,12827,602,4670,136
2,12828,602,4660,137
2,12829,602,4660,138
3,12830,602,4650,139
1,12831,602,4670,140
3,12832,602,4670,141
3,12833,602,4660,142
4,12834,602,4660,143
4,12835,602,4650,144
3,12836,602,4660,145
4,12837,602,4670,146
4,12838,602,4660,147
6,12839,602,4660,148
2,12840,602,4660,149
4,12841,602,4650,150
6,12842,602,4660,151
2,12843,602,4670,152
3,12844,602,4660,153
2,12845,602,4670,154
6,12846,602,4660,160
6,12847,602,4660,161
4,12848,602,4650,162
2,12849,602,4650,163
3,12850,602,4650,164
6,12851,602,4660,165
1,12852,602,4670,166
6,12853,602,4660,167
5,12854,602,4660,168
0,12855,602,4670,169
1,12856,602,4670,170
3,12857,602,4660,171
4,12858,602,4650,172
2,12859,602,4650,173
5,12860,602,4650,174
2,12861,602,4650,175
6,12862,602,4660,176
4,12863,602,4660,177
3,12864,602,4650,178
4,12865,602,4650,179
4,12866,602,4660,180
6,12867,602,4660,181
1,12868,602,4670,182
4,12869,602,4650,183
5,12870,602,4660,184
4,12871,602,4660,185
3,12872,602,4650,186
5,12873,602,4660,187
4,12874,602,4670,188
3,12875,602,4670,189
2,12876,602,4650,190
1,12877,602,4670,191
4,12878,602,4660,192
3,12879,602,4670,193
5,12880,602,4660,194
4,12881,602,4650,200
4,12882,602,4660,201
2,12883,602,4650,202
4,12884,602,4650,203
3,12885,602,4660,204
3,12886,602,4650,205
6,12887,602,4660,206
4,12888,602,4670,207
2,12889,602,4670,208
5,12890,602,4660,209
0,12891,602,4670,210
5,12892,602,4650,211
4,12893,602,4670,212
5,12894,602,4650,213
4,12895,602,4650,214
6,12896,602,4660,215
3,12897,602,4660,216
4,12898,602,4650,217
3,12899,602,4660,218
3,12900,602,4660,219
3,12901,602,4660,220
2,12902,602,4650,221
4,12903,602,4660,222
5,12904,602,4650,223
1,12905,602,4670,224
2,12906,602,4650,225
1,12907,602,4670,226
4,12908,602,4670,227
2,12909,602,4660,228
6,12910,602,4660,229
3,12911,602,4650,230
3,12912,602,4660,231
1,12913,602,4670,232
5,12914,602,4660,233
4,12915,602,4650,234
4,12916,602,4660,240
4,12917,602,4650,241
2,12918,602,4650,242
3,12919,602,4650,243
4,12920,602,4660,244
1,12921,602,4670,245
2,12922,602,4660,246
4,12923,602,4660,247
2,12924,602,4650,248
4,12925,602,4660,249
1,12926,602,4670,250
2,12927,602,4660,251
2,12928,602,4670,252
4,12929,602,4670,253
2,12930,602,4650,254
5,12931,602,4660,255
2,12932,602,4660,256
0,12933,602,4670,257
5,12934,602,4660,258
3,12935,602,4670,259
5,12936,602,4660,260
1,12937,602,4670,261
5,12938,602,4650,262
1,12939,602,4670,263
2,12940,602,4670,264
1,12941,602,4670,265
3,12942,602,4670,266
3,12943,602,4650,267
3,12944,602,4650,268
2,12945,602,4660,269
1,12946,602,4670,270
3,12947,602,4670,271
4,12948,602,4650,272
2,12949,602,4670,273
2,12950,602,4670,274
3,12951,602,4650,280
3,12952,602,4650,281
2,12953,602,4660,282
3,12954,602,4650,283
5,12955,602,4660,284
3,12956,602,4650,285
2,12957,602,4650,286
2,12958,602,4660,287
1,12959,602,4670,288
6,12960,602,4660,289
3,12961,602,4670,290
3,12962,602,4650,291
2,12963,602,4670,292
5,12964,602,4650,293
6,12965,602,4660,294
4,12966,602,4670,295
6,12967,602,4660,296
2,12968,602,4650,297
4,12969,602,4670,298
0,12970,602,4670,299
4,12971,602,4660,300
5,12972,602,4660,301
4,12973,602,4660,302
2,12974,602,4660,303
5,12975,602,4660,304
3,12976,602,4670,305
6,12977,602,4660,306
2,12978,602,4650,307
3,12979,602,4660,308
3,12980,602,4660,309
3,12981,602,4670,310
0,12982,602,4670,311
0,12983,602,4670,312
5,12984,602,4660,313
2,12985,602,4660,314
5,12986,2602,4660,1000
2,12987,2602,4670,1001
4,12988,2602,4660,1002
3,12989,2602,4650,1003
2,12990,2602,4650,1004
3,12991,2602,4650,1010
2,12992,2602,4660,1011
5,12993,2602,4660,1012
1,12994,2602,4670,1013
6,12995,2602,4660,1014
5,12996,2602,4650,1020
2,12997,2602,4660,1021
2,12998,2602,4650,1022
3,12999,2602,4660,1023
1,13000,2602,4670,1024
6,13001,2602,4660,1030
1,13002,2602,4670,1031
5,13003,2602,4660,1032
0,13004,2602,4670,1033
3,13005,2602,4660,1034
2,13006,2602,4650,1040
2,13007,2602,4670,1041
6,13008,2602,4660,1042
4,13009,2602,4660,1043
1,13010,2602,4670,1044
4,13011,2602,4660,1050
4,13012,2602,4670,1051
0,13013,2602,4670,1052
5,13014,2602,4650,1053
4,13015,2602,4650,1054
4,13016,2602,4670,1060
4,13017,2602,4660,1061
3,13018,2602,4660,1062
5,13019,2602,4660,1063
3,13020,2602,4650,1064
2,13021,2602,4650,1070
6,13022,2602,4660,1071
1,13023,2602,4670,1072
3,13024,2602,4660,1073
3,13025,2602,4660,1074
5,13026,2602,4650,1080
4,13027,2602,4650,1081
4,13028,2602,4660,1082
3,13029,2602,4670,1083
4,13030,2602,4660,1084
3,13031,2602,4660,1085
3,13032,2602,4660,1086
3,13033,2602,4670,1087
5,13034,2602,4660,1088
4,13035,2602,4650,1089
6,13036,2602,4660,1090
5,13037,2602,4660,1091
2,13038,2602,4660,1092
3,13039,2602,4660,1093
4,13040,2602,4660,1094
2,13041,2602,4670,1095
2,13042,2602,4670,1096
4,13043,2602,4650,1097
4,13044,2602,4670,1098
4,13045,2602,4650,1099
3,13046,2602,4670,1100
3,13047,2602,4650,1101
2,13048,2602,4670,1102
5,13049,2602,4660,1103
2,13050,2602,4670,1104
3,13051,2602,4670,1105
5,13052,2602,4660,1106
5,13053,2602,4650,1107
3,13054,2602,4670,1108
3,13055,2602,4670,1109
6,13056,2602,4660,1110
2,13057,2602,4650,1111
3,13058,2602,4650,1112
4,13059,2602,4650,1113
2,13060,2602,4650,1114
3,13061,2602,4660,1140
4,13062,2602,4660,1141
3,13063,2602,4660,1142
2,13064,2602,4650,1143
4,13065,2602,4660,1144
3,13066,2602,4670,1145
4,13067,2602,4670,1146
6,13068,2602,4660,1147
5,13069,2602,4650,1148
4,13070,2602,4650,1149
2,13071,2602,4650,1150
2,13072,2602,4670,1151
5,13073,2602,4660,1152
2,13074,2602,4660,1153
5,13075,2602,4650,1154
5,13076,2602,4660,1155
4,13077,2602,4660,1156
4,13078,2602,4660,1157
2,13079,2602,4650,1158
3,13080,2602,4660,1159
5,13081,2602,4650,1160
5,13082,2602,4650,1161
3,13083,2602,4650,1162
3,13084,2602,4670,1163
2,13085,2602,4650,1164
5,13086,2602,4660,1165
4,13087,2602,4650,1166
3,13088,2602,4670,1167
5,13089,2602,4650,1168
5,13090,2602,4650,1169
3,13091,2602,4650,1170
4,13092,2602,4670,1171
3,13093,2602,4650,1172
1,13094,2602,4670,1173
1,13095,2602,4670,1174
3,13096,604,4650,0
5,13097,604,4650,1
6,13098,604,4660,2
5,13099,604,4660,3
1,13100,604,4670,4
6,13101,604,4660,5
5,13102,604,4660,6
4,13103,604,4660,7
2,13104,604,4660,8
4,13105,604,4650,9
3,13106,604,4660,10
1,13107,604,4670,11
2,13108,604,4660,12
5,13109,604,4660,13
3,13110,604,4650,14
5,13111,604,4650,15
4,13112,604,4670,16
6,13113,604,4660,17
4,13114,604,4650,18
3,13115,604,4670,19
2,13116,604,4660,30
5,13117,604,4650,31
4,13118,604,4660,32
3,13119,604,4670,33
0,13120,604,4670,34
3,13121,604,4660,35
3,13122,604,4650,36
2,13123,604,4660,37
1,13124,604,4670,38
3,13125,604,4660,39
3,13126,604,4660,40
3,13127,604,4670,41
0,13128,604,4670,42
2,13129,604,4670,43
5,13130,604,4650,44
0,13131,604,4670,45
2,13132,604,4670,46
5,13133,604,4650,47
5,13134,604,4660,48
3,13135,604,4650,49
2,13136,604,4660,50
3,13137,604,4660,51
4,13138,604,4660,52
6,13139,604,4660,53
5,13140,604,4650,54
4,13141,604,4670,55
4,13142,604,4670,56
3,13143,604,4660,57
2,13144,604,4670,58
0,13145,604,4670,59
5,13146,604,4650,70
4,13147,604,4650,71
3,13148,604,4670,72
4,13149,604,4670,73
4,13150,604,4670,74
3,13151,604,4660,75
2,13152,604,4650,76
5,13153,604,4660,77
5,13154,604,4650,78
4,13155,604,4650,79
1,13156,604,4670,80
0,13157,604,4670,81
2,13158,604,4650,82
3,13159,604,4670,83
5,13160,604,4660,84
4,13161,604,4670,85
3,13162,604,4670,86
4,13163,604,4650,87
2,13164,604,4660,88
4,13165,604,4670,89
6,13166,604,4660,90
4,13167,604,4650,91
4,13168,604,4660,92
3,13169,604,4670,93
2,13170,604,4660,94
5,13171,604,4660,95
0,13172,604,4670,96
4,13173,604,4670,97
2,13174,604,4670,98
5,13175,604,4650,99
6,13176,604,4660,110
2,13177,604,4650,111
2,13178,604,4670,112
3,13179,604,4670,113
6,13180,604,4660,114
4,13181,604,4650,115
3,13182,604,4670,116
2,13183,604,4670,117
3,13184,604,4650,118
3,13185,604,4670,119
3,13186,604,4660,120
3,13187,604,4660,121
4,13188,604,4660,122
5,13189,604,4660,123
2,13190,604,4650,124
0,13191,604,4670,125
2,13192,604,4660,126
4,13193,604,4650,127
4,13194,604,4660,128
3,13195,604,4660,129
4,13196,604,4670,130
4,13197,604,4660,131
5,13198,604,4660,132
2,13199,604,4670,133
4,13200,604,4670,134
2,13201,604,4650,135
3,13202,604,4650,136
1,13203,604,4670,137
2,13204,604,4650,138
3,13205,604,4670,139
4,13206,604,4670,150
3,13207,604,4670,151
4,13208,604,4650,152
0,13209,604,4670,153
2,13210,604,4650,154
2,13211,604,4660,155
3,13212,604,4660,156
5,13213,604,4660,157
5,13214,604,4660,158
6,13215,604,4660,159
0,13216,604,4670,160
5,13217,604,4650,161
2,13218,604,4670,162
4,13219,604,4670,163
0,13220,604,4670,164
5,13221,604,4660,165
2,13222,604,4660,166
4,13223,604,4650,167
4,13224,604,4670,168
2,13225,604,4650,169
2,13226,604,4650,170
5,13227,604,4660,171
3,13228,604,4660,172
6,13229,604,4660,173
2,13230,604,4650,174
4,13231,604,4660,175
2,13232,604,4670,176
3,13233,604,4650,177
2,13234,604,4670,178
3,13235,604,4660,179
6,13236,604,4660,190
6,13237,604,4660,191
1,13238,604,4670,192
3,13239,604,4650,193
2,13240,604,4670,194
5,13241,604,4650,195
6,13242,604,4660,196
1,13243,604,4670,197
5,13244,604,4650,198
4,13245,604,4670,199
5,13246,604,4650,200
2,13247,604,4670,201
0,13248,604,4670,202
5,13249,604,4650,203
2,13250,604,4650,204
4,13251,604,4660,205
0,13252,604,4670,206
6,13253,604,4660,207
2,13254,604,4650,208
4,13255,604,4650,209
3,13256,604,4660,210
3,13257,604,4660,211
3,13258,604,4650,212
2,13259,604,4660,213
2,13260,604,4660,214
4,13261,604,4670,215
2,13262,604,4660,216
4,13263,604,4660,217
2,13264,604,4670,218
4,13265,604,4670,219
1,13266,604,4670,230
3,13267,604,4650,231
4,13268,604,4670,232
5,13269,604,4650,233
4,13270,604,4660,234
2,13271,604,4660,235
2,13272,604,4650,236
3,13273,604,4660,237
0,13274,604,4670,238
4,13275,604,4650,239
3,13276,604,4660,240
4,13277,604,4670,241
4,13278,604,4650,242
2,13279,604,4660,243
5,13280,604,4660,244
2,13281,604,4650,245
0,13282,604,4670,246
2,13283,604,4670,247
5,13284,604,4650,248
2,13285,604,4650,249
3,13286,604,4650,250
4,13287,604,4650,251
3,13288,604,4660,252
3,13289,604,4670,253
0,13290,604,4670,254
0,13291,604,4670,255
4,13292,604,4660,256
3,13293,604,4660,257
4,13294,604,4660,258
2,13295,604,4670,259
4,13296,604,4670,270
5,13297,604,4650,271
5,13298,604,4660,272
3,13299,604,4650,273
4,13300,604,4660,274
2,13301,604,4660,275
0,13302,604,4670,276
4,13303,604,4660,277
6,13304,604,4660,278
4,13305,604,4670,279
5,13306,604,4660,280
3,13307,604,4670,281
2,13308,604,4670,282
6,13309,604,4660,283
6,13310,604,4660,284
0,13311,604,4670,285
3,13312,604,4660,286
2,13313,604,4650,287
2,13314,604,4660,288
1,13315,604,4670,289
2,13316,604,4650,290
2,13317,604,4670,291
3,13318,604,4650,292
3,13319,604,4670,293
0,13320,604,4670,294
0,13321,604,4670,295
5,13322,604,4660,296
6,13323,604,4660,297
4,13324,604,4650,298
4,13325,604,4670,299
2,13326,604,4670,310
2,13327,604,4660,311
2,13328,604,4660,312
3,13329,604,4670,313
3,13330,604,4670,314
3,13331,604,4660,315
6,13332,604,4660,316
4,13333,604,4670,317
4,13334,604,4650,318
4,13335,604,4670,319
3,13336,2604,4650,1000
2,13337,2604,4660,1001
2,13338,2604,4660,1002
4,13339,2604,4660,1003
5,13340,2604,4660,1004
4,13341,2604,4650,1010
1,13342,2604,4670,1011
2,13343,2604,4650,1012
4,13344,2604,4650,1013
2,13345,2604,4660,1014
1,13346,2604,4670,1020
3,13347,2604,4670,1021
6,13348,2604,4660,1022
6,13349,2604,4660,1023
3,13350,2604,4660,1024
3,13351,2604,4650,1030
2,13352,2604,4660,1031
4,13353,2604,4650,1032
2,13354,2604,4660,1033
3,13355,2604,4650,1034
5,13356,2604,4660,1040
2,13357,2604,4650,1041
2,13358,2604,4650,1042
3,13359,2604,4650,1043
0,13360,2604,4670,1044
5,13361,2604,4660,1050
3,13362,2604,4670,1051
3,13363,2604,4650,1052
6,13364,2604,4660,1053
6,13365,2604,4660,1054
3,13366,2604,4660,1060
5,13367,2604,4660,1061
4,13368,2604,4670,1062
6,13369,2604,4660,1063
2,13370,2604,4650,1064
5,13371,2604,4660,1070
4,13372,2604,4660,1071
4,13373,2604,4660,1072
1,13374,2604,4670,1073
2,13375,2604,4650,1074
2,13376,2604,4650,1080
4,13377,2604,4660,1081
5,13378,2604,4650,1082
3,13379,2604,4660,1083
3,13380,2604,4650,1084
3,13381,2604,4650,1085
4,13382,2604,4660,1086
2,13383,2604,4670,1087
3,13384,2604,4650,1088
3,13385,2604,4650,1089
0,13386,2604,4670,1090
3,13387,2604,4670,1091
4,13388,2604,4660,1092
2,13389,2604,4660,1093
1,13390,2604,4670,1094
5,13391,2604,4660,1095
1,13392,2604,4670,1096
6,13393,2604,4660,1097
4,13394,2604,4660,1098
3,13395,2604,4670,1099
4,13396,2604,4650,1110
3,13397,2604,4660,1111
3,13398,2604,4670,1112
3,13399,2604,4660,1113
5,13400,2604,4660,1114
5,13401,2604,4660,1135
4,13402,2604,4670,1136
3,13403,2604,4660,1137
4,13404,2604,4670,1138
2,13405,2604,4660,1139
5,13406,2604,4660,1140
0,13407,2604,4670,1141
3,13408,2604,4650,1142
3,13409,2604,4670,1143
5,13410,2604,4650,1144
2,13411,2604,4650,1145
2,13412,2604,4660,1146
3,13413,2604,4660,1147
2,13414,2604,4650,1148
3,13415,2604,4660,1149
2,13416,2604,4670,1150
6,13417,2604,4660,1151
0,13418,2604,4670,1152
2,13419,2604,4670,1153
3,13420,2604,4650,1154
4,13421,2604,4650,1155
3,13422,2604,4650,1156
0,13423,2604,4670,1157
5,13424,2604,4650,1158
2,13425,2604,4660,1159
5,13426,2604,4650,1170
5,13427,2604,4650,1171
6,13428,2604,4660,1172
5,13429,2604,4650,1173
4,13430,2604,4660,1174
5,13431,2604,4660,1195
5,13432,2604,4660,1196
6,13433,2604,4660,1197
2,13434,2604,4670,1198
4,13435,2604,4670,1199
3,13436,606,4670,0
3,13437,606,4650,1
4,13438,606,4650,2
1,13439,606,4670,3
3,13440,606,4670,4
5,13441,606,4660,5
2,13442,606,4660,6
5,13443,606,4650,7
1,13444,606,4670,8
4,13445,606,4660,9
6,13446,606,4660,10
4,13447,606,4650,11
3,13448,606,4660,12
4,13449,606,4670,13
2,13450,606,4660,14
1,13451,606,4670,15
2,13452,606,4650,16
5,13453,606,4650,17
4,13454,606,4660,18
3,13455,606,4650,19
5,13456,606,4660,20
3,13457,606,4660,21
2,13458,606,4660,22
0,13459,606,4680,23
0,13460,606,4670,24
4,13461,606,4660,30
2,13462,606,4670,31
1,13463,606,4670,32
2,13464,606,4670,33
4,13465,606,4660,34
3,13466,606,4650,35
1,13467,606,4670,36
1,13468,606,4680,37
4,13469,606,4670,38
4,13470,606,4660,39
2,13471,606,4650,40
2,13472,606,4660,41
2,13473,606,4680,42
4,13474,606,4660,43
4,13475,606,4670,44
3,13476,606,4650,45
2,13477,606,4660,46
0,13478,606,4670,47
2,13479,606,4670,48
1,13480,606,4670,49
4,13481,606,4650,50
0,13482,606,4670,51
5,13483,606,4650,52
2,13484,606,4660,53
3,13485,606,4650,54
4,13486,606,4660,55
5,13487,606,4660,56
4,13488,606,4650,57
2,13489,606,4650,58
3,13490,606,4670,59
5,13491,606,4660,60
1,13492,606,4670,61
0,13493,606,4670,62
3,13494,606,4660,63
2,13495,606,4660,64
6,13496,606,4660,70
2,13497,606,4660,71
3,13498,606,4650,72
6,13499,606,4660,73
5,13500,606,4650,74
4,13501,606,4670,75
5,13502,606,4650,76
2,13503,606,4660,77
5,13504,606,4660,78
0,13505,606,4670,79
3,13506,606,4670,80
5,13507,606,4650,81
4,13508,606,4660,82
6,13509,606,4660,83
3,13510,606,4660,84
4,13511,606,4650,85
5,13512,606,4660,86
3,13513,606,4660,87
0,13514,606,4670,88
2,13515,606,4650,89
4,13516,606,4670,90
3,13517,606,4650,91
5,13518,606,4660,92
4,13519,606,4660,93
3,13520,606,4660,94
3,13521,606,4670,95
1,13522,606,4670,96
2,13523,606,4660,97
1,13524,606,4670,98
4,13525,606,4650,99
3,13526,606,4660,100
3,13527,606,4670,101
5,13528,606,4650,102
3,13529,606,4670,103
4,13530,606,4650,104
2,13531,606,4650,110
0,13532,606,4670,111
4,13533,606,4670,112
0,13534,606,4680,113
3,13535,606,4670,114
3,13536,606,4660,115
4,13537,606,4650,116
4,13538,606,4670,117
2,13539,606,4670,118
6,13540,606,4660,119
3,13541,606,4670,120
2,13542,606,4650,121
0,13543,606,4670,122
3,13544,606,4670,123
3,13545,606,4660,124
6,13546,606,4660,125
3,13547,606,4650,126
2,13548,606,4660,127
3,13549,606,4660,128
4,13550,606,4650,129
2,13551,606,4680,130
2,13552,606,4660,131
5,13553,606,4650,132
4,13554,606,4650,133
3,13555,606,4660,134
4,13556,606,4650,135
3,13557,606,4670,136
0,13558,606,4670,137
4,13559,606,4660,138
2,13560,606,4660,139
2,13561,606,4650,140
1,13562,606,4680,141
3,13563,606,4650,142
5,13564,606,4660,143
1,13565,606,4670,144
3,13566,606,4650,150
2,13567,606,4650,151
3,13568,606,4650,152
5,13569,606,4650,153
4,13570,606,4660,154
5,13571,606,4650,155
5,13572,606,4660,156
4,13573,606,4650,157
1,13574,606,4670,158
0,13575,606,4680,159
4,13576,606,4650,160
4,13577,606,4650,161
3,13578,606,4660,162
5,13579,606,4660,163
2,13580,606,4660,164
3,13581,606,4660,165
5,13582,606,4660,166
3,13583,606,4660,167
6,13584,606,4660,168
5,13585,606,4660,169
4,13586,606,4650,170
4,13587,606,4670,171
0,13588,606,4670,172
0,13589,606,4670,173
4,13590,606,4670,174
4,13591,606,4670,175
5,13592,606,4660,176
4,13593,606,4650,177
5,13594,606,4660,178
6,13595,606,4660,179
4,13596,606,4650,180
5,13597,606,4650,181
3,13598,606,4650,182
3,13599,606,4670,183
4,13600,606,4670,184
5,13601,606,4650,190
2,13602,606,4650,191
3,13603,606,4650,192
0,13604,606,4670,193
5,13605,606,4650,194
3,13606,606,4670,195
3,13607,606,4670,196
2,13608,606,4670,197
3,13609,606,4670,198
2,13610,606,4650,199
2,13611,606,4680,200
4,13612,606,4670,201
5,13613,606,4660,202
5,13614,606,4660,203
2,13615,606,4660,204
2,13616,606,4660,205
5,13617,606,4650,206
3,13618,606,4650,207
3,13619,606,4670,208
0,13620,606,4670,209
6,13621,606,4660,210
2,13622,606,4660,211
6,13623,606,4660,212
4,13624,606,4660,213
5,13625,606,4660,214
5,13626,606,4650,215
5,13627,606,4650,216
2,13628,606,4670,217
4,13629,606,4650,218
5,13630,606,4660,219
6,13631,606,4660,220
5,13632,606,4660,221
2,13633,606,4660,222
4,13634,606,4670,223
4,13635,606,4650,224
4,13636,606,4670,230
0,13637,606,4670,231
2,13638,606,4660,232
4,13639,606,4670,233
5,13640,606,4650,234
2,13641,606,4650,235
4,13642,606,4670,236
5,13643,606,4660,237
5,13644,606,4650,238
4,13645,606,4670,239
4,13646,606,4670,240
0,13647,606,4670,241
2,13648,606,4660,242
6,13649,606,4660,243
4,13650,606,4650,244
3,13651,606,4660,245
4,13652,606,4650,246
3,13653,606,4650,247
2,13654,606,4660,248
5,13655,606,4660,249
2,13656,606,4670,250
4,13657,606,4670,251
2,13658,606,4680,252
1,13659,606,4680,253
0,13660,606,4680,254
5,13661,606,4650,255
3,13662,606,4670,256
5,13663,606,4660,257
0,13664,606,4670,258
4,13665,606,4650,259
2,13666,606,4650,260
5,13667,606,4650,261
1,13668,606,4670,262
6,13669,606,4660,263
1,13670,606,4680,264
4,13671,606,4660,270
2,13672,606,4660,271
1,13673,606,4670,272
4,13674,606,4660,273
6,13675,606,4660,274
4,13676,606,4670,275
6,13677,606,4660,276
5,13678,606,4650,277
0,13679,606,4670,278
5,13680,606,4660,279
4,13681,606,4660,280
4,13682,606,4670,281
4,13683,606,4650,282
3,13684,606,4660,283
4,13685,606,4670,284
5,13686,606,4650,285
0,13687,606,4670,286
6,13688,606,4660,287
2,13689,606,4670,288
2,13690,606,4660,289
5,13691,606,4650,290
0,13692,606,4670,291
6,13693,606,4660,292
5,13694,606,4660,293
4,13695,606,4660,294
5,13696,606,4660,295
2,13697,606,4670,296
5,13698,606,4650,297
2,13699,606,4660,298
5,13700,606,4660,299
5,13701,606,4650,300
0,13702,606,4670,301
5,13703,606,4660,302
3,13704,606,4660,303
1,13705,606,4670,304
2,13706,606,4650,310
3,13707,606,4650,311
5,13708,606,4650,312
4,13709,606,4660,313
6,13710,606,4660,314
3,13711,606,4670,315
3,13712,606,4660,316
2,13713,606,4660,317
5,13714,606,4660,318
2,13715,606,4660,319
2,13716,2606,4670,1000
1,13717,2606,4670,1001
2,13718,2606,4670,1002
6,13719,2606,4660,1003
4,13720,2606,4660,1004
5,13721,2606,4660,1010
5,13722,2606,4650,1011
4,13723,2606,4650,1012
2,13724,2606,4650,1013
0,13725,2606,4670,1014
2,13726,2606,4660,1020
3,13727,2606,4650,1021
5,13728,2606,4650,1022
2,13729,2606,4650,1023
6,13730,2606,4660,1024
1,13731,2606,4670,1030
4,13732,2606,4670,1031
0,13733,2606,4680,1032
3,13734,2606,4660,1033
5,13735,2606,4660,1034
3,13736,2606,4670,1040
4,13737,2606,4670,1041
5,13738,2606,4660,1042
5,13739,2606,4660,1043
4,13740,2606,4660,1044
4,13741,2606,4670,1050
4,13742,2606,4650,1051
3,13743,2606,4660,1052
5,13744,2606,4660,1053
2,13745,2606,4660,1054
4,13746,2606,4660,1060
6,13747,2606,4660,1061
6,13748,2606,4660,1062
4,13749,2606,4650,1063
4,13750,2606,4660,1064
2,13751,2606,4670,1070
0,13752,2606,4680,1071
2,13753,2606,4680,1072
5,13754,2606,4650,1073
5,13755,2606,4650,1074
6,13756,2606,4660,1080
2,13757,2606,4660,1081
2,13758,2606,4650,1082
5,13759,2606,4660,1083
1,13760,2606,4680,1084
4,13761,2606,4650,1085
4,13762,2606,4650,1086
0,13763,2606,4680,1087
3,13764,2606,4660,1088
0,13765,2606,4680,1089
5,13766,2606,4660,1090
2,13767,2606,4660,1091
0,13768,2606,4670,1092
3,13769,2606,4670,1093
2,13770,2606,4660,1094
5,13771,2606,4650,1095
5,13772,2606,4660,1096
1,13773,2606,4670,1097
3,13774,2606,4650,1098
1,13775,2606,4670,1099
5,13776,2606,4650,1100
0,13777,2606,4680,1101
5,13778,2606,4660,1102
6,13779,2606,4660,1103
2,13780,2606,4650,1104
0,13781,2606,4680,1110
2,13782,2606,4660,1111
3,13783,2606,4660,1112
3,13784,2606,4670,1113
6,13785,2606,4660,1114
3,13786,2606,4670,1135
6,13787,2606,4660,1136
4,13788,2606,4660,1137
0,13789,2606,4680,1138
3,13790,2606,4650,1139
1,13791,2606,4670,1140
6,13792,2606,4660,1141
5,13793,2606,4650,1142
2,13794,2606,4660,1143
3,13795,2606,4650,1144
3,13796,2606,4650,1145
0,13797,2606,4670,1146
5,13798,2606,4650,1147
3,13799,2606,4670,1148
2,13800,2606,4670,1149
5,13801,2606,4650,1150
3,13802,2606,4650,1151
4,13803,2606,4660,1152
1,13804,2606,4670,1153
5,13805,2606,4660,1154
3,13806,2606,4670,1155
5,13807,2606,4650,1156
2,13808,2606,4680,1157
5,13809,2606,4660,1158
3,13810,2606,4650,1159
4,13811,2606,4660,1160
4,13812,2606,4660,1161
4,13813,2606,4670,1162
3,13814,2606,4650,1163
2,13815,2606,4660,1164
1,13816,2606,4670,1170
0,13817,2606,4670,1171
3,13818,2606,4660,1172
0,13819,2606,4670,1173
4,13820,2606,4650,1174
4,13821,2606,4670,1195
5,13822,2606,4650,1196
5,13823,2606,4650,1197
1,13824,2606,4670,1198
3,13825,2606,4660,1199
4,13826,601,4650,0
4,13827,601,4670,1
4,13828,601,4670,2
5,13829,601,4650,3
5,13830,601,4660,4
1,13831,601,4670,5
3,13832,601,4670,6
4,13833,601,4670,7
4,13834,601,4660,8
1,13835,601,4670,9
4,13836,601,4650,10
6,13837,601,4660,11
2,13838,601,4670,12
2,13839,601,4650,13
5,13840,601,4660,14
5,13841,601,4660,15
3,13842,601,4670,16
0,13843,601,4680,17
3,13844,601,4650,18
2,13845,601,4660,19
2,13846,601,4650,25
3,13847,601,4650,26
4,13848,601,4650,27
4,13849,601,4670,28
4,13850,601,4660,29
4,13851,601,4670,30
1,13852,601,4670,31
3,13853,601,4660,32
2,13854,601,4660,33
4,13855,601,4650,34
2,13856,601,4660,35
3,13857,601,4660,36
1,13858,601,4670,37
5,13859,601,4660,38
3,13860,601,4670,39
2,13861,601,4670,40
4,13862,601,4660,41
2,13863,601,4670,42
3,13864,601,4670,43
5,13865,601,4660,44
2,13866,601,4660,45
3,13867,601,4650,46
2,13868,601,4660,47
3,13869,601,4660,48
3,13870,601,4660,49
3,13871,601,4670,50
2,13872,601,4670,51
6,13873,601,4660,52
0,13874,601,4670,53
4,13875,601,4660,54
4,13876,601,4650,55
2,13877,601,4660,56
2,13878,601,4650,57
4,13879,601,4650,58
2,13880,601,4660,59
2,13881,601,4680,65
0,13882,601,4680,66
4,13883,601,4670,67
2,13884,601,4660,68
1,13885,601,4670,69
3,13886,601,4650,70
4,13887,601,4670,71
0,13888,601,4670,72
3,13889,601,4670,73
4,13890,601,4650,74
3,13891,601,4650,75
3,13892,601,4660,76
3,13893,601,4650,77
1,13894,601,4670,78
4,13895,601,4660,79
3,13896,601,4650,80
3,13897,601,4660,81
2,13898,601,4660,82
2,13899,601,4660,83
2,13900,601,4650,84
5,13901,601,4660,85
2,13902,601,4660,86
2,13903,601,4660,87
3,13904,601,4660,88
4,13905,601,4650,89
2,13906,601,4650,90
2,13907,601,4680,91
3,13908,601,4660,92
2,13909,601,4650,93
4,13910,601,4670,94
3,13911,601,4660,95
5,13912,601,4650,96
5,13913,601,4660,97
5,13914,601,4650,98
2,13915,601,4680,99
5,13916,601,4660,105
2,13917,601,4650,106
5,13918,601,4660,107
2,13919,601,4650,108
0,13920,601,4680,109
1,13921,601,4670,110
6,13922,601,4660,111
5,13923,601,4660,112
4,13924,601,4660,113
0,13925,601,4670,114
6,13926,601,4660,115
3,13927,601,4650,116
5,13928,601,4650,117
5,13929,601,4660,118
5,13930,601,4660,119
0,13931,601,4670,120
5,13932,601,4660,121
3,13933,601,4670,122
5,13934,601,4650,123
5,13935,601,4650,124
3,13936,601,4660,125
2,13937,601,4670,126
5,13938,601,4660,127
4,13939,601,4670,128
4,13940,601,4670,129
4,13941,601,4660,130
4,13942,601,4670,131
3,13943,601,4670,132
5,13944,601,4660,133
6,13945,601,4660,134
2,13946,601,4670,135
6,13947,601,4660,136
6,13948,601,4660,137
2,13949,601,4680,138
5,13950,601,4660,139
2,13951,601,4670,145
5,13952,601,4660,146
4,13953,601,4650,147
2,13954,601,4650,148
2,13955,601,4670,149
4,13956,601,4660,150
3,13957,601,4650,151
5,13958,601,4660,152
2,13959,601,4660,153
5,13960,601,4650,154
4,13961,601,4660,155
5,13962,601,4650,156
2,13963,601,4670,157
0,13964,601,4670,158
1,13965,601,4670,159
3,13966,601,4660,160
3,13967,601,4660,161
1,13968,601,4670,162
3,13969,601,4660,163
1,13970,601,4670,164
3,13971,601,4650,165
6,13972,601,4660,166
2,13973,601,4650,167
5,13974,601,4650,168
3,13975,601,4650,169
3,13976,601,4660,170
2,13977,601,4650,171
3,13978,601,4670,172
4,13979,601,4650,173
5,13980,601,4660,174
3,13981,601,4660,175
5,13982,601,4650,176
3,13983,601,4670,177
2,13984,601,4660,178
4,13985,601,4660,179
3,13986,601,4670,185
3,13987,601,4660,186
1,13988,601,4670,187
5,13989,601,4660,188
3,13990,601,4660,189
0,13991,601,4670,190
1,13992,601,4680,191
5,13993,601,4650,192
3,13994,601,4660,193
1,13995,601,4670,194
1,13996,601,4670,195
4,13997,601,4670,196
2,13998,601,4680,197
1,13999,601,4670,198
6,14000,601,4660,199
3,14001,601,4660,200
5,14002,601,4660,201
3,14003,601,4660,202
6,14004,601,4660,203
2,14005,601,4670,204
2,14006,601,4650,205
4,14007,601,4650,206
3,14008,601,4660,207
5,14009,601,4660,208
1,14010,601,4670,209
1,14011,601,4680,210
0,14012,601,4670,211
2,14013,601,4650,212
3,14014,601,4660,213
2,14015,601,4650,214
0,14016,601,4670,215
5,14017,601,4660,216
4,14018,601,4670,217
0,14019,601,4670,218
3,14020,601,4670,219
4,14021,601,4670,225
4,14022,601,4650,226
5,14023,601,4660,227
1,14024,601,4670,228
1,14025,601,4670,229
5,14026,601,4660,230
6,14027,601,4660,231
4,14028,601,4660,232
2,14029,601,4670,233
3,14030,601,4670,234
4,14031,601,4660,235
0,14032,601,4670,236
5,14033,601,4650,237
4,14034,601,4660,238
2,14035,601,4670,239
3,14036,601,4650,240
5,14037,601,4660,241
6,14038,601,4660,242
4,14039,601,4670,243
3,14040,601,4670,244
5,14041,601,4660,245
1,14042,601,4670,246
3,14043,601,4660,247
5,14044,601,4660,248
0,14045,601,4670,249
5,14046,601,4660,250
6,14047,601,4660,251
3,14048,601,4670,252
3,14049,601,4660,253
4,14050,601,4660,254
4,14051,601,4650,255
1,14052,601,4670,256
1,14053,601,4680,257
3,14054,601,4650,258
5,14055,601,4650,259
4,14056,601,4660,265
4,14057,601,4650,266
5,14058,601,4660,267
5,14059,601,4660,268
1,14060,601,4670,269
3,14061,601,4660,270
4,14062,601,4670,271
2,14063,601,4650,272
4,14064,601,4650,273
1,14065,601,4670,274
5,14066,601,4650,275
5,14067,601,4660,276
0,14068,601,4670,277
1,14069,601,4670,278
1,14070,601,4670,279
4,14071,601,4670,280
5,14072,601,4650,281
3,14073,601,4660,282
3,14074,601,4670,283
4,14075,601,4650,284
1,14076,601,4670,285
4,14077,601,4670,286
1,14078,601,4670,287
4,14079,601,4660,288
0,14080,601,4680,289
4,14081,601,4660,290
5,14082,601,4650,291
2,14083,601,4680,292
4,14084,601,4660,293
3,14085,601,4650,294
5,14086,601,4650,295
1,14087,601,4670,296
1,14088,601,4670,297
2,14089,601,4650,298
4,14090,601,4650,299
5,14091,601,4660,305
2,14092,601,4670,306
4,14093,601,4670,307
4,14094,601,4660,308
0,14095,601,4680,309
3,14096,601,4660,310
6,14097,601,4660,311
1,14098,601,4670,312
4,14099,601,4650,313
2,14100,601,4670,314
4,14101,601,4650,315
0,14102,601,4670,316
3,14103,601,4650,317
0,14104,601,4670,318
5,14105,601,4660,319
2,14106,2601,4660,1000
2,14107,2601,4650,1001
4,14108,2601,4650,1002
4,14109,2601,4650,1003
0,14110,2601,4680,1004
4,14111,2601,4660,1010
5,14112,2601,4660,1011
6,14113,2601,4660,1012
3,14114,2601,4670,1013
5,14115,2601,4650,1014
3,14116,2601,4660,1020
5,14117,2601,4650,1021
5,14118,2601,4660,1022
1,14119,2601,4670,1023
2,14120,2601,4670,1024
2,14121,2601,4650,1030
2,14122,2601,4650,1031
0,14123,2601,4670,1032
4,14124,2601,4660,1033
6,14125,2601,4660,1034
3,14126,2601,4650,1040
6,14127,2601,4660,1041
2,14128,2601,4670,1042
2,14129,2601,4650,1043
3,14130,2601,4650,1044
5,14131,2601,4650,1050
3,14132,2601,4660,1051
5,14133,2601,4650,1052
2,14134,2601,4650,1053
3,14135,2601,4650,1054
2,14136,2601,4650,1060
3,14137,2601,4670,1061
4,14138,2601,4660,1062
3,14139,2601,4660,1063
3,14140,2601,4670,1064
3,14141,2601,4670,1070
0,14142,2601,4670,1071
3,14143,2601,4650,1072
4,14144,2601,4660,1073
0,14145,2601,4680,1074
1,14146,2601,4680,1080
4,14147,2601,4670,1081
3,14148,2601,4670,1082
2,14149,2601,4680,1083
4,14150,2601,4650,1084
4,14151,2601,4670,1085
4,14152,2601,4670,1086
4,14153,2601,4650,1087
2,14154,2601,4670,1088
3,14155,2601,4670,1089
5,14156,2601,4650,1090
4,14157,2601,4650,1091
1,14158,2601,4670,1092
6,14159,2601,4660,1093
2,14160,2601,4650,1094
2,14161,2601,4650,1095
5,14162,2601,4650,1096
5,14163,2601,4650,1097
2,14164,2601,4660,1098
4,14165,2601,4660,1099
4,14166,2601,4650,1105
1,14167,2601,4670,1106
2,14168,2601,4660,1107
2,14169,2601,4650,1108
6,14170,2601,4660,1109
3,14171,2601,4670,1110
2,14172,2601,4670,1111
4,14173,2601,4650,1112
0,14174,2601,4680,1113
5,14175,2601,4650,1114
4,14176,2601,4650,1135
3,14177,2601,4650,1136
3,14178,2601,4650,1137
1,14179,2601,4670,1138
6,14180,2601,4660,1139
2,14181,2601,4650,1140
4,14182,2601,4650,1141
2,14183,2601,4670,1142
2,14184,2601,4670,1143
0,14185,2601,4670,1144
4,14186,2601,4660,1145
3,14187,2601,4660,1146
2,14188,2601,4650,1147
1,14189,2601,4680,1148
3,14190,2601,4670,1149
6,14191,2601,4660,1150
5,14192,2601,4660,1151
1,14193,2601,4670,1152
2,14194,2601,4650,1153
3,14195,2601,4660,1154
4,14196,2601,4660,1155
1,14197,2601,4670,1156
2,14198,2601,4650,1157
0,14199,2601,4670,1158
2,14200,2601,4650,1159
3,14201,2601,4670,1165
4,14202,2601,4670,1166
5,14203,2601,4660,1167
2,14204,2601,4680,1168
2,14205,2601,4660,1169
0,14206,2601,4670,1170
3,14207,2601,4660,1171
3,14208,2601,4670,1172
2,14209,2601,4650,1173
3,14210,2601,4650,1174
1,14211,2601,4670,1195
4,14212,2601,4650,1196
2,14213,2601,4670,1197
4,14214,2601,4660,1198
2,14215,2601,4680,1199
4,14216,605,4660,0
4,14217,605,4660,1
4,14218,605,4660,2
0,14219,605,4670,3
4,14220,605,4660,4
4,14221,605,4660,5
3,14222,605,4650,6
5,14223,605,4660,7
4,14224,605,4670,8
3,14225,605,4650,9
0,14226,605,4670,10
3,14227,605,4670,11
5,14228,605,4650,12
3,14229,605,4650,13
1,14230,605,4670,14
4,14231,605,4650,15
2,14232,605,4660,16
4,14233,605,4660,17
3,14234,605,4670,18
6,14235,605,4660,19
2,14236,605,4660,20
0,14237,605,4670,21
5,14238,605,4660,22
6,14239,605,4660,23
3,14240,605,4650,24
5,14241,605,4660,25
4,14242,605,4660,26
3,14243,605,4670,27
4,14244,605,4660,28
5,14245,605,4660,29
0,14246,605,4670,35
2,14247,605,4660,36
3,14248,605,4670,37
2,14249,605,4650,38
3,14250,605,4650,39
5,14251,605,4660,40
2,14252,605,4650,41
3,14253,605,4650,42
5,14254,605,4660,43
2,14255,605,4660,44
5,14256,605,4660,45
0,14257,605,4670,46
4,14258,605,4660,47
1,14259,605,4670,48
2,14260,605,4670,49
5,14261,605,4660,50
5,14262,605,4660,51
3,14263,605,4670,52
4,14264,605,4650,53
5,14265,605,4660,54
5,14266,605,4660,55
3,14267,605,4650,56
4,14268,605,4660,57
3,14269,605,4670,58
5,14270,605,4650,59
3,14271,605,4650,60
2,14272,605,4650,61
3,14273,605,4650,62
3,14274,605,4670,63
0,14275,605,4670,64
2,14276,605,4660,65
4,14277,605,4660,66
3,14278,605,4650,67
0,14279,605,4670,68
5,14280,605,4660,69
5,14281,605,4650,75
4,14282,605,4670,76
4,14283,605,4650,77
6,14284,605,4660,78
2,14285,605,4670,79
5,14286,605,4660,80
4,14287,605,4660,81
5,14288,605,4660,82
3,14289,605,4660,83
4,14290,605,4670,84
2,14291,605,4660,85
4,14292,605,4660,86
0,14293,605,4670,87
3,14294,605,4650,88
6,14295,605,4660,89
3,14296,605,4670,90
1,14297,605,4670,91
2,14298,605,4670,92
2,14299,605,4660,93
5,14300,605,4650,94
1,14301,605,4670,95
4,14302,605,4660,96
5,14303,605,4650,97
3,14304,605,4660,98
5,14305,605,4660,99
3,14306,605,4650,100
2,14307,605,4660,101
1,14308,605,4670,102
2,14309,605,4660,103
5,14310,605,4660,104
5,14311,605,4650,105
4,14312,605,4660,106
2,14313,605,4650,107
4,14314,605,4660,108
2,14315,605,4650,109
2,14316,605,4670,115
5,14317,605,4660,116
6,14318,605,4660,117
3,14319,605,4670,118
4,14320,605,4650,119
4,14321,605,4660,120
4,14322,605,4670,121
5,14323,605,4660,122
4,14324,605,4670,123
2,14325,605,4670,124
2,14326,605,4660,125
0,14327,605,4670,126
2,14328,605,4670,127
3,14329,605,4650,128
5,14330,605,4660,129
5,14331,605,4650,130
2,14332,605,4650,131
3,14333,605,4650,132
4,14334,605,4660,133
5,14335,605,4650,134
1,14336,605,4670,135
3,14337,605,4660,136
2,14338,605,4650,137
5,14339,605,4650,138
0,14340,605,4670,139
2,14341,605,4660,140
4,14342,605,4650,141
2,14343,605,4670,142
1,14344,605,4670,143
6,14345,605,4660,144
4,14346,605,4660,145
4,14347,605,4650,146
0,14348,605,4670,147
2,14349,605,4660,148
3,14350,605,4660,149
4,14351,605,4650,155
3,14352,605,4670,156
3,14353,605,4660,157
3,14354,605,4660,158
0,14355,605,4670,159
5,14356,605,4650,160
0,14357,605,4670,161
2,14358,605,4660,162
4,14359,605,4650,163
4,14360,605,4650,164
2,14361,605,4650,165
4,14362,605,4670,166
0,14363,605,4670,167
2,14364,605,4650,168
2,14365,605,4660,169
6,14366,605,4660,170
5,14367,605,4650,171
4,14368,605,4660,172
3,14369,605,4670,173
3,14370,605,4670,174
2,14371,605,4670,175
2,14372,605,4650,176
3,14373,605,4660,177
5,14374,605,4650,178
1,14375,605,4670,179
5,14376,605,4660,180
2,14377,605,4670,181
3,14378,605,4660,182
6,14379,605,4660,183
2,14380,605,4660,184
5,14381,605,4660,185
3,14382,605,4670,186
5,14383,605,4650,187
6,14384,605,4660,188
4,14385,605,4650,189
3,14386,605,4650,195
5,14387,605,4660,196
6,14388,605,4660,197
5,14389,605,4660,198
3,14390,605,4660,199
4,14391,605,4670,200
5,14392,605,4650,201
5,14393,605,4650,202
3,14394,605,4660,203
6,14395,605,4660,204
4,14396,605,4670,205
2,14397,605,4660,206
4,14398,605,4650,207
4,14399,605,4660,208
6,14400,605,4660,209
3,14401,605,4670,210
3,14402,605,4670,211
5,14403,605,4660,212
1,14404,605,4670,213
2,14405,605,4670,214
4,14406,605,4650,215
1,14407,605,4670,216
6,14408,605,4660,217
2,14409,605,4660,218
4,14410,605,4650,219
5,14411,605,4650,220
4,14412,605,4660,221
3,14413,605,4650,222
3,14414,605,4660,223
5,14415,605,4660,224
6,14416,605,4660,225
5,14417,605,4660,226
3,14418,605,4660,227
3,14419,605,4660,228
4,14420,605,4650,229
1,14421,605,4670,235
3,14422,605,4660,236
4,14423,605,4670,237
3,14424,605,4660,238
3,14425,605,4650,239
2,14426,605,4650,240
3,14427,605,4660,241
3,14428,605,4670,242
3,14429,605,4660,243
2,14430,605,4660,244
5,14431,605,4650,245
5,14432,605,4650,246
5,14433,605,4660,247
1,14434,605,4670,248
4,14435,605,4650,249
6,14436,605,4660,250
3,14437,605,4650,251
3,14438,605,4650,252
2,14439,605,4660,253
3,14440,605,4660,254
4,14441,605,4660,255
2,14442,605,4650,256
4,14443,605,4650,257
3,14444,605,4660,258
2,14445,605,4660,259
1,14446,605,4670,260
5,14447,605,4660,261
4,14448,605,4660,262
5,14449,605,4650,263
3,14450,605,4660,264
3,14451,605,4660,265
4,14452,605,4660,266
2,14453,605,4660,267
4,14454,605,4660,268
3,14455,605,4650,269
3,14456,605,4650,275
3,14457,605,4650,276
4,14458,605,4670,277
2,14459,605,4650,278
2,14460,605,4650,279
3,14461,605,4670,280
6,14462,605,4660,281
4,14463,605,4670,282
2,14464,605,4670,283
2,14465,605,4650,284
4,14466,605,4660,285
5,14467,605,4660,286
3,14468,605,4660,287
2,14469,605,4650,288
3,14470,605,4670,289
1,14471,605,4670,290
2,14472,605,4660,291
3,14473,605,4670,292
4,14474,605,4670,293
4,14475,605,4650,294
3,14476,605,4660,295
2,14477,605,4660,296
2,14478,605,4670,297
0,14479,605,4670,298
4,14480,605,4660,299
2,14481,605,4670,300
4,14482,605,4650,301
4,14483,605,4650,302
1,14484,605,4670,303
2,14485,605,4660,304
3,14486,605,4660,305
4,14487,605,4650,306
5,14488,605,4660,307
2,14489,605,4650,308
4,14490,605,4670,309
4,14491,605,4660,315
4,14492,605,4650,316
1,14493,605,4670,317
1,14494,605,4670,318
3,14495,605,4650,319
2,14496,2605,4650,1000
5,14497,2605,4660,1001
5,14498,2605,4660,1002
0,14499,2605,4670,1003
3,14500,2605,4650,1004
3,14501,2605,4660,1010
4,14502,2605,4650,1011
3,14503,2605,4670,1012
6,14504,2605,4660,1013
2,14505,2605,4670,1014
3,14506,2605,4670,1020
4,14507,2605,4670,1021
2,14508,2605,4670,1022
4,14509,2605,4650,1023
3,14510,2605,4650,1024
4,14511,2605,4660,1030
3,14512,2605,4650,1031
5,14513,2605,4650,1032
3,14514,2605,4670,1033
5,14515,2605,4650,1034
4,14516,2605,4670,1040
3,14517,2605,4650,1041
5,14518,2605,4650,1042
4,14519,2605,4670,1043
2,14520,2605,4650,1044
2,14521,2605,4650,1050
2,14522,2605,4660,1051
5,14523,2605,4660,1052
3,14524,2605,4670,1053
1,14525,2605,4670,1054
3,14526,2605,4650,1060
5,14527,2605,4650,1061
4,14528,2605,4650,1062
3,14529,2605,4670,1063
4,14530,2605,4670,1064
4,14531,2605,4660,1070
4,14532,2605,4650,1071
2,14533,2605,4660,1072
2,14534,2605,4670,1073
0,14535,2605,4670,1074
1,14536,2605,4670,1080
3,14537,2605,4660,1081
6,14538,2605,4660,1082
2,14539,2605,4670,1083
0,14540,2605,4670,1084
5,14541,2605,4660,1085
5,14542,2605,4660,1086
3,14543,2605,4660,1087
4,14544,2605,4660,1088
3,14545,2605,4660,1089
4,14546,2605,4650,1090
2,14547,2605,4670,1091
3,14548,2605,4660,1092
5,14549,2605,4650,1093
6,14550,2605,4660,1094
6,14551,2605,4660,1095
6,14552,2605,4660,1096
4,14553,2605,4670,1097
4,14554,2605,4650,1098
3,14555,2605,4660,1099
4,14556,2605,4660,1100
2,14557,2605,4660,1101
6,14558,2605,4660,1102
3,14559,2605,4650,1103
4,14560,2605,4660,1104
2,14561,2605,4660,1105
4,14562,2605,4650,1106
5,14563,2605,4660,1107
3,14564,2605,4660,1108
2,14565,2605,4660,1109
6,14566,2605,4660,1135
0,14567,2605,4670,1136
1,14568,2605,4670,1137
2,14569,2605,4660,1138
3,14570,2605,4670,1139
4,14571,2605,4650,1140
5,14572,2605,4650,1141
5,14573,2605,4660,1142
4,14574,2605,4660,1143
2,14575,2605,4660,1144
0,14576,2605,4670,1145
3,14577,2605,4650,1146
3,14578,2605,4670,1147
0,14579,2605,4670,1148
6,14580,2605,4660,1149
4,14581,2605,4660,1150
5,14582,2605,4650,1151
2,14583,2605,4660,1152
4,14584,2605,4660,1153
0,14585,2605,4670,1154
1,14586,2605,4670,1155
5,14587,2605,4660,1156
4,14588,2605,4670,1157
6,14589,2605,4660,1158
3,14590,2605,4670,1159
2,14591,2605,4670,1160
3,14592,2605,4660,1161
2,14593,2605,4660,1162
3,14594,2605,4660,1163
0,14595,2605,4670,1164
2,14596,2605,4660,1165
6,14597,2605,4660,1166
6,14598,2605,4660,1167
4,14599,2605,4670,1168
4,14600,2605,4670,1169
5,14601,2605,4650,1195
3,14602,2605,4670,1196
5,14603,2605,4660,1197
4,14604,2605,4650,1198
6,14605,2605,4660,1199
1,14606,607,4670,0
2,14607,607,4660,1
2,14608,607,4670,2
3,14609,607,4650,3
3,14610,607,4650,4
5,14611,607,4650,5
1,14612,607,4680,6
2,14613,607,4650,7
3,14614,607,4650,8
5,14615,607,4660,9
4,14616,607,4660,10
3,14617,607,4660,11
2,14618,607,4650,12
6,14619,607,4660,13
2,14620,607,4650,14
4,14621,607,4670,15
5,14622,607,4650,16
3,14623,607,4650,17
1,14624,607,4670,18
0,14625,607,4670,19
0,14626,607,4670,20
4,14627,607,4650,21
5,14628,607,4650,22
3,14629,607,4670,23
4,14630,607,4660,24
1,14631,607,4670,25
0,14632,607,4670,26
2,14633,607,4680,27
5,14634,607,4650,28
3,14635,607,4670,29
5,14636,607,4650,30
3,14637,607,4660,31
2,14638,607,4660,32
3,14639,607,4650,33
2,14640,607,4660,34
5,14641,607,4650,35
0,14642,607,4670,36
5,14643,607,4660,37
2,14644,607,4660,38
0,14645,607,4670,39
2,14646,607,4660,40
5,14647,607,4660,41
4,14648,607,4660,42
4,14649,607,4650,43
0,14650,607,4670,44
2,14651,607,4670,45
4,14652,607,4660,46
3,14653,607,4660,47
3,14654,607,4650,48
6,14655,607,4660,49
5,14656,607,4650,50
6,14657,607,4660,51
3,14658,607,4650,52
1,14659,607,4680,53
3,14660,607,4670,54
1,14661,607,4680,55
3,14662,607,4660,56
1,14663,607,4680,57
5,14664,607,4660,58
3,14665,607,4660,59
6,14666,607,4660,60
2,14667,607,4660,61
2,14668,607,4660,62
2,14669,607,4660,63
5,14670,607,4650,64
2,14671,607,4650,65
3,14672,607,4670,66
4,14673,607,4660,67
5,14674,607,4660,68
3,14675,607,4650,69
3,14676,607,4670,70
3,14677,607,4670,71
5,14678,607,4650,72
5,14679,607,4660,73
6,14680,607,4660,74
6,14681,607,4660,75
5,14682,607,4660,76
2,14683,607,4670,77
4,14684,607,4670,78
6,14685,607,4660,79
2,14686,607,4660,80
6,14687,607,4660,81
3,14688,607,4650,82
0,14689,607,4670,83
4,14690,607,4650,84
2,14691,607,4680,85
2,14692,607,4650,86
3,14693,607,4650,87
6,14694,607,4660,88
3,14695,607,4670,89
3,14696,607,4660,90
4,14697,607,4660,91
3,14698,607,4650,92
3,14699,607,4660,93
5,14700,607,4660,94
4,14701,607,4660,95
3,14702,607,4650,96
3,14703,607,4650,97
5,14704,607,4660,98
2,14705,607,4660,99
2,14706,607,4670,100
3,14707,607,4650,101
2,14708,607,4660,102
5,14709,607,4650,103
6,14710,607,4660,104
4,14711,607,4660,105
5,14712,607,4660,106
4,14713,607,4660,107
2,14714,607,4670,108
4,14715,607,4670,109
3,14716,607,4660,110
2,14717,607,4670,111
5,14718,607,4650,112
4,14719,607,4670,113
2,14720,607,4660,114
0,14721,607,4670,115
2,14722,607,4670,116
4,14723,607,4650,117
4,14724,607,4660,118
2,14725,607,4670,119
4,14726,607,4650,120
3,14727,607,4670,121
3,14728,607,4660,122
2,14729,607,4660,123
4,14730,607,4660,124
5,14731,607,4650,125
6,14732,607,4660,126
3,14733,607,4660,127
4,14734,607,4650,128
1,14735,607,4670,129
6,14736,607,4660,130
2,14737,607,4670,131
1,14738,607,4680,132
3,14739,607,4670,133
2,14740,607,4660,134
2,14741,607,4660,135
0,14742,607,4680,136
4,14743,607,4660,137
1,14744,607,4670,138
5,14745,607,4650,139
6,14746,607,4660,140
2,14747,607,4660,141
2,14748,607,4660,142
3,14749,607,4650,143
3,14750,607,4660,144
5,14751,607,4650,145
2,14752,607,4660,146
6,14753,607,4660,147
0,14754,607,4670,148
2,14755,607,4650,149
3,14756,607,4660,150
4,14757,607,4670,151
1,14758,607,4670,152
4,14759,607,4650,153
1,14760,607,4670,154
0,14761,607,4670,155
2,14762,607,4670,156
4,14763,607,4670,157
2,14764,607,4650,158
3,14765,607,4660,159
3,14766,607,4670,160
2,14767,607,4670,161
5,14768,607,4660,162
1,14769,607,4670,163
1,14770,607,4680,164
3,14771,607,4670,165
3,14772,607,4650,166
4,14773,607,4660,167
2,14774,607,4670,168
1,14775,607,4670,169
4,14776,607,4670,170
3,14777,607,4670,171
0,14778,607,4680,172
0,14779,607,4680,173
2,14780,607,4660,174
2,14781,607,4660,175
3,14782,607,4670,176
2,14783,607,4670,177
4,14784,607,4660,178
3,14785,607,4650,179
2,14786,607,4670,180
5,14787,607,4660,181
4,14788,607,4660,182
2,14789,607,4660,183
3,14790,607,4650,184
5,14791,607,4650,185
4,14792,607,4660,186
4,14793,607,4660,187
5,14794,607,4650,188
6,14795,607,4660,189
5,14796,607,4660,190
2,14797,607,4670,191
2,14798,607,4670,192
5,14799,607,4660,193
6,14800,607,4660,194
4,14801,607,4660,195
2,14802,607,4650,196
2,14803,607,4650,197
3,14804,607,4660,198
2,14805,607,4670,199
1,14806,607,4670,200
2,14807,607,4660,201
1,14808,607,4680,202
1,14809,607,4670,203
3,14810,607,4670,204
2,14811,607,4670,205
1,14812,607,4670,206
1,14813,607,4670,207
4,14814,607,4650,208
3,14815,607,4650,209
5,14816,607,4650,210
4,14817,607,4660,211
3,14818,607,4670,212
4,14819,607,4650,213
4,14820,607,4670,214
4,14821,607,4660,215
2,14822,607,4670,216
3,14823,607,4660,217
3,14824,607,4650,218
2,14825,607,4660,219
1,14826,607,4670,220
2,14827,607,4670,221
1,14828,607,4670,222
2,14829,607,4660,223
6,14830,607,4660,224
2,14831,607,4660,225
3,14832,607,4660,226
4,14833,607,4650,227
4,14834,607,4650,228
2,14835,607,4660,229
3,14836,607,4660,230
2,14837,607,4650,231
4,14838,607,4650,232
2,14839,607,4660,233
4,14840,607,4670,234
5,14841,607,4650,235
4,14842,607,4650,236
2,14843,607,4680,237
2,14844,607,4680,238
5,14845,607,4660,239
2,14846,607,4670,240
2,14847,607,4650,241
4,14848,607,4670,242
5,14849,607,4650,243
3,14850,607,4650,244
0,14851,607,4670,245
3,14852,607,4660,246
0,14853,607,4670,247
2,14854,607,4670,248
3,14855,607,4670,249
2,14856,607,4660,250
5,14857,607,4660,251
5,14858,607,4660,252
5,14859,607,4650,253
5,14860,607,4650,254
1,14861,607,4670,255
4,14862,607,4650,256
2,14863,607,4670,257
2,14864,607,4670,258
3,14865,607,4660,259
3,14866,607,4660,260
4,14867,607,4660,261
2,14868,607,4660,262
5,14869,607,4660,263
4,14870,607,4650,264
4,14871,607,4650,265
2,14872,607,4680,266
1,14873,607,4670,267
2,14874,607,4670,268
0,14875,607,4680,269
5,14876,607,4650,270
3,14877,607,4660,271
4,14878,607,4670,272
3,14879,607,4660,273
4,14880,607,4650,274
1,14881,607,4670,275
1,14882,607,4670,276
5,14883,607,4660,277
1,14884,607,4680,278
2,14885,607,4660,279
3,14886,607,4660,280
4,14887,607,4660,281
2,14888,607,4650,282
2,14889,607,4660,283
3,14890,607,4670,284
5,14891,607,4660,285
6,14892,607,4660,286
3,14893,607,4670,287
6,14894,607,4660,288
2,14895,607,4650,289
3,14896,607,4660,290
5,14897,607,4660,291
5,14898,607,4650,292
2,14899,607,4650,293
4,14900,607,4670,294
4,14901,607,4660,295
5,14902,607,4650,296
3,14903,607,4660,297
3,14904,607,4660,298
2,14905,607,4650,299
1,14906,607,4680,300
1,14907,607,4680,301
3,14908,607,4670,302
3,14909,607,4650,303
4,14910,607,4650,304
3,14911,607,4650,305
2,14912,607,4680,306
3,14913,607,4660,307
3,14914,607,4670,308
4,14915,607,4650,309
4,14916,607,4650,310
3,14917,607,4670,311
4,14918,607,4650,312
1,14919,607,4670,313
0,14920,607,4680,314
2,14921,607,4680,315
3,14922,607,4670,316
4,14923,607,4660,317
3,14924,607,4650,318
5,14925,607,4650,319
3,14926,2607,4660,1000
4,14927,2607,4650,1001
3,14928,2607,4650,1002
1,14929,2607,4670,1003
2,14930,2607,4670,1004
3,14931,2607,4670,1010
3,14932,2607,4670,1011
4,14933,2607,4660,1012
5,14934,2607,4660,1013
3,14935,2607,4650,1014
2,14936,2607,4650,1020
6,14937,2607,4660,1021
2,14938,2607,4660,1022
4,14939,2607,4660,1023
2,14940,2607,4650,1024
2,14941,2607,4660,1030
1,14942,2607,4680,1031
2,14943,2607,4670,1032
5,14944,2607,4650,1033
0,14945,2607,4670,1034
6,14946,2607,4660,1040
0,14947,2607,4680,1041
3,14948,2607,4660,1042
2,14949,2607,4660,1043
3,14950,2607,4660,1044
6,14951,2607,4660,1050
2,14952,2607,4680,1051
1,14953,2607,4670,1052
0,14954,2607,4670,1053
3,14955,2607,4670,1054
6,14956,2607,4660,1060
4,14957,2607,4670,1061
0,14958,2607,4670,1062
2,14959,2607,4650,1063
5,14960,2607,4660,1064
2,14961,2607,4660,1070
2,14962,2607,4650,1071
3,14963,2607,4670,1072
5,14964,2607,4660,1073
4,14965,2607,4660,1074
4,14966,2607,4660,1080
1,14967,2607,4670,1081
0,14968,2607,4670,1082
5,14969,2607,4650,1083
5,14970,2607,4660,1084
2,14971,2607,4670,1085
3,14972,2607,4670,1086
4,14973,2607,4660,1087
1,14974,2607,4670,1088
4,14975,2607,4670,1089
4,14976,2607,4660,1090
3,14977,2607,4660,1091
4,14978,2607,4650,1092
4,14979,2607,4670,1093
3,14980,2607,4650,1094
4,14981,2607,4670,1095
3,14982,2607,4650,1096
2,14983,2607,4660,1097
0,14984,2607,4670,1098
2,14985,2607,4650,1099
0,14986,2607,4680,1100
1,14987,2607,4670,1101
5,14988,2607,4650,1102
0,14989,2607,4670,1103
3,14990,2607,4660,1104
3,14991,2607,4660,1105
6,14992,2607,4660,1106
0,14993,2607,4670,1107
0,14994,2607,4680,1108
2,14995,2607,4650,1109
4,14996,2607,4670,1110
1,14997,2607,4670,1111
6,14998,2607,4660,1112
0,14999,2607,4670,1113
0,15000,2607,4670,1114
2,15001,2607,4670,1135
2,15002,2607,4660,1136
4,15003,2607,4670,1137
3,15004,2607,4660,1138
2,15005,2607,4670,1139
4,15006,2607,4660,1140
2,15007,2607,4670,1141
4,15008,2607,4670,1142
5,15009,2607,4660,1143
3,15010,2607,4670,1144
1,15011,2607,4680,1145
2,15012,2607,4650,1146
2,15013,2607,4660,1147
4,15014,2607,4660,1148
4,15015,2607,4660,1149
2,15016,2607,4660,1150
2,15017,2607,4660,1151
3,15018,2607,4650,1152
3,15019,2607,4650,1153
3,15020,2607,4670,1154
2,15021,2607,4650,1155
2,15022,2607,4670,1156
2,15023,2607,4660,1157
1,15024,2607,4680,1158
4,15025,2607,4670,1159
6,15026,2607,4660,1160
4,15027,2607,4670,1161
5,15028,2607,4660,1162
1,15029,2607,4680,1163
4,15030,2607,4660,1164
2,15031,2607,4650,1165
5,15032,2607,4660,1166
2,15033,2607,4650,1167
5,15034,2607,4660,1168
6,15035,2607,4660,1169
6,15036,2607,4660,1170
2,15037,2607,4650,1171
0,15038,2607,4670,1172
5,15039,2607,4660,1173
5,15040,2607,4660,1174
4,15041,2607,4650,1195
1,15042,2607,4670,1196
2,15043,2607,4650,1197
1,15044,2607,4680,1198
3,15045,2607,4650,1199
6,15046,603,4660,0
5,15047,603,4660,1
2,15048,603,4650,2
4,15049,603,4660,3
2,15050,603,4650,4
3,15051,603,4650,5
4,15052,603,4670,6
1,15053,603,4670,7
5,15054,603,4660,8
4,15055,603,4670,9
1,15056,603,4670,10
5,15057,603,4660,11
6,15058,603,4660,12
1,15059,603,4680,13
4,15060,603,4660,14
6,15061,603,4660,15
3,15062,603,4660,16
3,15063,603,4670,17
1,15064,603,4680,18
5,15065,603,4660,19
0,15066,603,4680,30
2,15067,603,4650,31
0,15068,603,4670,32
2,15069,603,4650,33
3,15070,603,4650,34
4,15071,603,4670,35
2,15072,603,4650,36
4,15073,603,4650,37
5,15074,603,4650,38
5,15075,603,4650,39
1,15076,603,4670,40
5,15077,603,4650,41
5,15078,603,4650,42
6,15079,603,4660,43
6,15080,603,4660,44
2,15081,603,4650,45
4,15082,603,4650,46
2,15083,603,4650,47
2,15084,603,4650,48
2,15085,603,4660,49
4,15086,603,4670,50
3,15087,603,4650,51
0,15088,603,4670,52
1,15089,603,4670,53
3,15090,603,4660,54
0,15091,603,4670,55
3,15092,603,4670,56
3,15093,603,4670,57
0,15094,603,4680,58
2,15095,603,4650,59
3,15096,603,4660,70
5,15097,603,4660,71
4,15098,603,4660,72
2,15099,603,4650,73
3,15100,603,4670,74
2,15101,603,4670,75
0,15102,603,4670,76
1,15103,603,4670,77
4,15104,603,4650,78
5,15105,603,4650,79
5,15106,603,4650,80
4,15107,603,4650,81
3,15108,603,4670,82
5,15109,603,4650,83
4,15110,603,4660,84
3,15111,603,4650,85
2,15112,603,4670,86
3,15113,603,4670,87
2,15114,603,4650,88
2,15115,603,4660,89
5,15116,603,4660,90
0,15117,603,4670,91
2,15118,603,4650,92
3,15119,603,4650,93
3,15120,603,4650,94
5,15121,603,4650,95
5,15122,603,4660,96
3,15123,603,4660,97
1,15124,603,4680,98
0,15125,603,4670,99
4,15126,603,4650,110
5,15127,603,4660,111
0,15128,603,4680,112
3,15129,603,4660,113
4,15130,603,4650,114
2,15131,603,4650,115
2,15132,603,4660,116
4,15133,603,4660,117
2,15134,603,4680,118
5,15135,603,4650,119
2,15136,603,4650,120
5,15137,603,4650,121
3,15138,603,4650,122
3,15139,603,4660,123
4,15140,603,4670,124
4,15141,603,4670,125
3,15142,603,4660,126
3,15143,603,4670,127
2,15144,603,4660,128
3,15145,603,4650,129
3,15146,603,4650,130
4,15147,603,4650,131
0,15148,603,4670,132
6,15149,603,4660,133
0,15150,603,4670,134
6,15151,603,4660,135
5,15152,603,4650,136
3,15153,603,4650,137
4,15154,603,4670,138
1,15155,603,4680,139
2,15156,603,4670,150
5,15157,603,4660,151
4,15158,603,4660,152
2,15159,603,4670,153
3,15160,603,4660,154
2,15161,603,4670,155
4,15162,603,4650,156
3,15163,603,4650,157
4,15164,603,4650,158
2,15165,603,4650,159
4,15166,603,4660,160
5,15167,603,4660,161
2,15168,603,4650,162
2,15169,603,4660,163
4,15170,603,4660,164
1,15171,603,4670,165
5,15172,603,4650,166
3,15173,603,4670,167
2,15174,603,4660,168
3,15175,603,4660,169
5,15176,603,4660,170
2,15177,603,4680,171
5,15178,603,4650,172
4,15179,603,4660,173
0,15180,603,4680,174
5,15181,603,4650,175
2,15182,603,4660,176
6,15183,603,4660,177
1,15184,603,4670,178
2,15185,603,4670,179
3,15186,603,4670,190
4,15187,603,4660,191
6,15188,603,4660,192
0,15189,603,4680,193
2,15190,603,4650,194
5,15191,603,4660,195
1,15192,603,4680,196
2,15193,603,4660,197
4,15194,603,4650,198
3,15195,603,4650,199
4,15196,603,4660,200
2,15197,603,4650,201
3,15198,603,4670,202
3,15199,603,4670,203
4,15200,603,4650,204
1,15201,603,4680,205
3,15202,603,4660,206
5,15203,603,4660,207
1,15204,603,4680,208
2,15205,603,4660,209
3,15206,603,4650,210
2,15207,603,4650,211
4,15208,603,4660,212
0,15209,603,4670,213
3,15210,603,4660,214
3,15211,603,4660,215
2,15212,603,4650,216
3,15213,603,4650,217
5,15214,603,4660,218
2,15215,603,4650,219
2,15216,603,4650,230
1,15217,603,4670,231
2,15218,603,4650,232
0,15219,603,4680,233
6,15220,603,4660,234
4,15221,603,4670,235
5,15222,603,4660,236
3,15223,603,4670,237
1,15224,603,4670,238
2,15225,603,4660,239
6,15226,603,4660,240
6,15227,603,4660,241
5,15228,603,4660,242
0,15229,603,4670,243
4,15230,603,4670,244
4,15231,603,4660,245
4,15232,603,4660,246
4,15233,603,4650,247
6,15234,603,4660,248
6,15235,603,4660,249
2,15236,603,4650,250
2,15237,603,4670,251
2,15238,603,4650,252
4,15239,603,4650,253
1,15240,603,4670,254
3,15241,603,4660,255
2,15242,603,4680,256
2,15243,603,4650,257
2,15244,603,4650,258
5,15245,603,4660,259
2,15246,603,4680,270
2,15247,603,4680,271
6,15248,603,4660,272
4,15249,603,4670,273
2,15250,603,4650,274
5,15251,603,4660,275
4,15252,603,4650,276
3,15253,603,4650,277
4,15254,603,4660,278
0,15255,603,4680,279
5,15256,603,4650,280
5,15257,603,4660,281
5,15258,603,4660,282
4,15259,603,4650,283
2,15260,603,4680,284
3,15261,603,4660,285
4,15262,603,4650,286
3,15263,603,4650,287
5,15264,603,4650,288
4,15265,603,4650,289
2,15266,603,4660,290
0,15267,603,4680,291
3,15268,603,4660,292
3,15269,603,4660,293
2,15270,603,4660,294
4,15271,603,4650,295
2,15272,603,4650,296
5,15273,603,4660,297
6,15274,603,4660,298
2,15275,603,4660,299
6,15276,603,4660,310
5,15277,603,4650,311
6,15278,603,4660,312
5,15279,603,4650,313
2,15280,603,4650,314
0,15281,603,4670,315
5,15282,603,4650,316
5,15283,603,4650,317
6,15284,603,4660,318
3,15285,603,4670,319
3,15286,2603,4670,1000
4,15287,2603,4660,1001
0,15288,2603,4670,1002
3,15289,2603,4660,1003
1,15290,2603,4670,1004
0,15291,2603,4670,1010
4,15292,2603,4660,1011
1,15293,2603,4670,1012
2,15294,2603,4660,1013
0,15295,2603,4680,1014
2,15296,2603,4680,1020
5,15297,2603,4660,1021
4,15298,2603,4670,1022
4,15299,2603,4670,1023
4,15300,2603,4660,1024
0,15301,2603,4670,1030
5,15302,2603,4660,1031
6,15303,2603,4660,1032
4,15304,2603,4650,1033
4,15305,2603,4670,1034
3,15306,2603,4660,1040
5,15307,2603,4660,1041
1,15308,2603,4670,1042
1,15309,2603,4670,1043
6,15310,2603,4660,1044
3,15311,2603,4670,1050
3,15312,2603,4650,1051
4,15313,2603,4660,1052
4,15314,2603,4660,1053
4,15315,2603,4660,1054
2,15316,2603,4670,1060
2,15317,2603,4650,1061
5,15318,2603,4650,1062
1,15319,2603,4670,1063
3,15320,2603,4660,1064
3,15321,2603,4650,1070
3,15322,2603,4670,1071
4,15323,2603,4650,1072
4,15324,2603,4650,1073
4,15325,2603,4670,1074
3,15326,2603,4670,1080
3,15327,2603,4650,1081
2,15328,2603,4660,1082
3,15329,2603,4650,1083
3,15330,2603,4670,1084
2,15331,2603,4660,1085
2,15332,2603,4650,1086
3,15333,2603,4650,1087
5,15334,2603,4650,1088
4,15335,2603,4660,1089
4,15336,2603,4670,1090
2,15337,2603,4650,1091
2,15338,2603,4650,1092
2,15339,2603,4650,1093
3,15340,2603,4670,1094
3,15341,2603,4660,1095
2,15342,2603,4680,1096
4,15343,2603,4660,1097
6,15344,2603,4660,1098
6,15345,2603,4660,1099
4,15346,2603,4660,1110
3,15347,2603,4650,1111
0,15348,2603,4670,1112
6,15349,2603,4660,1113
1,15350,2603,4670,1114
0,15351,2603,4680,1135
4,15352,2603,4650,1136
2,15353,2603,4650,1137
4,15354,2603,4650,1138
4,15355,2603,4650,1139
2,15356,2603,4670,1140
0,15357,2603,4680,1141
6,15358,2603,4660,1142
4,15359,2603,4650,1143
5,15360,2603,4660,1144
3,15361,2603,4660,1145
4,15362,2603,4660,1146
1,15363,2603,4670,1147
5,15364,2603,4660,1148
5,15365,2603,4650,1149
4,15366,2603,4670,1150
3,15367,2603,4670,1151
2,15368,2603,4650,1152
5,15369,2603,4660,1153
4,15370,2603,4660,1154
6,15371,2603,4660,1155
2,15372,2603,4660,1156
3,15373,2603,4650,1157
4,15374,2603,4670,1158
6,15375,2603,4660,1159
4,15376,2603,4660,1170
2,15377,2603,4660,1171
5,15378,2603,4650,1172
4,15379,2603,4660,1173
3,15380,2603,4670,1174
4,15381,2603,4660,1195
3,15382,2603,4660,1196
1,15383,2603,4670,1197
5,15384,2603,4660,1198
2,15385,2603,4670,1199
1,15386,117,3810,0
0,15387,117,3220,1
1,15388,117,3000,2
1,15389,117,3410,3
1,15390,117,3400,4
0,15391,117,3400,5
2,15392,117,3210,6
0,15393,117,3800,7
1,15394,117,3210,8
1,15395,117,3800,9
1,15396,117,3000,10
0,15397,117,3220,11
0,15398,117,3410,12
0,15399,117,3220,13
0,15400,117,3410,14
0,15401,117,3030,15
2,15402,117,3210,16
0,15403,117,3210,17
2,15404,117,3410,18
0,15405,117,3420,19
0,15406,117,3420,20
1,15407,117,3400,21
0,15408,117,3800,22
0,15409,117,3400,23
1,15410,117,3400,24
0,15411,117,3000,25
0,15412,117,3210,26
0,15413,117,3030,27
0,15414,117,3400,28
3,15415,117,3400,29
0,15416,117,3030,30
0,15417,117,3430,31
0,15418,117,2150,32
2,15419,117,3410,33
1,15420,117,3200,34
0,15421,117,3800,35
0,15422,117,3210,36
1,15423,117,3220,37
0,15424,117,3210,38
2,15425,117,3210,39
0,15426,117,3800,40
1,15427,117,3800,41
1,15428,117,3810,42
2,15429,117,3410,43
1,15430,117,3220,44
1,15431,117,3220,45
0,15432,117,3000,46
1,15433,117,3200,47
4,15434,117,3410,48
0,15435,117,3210,49
1,15436,117,3410,50
0,15437,117,3430,51
0,15438,117,3200,52
0,15439,117,3200,53
1,15440,117,3200,54
2,15441,117,3400,55
0,15442,117,3410,56
3,15443,117,3410,57
0,15444,117,3810,58
0,15445,117,3420,59
0,15446,117,3200,60
1,15447,117,3810,61
1,15448,117,3800,62
3,15449,117,3410,63
1,15450,117,3400,64
2,15451,117,3410,65
1,15452,117,3200,66
1,15453,117,3200,67
0,15454,117,3200,68
2,15455,117,3400,69
1,15456,117,3800,70
0,15457,117,3220,71
0,15458,117,3030,72
1,15459,117,3200,73
0,15460,117,3210,74
0,15461,117,3000,75
1,15462,117,3210,76
1,15463,117,3410,77
1,15464,117,3200,78
2,15465,117,3400,79
0,15466,117,3810,80
0,15467,117,3430,81
2,15468,117,3210,82
2,15469,117,3210,83
4,15470,117,3410,84
3,15471,117,3410,85
0,15472,117,3210,86
2,15473,117,3400,87
1,15474,117,3800,88
0,15475,117,3220,89
0,15476,117,3410,90
1,15477,117,3030,91
0,15478,117,3220,92
0,15479,117,3030,93
2,15480,117,3400,94
1,15481,117,3410,95
0,15482,117,3400,96
4,15483,117,3410,97
1,15484,117,3210,98
0,15485,117,3810,99
0,15486,117,3420,100
2,15487,117,3210,101
0,15488,117,3200,102
2,15489,117,3400,103
1,15490,117,3200,104
2,15491,117,3410,105
1,15492,117,3800,106
1,15493,117,3210,107
0,15494,117,3210,108
2,15495,117,3210,109
1,15496,117,3800,110
4,15497,117,3410,111
1,15498,117,3200,112
0,15499,117,3220,113
0,15500,117,3030,114
0,15501,117,3200,115
0,15502,117,3800,116
0,15503,117,3400,117
3,15504,117,3410,118
0,15505,117,3810,119
1,15506,117,3400,120
0,15507,117,3000,121
3,15508,117,3400,122
0,15509,117,3420,123
0,15510,117,3420,124
1,15511,117,3800,125
1,15512,117,3410,126
1,15513,117,3210,127
0,15514,117,3000,128
1,15515,117,3220,129
2,15516,117,3210,130
1,15517,117,3220,131
2,15518,117,3210,132
0,15519,117,3400,133
0,15520,117,2150,134
0,15521,117,3000,135
4,15522,117,3410,136
1,15523,117,3210,137
0,15524,117,3810,138
1,15525,117,3000,139
1,15526,117,3000,140
0,15527,117,3400,141
0,15528,117,3220,142
0,15529,117,3000,143
0,15530,117,3210,144
1,15531,117,3210,145
0,15532,117,3000,146
1,15533,117,3210,147
0,15534,117,3030,148
1,15535,117,3400,149
1,15536,117,3400,150
0,15537,117,3420,151
1,15538,117,3800,152
1,15539,117,3800,153
1,15540,117,3000,154
0,15541,117,3210,155
0,15542,117,3030,156
1,15543,117,3810,157
2,15544,117,3210,158
4,15545,117,3410,159
1,15546,117,3810,160
0,15547,117,3030,161
0,15548,117,3420,162
0,15549,117,3430,163
0,15550,117,3430,164
1,15551,117,3200,165
1,15552,117,3210,166
3,15553,117,3410,167
0,15554,117,3000,168
3,15555,117,3410,169
2,15556,117,3410,170
0,15557,117,2150,171
2,15558,117,3210,172
2,15559,117,3210,173
0,15560,117,2150,174
1,15561,117,3000,175
3,15562,117,3410,176
0,15563,117,3420,177
0,15564,117,3810,178
3,15565,117,3400,179
1,15566,117,3210,180
4,15567,117,3410,181
1,15568,117,3000,182
1,15569,117,3410,183
1,15570,117,3220,184
1,15571,117,3210,185
2,15572,117,3210,186
0,15573,117,3030,187
1,15574,117,3030,188
4,15575,117,3410,189
4,15576,117,3410,190
1,15577,117,3810,191
4,15578,117,3410,192
2,15579,117,3210,193
0,15580,117,3210,194
0,15581,117,3030,195
1,15582,117,3400,196
0,15583,117,3410,197
0,15584,117,3030,198
4,15585,117,3410,199
1,15586,117,3200,200
1,15587,117,3410,201
1,15588,117,3410,202
0,15589,117,3800,203
0,15590,117,3210,204
0,15591,117,3400,205
2,15592,117,3410,206
2,15593,117,3210,207
1,15594,117,3000,208
0,15595,117,3200,209
4,15596,117,3410,210
0,15597,117,3030,211
1,15598,117,3810,212
1,15599,117,3030,213
2,15600,117,3400,214
0,15601,117,3200,215
4,15602,117,3410,216
1,15603,117,3210,217
0,15604,117,3210,218
1,15605,117,3400,219
1,15606,117,3030,220
0,15607,117,3200,221
0,15608,117,3210,222
1,15609,117,3220,223
1,15610,117,3000,224
1,15611,117,3030,225
1,15612,117,3030,226
2,15613,117,3400,227
1,15614,117,3220,228
0,15615,117,3410,229
0,15616,117,3200,230
0,15617,117,3220,231
1,15618,117,3210,232
1,15619,117,3220,233
2,15620,117,3210,234
2,15621,117,3410,235
1,15622,117,3030,236
1,15623,117,3200,237
2,15624,117,3210,238
0,15625,117,3430,239
0,15626,117,3000,240
1,15627,117,3400,241
0,15628,117,3030,242
1,15629,117,3210,243
1,15630,117,3220,244
0,15631,117,3430,245
0,15632,117,3210,246
4,15633,117,3410,247
0,15634,117,3800,248
0,15635,117,3200,249
0,15636,117,3430,250
1,15637,117,3800,251
0,15638,117,2150,252
2,15639,117,3400,253
2,15640,117,3210,254
1,15641,117,3030,255
2,15642,117,3210,256
1,15643,117,3030,257
1,15644,117,3000,258
0,15645,117,3200,259
3,15646,117,3400,260
0,15647,117,3400,261
1,15648,117,3200,262
1,15649,117,3400,263
0,15650,117,3810,264
1,15651,117,3210,265
0,15652,117,3800,266
0,15653,117,3410,267
0,15654,117,3030,268
0,15655,117,3400,269
1,15656,117,3200,270
0,15657,117,3210,271
1,15658,117,3220,272
1,15659,117,3810,273
2,15660,117,3210,274
0,15661,117,3420,275
0,15662,117,3030,276
1,15663,117,3800,277
0,15664,117,3420,278
0,15665,117,3430,279
3,15666,117,3400,280
0,15667,117,3000,281
0,15668,117,3200,282
0,15669,117,3000,283
2,15670,117,3410,284
1,15671,117,3200,285
0,15672,117,3030,286
0,15673,117,3000,287
0,15674,117,3430,288
0,15675,117,3000,289
1,15676,117,3210,290
0,15677,117,3430,291
4,15678,117,3410,292
0,15679,117,3810,293
1,15680,117,3200,294
2,15681,117,3400,295
0,15682,117,3410,296
1,15683,117,3220,297
0,15684,117,3800,298
0,15685,117,3800,299
0,15686,117,3000,300
1,15687,117,3220,301
1,15688,117,3000,302
0,15689,117,3430,303
1,15690,117,3810,304
0,15691,117,3030,305
0,15692,117,3200,306
0,15693,117,3400,307
3,15694,117,3410,308
2,15695,117,3410,309
1,15696,117,3000,310
0,15697,117,3420,311
0,15698,117,3430,312
1,15699,117,3200,313
0,15700,117,3430,314
0,15701,117,3210,315
2,15702,117,3410,316
0,15703,117,3030,317
0,15704,117,3400,318
0,15705,117,3810,319
3,15706,2117,5011,1000
1,15707,2117,3400,1001
1,15708,2117,3810,1002
0,15709,2117,5005,1003
0,15710,2117,5002,1004
2,15711,2117,5011,1010
1,15712,2117,3400,1011
1,15713,2117,5000,1012
0,15714,2117,5005,1013
0,15715,2117,3210,1014
4,15716,2117,5011,1020
1,15717,2117,3220,1021
1,15718,2117,3200,1022
3,15719,2117,5010,1023
0,15720,2117,3210,1024
0,15721,2117,5005,1030
0,15722,2117,5002,1031
0,15723,2117,3200,1032
0,15724,2117,5006,1033
3,15725,2117,5011,1034
2,15726,2117,3210,1040
0,15727,2117,5005,1041
0,15728,2117,3430,1042
0,15729,2117,5010,1043
1,15730,2117,3210,1044
0,15731,2117,5003,1050
3,15732,2117,5011,1051
1,15733,2117,3220,1052
6,15734,2117,5011,1053
1,15735,2117,3410,1054
1,15736,2117,3210,1060
2,15737,2117,5011,1061
3,15738,2117,5011,1062
1,15739,2117,5001,1063
1,15740,2117,3200,1064
0,15741,2117,3400,1070
1,15742,2117,3220,1071
0,15743,2117,3200,1072
2,15744,2117,3210,1073
3,15745,2117,5010,1074
0,15746,2117,3210,1080
0,15747,2117,5002,1081
1,15748,2117,5000,1082
4,15749,2117,5010,1083
1,15750,2117,5000,1084
3,15751,2117,5010,1085
1,15752,2117,3000,1086
1,15753,2117,3200,1087
2,15754,2117,5010,1088
0,15755,2117,5004,1089
2,15756,2117,3410,1090
4,15757,2117,5011,1091
1,15758,2117,3210,1092
4,15759,2117,5010,1093
0,15760,2117,3400,1094
2,15761,2117,5011,1095
1,15762,2117,3220,1096
0,15763,2117,5010,1097
0,15764,2117,3420,1098
0,15765,2117,5010,1099
0,15766,2117,5003,1100
0,15767,2117,3200,1101
0,15768,2117,3430,1102
1,15769,2117,3210,1103
2,15770,2117,5010,1104
1,15771,2117,3410,1105
6,15772,2117,5011,1106
1,15773,2117,3400,1107
0,15774,2117,3220,1108
0,15775,2117,5002,1109
0,15776,2117,3210,1110
4,15777,2117,5011,1111
2,15778,2117,5010,1112
0,15779,2117,3030,1113
1,15780,2117,5001,1114
1,15781,2117,3410,1135
3,15782,2117,5011,1136
0,15783,2117,5010,1137
1,15784,2117,5001,1138
0,15785,2117,5003,1139
0,15786,2117,5004,1140
1,15787,2117,5001,1141
1,15788,2117,3210,1142
0,15789,2117,5005,1143
0,15790,2117,5010,1144
0,15791,2117,3810,1145
4,15792,2117,5010,1146
2,15793,2117,5010,1147
1,15794,2117,3210,1148
1,15795,2117,3220,1149
0,15796,2117,3000,1150
0,15797,2117,3210,1151
0,15798,2117,5006,1152
1,15799,2117,3400,1153
4,15800,2117,5011,1154
0,15801,2117,5006,1155
1,15802,2117,5001,1156
2,15803,2117,5010,1157
4,15804,2117,5010,1158
3,15805,2117,5010,1159
3,15806,2117,5010,1160
0,15807,2117,3400,1161
0,15808,2117,3200,1162
0,15809,2117,3420,1163
0,15810,2117,5002,1164
3,15811,2117,5011,1165
3,15812,2117,5011,1166
1,15813,2117,3000,1167
2,15814,2117,5011,1168
4,15815,2117,3410,1169
0,15816,2117,5005,1170
0,15817,2117,5004,1171
2,15818,2117,5011,1172
0,15819,2117,3030,1173
0,15820,2117,5010,1174
0,15821,2117,5002,1195
0,15822,2117,3200,1196
1,15823,2117,5000,1197
2,15824,2117,3210,1198
0,15825,2117,3400,1199
1,15826,109,3410,0
1,15827,109,3030,1
1,15828,109,3030,2
1,15829,109,3410,3
0,15830,109,3420,4
0,15831,109,3800,5
1,15832,109,3200,6
0,15833,109,3410,7
1,15834,109,3800,8
3,15835,109,3410,9
0,15836,109,3420,10
0,15837,109,2080,11
0,15838,109,3200,12
2,15839,109,3210,13
0,15840,109,3000,14
0,15841,109,3410,15
0,15842,109,3220,16
0,15843,109,3400,17
0,15844,109,3210,18
1,15845,109,3210,19
1,15846,109,3800,20
0,15847,109,3400,21
1,15848,109,3200,22
0,15849,109,3420,23
0,15850,109,3200,24
1,15851,109,3800,25
0,15852,109,3000,26
0,15853,109,3810,27
0,15854,109,3400,28
0,15855,109,3000,29
1,15856,109,3030,35
0,15857,109,3430,36
1,15858,109,3800,37
0,15859,109,3420,38
1,15860,109,3210,39
1,15861,109,3210,40
1,15862,109,3220,41
0,15863,109,3410,42
2,15864,109,3410,43
1,15865,109,3220,44
2,15866,109,3410,45
4,15867,109,3410,46
2,15868,109,3210,47
0,15869,109,3410,48
2,15870,109,3400,49
1,15871,109,3200,50
0,15872,109,3430,51
0,15873,109,3410,52
0,15874,109,3220,53
0,15875,109,3410,54
0,15876,109,3030,55
0,15877,109,3410,56
1,15878,109,3810,57
0,15879,109,3420,58
2,15880,109,3410,59
0,15881,109,3200,60
2,15882,109,3210,61
0,15883,109,3800,62
0,15884,109,3200,63
0,15885,109,3800,64
4,15886,109,3410,65
0,15887,109,3410,66
2,15888,109,3210,67
2,15889,109,3400,68
0,15890,109,3220,69
3,15891,109,3410,75
1,15892,109,3210,76
1,15893,109,3030,77
0,15894,109,3210,78
1,15895,109,3220,79
1,15896,109,3000,80
2,15897,109,3210,81
3,15898,109,3410,82
0,15899,109,3800,83
4,15900,109,3410,84
4,15901,109,3410,85
1,15902,109,3220,86
2,15903,109,3400,87
1,15904,109,3410,88
0,15905,109,3220,89
1,15906,109,3210,90
0,15907,109,3000,91
3,15908,109,3400,92
1,15909,109,3410,93
0,15910,109,3800,94
1,15911,109,3410,95
0,15912,109,3430,96
3,15913,109,3400,97
0,15914,109,3030,98
0,15915,109,3000,99
0,15916,109,3420,100
0,15917,109,3210,101
1,15918,109,3410,102
0,15919,109,3000,103
0,15920,109,3810,104
0,15921,109,3200,105
0,15922,109,3220,106
1,15923,109,3810,107
0,15924,109,3810,108
0,15925,109,3410,109
0,15926,109,3410,115
0,15927,109,3810,116
0,15928,109,3000,117
0,15929,109,3430,118
1,15930,109,3220,119
0,15931,109,3430,120
0,15932,109,3000,121
1,15933,109,3800,122
0,15934,109,3420,123
3,15935,109,3400,124
0,15936,109,3400,125
1,15937,109,3400,126
0,15938,109,3420,127
1,15939,109,3200,128
3,15940,109,3410,129
0,15941,109,3030,130
0,15942,109,3210,131
0,15943,109,3430,132
2,15944,109,3210,133
2,15945,109,3410,134
1,15946,109,3030,135
0,15947,109,3220,136
0,15948,109,3800,137
3,15949,109,3400,138
1,15950,109,3210,139
1,15951,109,3210,140
0,15952,109,3220,141
1,15953,109,3210,142
0,15954,109,3420,143
0,15955,109,3800,144
0,15956,109,3810,145
2,15957,109,3410,146
0,15958,109,3000,147
1,15959,109,3800,148
3,15960,109,3400,149
1,15961,109,3400,155
2,15962,109,3210,156
0,15963,109,3220,157
1,15964,109,3810,158
2,15965,109,3210,159
0,15966,109,3200,160
1,15967,109,3810,161
2,15968,109,3210,162
0,15969,109,3420,163
0,15970,109,3430,164
1,15971,109,3400,165
0,15972,109,3400,166
0,15973,109,3410,167
0,15974,109,3800,168
0,15975,109,3030,169
0,15976,109,3210,170
4,15977,109,3410,171
0,15978,109,3210,172
1,15979,109,3410,173
2,15980,109,3210,174
1,15981,109,3220,175
1,15982,109,3000,176
1,15983,109,3400,177
1,15984,109,3400,178
2,15985,109,3410,179
0,15986,109,3410,180
1,15987,109,3200,181
0,15988,109,3030,182
0,15989,109,3420,183
1,15990,109,3210,184
1,15991,109,3210,185
0,15992,109,3420,186
1,15993,109,3000,187
1,15994,109,3210,188
0,15995,109,3000,189
1,15996,109,3810,195
1,15997,109,3800,196
0,15998,109,3420,197
1,15999,109,3000,198
4,16000,109,3410,199
1,16001,109,3810,200
4,16002,109,3410,201
1,16003,109,3410,202
2,16004,109,3210,203
0,16005,109,3200,204
0,16006,109,3000,205
3,16007,109,3400,206
0,16008,109,3200,207
0,16009,109,3810,208
1,16010,109,3000,209
1,16011,109,3030,210
1,16012,109,3800,211
0,16013,109,3210,212
1,16014,109,3800,213
0,16015,109,3000,214
0,16016,109,3430,215
1,16017,109,3810,216
0,16018,109,3420,217
1,16019,109,3210,218
1,16020,109,3030,219
0,16021,109,3430,220
1,16022,109,3000,221
0,16023,109,3000,222
1,16024,109,3200,223
3,16025,109,3400,224
1,16026,109,3810,225
1,16027,109,3800,226
1,16028,109,3000,227
1,16029,109,3220,228
0,16030,109,3210,229
0,16031,109,3200,235
1,16032,109,3000,236
4,16033,109,3410,237
1,16034,109,3200,238
1,16035,109,3000,239
0,16036,109,3800,240
2,16037,109,3410,241
3,16038,109,3400,242
1,16039,109,3410,243
1,16040,109,3810,244
3,16041,109,3400,245
1,16042,109,3000,246
1,16043,109,3200,247
0,16044,109,3430,248
0,16045,109,3200,249
0,16046,109,3800,250
1,16047,109,3810,251
1,16048,109,3810,252
0,16049,109,3420,253
1,16050,109,3810,254
4,16051,109,3410,255
0,16052,109,3810,256
1,16053,109,3210,257
2,16054,109,3400,258
0,16055,109,2080,259
2,16056,109,3210,260
3,16057,109,3410,261
1,16058,109,3800,262
1,16059,109,3220,263
4,16060,109,3410,264
0,16061,109,3030,265
2,16062,109,3210,266
0,16063,109,3210,267
0,16064,109,3420,268
3,16065,109,3400,269
0,16066,109,3810,275
1,16067,109,3800,276
1,16068,109,3030,277
0,16069,109,3000,278
4,16070,109,3410,279
1,16071,109,3030,280
1,16072,109,3000,281
3,16073,109,3400,282
0,16074,109,3000,283
0,16075,109,3210,284
1,16076,109,3200,285
3,16077,109,3410,286
0,16078,109,3220,287
0,16079,109,3220,288
1,16080,109,3400,289
3,16081,109,3410,290
0,16082,109,3800,291
0,16083,109,3220,292
1,16084,109,3410,293
0,16085,109,3430,294
2,16086,109,3400,295
2,16087,109,3410,296
0,16088,109,3410,297
1,16089,109,3410,298
0,16090,109,3220,299
1,16091,109,3220,300
1,16092,109,3800,301
1,16093,109,3210,302
0,16094,109,3210,303
0,16095,109,3000,304
1,16096,109,3400,305
2,16097,109,3400,306
1,16098,109,3000,307
1,16099,109,3410,308
1,16100,109,3410,309
1,16101,109,3220,315
0,16102,109,3420,316
0,16103,109,3410,317
3,16104,109,3410,318
0,16105,109,3220,319
0,16106,2109,5003,1000
0,16107,2109,5010,1001
0,16108,2109,3430,1002
1,16109,2109,5001,1003
4,16110,2109,5010,1004
2,16111,2109,5011,1010
3,16112,2109,3410,1011
2,16113,2109,5011,1012
1,16114,2109,5000,1013
0,16115,2109,5010,1014
0,16116,2109,5005,1020
6,16117,2109,5011,1021
2,16118,2109,5011,1022
3,16119,2109,5010,1023
0,16120,2109,3200,1024
1,16121,2109,3210,1030
2,16122,2109,3400,1031
3,16123,2109,5011,1032
1,16124,2109,3410,1033
1,16125,2109,5000,1034
0,16126,2109,3200,1040
0,16127,2109,3810,1041
0,16128,2109,3810,1042
0,16129,2109,5005,1043
3,16130,2109,5011,1044
4,16131,2109,5010,1050
0,16132,2109,5003,1051
0,16133,2109,5004,1052
0,16134,2109,3200,1053
3,16135,2109,5010,1054
1,16136,2109,5000,1060
0,16137,2109,5004,1061
2,16138,2109,3400,1062
4,16139,2109,5010,1063
1,16140,2109,3200,1064
4,16141,2109,3410,1070
0,16142,2109,5010,1071
1,16143,2109,3220,1072
0,16144,2109,5004,1073
0,16145,2109,3410,1074
0,16146,2109,3030,1080
4,16147,2109,5011,1081
3,16148,2109,5010,1082
1,16149,2109,5001,1083
2,16150,2109,3210,1084
3,16151,2109,5011,1085
0,16152,2109,5004,1086
1,16153,2109,3220,1087
4,16154,2109,3410,1088
0,16155,2109,5004,1089
1,16156,2109,5000,1090
0,16157,2109,3000,1091
3,16158,2109,5010,1092
0,16159,2109,5005,1093
0,16160,2109,3810,1094
0,16161,2109,5003,1095
1,16162,2109,3810,1096
0,16163,2109,5003,1097
2,16164,2109,3410,1098
0,16165,2109,5006,1099
1,16166,2109,3030,1100
1,16167,2109,5001,1101
0,16168,2109,5005,1102
0,16169,2109,5005,1103
1,16170,2109,3000,1104
0,16171,2109,5003,1105
0,16172,2109,2080,1106
1,16173,2109,3400,1107
0,16174,2109,3220,1108
0,16175,2109,2080,1109
1,16176,2109,5000,1135
1,16177,2109,3800,1136
1,16178,2109,5001,1137
2,16179,2109,5011,1138
4,16180,2109,5011,1139
1,16181,2109,3210,1140
1,16182,2109,5001,1141
1,16183,2109,3200,1142
0,16184,2109,3400,1143
3,16185,2109,3400,1144
3,16186,2109,3400,1145
1,16187,2109,5000,1146
3,16188,2109,3400,1147
2,16189,2109,3210,1148
0,16190,2109,3800,1149
0,16191,2109,3200,1150
0,16192,2109,3210,1151
0,16193,2109,5006,1152
6,16194,2109,5011,1153
0,16195,2109,5002,1154
1,16196,2109,5001,1155
1,16197,2109,5001,1156
2,16198,2109,5010,1157
2,16199,2109,5010,1158
4,16200,2109,5011,1159
1,16201,2109,3000,1160
0,16202,2109,3400,1161
1,16203,2109,3200,1162
0,16204,2109,5010,1163
1,16205,2109,3220,1164
3,16206,2109,5011,1165
0,16207,2109,5003,1166
1,16208,2109,5001,1167
0,16209,2109,3430,1168
0,16210,2109,3810,1169
0,16211,2109,5010,1195
0,16212,2109,5004,1196
2,16213,2109,5010,1197
0,16214,2109,5004,1198
0,16215,2109,3810,1199
3,16216,113,3410,0
1,16217,113,3030,1
1,16218,113,3030,2
1,16219,113,3410,3
0,16220,113,3200,4
0,16221,113,3200,5
1,16222,113,3030,6
3,16223,113,3400,7
0,16224,113,3420,8
3,16225,113,3410,9
0,16226,113,3200,10
0,16227,113,3420,11
1,16228,113,3210,12
0,16229,113,3220,13
0,16230,113,3220,14
0,16231,113,3030,15
1,16232,113,3030,16
4,16233,113,3410,17
1,16234,113,3810,18
0,16235,113,3430,19
0,16236,113,3430,20
0,16237,113,3400,21
0,16238,113,3210,22
0,16239,113,3400,23
1,16240,113,3210,24
1,16241,113,3210,25
1,16242,113,3000,26
0,16243,113,3200,27
1,16244,113,3410,28
0,16245,113,3200,29
1,16246,113,3030,35
1,16247,113,3200,36
1,16248,113,3410,37
0,16249,113,3000,38
1,16250,113,3810,39
1,16251,113,3030,40
0,16252,113,3220,41
1,16253,113,3410,42
1,16254,113,3220,43
3,16255,113,3410,44
0,16256,113,3800,45
0,16257,113,3200,46
2,16258,113,3410,47
1,16259,113,3220,48
0,16260,113,3220,49
1,16261,113,3210,50
2,16262,113,3400,51
4,16263,113,3410,52
1,16264,113,3210,53
4,16265,113,3410,54
0,16266,113,2120,55
0,16267,113,3200,56
1,16268,113,3410,57
1,16269,113,3030,58
2,16270,113,3410,59
1,16271,113,3220,60
1,16272,113,3030,61
1,16273,113,3030,62
2,16274,113,3210,63
1,16275,113,3800,64
0,16276,113,3030,65
0,16277,113,3410,66
2,16278,113,3210,67
0,16279,113,3000,68
0,16280,113,3210,69
0,16281,113,3800,75
0,16282,113,3000,76
0,16283,113,3210,77
1,16284,113,3220,78
1,16285,113,3210,79
0,16286,113,3200,80
0,16287,113,3210,81
1,16288,113,3410,82
0,16289,113,3210,83
0,16290,113,3800,84
0,16291,113,3000,85
2,16292,113,3400,86
1,16293,113,3810,87
2,16294,113,3210,88
1,16295,113,3000,89
1,16296,113,3810,90
0,16297,113,3810,91
2,16298,113,3410,92
0,16299,113,3810,93
0,16300,113,3030,94
1,16301,113,3210,95
0,16302,113,3430,96
0,16303,113,3030,97
0,16304,113,3220,98
0,16305,113,3000,99
0,16306,113,3800,100
0,16307,113,3430,101
1,16308,113,3410,102
1,16309,113,3800,103
0,16310,113,3220,104
1,16311,113,3400,105
0,16312,113,3210,106
0,16313,113,3420,107
2,16314,113,3400,108
0,16315,113,3410,109
0,16316,113,3000,115
4,16317,113,3410,116
1,16318,113,3200,117
0,16319,113,3000,118
1,16320,113,3030,119
1,16321,113,3200,120
1,16322,113,3200,121
1,16323,113,3800,122
1,16324,113,3210,123
0,16325,113,3800,124
0,16326,113,3800,125
1,16327,113,3000,126
2,16328,113,3410,127
1,16329,113,3810,128
0,16330,113,3030,129
1,16331,113,3220,130
1,16332,113,3800,131
1,16333,113,3810,132
0,16334,113,3420,133
0,16335,113,3810,134
0,16336,113,3200,135
1,16337,113,3410,136
0,16338,113,3800,137
3,16339,113,3400,138
3,16340,113,3400,139
1,16341,113,3210,140
0,16342,113,3220,141
0,16343,113,3410,142
2,16344,113,3410,143
1,16345,113,3220,144
0,16346,113,3810,145
0,16347,113,3430,146
0,16348,113,3410,147
0,16349,113,3200,148
1,16350,113,3810,149
3,16351,113,3400,155
1,16352,113,3810,156
2,16353,113,3400,157
3,16354,113,3410,158
2,16355,113,3410,159
1,16356,113,3030,160
0,16357,113,3210,161
1,16358,113,3400,162
1,16359,113,3030,163
1,16360,113,3410,164
0,16361,113,3000,165
0,16362,113,3400,166
0,16363,113,3210,167
1,16364,113,3210,168
0,16365,113,3030,169
1,16366,113,3200,170
0,16367,113,3000,171
1,16368,113,3810,172
1,16369,113,3210,173
0,16370,113,2120,174
0,16371,113,3810,175
4,16372,113,3410,176
0,16373,113,3420,177
1,16374,113,3400,178
1,16375,113,3220,179
0,16376,113,3800,180
1,16377,113,3210,181
1,16378,113,3800,182
0,16379,113,3800,183
0,16380,113,3400,184
0,16381,113,3000,185
3,16382,113,3410,186
1,16383,113,3200,187
1,16384,113,3030,188
4,16385,113,3410,189
0,16386,113,3800,195
1,16387,113,3000,196
0,16388,113,3030,197
0,16389,113,3210,198
1,16390,113,3810,199
0,16391,113,3220,200
1,16392,113,3810,201
0,16393,113,3810,202
0,16394,113,3030,203
0,16395,113,3210,204
3,16396,113,3400,205
0,16397,113,3200,206
0,16398,113,3800,207
0,16399,113,3220,208
2,16400,113,3400,209
1,16401,113,3030,210
0,16402,113,3200,211
0,16403,113,3420,212
0,16404,113,3210,213
1,16405,113,3200,214
1,16406,113,3410,215
0,16407,113,3200,216
1,16408,113,3000,217
0,16409,113,3220,218
0,16410,113,3410,219
0,16411,113,3430,220
0,16412,113,3400,221
1,16413,113,3810,222
0,16414,113,3800,223
0,16415,113,3210,224
1,16416,113,3000,225
1,16417,113,3800,226
0,16418,113,3220,227
0,16419,113,3000,228
0,16420,113,3410,229
1,16421,113,3810,235
1,16422,113,3210,236
0,16423,113,3030,237
0,16424,113,3000,238
0,16425,113,3420,239
1,16426,113,3210,240
1,16427,113,3030,241
0,16428,113,3810,242
3,16429,113,3410,243
1,16430,113,3030,244
1,16431,113,3410,245
2,16432,113,3400,246
3,16433,113,3410,247
0,16434,113,3200,248
1,16435,113,3210,249
1,16436,113,3220,250
1,16437,113,3800,251
3,16438,113,3410,252
1,16439,113,3810,253
0,16440,113,3410,254
1,16441,113,3810,255
0,16442,113,3220,256
1,16443,113,3030,257
1,16444,113,3220,258
1,16445,113,3800,259
0,16446,113,3220,260
0,16447,113,3200,261
0,16448,113,3400,262
0,16449,113,3000,263
4,16450,113,3410,264
4,16451,113,3410,265
1,16452,113,3800,266
2,16453,113,3410,267
0,16454,113,3400,268
1,16455,113,3200,269
0,16456,113,3210,275
1,16457,113,3030,276
1,16458,113,3220,277
1,16459,113,3810,278
1,16460,113,3810,279
1,16461,113,3030,280
4,16462,113,3410,281
0,16463,113,3410,282
2,16464,113,3210,283
0,16465,113,3000,284
1,16466,113,3000,285
0,16467,113,3030,286
0,16468,113,3800,287
2,16469,113,3400,288
0,16470,113,3400,289
0,16471,113,3420,290
0,16472,113,3210,291
0,16473,113,3410,292
2,16474,113,3410,293
0,16475,113,3200,294
0,16476,113,3430,295
0,16477,113,3220,296
3,16478,113,3400,297
3,16479,113,3410,298
0,16480,113,3210,299
1,16481,113,3210,300
1,16482,113,3410,301
0,16483,113,3430,302
0,16484,113,3030,303
0,16485,113,3000,304
0,16486,113,3220,305
1,16487,113,3810,306
0,16488,113,3800,307
3,16489,113,3410,308
1,16490,113,3200,309
0,16491,113,3410,315
1,16492,113,3220,316
1,16493,113,3000,317
0,16494,113,3200,318
2,16495,113,3210,319
0,16496,2113,5010,1000
4,16497,2113,5011,1001
1,16498,2113,3810,1002
1,16499,2113,5001,1003
0,16500,2113,3800,1004
3,16501,2113,5011,1010
0,16502,2113,5002,1011
1,16503,2113,3030,1012
0,16504,2113,5005,1013
0,16505,2113,5002,1014
4,16506,2113,3410,1020
1,16507,2113,3200,1021
2,16508,2113,3210,1022
3,16509,2113,5011,1023
1,16510,2113,3030,1024
1,16511,2113,3200,1030
4,16512,2113,3410,1031
1,16513,2113,3800,1032
2,16514,2113,5011,1033
2,16515,2113,5010,1034
6,16516,2113,5011,1040
3,16517,2113,5011,1041
0,16518,2113,5003,1042
0,16519,2113,3200,1043
1,16520,2113,3210,1044
0,16521,2113,5003,1050
0,16522,2113,3000,1051
0,16523,2113,5005,1052
0,16524,2113,5002,1053
3,16525,2113,5011,1054
1,16526,2113,3800,1060
0,16527,2113,5002,1061
3,16528,2113,3410,1062
1,16529,2113,5000,1063
2,16530,2113,3210,1064
0,16531,2113,5004,1070
2,16532,2113,3210,1071
4,16533,2113,5010,1072
1,16534,2113,3200,1073
3,16535,2113,5010,1074
1,16536,2113,3220,1080
0,16537,2113,5006,1081
3,16538,2113,5010,1082
1,16539,2113,5001,1083
3,16540,2113,5011,1084
3,16541,2113,3400,1085
0,16542,2113,5004,1086
1,16543,2113,3220,1087
4,16544,2113,5010,1088
3,16545,2113,5011,1089
3,16546,2113,3400,1090
0,16547,2113,5006,1091
1,16548,2113,5001,1092
1,16549,2113,3400,1093
2,16550,2113,3400,1094
1,16551,2113,5000,1095
1,16552,2113,3210,1096
1,16553,2113,3210,1097
0,16554,2113,3810,1098
0,16555,2113,5006,1099
1,16556,2113,3400,1100
0,16557,2113,3200,1101
3,16558,2113,5010,1102
1,16559,2113,3800,1103
0,16560,2113,5003,1104
0,16561,2113,3430,1105
0,16562,2113,3210,1106
1,16563,2113,3410,1107
6,16564,2113,5011,1108
6,16565,2113,5011,1109
2,16566,2113,5011,1135
0,16567,2113,5002,1136
3,16568,2113,5011,1137
3,16569,2113,5010,1138
1,16570,2113,5001,1139
3,16571,2113,5010,1140
1,16572,2113,5000,1141
1,16573,2113,3200,1142
3,16574,2113,3410,1143
2,16575,2113,3410,1144
0,16576,2113,5006,1145
1,16577,2113,3200,1146
1,16578,2113,5000,1147
4,16579,2113,5010,1148
3,16580,2113,5011,1149
4,16581,2113,5010,1150
0,16582,2113,5002,1151
0,16583,2113,5003,1152
1,16584,2113,3410,1153
1,16585,2113,3220,1154
2,16586,2113,3210,1155
4,16587,2113,5011,1156
1,16588,2113,3810,1157
1,16589,2113,3200,1158
0,16590,2113,3410,1159
4,16591,2113,5010,1160
4,16592,2113,5011,1161
1,16593,2113,3030,1162
1,16594,2113,3800,1163
4,16595,2113,5011,1164
0,16596,2113,5003,1165
0,16597,2113,3430,1166
0,16598,2113,3400,1167
3,16599,2113,5010,1168
0,16600,2113,5010,1169
2,16601,2113,5011,1195
6,16602,2113,5011,1196
1,16603,2113,3410,1197
4,16604,2113,5011,1198
2,16605,2113,5010,1199
3,16606,100,3410,0
0,16607,100,3810,1
0,16608,122,3800,2
1,16609,100,3410,3
1,16610,100,3400,4
1,16611,100,3030,5
1,16612,100,3000,6
0,16613,100,3430,7
1,16614,100,3800,8
3,16615,100,3400,9
0,16616,100,3220,10
4,16617,100,3410,11
1,16618,122,3810,12
0,16619,100,3000,13
1,16620,100,3200,14
1,16621,100,3000,15
0,16622,100,3810,16
1,16623,100,3210,17
0,16624,100,3410,18
2,16625,100,3210,19
0,16626,100,3810,20
1,16627,100,3000,21
1,16628,122,3810,22
1,16629,100,3210,23
0,16630,100,3200,24
0,16631,100,3200,25
1,16632,100,3410,26
1,16633,100,3810,27
0,16634,100,3810,28
0,16635,100,2010,29
0,16636,100,3430,30
0,16637,100,3200,31
1,16638,100,3800,32
2,16639,100,3410,33
1,16640,122,3000,34
0,16641,100,3210,40
0,16642,100,3400,41
0,16643,122,3810,42
0,16644,100,3220,43
1,16645,100,3000,44
0,16646,100,3220,45
1,16647,100,3030,46
2,16648,100,3400,47
1,16649,100,3800,48
1,16650,100,3400,49
1,16651,100,3030,50
1,16652,100,3410,51
0,16653,100,3200,52
1,16654,100,3800,53
4,16655,100,3410,54
0,16656,100,3000,55
0,16657,100,3030,56
0,16658,100,3210,57
0,16659,100,3030,58
1,16660,100,3800,59
0,16661,100,3030,60
1,16662,100,3210,61
4,16663,100,3410,62
2,16664,100,3400,63
0,16665,100,3000,64
4,16666,100,3410,65
0,16667,100,3430,66
1,16668,100,3030,67
0,16669,100,3800,68
1,16670,100,3810,69
0,16671,100,3220,70
1,16672,100,3030,71
1,16673,122,3810,72
0,16674,100,3000,73
1,16675,122,3000,74
3,16676,100,3400,80
0,16677,100,3030,81
4,16678,100,3410,82
4,16679,100,3410,83
4,16680,100,3410,84
0,16681,100,3410,85
1,16682,100,3200,86
1,16683,100,3810,87
0,16684,100,3400,88
0,16685,100,3400,89
0,16686,122,3000,90
1,16687,100,3030,91
4,16688,100,3410,92
1,16689,100,3410,93
1,16690,100,3410,94
1,16691,100,3000,95
1,16692,100,3210,96
0,16693,100,3400,97
0,16694,122,3810,98
3,16695,100,3410,99
0,16696,100,3810,100
0,16697,100,3210,101
0,16698,100,3810,102
1,16699,100,3220,103
0,16700,100,3220,104
2,16701,100,3410,105
0,16702,100,3220,106
0,16703,100,3410,107
2,16704,100,3400,108
0,16705,122,3030,109
1,16706,100,3400,110
1,16707,100,3200,111
1,16708,100,3810,112
0,16709,100,3810,113
0,16710,100,3410,114
1,16711,100,3220,120
1,16712,100,3200,121
2,16713,100,3410,122
1,16714,100,3410,123
3,16715,100,3400,124
2,16716,100,3210,125
1,16717,100,3410,126
3,16718,100,3400,127
0,16719,100,3000,128
0,16720,100,3220,129
0,16721,100,3200,130
2,16722,100,3400,131
0,16723,100,3200,132
1,16724,100,3220,133
0,16725,100,3410,134
1,16726,100,3030,135
1,16727,100,3800,136
1,16728,100,3410,137
1,16729,100,3000,138
0,16730,100,3400,139
0,16731,100,3200,140
1,16732,100,3200,141
2,16733,100,3400,142
1,16734,100,3800,143
1,16735,100,3220,144
2,16736,100,3410,145
0,16737,100,3210,146
0,16738,100,3410,147
0,16739,100,3410,148
1,16740,100,3400,149
1,16741,100,3200,150
0,16742,100,3800,151
0,16743,100,3000,152
0,16744,100,3200,153
0,16745,122,3000,154
1,16746,122,3810,160
0,16747,122,3000,161
2,16748,100,3210,162
4,16749,100,3410,163
1,16750,122,3000,164
1,16751,100,3200,165
2,16752,100,3410,166
1,16753,100,3030,167
0,16754,100,3200,168
1,16755,100,3030,169
1,16756,100,3000,170
1,16757,100,3210,171
3,16758,100,3410,172
1,16759,100,3410,173
1,16760,100,3410,174
1,16761,100,3000,175
0,16762,100,3810,176
1,16763,122,3800,177
2,16764,100,3410,178
1,16765,100,3220,179
1,16766,100,3800,180
1,16767,100,3810,181
1,16768,100,3000,182
0,16769,100,3420,183
0,16770,100,3810,184
1,16771,100,3800,185
3,16772,100,3410,186
1,16773,100,3000,187
0,16774,100,3220,188
0,16775,122,3810,189
0,16776,100,3200,190
2,16777,100,3210,191
1,16778,100,3000,192
3,16779,100,3400,193
0,16780,100,3200,194
0,16781,100,3800,200
0,16782,100,3430,201
1,16783,100,3800,202
0,16784,100,3030,203
0,16785,100,3800,204
1,16786,100,3400,205
2,16787,100,3410,206
1,16788,122,3000,207
1,16789,100,3000,208
4,16790,100,3410,209
2,16791,100,3400,210
2,16792,100,3400,211
0,16793,100,3000,212
1,16794,100,3030,213
1,16795,122,3810,214
1,16796,100,3220,215
3,16797,100,3410,216
0,16798,100,3430,217
0,16799,100,3800,218
1,16800,100,3200,219
0,16801,100,3410,220
2,16802,100,3210,221
1,16803,100,3030,222
1,16804,100,3220,223
0,16805,122,3030,224
1,16806,100,3030,225
1,16807,100,3810,226
0,16808,122,3000,227
3,16809,100,3410,228
0,16810,100,3410,229
1,16811,122,3800,230
1,16812,100,3210,231
3,16813,100,3410,232
3,16814,100,3410,233
0,16815,122,3000,234
0,16816,100,3030,240
4,16817,100,3410,241
1,16818,122,3030,242
0,16819,100,3810,243
0,16820,100,3420,244
1,16821,100,3410,245
0,16822,100,3410,246
0,16823,100,3800,247
0,16824,100,3430,248
0,16825,100,3400,249
0,16826,100,3420,250
4,16827,100,3410,251
0,16828,100,3420,252
1,16829,122,3800,253
0,16830,100,3030,254
1,16831,100,3030,255
0,16832,100,3000,256
3,16833,100,3400,257
0,16834,100,3800,258
1,16835,100,3030,259
3,16836,100,3400,260
0,16837,100,3810,261
0,16838,100,3400,262
1,16839,100,3400,263
2,16840,100,3410,264
4,16841,100,3410,265
0,16842,122,3000,266
0,16843,100,3800,267
1,16844,100,3800,268
1,16845,100,3000,269
0,16846,100,3200,270
1,16847,122,3800,271
0,16848,100,3430,272
1,16849,100,3000,273
4,16850,100,3410,274
0,16851,100,3810,280
0,16852,100,3810,281
0,16853,100,3810,282
1,16854,100,3030,283
2,16855,100,3410,284
0,16856,100,3200,285
1,16857,100,3220,286
1,16858,100,3200,287
2,16859,100,3210,288
0,16860,100,3400,289
1,16861,100,3030,290
0,16862,100,3030,291
0,16863,100,3000,292
0,16864,100,3030,293
1,16865,100,3400,294
0,16866,122,3000,295
1,16867,100,3220,296
0,16868,122,3030,297
0,16869,100,3200,298
0,16870,100,3800,299
0,16871,100,3810,300
1,16872,100,3810,301
0,16873,100,3800,302
1,16874,100,3030,303
0,16875,100,3420,304
0,16876,100,3800,305
4,16877,100,3410,306
0,16878,100,3210,307
0,16879,100,3030,308
0,16880,100,3200,309
1,16881,100,3220,310
1,16882,100,3400,311
1,16883,100,3810,312
1,16884,100,3200,313
1,16885,122,3000,314
0,16886,2100,3800,1000
2,16887,2100,5010,1001
1,16888,2100,3410,1002
3,16889,2100,5010,1003
1,16890,2100,3810,1004
1,16891,2100,3200,1010
0,16892,2100,5002,1011
0,16893,2100,5010,1012
3,16894,2100,5010,1013
0,16895,2122,3000,1014
0,16896,2100,3810,1020
0,16897,2100,5005,1021
0,16898,2100,5002,1022
4,16899,2100,5010,1023
1,16900,2100,5001,1024
0,16901,2100,3200,1030
1,16902,2100,5001,1031
1,16903,2100,3210,1032
3,16904,2100,3410,1033
0,16905,2100,3030,1034
1,16906,2100,3210,1040
0,16907,2100,3210,1041
0,16908,2122,3810,1042
0,16909,2122,3800,1043
0,16910,2100,3220,1044
0,16911,2100,3000,1050
0,16912,2122,3000,1051
4,16913,2100,5010,1052
1,16914,2100,3220,1053
1,16915,2100,3410,1054
1,16916,2100,3200,1060
2,16917,2100,5011,1061
1,16918,2100,3030,1062
1,16919,2100,5000,1063
6,16920,2100,5011,1064
0,16921,2100,3400,1070
4,16922,2100,5010,1071
1,16923,2100,5001,1072
0,16924,2100,5006,1073
0,16925,2100,3800,1074
0,16926,2100,5004,1080
3,16927,2100,3410,1081
0,16928,2100,3200,1082
1,16929,2100,5001,1083
4,16930,2100,5011,1084
3,16931,2100,5010,1085
1,16932,2100,3210,1086
0,16933,2100,5002,1087
4,16934,2100,5010,1088
4,16935,2100,5010,1089
1,16936,2122,3810,1090
2,16937,2100,5010,1091
0,16938,2100,5010,1092
0,16939,2100,5005,1093
0,16940,2100,5002,1094
1,16941,2100,3220,1095
0,16942,2100,5005,1096
3,16943,2100,5010,1097
0,16944,2122,3800,1098
0,16945,2100,3800,1099
0,16946,2100,3400,1100
2,16947,2100,5011,1101
0,16948,2122,3800,1102
0,16949,2100,5003,1103
2,16950,2100,5010,1104
0,16951,2100,5004,1105
1,16952,2100,3800,1106
0,16953,2100,5005,1107
0,16954,2122,3000,1108
0,16955,2100,5010,1109
0,16956,2100,3220,1110
0,16957,2100,3220,1111
0,16958,2122,3800,1112
4,16959,2100,5011,1113
3,16960,2100,3410,1114
1,16961,2100,3210,1140
1,16962,2100,5001,1141
1,16963,2122,3030,1142
0,16964,2100,3420,1143
0,16965,2100,5010,1144
0,16966,2100,5004,1145
1,16967,2100,5000,1146
3,16968,2100,5010,1147
4,16969,2100,5010,1148
2,16970,2100,5010,1149
0,16971,2100,3220,1150
0,16972,2100,5003,1151
0,16973,2122,3810,1152
2,16974,2100,5010,1153
1,16975,2100,3030,1154
1,16976,2100,5001,1155
1,16977,2100,3810,1156
0,16978,2100,3410,1157
2,16979,2100,3210,1158
0,16980,2100,3410,1159
0,16981,2122,3000,1160
1,16982,2122,3810,1161
1,16983,2122,3000,1162
0,16984,2100,3420,1163
0,16985,2100,3800,1164
3,16986,2100,5011,1165
0,16987,2100,3420,1166
2,16988,2100,5010,1167
1,16989,2122,3000,1168
4,16990,2100,3410,1169
0,16991,2100,3200,1170
0,16992,2100,5004,1171
0,16993,2100,3220,1172
0,16994,2100,5002,1173
1,16995,2100,3200,1174
1,16996,114,3410,0
0,16997,114,3200,1
2,16998,114,3410,2
0,16999,114,3800,3
0,17000,114,3420,4
0,17001,114,3420,5
0,17002,114,3810,6
1,17003,128,3800,7
1,17004,114,3400,8
1,17005,114,3410,9
1,17006,114,3000,10
1,17007,128,3800,11
2,17008,114,3400,12
0,17009,114,3400,13
3,17010,114,3400,14
0,17011,114,3420,15
1,17012,114,3030,16
1,17013,114,3200,17
0,17014,114,3030,18
0,17015,114,3430,19
0,17016,114,3200,20
0,17017,114,3200,21
0,17018,114,3030,22
1,17019,114,3210,23
0,17020,114,3410,24
0,17021,114,3410,25
1,17022,114,3210,26
0,17023,114,3400,27
1,17024,114,3200,28
0,17025,114,3210,29
0,17026,114,3200,35
1,17027,114,3810,36
0,17028,114,2130,37
0,17029,128,3800,38
0,17030,114,3410,39
1,17031,114,3800,40
3,17032,114,3400,41
0,17033,114,3030,42
0,17034,114,3810,43
1,17035,114,3210,44
3,17036,114,3400,45
1,17037,114,3800,46
1,17038,114,3000,47
0,17039,114,3410,48
1,17040,114,3400,49
0,17041,128,3000,50
1,17042,114,3410,51
0,17043,128,3810,52
1,17044,114,3400,53
2,17045,114,3210,54
0,17046,114,2130,55
0,17047,128,3810,56
0,17048,114,3410,57
1,17049,114,3800,58
0,17050,114,3220,59
2,17051,114,3410,60
3,17052,114,3400,61
3,17053,114,3400,62
2,17054,114,3400,63
1,17055,128,3030,64
1,17056,114,3210,65
0,17057,114,3200,66
0,17058,114,3400,67
1,17059,114,3030,68
1,17060,114,3000,69
1,17061,114,3410,75
0,17062,114,3800,76
2,17063,114,3210,77
0,17064,128,3800,78
3,17065,114,3400,79
3,17066,114,3400,80
4,17067,114,3410,81
0,17068,114,3000,82
4,17069,114,3410,83
1,17070,128,3000,84
1,17071,128,3800,85
1,17072,114,3220,86
2,17073,114,3400,87
0,17074,114,3800,88
1,17075,114,3810,89
0,17076,114,3400,90
1,17077,114,3200,91
2,17078,114,3410,92
0,17079,114,3030,93
0,17080,128,3810,94
1,17081,114,3200,95
0,17082,114,3400,96
0,17083,114,3220,97
0,17084,114,3410,98
0,17085,114,3410,99
0,17086,128,3030,100
0,17087,128,3800,101
2,17088,114,3400,102
0,17089,128,3000,103
0,17090,114,3030,104
1,17091,114,3400,105
1,17092,128,3030,106
0,17093,114,3420,107
1,17094,128,3030,108
0,17095,114,3810,109
1,17096,114,3800,115
1,17097,114,3210,116
3,17098,114,3400,117
2,17099,114,3410,118
3,17100,114,3400,119
0,17101,114,3430,120
0,17102,114,3800,121
2,17103,114,3410,122
0,17104,114,3200,123
0,17105,128,3000,124
0,17106,114,3400,125
1,17107,114,3220,126
1,17108,114,3220,127
0,17109,114,3000,128
0,17110,114,3430,129
0,17111,114,3420,130
0,17112,114,3410,131
0,17113,114,3430,132
0,17114,114,3420,133
0,17115,114,3220,134
3,17116,114,3400,135
0,17117,114,3000,136
3,17118,114,3400,137
0,17119,114,3810,138
0,17120,128,3030,139
0,17121,114,3810,140
3,17122,114,3410,141
2,17123,114,3400,142
0,17124,114,3810,143
0,17125,128,3800,144
0,17126,114,3220,145
2,17127,114,3210,146
1,17128,114,3030,147
0,17129,114,3420,148
0,17130,114,3000,149
2,17131,114,3210,155
1,17132,114,3000,156
1,17133,114,3800,157
2,17134,114,3210,158
0,17135,114,3800,159
1,17136,114,3030,160
2,17137,114,3400,161
1,17138,114,3800,162
1,17139,114,3200,163
0,17140,114,3430,164
1,17141,114,3400,165
1,17142,114,3800,166
0,17143,128,3800,167
1,17144,114,3210,168
1,17145,114,3800,169
0,17146,114,3810,170
2,17147,114,3410,171
0,17148,114,3810,172
2,17149,114,3210,173
0,17150,128,3030,174
4,17151,114,3410,175
0,17152,114,3800,176
0,17153,114,3810,177
0,17154,114,3000,178
3,17155,114,3400,179
0,17156,114,3410,180
1,17157,114,3000,181
0,17158,114,3810,182
0,17159,128,3000,183
0,17160,114,3030,184
0,17161,128,3030,185
0,17162,114,3030,186
3,17163,114,3410,187
1,17164,114,3410,188
2,17165,114,3400,189
2,17166,114,3410,195
0,17167,114,3220,196
1,17168,114,3220,197
0,17169,114,3420,198
1,17170,114,3220,199
1,17171,114,3210,200
0,17172,114,3000,201
3,17173,114,3400,202
0,17174,114,3030,203
1,17175,114,3210,204
0,17176,114,3220,205
1,17177,114,3400,206
1,17178,114,3210,207
0,17179,114,3220,208
2,17180,114,3410,209
1,17181,114,3200,210
0,17182,114,3220,211
0,17183,114,3200,212
0,17184,128,3030,213
0,17185,114,3410,214
0,17186,128,3000,215
2,17187,114,3410,216
1,17188,114,3800,217
3,17189,114,3410,218
1,17190,114,3810,219
0,17191,114,3800,220
1,17192,128,3810,221
0,17193,128,3800,222
1,17194,128,3810,223
0,17195,114,3810,224
1,17196,114,3220,225
0,17197,114,3210,226
0,17198,114,3810,227
0,17199,114,3400,228
0,17200,114,3800,229
1,17201,114,3800,235
0,17202,114,3400,236
0,17203,114,3800,237
1,17204,114,3200,238
0,17205,114,3810,239
0,17206,114,3000,240
1,17207,114,3400,241
2,17208,114,3410,242
1,17209,114,3200,243
4,17210,114,3410,244
1,17211,114,3220,245
0,17212,114,3400,246
3,17213,114,3410,247
0,17214,114,3400,248
0,17215,114,3210,249
0,17216,128,3030,250
1,17217,128,3000,251
1,17218,128,3000,252
1,17219,114,3000,253
0,17220,128,3810,254
1,17221,114,3220,255
0,17222,114,3220,256
0,17223,114,3030,257
1,17224,114,3030,258
1,17225,114,3030,259
1,17226,128,3030,260
3,17227,114,3410,261
0,17228,114,3030,262
0,17229,128,3810,263
2,17230,114,3210,264
1,17231,114,3410,265
1,17232,114,3800,266
1,17233,114,3800,267
1,17234,114,3800,268
1,17235,114,3800,269
0,17236,128,3000,275
1,17237,114,3400,276
2,17238,114,3410,277
1,17239,128,3030,278
1,17240,114,3030,279
3,17241,114,3410,280
0,17242,114,3410,281
0,17243,128,3800,282
1,17244,114,3800,283
0,17245,114,3030,284
1,17246,114,3400,285
1,17247,128,3800,286
2,17248,114,3410,287
1,17249,114,3800,288
3,17250,114,3400,289
1,17251,114,3200,290
3,17252,114,3400,291
0,17253,114,3000,292
0,17254,114,3210,293
0,17255,114,3200,294
0,17256,114,3800,295
0,17257,114,3220,296
1,17258,114,3200,297
0,17259,114,3000,298
0,17260,114,3000,299
2,17261,114,3400,300
1,17262,114,3410,301
0,17263,114,3030,302
0,17264,114,3430,303
1,17265,114,3800,304
1,17266,114,3030,305
0,17267,114,3200,306
1,17268,114,3810,307
1,17269,114,3810,308
0,17270,114,3810,309
1,17271,128,3030,315
0,17272,128,3000,316
0,17273,114,3210,317
0,17274,114,3030,318
2,17275,114,3410,319
0,17276,2114,3800,1000
1,17277,2128,3800,1001
0,17278,2114,3400,1002
6,17279,2114,5011,1003
0,17280,2114,5002,1004
1,17281,2114,3200,1010
1,17282,2128,3800,1011
2,17283,2114,5011,1012
0,17284,2114,5010,1013
1,17285,2114,3210,1014
2,17286,2114,3400,1020
0,17287,2114,5006,1021
0,17288,2114,5006,1022
1,17289,2114,3400,1023
1,17290,2114,5001,1024
2,17291,2114,5011,1030
0,17292,2114,5010,1031
0,17293,2114,5004,1032
4,17294,2114,5010,1033
2,17295,2114,3400,1034
2,17296,2114,5011,1040
0,17297,2114,5005,1041
0,17298,2114,3420,1042
0,17299,2114,3800,1043
2,17300,2114,3210,1044
0,17301,2128,3030,1050
3,17302,2114,5010,1051
1,17303,2114,3000,1052
0,17304,2128,3800,1053
0,17305,2114,5006,1054
2,17306,2114,5011,1060
1,17307,2128,3800,1061
3,17308,2114,5011,1062
0,17309,2114,3810,1063
3,17310,2114,5011,1064
0,17311,2114,5010,1070
1,17312,2114,5000,1071
1,17313,2114,3220,1072
6,17314,2114,5011,1073
0,17315,2114,5006,1074
1,17316,2128,3030,1080
4,17317,2114,5010,1081
1,17318,2114,3000,1082
0,17319,2128,3800,1083
0,17320,2114,3810,1084
1,17321,2114,3800,1085
4,17322,2114,5011,1086
2,17323,2114,5010,1087
0,17324,2114,5006,1088
2,17325,2114,3410,1089
0,17326,2114,3420,1090
3,17327,2114,3410,1091
1,17328,2114,3800,1092
2,17329,2114,5010,1093
3,17330,2114,3400,1094
0,17331,2114,5010,1095
0,17332,2114,5005,1096
2,17333,2114,3210,1097
1,17334,2114,5000,1098
0,17335,2114,5010,1099
1,17336,2114,3400,1100
0,17337,2114,3200,1101
0,17338,2114,3430,1102
3,17339,2114,5010,1103
2,17340,2114,5010,1104
4,17341,2114,5011,1105
3,17342,2114,5010,1106
1,17343,2114,3800,1107
0,17344,2114,5005,1108
1,17345,2114,3810,1109
2,17346,2114,5011,1135
1,17347,2114,3800,1136
1,17348,2128,3810,1137
0,17349,2114,3410,1138
2,17350,2114,3400,1139
0,17351,2114,3810,1140
4,17352,2114,5010,1141
4,17353,2114,5010,1142
0,17354,2114,5006,1143
2,17355,2114,5011,1144
0,17356,2114,5006,1145
1,17357,2128,3800,1146
2,17358,2114,5010,1147
2,17359,2114,5011,1148
1,17360,2114,5000,1149
0,17361,2114,5005,1150
3,17362,2114,5010,1151
1,17363,2114,3410,1152
1,17364,2114,3400,1153
1,17365,2114,3000,1154
0,17366,2114,3000,1155
0,17367,2114,3220,1156
0,17368,2128,3800,1157
2,17369,2114,5010,1158
4,17370,2114,3410,1159
0,17371,2114,3420,1160
0,17372,2114,5002,1161
0,17373,2114,5003,1162
0,17374,2114,3410,1163
3,17375,2114,5010,1164
1,17376,2114,3800,1165
1,17377,2114,3000,1166
2,17378,2114,5010,1167
0,17379,2114,5006,1168
3,17380,2114,3400,1169
2,17381,2114,3210,1195
0,17382,2114,3000,1196
1,17383,2114,3810,1197
3,17384,2114,5011,1198
1,17385,2114,3410,1199
0,17386,306,4500,0
0,17387,356,4501,1
0,17388,306,4500,2
0,17389,306,4100,3
0,17390,306,4100,4
0,17391,306,4500,5
0,17392,356,4501,6
0,17393,306,4500,7
0,17394,306,3790,8
0,17395,306,4100,9
0,17396,306,4300,10
9,17397,306,4000,11
0,17398,306,4100,12
0,17399,306,4100,13
1,17400,306,4300,14
0,17401,306,4500,15
0,17402,306,4100,16
1,17403,306,4350,17
0,17404,356,4302,18
0,17405,306,4100,19
0,17406,306,4100,30
0,17407,306,4100,31
0,17408,306,4100,32
1,17409,306,4300,33
8,17410,306,4000,34
0,17411,356,4341,35
7,17412,306,4000,36
1,17413,306,4340,37
9,17414,306,4000,38
0,17415,306,4100,39
0,17416,306,4500,40
0,17417,306,4100,41
0,17418,306,4500,42
0,17419,306,4300,43
0,17420,306,4100,44
0,17421,306,4340,45
8,17422,306,4000,46
7,17423,306,4000,47
0,17424,356,4341,48
6,17425,306,4000,49
1,17426,306,4350,50
1,17427,306,4350,51
1,17428,306,4300,52
0,17429,306,4300,53
0,17430,306,4300,54
0,17431,306,4100,55
2,17432,306,4000,56
0,17433,356,4101,57
0,17434,306,4100,58
0,17435,306,4100,59
1,17436,356,4341,70
0,17437,306,4100,71
0,17438,306,4100,72
0,17439,306,4100,73
0,17440,306,4100,74
0,17441,306,4100,75
0,17442,306,4500,76
0,17443,306,4100,77
0,17444,306,4340,78
1,17445,306,4300,79
2,17446,306,4000,80
0,17447,306,4100,81
0,17448,306,3790,82
1,17449,356,4301,83
0,17450,306,4100,84
0,17451,306,4100,85
0,17452,306,4100,86
5,17453,306,4000,87
0,17454,306,3790,88
0,17455,306,4100,89
1,17456,306,4300,90
0,17457,306,4100,91
0,17458,306,4300,92
5,17459,306,4000,93
1,17460,306,4340,94
0,17461,306,4100,95
0,17462,306,4100,96
0,17463,306,4100,97
0,17464,306,4500,98
0,17465,356,4501,99
1,17466,306,4000,110
5,17467,306,4000,111
8,17468,306,4000,112
0,17469,306,3790,113
0,17470,306,4100,114
1,17471,306,4300,115
0,17472,306,4100,116
0,17473,306,4100,117
2,17474,306,4000,118
0,17475,306,4500,119
0,17476,306,4500,120
0,17477,306,4300,121
0,17478,306,4340,122
0,17479,306,4500,123
0,17480,306,4100,124
1,17481,306,4000,125
0,17482,306,4500,126
1,17483,356,4341,127
3,17484,306,4000,128
1,17485,306,4350,129
0,17486,306,4340,130
6,17487,306,4000,131
3,17488,306,4000,132
1,17489,306,4000,133
0,17490,306,4100,134
1,17491,306,4350,135
0,17492,306,4340,136
1,17493,306,4350,137
0,17494,306,4500,138
0,17495,306,4100,139
1,17496,306,4350,150
1,17497,306,4300,151
0,17498,306,4100,152
0,17499,306,4300,153
1,17500,306,4350,154
0,17501,306,4100,155
0,17502,356,4401,156
0,17503,306,4100,157
0,17504,306,4100,158
0,17505,306,4100,159
0,17506,306,4340,160
1,17507,306,4340,161
0,17508,306,4500,162
0,17509,306,4100,163
0,17510,306,4100,164
0,17511,306,4500,165
0,17512,306,4100,166
0,17513,306,4100,167
0,17514,306,4500,168
0,17515,356,4301,169
0,17516,306,4100,170
0,17517,306,3790,171
0,17518,306,4100,172
1,17519,306,4350,173
0,17520,306,4100,174
0,17521,306,4100,175
0,17522,306,3790,176
1,17523,356,4341,177
0,17524,356,4341,178
0,17525,356,4301,179
2,17526,306,4000,190
0,17527,306,4100,191
1,17528,306,4300,192
4,17529,306,4000,193
6,17530,306,4000,194
1,17531,306,4340,195
0,17532,306,4500,196
0,17533,306,4100,197
0,17534,306,4000,198
0,17535,356,4101,199
0,17536,306,4500,200
0,17537,356,4401,201
0,17538,356,4401,202
0,17539,306,4100,203
0,17540,306,4100,204
0,17541,306,4100,205
0,17542,306,4100,206
0,17543,306,4100,207
0,17544,306,4500,208
1,17545,306,4340,209
1,17546,306,4350,210
2,17547,306,4000,211
0,17548,306,4100,212
3,17549,306,4000,213
1,17550,306,4000,214
0,17551,306,4100,215
0,17552,306,4500,216
0,17553,306,4300,217
0,17554,306,4100,218
1,17555,306,4340,219
0,17556,306,4100,230
0,17557,356,4301,231
0,17558,306,4100,232
0,17559,306,4100,233
0,17560,306,4100,234
0,17561,306,3790,235
1,17562,306,4340,236
0,17563,306,4300,237
0,17564,306,4100,238
1,17565,306,4300,239
0,17566,306,4300,240
1,17567,306,4340,241
1,17568,306,4300,242
0,17569,306,4100,243
0,17570,306,4100,244
6,17571,306,4000,245
0,17572,306,4000,246
7,17573,306,4000,247
0,17574,306,3790,248
0,17575,306,4000,249
9,17576,306,4000,250
1,17577,306,4350,251
0,17578,306,3790,252
1,17579,306,4340,253
0,17580,306,4340,254
0,17581,306,4100,255
0,17582,306,4500,256
0,17583,306,4340,257
0,17584,356,4302,258
0,17585,356,4302,259
0,17586,356,4302,270
4,17587,306,4000,271
0,17588,306,4100,272
1,17589,356,4301,273
0,17590,306,4100,274
0,17591,306,4100,275
0,17592,306,4100,276
0,17593,306,3790,277
0,17594,306,4500,278
0,17595,306,4100,279
2,17596,306,4000,280
1,17597,356,4341,281
4,17598,306,4000,282
0,17599,306,4500,283
0,17600,306,4500,284
1,17601,306,4000,285
1,17602,306,4350,286
1,17603,306,4300,287
1,17604,306,4340,288
0,17605,306,4100,289
0,17606,306,3790,290
0,17607,306,4500,291
0,17608,306,4100,292
1,17609,306,4300,293
0,17610,306,4000,294
0,17611,306,4340,295
0,17612,306,4100,296
0,17613,306,4340,297
0,17614,356,4302,298
0,17615,306,4340,299
5,17616,306,4000,310
0,17617,306,4100,311
0,17618,306,4300,312
0,17619,306,4100,313
0,17620,306,4100,314
1,17621,306,4300,315
0,17622,306,4500,316
0,17623,306,4500,317
0,17624,306,4100,318
0,17625,306,4100,319
1,17626,2356,4301,1000
1,17627,2306,4340,1001
0,17628,2306,4500,1002
0,17629,2306,4000,1003
1,17630,2356,4301,1004
0,17631,2306,4300,1010
0,17632,2306,4500,1011
7,17633,2306,4000,1012
1,17634,2356,4301,1013
0,17635,2306,4100,1014
0,17636,2306,4100,1020
0,17637,2306,4340,1021
0,17638,2356,4101,1022
0,17639,2306,4100,1023
0,17640,2306,4100,1024
0,17641,2306,4100,1030
0,17642,2356,4401,1031
0,17643,2306,4500,1032
1,17644,2306,4350,1033
4,17645,2306,4000,1034
7,17646,2306,4000,1040
0,17647,2306,4340,1041
0,17648,2306,3790,1042
0,17649,2306,4500,1043
0,17650,2306,4340,1044
1,17651,2306,4350,1050
0,17652,2306,4500,1051
0,17653,2306,3790,1052
0,17654,2306,4500,1053
0,17655,2306,4100,1054
0,17656,2306,4300,1060
1,17657,2306,4340,1061
0,17658,2356,4101,1062
2,17659,2306,4000,1063
0,17660,2306,4100,1064
1,17661,2306,4340,1070
1,17662,2356,4341,1071
0,17663,2306,4500,1072
0,17664,2306,4500,1073
0,17665,2306,4500,1074
0,17666,2306,4100,1080
1,17667,2306,4350,1081
1,17668,2306,4350,1082
0,17669,2306,4500,1083
0,17670,2306,4500,1084
0,17671,2306,4100,1085
0,17672,2306,4340,1086
1,17673,2306,4350,1087
0,17674,2306,4100,1088
7,17675,2306,4000,1089
1,17676,2306,4350,1090
1,17677,2306,4300,1091
0,17678,2306,4100,1092
0,17679,2356,4501,1093
0,17680,2306,4100,1094
0,17681,2306,4500,1095
0,17682,2306,4100,1096
1,17683,2306,4340,1097
1,17684,2306,4350,1098
0,17685,2306,4300,1099
0,17686,2306,4100,1110
1,17687,2306,4350,1111
0,17688,2306,4100,1112
0,17689,2306,4100,1113
0,17690,2306,4500,1114
0,17691,2306,4300,1135
0,17692,2306,4100,1136
2,17693,2306,4000,1137
0,17694,2306,4100,1138
1,17695,2306,4300,1139
1,17696,2306,4340,1140
0,17697,2306,4340,1141
1,17698,2306,4350,1142
0,17699,2306,4340,1143
1,17700,2356,4341,1144
0,17701,2306,4340,1145
0,17702,2306,4100,1146
0,17703,2306,4300,1147
1,17704,2306,4000,1148
7,17705,2306,4000,1149
0,17706,2306,4500,1150
1,17707,2306,4350,1151
0,17708,2306,4500,1152
0,17709,2306,4100,1153
0,17710,2306,4100,1154
0,17711,2306,4500,1155
1,17712,2356,4341,1156
1,17713,2306,4340,1157
0,17714,2306,4100,1158
0,17715,2306,4100,1159
0,17716,2356,4501,1170
0,17717,2356,4301,1171
0,17718,2306,4100,1172
1,17719,2356,4301,1173
0,17720,2306,4100,1174
1,17721,2356,4301,1195
0,17722,2306,4300,1196
0,17723,2306,4100,1197
0,17724,2306,4100,1198
0,17725,2306,4100,1199
6,17726,310,4000,0
0,17727,310,4100,1
0,17728,310,4100,2
1,17729,310,4350,3
0,17730,310,4100,4
1,17731,310,4300,5
0,17732,310,4340,6
0,17733,310,4500,7
1,17734,310,4350,8
3,17735,310,4000,9
0,17736,310,4300,10
0,17737,310,4340,11
2,17738,310,4000,12
0,17739,310,4300,13
8,17740,310,4000,14
1,17741,360,4341,15
0,17742,360,4302,16
0,17743,310,4000,17
0,17744,310,4100,18
1,17745,310,4300,19
0,17746,310,4300,20
0,17747,310,4100,21
5,17748,310,4000,22
0,17749,310,3790,23
8,17750,310,4000,24
0,17751,310,4100,30
7,17752,310,4000,31
0,17753,310,4100,32
0,17754,310,4100,33
0,17755,310,4100,34
5,17756,310,4000,35
1,17757,360,4341,36
1,17758,310,4340,37
0,17759,310,4340,38
1,17760,310,4340,39
0,17761,310,4100,40
4,17762,310,4000,41
0,17763,310,4500,42
8,17764,310,4000,43
1,17765,310,4350,44
0,17766,310,4500,45
1,17767,310,4300,46
1,17768,310,4300,47
0,17769,310,4100,48
0,17770,310,4100,49
1,17771,310,4300,50
0,17772,310,4340,51
1,17773,310,4300,52
0,17774,310,4500,53
0,17775,360,4101,54
1,17776,360,4301,55
0,17777,310,4100,56
4,17778,310,4000,57
1,17779,310,4340,58
0,17780,310,4100,59
0,17781,310,4100,60
1,17782,310,4340,61
0,17783,310,4000,62
0,17784,310,4000,63
3,17785,310,4000,64
0,17786,310,4100,70
0,17787,310,4340,71
0,17788,310,4100,72
0,17789,310,4100,73
0,17790,310,4100,74
0,17791,360,4101,75
0,17792,360,4401,76
0,17793,310,4100,77
0,17794,310,4100,78
0,17795,310,4100,79
1,17796,310,4340,80
1,17797,310,4000,81
0,17798,360,4101,82
0,17799,310,4100,83
0,17800,310,4500,84
0,17801,310,4300,85
0,17802,310,3790,86
0,17803,310,3790,87
0,17804,310,4100,88
0,17805,310,4500,89
0,17806,310,4100,90
1,17807,310,4340,91
0,17808,310,4340,92
1,17809,310,4340,93
1,17810,310,4300,94
0,17811,310,4340,95
0,17812,310,4300,96
0,17813,310,4500,97
1,17814,310,4350,98
9,17815,310,4000,99
0,17816,310,4100,100
0,17817,310,4100,101
0,17818,310,4100,102
0,17819,310,4100,103
1,17820,310,4300,104
0,17821,310,4100,110
0,17822,310,4100,111
0,17823,360,4401,112
1,17824,360,4301,113
1,17825,310,4300,114
0,17826,310,4100,115
0,17827,310,4500,116
6,17828,310,4000,117
0,17829,310,4100,118
0,17830,310,4100,119
1,17831,310,4300,120
0,17832,360,4101,121
8,17833,310,4000,122
0,17834,310,4100,123
0,17835,310,4300,124
0,17836,310,4500,125
0,17837,310,4000,126
1,17838,310,4300,127
1,17839,310,4340,128
8,17840,310,4000,129
0,17841,310,4100,130
0,17842,310,4100,131
0,17843,310,4100,132
1,17844,360,4301,133
0,17845,310,4100,134
0,17846,310,4100,135
0,17847,360,4501,136
1,17848,310,4300,137
0,17849,310,4100,138
0,17850,310,4100,139
2,17851,310,4000,140
1,17852,310,4300,141
0,17853,310,4100,142
0,17854,310,4100,143
2,17855,310,4000,144
0,17856,310,4100,150
0,17857,310,4100,151
0,17858,310,4100,152
4,17859,310,4000,153
4,17860,310,4000,154
0,17861,310,4500,155
0,17862,310,4100,156
0,17863,310,4100,157
0,17864,360,4101,158
0,17865,310,4100,159
0,17866,310,4100,160
0,17867,310,4100,161
4,17868,310,4000,162
1,17869,310,4350,163
0,17870,310,4340,164
0,17871,310,4100,165
0,17872,310,4300,166
0,17873,310,3790,167
0,17874,310,4100,168
1,17875,310,4340,169
0,17876,360,4301,170
3,17877,310,4000,171
0,17878,360,4302,172
1,17879,310,4350,173
4,17880,310,4090,174
0,17881,310,4340,175
0,17882,310,4100,176
0,17883,310,4340,177
0,17884,310,4500,178
0,17885,310,4000,179
0,17886,310,4100,180
0,17887,310,4100,181
1,17888,310,4340,182
0,17889,310,4100,183
0,17890,310,4100,184
1,17891,310,4350,190
0,17892,310,4100,191
0,17893,360,4302,192
1,17894,310,4340,193
0,17895,310,4100,194
4,17896,310,4000,195
1,17897,310,4350,196
0,17898,310,4000,197
0,17899,310,4100,198
0,17900,310,4100,199
1,17901,310,4300,200
0,17902,310,4100,201
1,17903,310,4000,202
0,17904,310,4100,203
0,17905,310,4100,204
0,17906,310,3790,205
0,17907,310,4100,206
0,17908,310,4100,207
1,17909,310,4350,208
0,17910,310,4100,209
0,17911,310,4100,210
0,17912,310,4500,211
0,17913,360,4301,212
1,17914,310,4350,213
0,17915,310,4100,214
0,17916,310,4500,215
0,17917,310,4100,216
1,17918,310,4340,217
0,17919,310,4500,218
0,17920,310,4100,219
0,17921,360,4301,220
1,17922,310,4350,221
1,17923,310,4350,222
4,17924,310,4000,223
0,17925,310,4100,224
0,17926,310,4100,230
0,17927,310,4340,231
0,17928,310,3790,232
1,17929,360,4341,233
0,17930,310,4100,234
0,17931,310,4100,235
0,17932,310,4100,236
0,17933,310,4100,237
0,17934,310,4100,238
0,17935,310,4100,239
0,17936,360,4301,240
0,17937,310,4100,241
0,17938,310,4100,242
0,17939,310,4500,243
1,17940,310,4300,244
3,17941,310,4000,245
0,17942,310,4100,246
1,17943,310,4300,247
1,17944,310,4340,248
0,17945,310,4100,249
0,17946,310,4300,250
0,17947,310,4100,251
0,17948,310,4300,252
0,17949,310,4340,253
9,17950,310,4000,254
0,17951,360,4401,255
0,17952,310,4100,256
0,17953,310,4340,257
0,17954,310,4100,258
1,17955,310,4340,259
0,17956,310,4340,260
0,17957,310,3790,261
1,17958,360,4301,262
0,17959,310,4500,263
0,17960,310,4340,264
8,17961,310,4000,270
0,17962,310,4500,271
0,17963,360,4302,272
0,17964,310,4100,273
0,17965,310,4100,274
1,17966,310,4300,275
0,17967,310,4100,276
0,17968,310,4000,277
1,17969,310,4340,278
0,17970,360,4341,279
0,17971,310,4100,280
0,17972,310,4000,281
1,17973,310,4350,282
0,17974,360,4301,283
0,17975,310,4100,284
1,17976,310,4300,285
0,17977,310,4100,286
0,17978,310,4100,287
0,17979,310,4100,288
0,17980,310,4500,289
0,17981,310,4100,290
1,17982,310,4300,291
0,17983,360,4501,292
0,17984,310,4100,293
0,17985,310,3790,294
0,17986,310,4500,295
0,17987,360,4401,296
0,17988,310,4100,297
1,17989,310,4340,298
1,17990,360,4301,299
0,17991,310,4500,300
0,17992,310,4100,301
1,17993,310,4300,302
0,17994,310,4500,303
0,17995,360,4501,304
0,17996,310,4100,310
1,17997,310,4340,311
0,17998,310,4100,312
0,17999,360,4401,313
0,18000,310,4300,314
0,18001,310,4100,315
0,18002,310,4300,316
0,18003,310,4100,317
1,18004,360,4341,318
0,18005,310,4100,319
0,18006,2310,4100,1000
7,18007,2310,4000,1001
0,18008,2310,4100,1002
0,18009,2360,4302,1003
0,18010,2310,4100,1004
7,18011,2310,4000,1010
0,18012,2310,4100,1011
0,18013,2310,4100,1012
0,18014,2310,3790,1013
1,18015,2310,4000,1014
0,18016,2310,4500,1020
0,18017,2310,4100,1021
0,18018,2310,4100,1022
0,18019,2310,4340,1023
1,18020,2310,4340,1024
0,18021,2310,4340,1030
0,18022,2310,4500,1031
0,18023,2310,4100,1032
1,18024,2310,4350,1033
1,18025,2310,4350,1034
0,18026,2310,4500,1040
2,18027,2310,4000,1041
0,18028,2310,4100,1042
1,18029,2310,4340,1043
0,18030,2310,4100,1044
0,18031,2310,4300,1050
0,18032,2310,4300,1051
1,18033,2310,4340,1052
1,18034,2310,4340,1053
0,18035,2360,4301,1054
0,18036,2310,4100,1060
0,18037,2310,4000,1061
0,18038,2310,4100,1062
0,18039,2310,3790,1063
8,18040,2310,4000,1064
0,18041,2360,4301,1070
0,18042,2310,4500,1071
1,18043,2310,4300,1072
1,18044,2310,4300,1073
0,18045,2360,4501,1074
0,18046,2310,4500,1080
1,18047,2310,4340,1081
0,18048,2360,4301,1082
0,18049,2310,4500,1083
5,18050,2310,4000,1084
1,18051,2310,4340,1085
0,18052,2310,4100,1086
0,18053,2310,4100,1087
1,18054,2310,4350,1088
6,18055,2310,4000,1089
0,18056,2310,4100,1090
1,18057,2360,4341,1091
0,18058,2310,4100,1092
1,18059,2310,4350,1093
1,18060,2310,4000,1094
1,18061,2310,4350,1095
8,18062,2310,4000,1096
0,18063,2310,4500,1097
0,18064,2310,4100,1098
0,18065,2360,4401,1099
8,18066,2310,4000,1100
0,18067,2310,3790,1101
0,18068,2310,4100,1102
1,18069,2310,4300,1103
0,18070,2310,4100,1104
0,18071,2360,4101,1110
0,18072,2360,4301,1111
2,18073,2310,4000,1112
0,18074,2310,4000,1113
0,18075,2310,4340,1114
1,18076,2310,4350,1135
6,18077,2310,4000,1136
0,18078,2310,4300,1137
0,18079,2310,3790,1138
5,18080,2310,4090,1139
1,18081,2310,4350,1140
0,18082,2310,4340,1141
1,18083,2310,4350,1142
0,18084,2310,4100,1143
0,18085,2310,4100,1144
0,18086,2310,4500,1145
0,18087,2310,4500,1146
1,18088,2310,4300,1147
1,18089,2310,4350,1148
2,18090,2310,4000,1149
0,18091,2310,4100,1150
0,18092,2360,4401,1151
0,18093,2310,4100,1152
0,18094,2310,4340,1153
1,18095,2310,4300,1154
1,18096,2360,4341,1155
0,18097,2310,4100,1156
0,18098,2310,4100,1157
0,18099,2310,4340,1158
0,18100,2310,4100,1159
0,18101,2310,4100,1160
0,18102,2310,4100,1161
3,18103,2310,4000,1162
7,18104,2310,4000,1163
0,18105,2360,4101,1164
0,18106,2310,4340,1170
0,18107,2310,4500,1171
0,18108,2310,4100,1172
0,18109,2310,4100,1173
1,18110,2310,4340,1174
0,18111,2310,4100,1195
1,18112,2310,4340,1196
1,18113,2360,4341,1197
0,18114,2310,4500,1198
0,18115,2310,4340,1199
0,18116,307,4300,0
0,18117,307,4340,1
0,18118,307,4100,2
0,18119,307,4500,3
0,18120,357,4301,4
0,18121,307,4100,5
0,18122,307,4300,6
1,18123,307,4350,7
0,18124,307,4100,8
1,18125,307,4300,9
0,18126,307,4100,10
5,18127,307,4000,11
9,18128,307,4000,12
0,18129,307,4100,13
1,18130,307,4300,14
9,18131,307,4000,15
0,18132,307,4100,16
0,18133,307,4100,17
0,18134,307,4300,18
0,18135,307,4100,19
0,18136,307,4100,20
1,18137,357,4301,21
0,18138,307,4100,22
0,18139,307,4100,23
0,18140,307,4100,24
0,18141,357,4501,25
1,18142,307,4300,26
0,18143,307,4100,27
0,18144,307,4100,28
7,18145,307,4000,29
0,18146,307,4100,35
0,18147,307,4340,36
0,18148,307,4100,37
8,18149,307,4000,38
0,18150,307,4100,39
1,18151,357,4301,40
6,18152,307,4000,41
1,18153,307,4300,42
0,18154,307,4100,43
1,18155,307,4300,44
0,18156,357,4501,45
0,18157,357,4401,46
1,18158,307,4350,47
1,18159,307,4300,48
0,18160,307,4340,49
0,18161,307,4100,50
0,18162,307,4100,51
0,18163,307,4100,52
0,18164,307,4300,53
0,18165,307,3790,54
0,18166,307,4340,55
4,18167,307,4000,56
6,18168,307,4000,57
0,18169,307,4100,58
0,18170,307,4100,59
1,18171,307,4340,60
0,18172,307,4100,61
0,18173,307,3790,62
1,18174,307,4350,63
0,18175,307,4100,64
1,18176,307,4340,65
0,18177,357,4341,66
1,18178,307,4300,67
0,18179,307,3790,68
0,18180,307,4100,69
0,18181,307,4100,75
5,18182,307,4000,76
6,18183,307,4000,77
0,18184,307,4340,78
0,18185,357,4401,79
0,18186,307,4100,80
0,18187,307,4100,81
0,18188,307,4100,82
2,18189,307,4000,83
0,18190,307,3790,84
0,18191,307,4300,85
0,18192,307,4500,86
0,18193,307,4300,87
0,18194,357,4302,88
0,18195,357,4501,89
8,18196,307,4090,90
0,18197,357,4341,91
0,18198,307,4500,92
0,18199,307,3790,93
0,18200,307,4500,94
1,18201,307,4300,95
0,18202,307,4100,96
6,18203,307,4000,97
0,18204,307,4100,98
0,18205,307,4100,99
1,18206,307,4340,100
0,18207,307,4100,101
3,18208,307,4000,102
0,18209,307,4100,103
1,18210,307,4340,104
1,18211,307,4300,105
0,18212,307,4340,106
8,18213,307,4000,107
8,18214,307,4000,108
0,18215,307,4340,109
1,18216,307,4300,115
8,18217,307,4000,116
0,18218,307,4100,117
0,18219,307,4100,118
0,18220,357,4341,119
1,18221,357,4301,120
0,18222,307,4500,121
0,18223,357,4101,122
1,18224,307,4350,123
0,18225,307,4100,124
0,18226,307,4100,125
0,18227,357,4341,126
0,18228,307,4500,127
0,18229,307,4300,128
0,18230,307,4000,129
0,18231,307,4500,130
5,18232,307,4000,131
0,18233,307,4100,132
7,18234,307,4000,133
0,18235,307,4500,134
0,18236,307,4500,135
0,18237,307,4340,136
0,18238,307,4500,137
1,18239,307,4300,138
0,18240,307,4500,139
0,18241,307,4300,140
0,18242,357,4401,141
1,18243,307,4350,142
0,18244,357,4302,143
0,18245,307,4300,144
0,18246,307,4100,145
0,18247,357,4341,146
0,18248,307,4300,147
0,18249,307,4100,148
0,18250,307,4100,149
0,18251,307,4100,155
8,18252,307,4000,156
0,18253,357,4341,157
0,18254,307,4100,158
9,18255,307,4000,159
3,18256,307,4000,160
0,18257,307,4300,161
1,18258,307,4350,162
0,18259,357,4501,163
4,18260,307,4000,164
9,18261,307,4000,165
0,18262,307,4500,166
9,18263,307,4000,167
1,18264,307,4350,168
1,18265,307,4350,169
0,18266,307,4300,170
1,18267,357,4341,171
0,18268,307,4340,172
0,18269,307,4300,173
0,18270,307,4300,174
0,18271,307,4100,175
0,18272,307,4500,176
0,18273,307,4500,177
1,18274,307,4350,178
5,18275,307,4000,179
1,18276,307,4300,180
0,18277,307,4300,181
1,18278,307,4340,182
1,18279,307,4350,183
0,18280,307,4100,184
9,18281,307,4000,185
0,18282,357,4101,186
0,18283,357,4302,187
0,18284,307,4100,188
1,18285,307,4300,189
0,18286,307,4100,195
0,18287,307,4100,196
0,18288,307,4100,197
0,18289,357,4401,198
0,18290,307,4340,199
0,18291,357,4341,200
0,18292,307,4340,201
0,18293,307,4500,202
0,18294,307,3790,203
1,18295,357,4301,204
0,18296,307,4500,205
0,18297,307,4300,206
4,18298,307,4000,207
0,18299,307,4100,208
1,18300,307,4340,209
0,18301,307,4340,210
1,18302,307,4340,211
0,18303,307,4100,212
0,18304,307,4500,213
0,18305,307,4340,214
0,18306,307,4500,215
1,18307,357,4341,216
2,18308,307,4000,217
6,18309,307,4000,218
0,18310,357,4101,219
2,18311,307,4000,220
2,18312,307,4000,221
0,18313,307,4100,222
8,18314,307,4000,223
0,18315,307,4340,224
0,18316,307,4100,225
0,18317,307,4100,226
0,18318,307,3790,227
0,18319,307,4340,228
0,18320,307,4100,229
0,18321,307,4100,235
0,18322,307,3790,236
0,18323,307,4100,237
8,18324,307,4000,238
0,18325,307,4100,239
0,18326,307,4100,240
0,18327,307,4100,241
1,18328,307,4340,242
0,18329,307,4500,243
0,18330,307,4100,244
1,18331,307,4300,245
0,18332,307,3790,246
0,18333,307,4500,247
0,18334,307,4100,248
0,18335,307,4500,249
0,18336,307,4340,250
0,18337,307,4100,251
0,18338,307,4100,252
7,18339,307,4000,253
2,18340,307,4000,254
0,18341,307,4500,255
1,18342,307,4340,256
0,18343,357,4301,257
0,18344,307,4300,258
0,18345,307,4100,259
0,18346,307,4100,260
9,18347,307,4000,261
1,18348,307,4350,262
0,18349,307,4100,263
0,18350,307,4100,264
0,18351,307,4340,265
0,18352,307,4340,266
7,18353,307,4000,267
4,18354,307,4000,268
1,18355,307,4300,269
0,18356,307,4100,275
0,18357,307,4300,276
0,18358,307,4100,277
0,18359,307,4100,278
0,18360,307,4100,279
0,18361,307,4300,280
1,18362,307,4340,281
3,18363,307,4000,282
0,18364,307,3790,283
0,18365,307,4100,284
0,18366,307,4300,285
0,18367,307,4100,286
7,18368,307,4000,287
7,18369,307,4000,288
0,18370,307,4300,289
0,18371,357,4341,290
0,18372,307,4500,291
0,18373,307,4300,292
0,18374,307,4500,293
0,18375,307,4100,294
0,18376,307,4300,295
1,18377,307,4300,296
3,18378,307,4000,297
0,18379,307,4100,298
0,18380,307,4340,299
1,18381,307,4300,300
0,18382,357,4341,301
0,18383,357,4341,302
0,18384,357,4341,303
0,18385,307,4100,304
1,18386,307,4350,305
0,18387,307,4500,306
1,18388,357,4301,307
0,18389,307,4100,308
1,18390,307,4340,309
1,18391,307,4350,315
0,18392,307,4100,316
0,18393,307,4300,317
0,18394,307,4100,318
1,18395,307,4300,319
0,18396,2307,3790,1000
1,18397,2307,4340,1001
1,18398,2307,4350,1002
0,18399,2307,4100,1003
0,18400,2307,4100,1004
0,18401,2307,4100,1010
0,18402,2307,4100,1011
0,18403,2307,4500,1012
0,18404,2307,4000,1013
0,18405,2307,4340,1014
0,18406,2307,4000,1020
0,18407,2307,3790,1021
2,18408,2307,4000,1022
0,18409,2307,4100,1023
0,18410,2307,4100,1024
0,18411,2307,4100,1030
5,18412,2307,4000,1031
2,18413,2307,4000,1032
0,18414,2307,4300,1033
3,18415,2307,4000,1034
0,18416,2307,4100,1040
1,18417,2307,4300,1041
0,18418,2307,4100,1042
0,18419,2307,4100,1043
1,18420,2357,4301,1044
0,18421,2307,4100,1050
9,18422,2307,4000,1051
0,18423,2357,4101,1052
1,18424,2307,4350,1053
0,18425,2307,4300,1054
0,18426,2307,4500,1060
0,18427,2307,4300,1061
0,18428,2307,4100,1062
0,18429,2307,4500,1063
0,18430,2307,3790,1064
0,18431,2307,4100,1070
8,18432,2307,4000,1071
2,18433,2307,4000,1072
0,18434,2307,4100,1073
0,18435,2307,4100,1074
0,18436,2307,4100,1080
1,18437,2307,4350,1081
0,18438,2307,4500,1082
1,18439,2307,4300,1083
0,18440,2307,4100,1084
1,18441,2307,4350,1085
0,18442,2307,4340,1086
0,18443,2307,4000,1087
9,18444,2307,4000,1088
0,18445,2307,4100,1089
9,18446,2307,4000,1090
0,18447,2307,4100,1091
1,18448,2307,4350,1092
8,18449,2307,4000,1093
0,18450,2307,4500,1094
0,18451,2307,4100,1095
0,18452,2307,4340,1096
0,18453,2307,4100,1097
0,18454,2307,4500,1098
0,18455,2307,4100,1099
0,18456,2307,4500,1100
0,18457,2357,4401,1101
0,18458,2307,3790,1102
0,18459,2307,4100,1103
0,18460,2307,4500,1104
0,18461,2307,4100,1105
1,18462,2307,4300,1106
0,18463,2307,4100,1107
1,18464,2307,4340,1108
0,18465,2357,4301,1109
0,18466,2357,4341,1135
0,18467,2307,4340,1136
0,18468,2307,4100,1137
0,18469,2307,4100,1138
0,18470,2307,4100,1139
0,18471,2357,4301,1140
0,18472,2357,4341,1141
0,18473,2307,4100,1142
0,18474,2357,4302,1143
0,18475,2307,4340,1144
0,18476,2307,4100,1145
0,18477,2307,4500,1146
0,18478,2307,4100,1147
9,18479,2307,4000,1148
0,18480,2307,4100,1149
0,18481,2357,4401,1150
1,18482,2307,4350,1151
0,18483,2307,4100,1152
0,18484,2307,4000,1153
0,18485,2357,4302,1154
1,18486,2307,4300,1155
0,18487,2307,4500,1156
1,18488,2307,4350,1157
0,18489,2357,4501,1158
1,18490,2357,4301,1159
1,18491,2307,4340,1160
0,18492,2307,4500,1161
0,18493,2307,3790,1162
0,18494,2357,4341,1163
9,18495,2307,4000,1164
1,18496,2307,4300,1165
1,18497,2357,4341,1166
1,18498,2307,4300,1167
0,18499,2307,4100,1168
0,18500,2307,4100,1169
0,18501,2307,4100,1195
0,18502,2307,4100,1196
0,18503,2307,3790,1197
0,18504,2357,4501,1198
0,18505,2307,4100,1199
0,18506,108,3220,1
2,18507,108,3410,2
0,18508,108,3400,3
1,18509,125,3800,4
1,18510,126,3800,5
2,18511,108,3400,6
0,18512,108,3430,7
0,18513,108,3220,8
1,18514,126,3030,9
1,18515,108,3810,10
4,18516,108,3410,11
2,18517,108,3400,12
3,18518,108,3400,13
0,18519,108,3410,14
1,18520,108,3410,15
1,18521,126,3000,16
4,18522,108,3410,17
0,18523,108,3030,18
0,18524,108,3030,19
2,18525,108,3210,20
0,18526,125,3030,21
0,18527,108,3800,22
0,18528,108,3200,23
0,18529,108,3810,24
0,18530,125,3030,25
1,18531,108,3410,26
0,18532,126,3030,27
0,18533,108,3000,28
3,18534,108,3400,29
1,18535,108,3410,35
1,18536,108,3800,36
0,18537,126,3030,37
2,18538,108,3210,38
1,18539,126,3030,39
0,18540,125,3800,40
0,18541,108,3000,41
1,18542,108,3000,42
3,18543,108,3410,43
1,18544,108,3210,44
0,18545,125,3000,45
1,18546,125,3810,46
0,18547,108,3430,47
4,18548,108,3410,48
1,18549,108,3030,49
3,18550,108,3410,50
1,18551,126,3000,51
0,18552,108,3210,52
0,18553,125,3800,53
1,18554,125,3000,54
0,18555,108,3220,55
0,18556,108,3420,56
0,18557,108,3210,57
1,18558,108,3400,58
1,18559,108,3210,59
1,18560,108,3000,60
0,18561,108,3420,61
1,18562,108,3220,62
0,18563,126,3810,63
0,18564,108,3200,64
0,18565,126,3000,65
1,18566,125,3030,66
1,18567,126,3800,67
3,18568,108,3400,68
4,18569,108,3410,69
1,18570,108,3410,75
0,18571,108,3200,76
1,18572,108,3800,77
0,18573,108,3420,78
0,18574,125,3000,79
0,18575,126,3030,80
1,18576,108,3410,81
0,18577,108,3810,82
1,18578,108,3030,83
1,18579,108,3410,84
3,18580,108,3410,85
0,18581,126,3800,86
1,18582,126,3030,87
1,18583,125,3000,88
1,18584,125,3000,89
1,18585,108,3210,90
1,18586,125,3800,91
3,18587,108,3400,92
1,18588,108,3400,93
2,18589,108,3400,94
0,18590,108,3030,95
1,18591,108,3200,96
3,18592,108,3400,97
1,18593,108,3210,98
0,18594,108,3200,99
2,18595,108,3210,100
1,18596,108,3810,101
0,18597,108,3200,102
3,18598,108,3410,103
0,18599,126,3030,104
0,18600,108,3810,105
0,18601,108,3410,106
0,18602,108,3420,107
4,18603,108,3410,108
0,18604,108,3000,109
0,18605,108,3220,115
2,18606,108,3210,116
1,18607,126,3810,117
3,18608,108,3410,118
1,18609,125,3000,119
1,18610,125,3810,120
4,18611,108,3410,121
0,18612,125,3000,122
0,18613,108,3810,123
0,18614,108,3200,124
1,18615,108,3410,125
0,18616,125,3800,126
2,18617,108,3410,127
0,18618,125,3810,128
1,18619,108,3210,129
0,18620,125,3800,130
0,18621,108,3030,131
1,18622,108,3030,132
0,18623,108,3420,133
1,18624,108,3210,134
3,18625,108,3400,135
1,18626,108,3030,136
1,18627,108,3410,137
1,18628,108,3210,138
1,18629,108,3000,139
1,18630,108,3000,140
0,18631,125,3000,141
1,18632,108,3210,142
1,18633,125,3000,143
0,18634,108,3210,144
3,18635,108,3410,145
1,18636,125,3000,146
0,18637,126,3000,147
1,18638,108,3000,148
1,18639,126,3810,149
2,18640,108,3210,155
0,18641,108,3400,156
1,18642,125,3030,157
1,18643,108,3000,158
0,18644,108,3030,159
1,18645,108,3410,160
0,18646,108,3400,161
1,18647,108,3030,162
0,18648,125,3800,163
2,18649,108,3410,164
0,18650,126,3030,165
2,18651,108,3210,166
2,18652,108,3410,167
0,18653,108,3420,168
1,18654,108,3410,169
3,18655,108,3400,170
1,18656,125,3000,171
0,18657,108,3000,172
0,18658,126,3000,173
2,18659,108,3210,174
1,18660,126,3030,175
1,18661,108,3400,176
1,18662,108,3220,177
1,18663,126,3810,178
0,18664,108,3810,179
2,18665,108,3410,180
0,18666,108,3420,181
1,18667,108,3220,182
0,18668,108,3030,183
1,18669,108,3210,184
1,18670,108,3800,185
1,18671,125,3000,186
1,18672,125,3800,187
0,18673,126,3800,188
0,18674,108,3210,189
0,18675,108,3200,195
0,18676,126,3810,196
2,18677,108,3210,197
1,18678,125,3800,198
1,18679,108,3210,199
1,18680,125,3030,200
0,18681,108,3430,201
0,18682,108,3220,202
1,18683,108,3810,203
0,18684,125,3030,204
0,18685,108,3220,205
0,18686,108,3030,206
2,18687,108,3400,207
0,18688,108,3200,208
0,18689,108,3810,209
2,18690,108,3400,210
0,18691,108,3430,211
0,18692,108,3420,212
4,18693,108,3410,213
0,18694,108,3800,214
0,18695,108,3810,215
1,18696,125,3030,216
0,18697,108,3430,217
0,18698,108,3430,218
0,18699,125,3030,219
0,18700,108,3000,220
0,18701,108,3800,221
0,18702,108,3220,222
1,18703,108,3030,223
4,18704,108,3410,224
1,18705,108,3410,225
0,18706,108,3430,226
0,18707,108,3400,227
3,18708,108,3410,228
1,18709,108,3030,229
1,18710,126,3000,235
0,18711,108,3400,236
1,18712,108,3200,237
1,18713,126,3800,238
1,18714,126,3000,239
2,18715,108,3400,240
0,18716,108,3200,241
0,18717,108,3420,242
1,18718,108,3030,243
0,18719,126,3030,244
0,18720,108,3810,245
0,18721,126,3030,246
0,18722,126,3000,247
1,18723,126,3030,248
0,18724,108,3400,249
1,18725,108,3410,250
1,18726,108,3220,251
1,18727,108,3200,252
0,18728,108,3420,253
3,18729,108,3400,254
1,18730,108,3030,255
0,18731,108,3420,256
1,18732,125,3810,257
3,18733,108,3400,258
0,18734,108,3200,259
0,18735,108,3430,260
0,18736,126,3030,261
0,18737,108,3000,262
1,18738,108,3800,263
1,18739,108,3200,264
1,18740,108,3800,265
0,18741,108,3420,266
0,18742,108,3000,267
0,18743,108,3200,268
1,18744,108,3800,269
1,18745,108,3200,275
0,18746,108,3200,276
1,18747,126,3810,277
0,18748,108,3400,278
0,18749,108,3030,279
1,18750,126,3030,280
1,18751,108,3220,281
0,18752,108,3810,282
0,18753,108,3810,283
2,18754,108,3410,284
1,18755,126,3030,285
3,18756,108,3410,286
1,18757,126,3030,287
0,18758,108,3200,288
3,18759,108,3400,289
1,18760,125,3800,290
0,18761,108,3430,291
1,18762,108,3810,292
1,18763,108,3410,293
1,18764,108,3400,294
0,18765,108,3430,295
0,18766,108,3000,296
1,18767,108,3220,297
1,18768,108,3000,298
1,18769,108,3810,299
1,18770,108,3800,300
1,18771,125,3030,301
0,18772,125,3810,302
0,18773,125,3810,303
0,18774,108,3420,304
0,18775,108,3810,305
0,18776,108,3030,306
0,18777,125,3030,307
0,18778,126,3810,308
0,18779,108,3030,309
1,18780,108,3000,315
0,18781,108,3810,316
0,18782,108,3220,317
1,18783,108,3810,318
1,18784,108,3400,319
0,18785,126,3810,0
1,18786,2108,3410,1000
1,18787,2108,5000,1001
0,18788,2108,5010,1002
0,18789,2108,3410,1003
3,18790,2108,5010,1004
1,18791,2108,3210,1010
1,18792,2108,5000,1011
4,18793,2108,5011,1012
1,18794,2108,5000,1013
3,18795,2108,5011,1014
0,18796,2108,5006,1020
4,18797,2108,5010,1021
0,18798,2108,3200,1022
2,18799,2108,3410,1023
1,18800,2108,5000,1024
2,18801,2108,5010,1030
3,18802,2108,3410,1031
0,18803,2108,5006,1032
1,18804,2108,3410,1033
1,18805,2108,5000,1034
1,18806,2108,5000,1040
0,18807,2108,5005,1041
3,18808,2108,5010,1042
4,18809,2108,5011,1043
0,18810,2125,3810,1044
3,18811,2108,5010,1050
2,18812,2108,5010,1051
0,18813,2125,3030,1052
0,18814,2108,3200,1053
4,18815,2108,3410,1054
0,18816,2126,3800,1060
0,18817,2108,5004,1061
2,18818,2108,3400,1062
2,18819,2108,5010,1063
1,18820,2126,3000,1064
2,18821,2108,3410,1070
1,18822,2108,5000,1071
0,18823,2126,3810,1072
0,18824,2108,3800,1073
1,18825,2108,5001,1074
0,18826,2108,5006,1080
1,18827,2108,3030,1081
2,18828,2108,5010,1082
0,18829,2108,3400,1083
0,18830,2108,5003,1084
2,18831,2108,3400,1085
1,18832,2126,3030,1086
1,18833,2126,3030,1087
1,18834,2108,5001,1088
1,18835,2126,3000,1089
1,18836,2108,3810,1090
2,18837,2108,3400,1091
2,18838,2108,3210,1092
1,18839,2108,5000,1093
3,18840,2108,5010,1094
1,18841,2126,3810,1095
0,18842,2126,3800,1096
2,18843,2108,5010,1097
3,18844,2108,5010,1098
2,18845,2108,3400,1099
0,18846,2108,5006,1100
0,18847,2125,3030,1101
3,18848,2108,5010,1102
0,18849,2108,3200,1103
1,18850,2126,3000,1104
0,18851,2126,3810,1105
2,18852,2108,3210,1106
0,18853,2108,5005,1107
1,18854,2108,3030,1108
0,18855,2125,3810,1109
0,18856,2125,3000,1135
2,18857,2108,3210,1136
1,18858,2108,3810,1137
3,18859,2108,5010,1138
4,18860,2108,3410,1139
1,18861,2125,3810,1140
1,18862,2125,3800,1141
0,18863,2108,5010,1142
0,18864,2125,3000,1143
3,18865,2108,3400,1144
0,18866,2108,5006,1145
4,18867,2108,5011,1146
0,18868,2126,3810,1147
1,18869,2108,5001,1148
1,18870,2108,3810,1149
0,18871,2125,3000,1150
3,18872,2108,5010,1151
2,18873,2108,5011,1152
3,18874,2108,3400,1153
1,18875,2125,3030,1154
0,18876,2108,5010,1155
0,18877,2108,3200,1156
2,18878,2108,5010,1157
1,18879,2125,3800,1158
1,18880,2125,3800,1159
2,18881,2108,3410,1160
6,18882,2108,5011,1161
2,18883,2108,5010,1162
0,18884,2125,3810,1163
1,18885,2108,5001,1164
0,18886,2108,3200,1165
0,18887,2125,3030,1166
6,18888,2108,5011,1167
0,18889,2108,5003,1168
0,18890,2126,3810,1169
0,18891,2108,3800,1195
3,18892,2108,5011,1196
2,18893,2108,5011,1197
1,18894,2125,3810,1198
3,18895,2108,5010,1199
0,18896,712,4940,1
0,18897,712,4940,62
0,18898,712,4940,111
0,18899,712,4940,125
0,18900,712,4940,220
0,18901,712,4940,263
0,18902,712,4940,269
0,18903,712,4940,287
0,18904,712,4940,296
0,18905,712,4940,309
0,18906,2712,4940,1000
0,18907,2712,4940,1090
0,18908,2712,4940,1101
0,18909,2712,4940,1113
0,18910,2712,4940,1155
0,18911,2712,4940,1156
0,18912,713,4940,14
0,18913,713,4940,47
0,18914,713,4940,115
0,18915,713,4940,317
0,18916,2713,4940,1024
0,18917,2713,4940,1086
0,18918,2713,4940,1094
0,18919,2713,4940,1096
0,18920,2713,4940,1151
0,18921,718,4940,20
0,18922,718,4940,26
0,18923,718,4940,46
0,18924,718,4940,55
0,18925,718,4940,65
0,18926,718,4940,77
0,18927,718,4940,85
0,18928,718,4940,154
0,18929,718,4940,289
0,18930,2718,4940,1033
0,18931,2718,4940,1137
0,18932,2718,4940,1163
0,18933,715,4940,23
0,18934,715,4940,29
0,18935,715,4940,103
0,18936,715,4940,131
0,18937,715,4940,139
0,18938,715,4940,158
0,18939,715,4940,288
0,18940,715,4940,305
0,18941,2715,4940,1089
0,18942,2715,4940,1105
0,18943,2715,4940,1153
0,18944,320,4667,30
0,18945,320,4666,31
0,18946,320,4654,32
0,18947,320,4653,33
1,18948,320,4330,34
1,18949,320,4330,70
0,18950,320,4654,71
0,18951,320,4656,72
0,18952,320,4330,73
1,18953,320,4330,74
1,18954,320,4330,110
0,18955,320,4663,111
0,18956,320,4666,112
0,18957,320,4330,113
0,18958,320,4667,114
0,18959,320,4664,150
0,18960,320,4664,151
0,18961,320,4654,152
0,18962,320,4654,153
0,18963,320,4330,154
0,18964,320,4330,190
0,18965,320,4330,191
0,18966,320,4652,192
0,18967,320,4667,193
0,18968,320,4654,194
0,18969,320,4667,230
0,18970,320,4664,231
1,18971,320,4330,232
0,18972,320,4654,233
0,18973,320,4654,234
0,18974,320,4667,270
0,18975,320,4330,271
1,18976,320,4330,272
0,18977,320,4664,273
0,18978,320,4654,274
0,18979,320,4663,310
1,18980,320,4330,311
0,18981,320,4666,312
1,18982,320,4330,313
0,18983,320,4663,314
0,18984,2320,4667,1110
0,18985,2320,4663,1111
0,18986,2320,4653,1112
0,18987,2320,4654,1113
0,18988,2320,4653,1114
0,18989,2320,4674,1170
1,18990,2320,4330,1171
0,18991,2320,4658,1172
0,18992,2320,4652,1173
0,18993,2320,4330,1174
0,18994,317,4663,30
0,18995,317,4656,31
0,18996,317,4667,32
1,18997,317,4330,33
0,18998,317,4666,34
0,18999,317,4653,70
0,19000,317,4667,71
0,19001,317,4330,72
0,19002,317,4654,73
0,19003,317,4666,74
0,19004,317,4666,110
0,19005,317,4667,111
0,19006,317,4674,112
0,19007,317,4656,113
0,19008,317,4664,114
0,19009,317,4663,150
0,19010,317,4656,151
0,19011,317,4652,152
0,19012,317,4330,153
0,19013,317,4668,154
1,19014,317,4330,190
0,19015,317,4664,191
0,19016,317,4654,192
0,19017,317,4674,193
1,19018,317,4330,194
0,19019,317,4656,230
1,19020,317,4330,231
0,19021,317,4653,232
1,19022,317,4330,233
0,19023,317,4668,234
0,19024,317,4664,270
1,19025,317,4330,271
0,19026,317,4667,272
0,19027,317,4653,273
0,19028,317,4656,274
0,19029,317,4674,310
0,19030,317,4666,311
1,19031,317,4330,312
0,19032,317,4653,313
0,19033,317,4674,314
0,19034,2317,4330,1110
0,19035,2317,4330,1111
0,19036,2317,4664,1112
0,19037,2317,4667,1113
0,19038,2317,4664,1114
1,19039,2317,4330,1170
0,19040,2317,4667,1171
0,19041,2317,4674,1172
0,19042,2317,4666,1173
0,19043,2317,4674,1174
0,19044,322,4653,30
0,19045,322,4667,31
0,19046,322,4653,32
0,19047,322,4330,33
0,19048,322,4663,34
0,19049,322,4668,70
0,19050,322,4674,71
0,19051,322,4652,72
0,19052,322,4652,73
0,19053,322,4674,74
0,19054,322,4653,110
0,19055,322,4652,111
0,19056,322,4656,112
0,19057,322,4666,113
0,19058,322,4656,114
0,19059,322,4668,150
0,19060,322,4674,151
0,19061,322,4668,152
1,19062,322,4330,153
0,19063,322,4674,154
0,19064,322,4664,190
0,19065,322,4654,191
0,19066,322,4656,192
0,19067,322,4653,193
0,19068,322,4656,194
0,19069,322,4664,230
0,19070,322,4656,231
0,19071,322,4652,232
0,19072,322,4667,233
0,19073,322,4674,234
0,19074,322,4652,270
0,19075,322,4667,271
0,19076,322,4666,272
0,19077,322,4667,273
0,19078,322,4653,274
0,19079,322,4664,310
0,19080,322,4668,311
0,19081,322,4663,312
0,19082,322,4664,313
0,19083,322,4666,314
0,19084,2322,4653,1110
0,19085,2322,4658,1111
0,19086,2322,4668,1112
0,19087,2322,4653,1113
0,19088,2322,4652,1114
0,19089,2322,4653,1170
0,19090,2322,4664,1171
0,19091,2322,4668,1172
0,19092,2322,4668,1173
0,19093,2322,4666,1174
0,19094,318,4656,30
0,19095,318,4668,31
0,19096,318,4664,32
0,19097,318,4668,33
0,19098,318,4654,34
0,19099,318,4663,70
0,19100,318,4330,71
0,19101,318,4666,72
0,19102,318,4664,73
0,19103,318,4664,74
0,19104,318,4674,110
0,19105,318,4674,111
0,19106,318,4668,112
0,19107,318,4663,113
0,19108,318,4663,114
0,19109,318,4654,150
1,19110,318,4330,151
0,19111,318,4667,152
0,19112,318,4667,153
0,19113,318,4652,154
0,19114,318,4667,190
1,19115,318,4330,191
0,19116,318,4667,192
0,19117,318,4666,193
0,19118,318,4668,194
0,19119,318,4668,230
0,19120,318,4666,231
0,19121,318,4674,232
0,19122,318,4663,233
0,19123,318,4330,234
1,19124,318,4330,270
0,19125,318,4656,271
0,19126,318,4664,272
0,19127,318,4330,273
0,19128,318,4667,274
0,19129,318,4330,310
0,19130,318,4664,311
0,19131,318,4654,312
0,19132,318,4652,313
0,19133,318,4656,314
0,19134,2318,4666,1110
0,19135,2318,4667,1111
0,19136,2318,4658,1112
0,19137,2318,4666,1113
0,19138,2318,4330,1114
0,19139,2318,4658,1170
0,19140,2318,4653,1171
1,19141,2318,4330,1172
0,19142,2318,4330,1173
0,19143,2318,4653,1174
0,19144,315,4668,30
0,19145,315,4330,31
0,19146,315,4330,32
0,19147,315,4667,33
0,19148,315,4330,34
0,19149,315,4656,70
0,19150,315,4666,71
0,19151,315,4668,72
0,19152,315,4666,73
0,19153,315,4654,74
0,19154,315,4330,110
1,19155,315,4330,111
0,19156,315,4330,112
0,19157,315,4653,113
0,19158,315,4652,114
1,19159,315,4330,150
0,19160,315,4668,151
0,19161,315,4656,152
0,19162,315,4663,153
0,19163,315,4664,154
0,19164,315,4656,190
0,19165,315,4663,191
0,19166,315,4330,192
0,19167,315,4668,193
0,19168,315,4330,194
0,19169,315,4652,230
0,19170,315,4330,231
0,19171,315,4654,232
0,19172,315,4674,233
0,19173,315,4663,234
0,19174,315,4666,270
0,19175,315,4663,271
0,19176,315,4663,272
0,19177,315,4668,273
1,19178,315,4330,274
0,19179,315,4666,310
0,19180,315,4330,311
0,19181,315,4653,312
0,19182,315,4663,313
0,19183,315,4654,314
0,19184,2315,4668,1110
0,19185,2315,4666,1111
0,19186,2315,4656,1112
0,19187,2315,4663,1113
0,19188,2315,4666,1114
0,19189,2315,4656,1170
0,19190,2315,4668,1171
0,19191,2315,4663,1172
0,19192,2315,4653,1173
0,19193,2315,4652,1174
0,19194,309,4664,30
0,19195,309,4664,31
0,19196,309,4663,32
0,19197,309,4666,33
0,19198,309,4667,34
0,19199,309,4654,70
0,19200,309,4664,71
0,19201,309,4663,72
0,19202,309,4668,73
0,19203,309,4330,74
0,19204,309,4663,110
0,19205,309,4653,111
0,19206,309,4653,112
0,19207,309,4667,113
0,19208,309,4674,114
0,19209,309,4330,150
0,19210,309,4330,151
1,19211,309,4330,152
0,19212,309,4653,153
0,19213,309,4653,154
0,19214,309,4653,190
0,19215,309,4666,191
0,19216,309,4668,192
0,19217,309,4330,193
0,19218,309,4667,194
0,19219,309,4330,230
0,19220,309,4653,231
0,19221,309,4656,232
0,19222,309,4330,233
0,19223,309,4656,234
0,19224,309,4656,270
0,19225,309,4674,271
0,19226,309,4654,272
1,19227,309,4330,273
0,19228,309,4663,274
0,19229,309,4667,310
0,19230,309,4652,311
0,19231,309,4330,312
0,19232,309,4667,313
1,19233,309,4330,314
0,19234,2309,4654,1110
0,19235,2309,4664,1111
0,19236,2309,4330,1112
1,19237,2309,4330,1113
1,19238,2309,4330,1114
0,19239,2309,4668,1170
0,19240,2309,4330,1171
0,19241,2309,4652,1172
0,19242,2309,4674,1173
1,19243,2309,4330,1174
0,19244,321,4130,30
0,19245,321,4130,31
0,19246,321,4130,32
0,19247,321,4130,33
0,19248,321,4130,34
0,19249,321,4130,70
0,19250,321,4130,71
0,19251,321,4130,72
0,19252,321,4130,73
0,19253,321,4130,74
0,19254,321,4130,110
0,19255,321,4130,111
0,19256,321,4130,112
0,19257,321,4130,113
0,19258,321,4130,114
0,19259,321,4130,150
0,19260,321,4130,151
0,19261,321,4130,152
0,19262,321,4130,153
0,19263,321,4130,154
0,19264,321,4130,190
0,19265,321,4130,191
0,19266,321,4130,192
0,19267,321,4130,193
0,19268,321,4130,194
0,19269,321,4130,230
0,19270,321,4130,231
0,19271,321,4130,232
0,19272,321,4130,233
0,19273,321,4130,234
0,19274,321,4130,270
0,19275,321,4130,271
0,19276,321,4130,272
0,19277,321,4130,273
0,19278,321,4130,274
0,19279,321,4130,310
0,19280,321,4130,311
0,19281,321,4130,312
0,19282,321,4130,313
0,19283,321,4130,314
0,19284,2321,4130,1110
0,19285,2321,4130,1111
0,19286,2321,4130,1112
0,19287,2321,4130,1113
0,19288,2321,4130,1114
0,19289,2321,4130,1170
0,19290,2321,4130,1171
0,19291,2321,4130,1172
0,19292,2321,4130,1173
0,19293,2321,4130,1174
0,19294,319,4330,30
1,19295,319,4330,31
1,19296,319,4330,32
0,19297,319,4663,33
0,19298,319,4652,34
0,19299,319,4664,70
0,19300,319,4656,71
1,19301,319,4330,72
0,19302,319,4674,73
0,19303,319,4668,74
0,19304,319,4668,110
0,19305,319,4656,111
1,19306,319,4330,112
0,19307,319,4664,113
0,19308,319,4330,114
0,19309,319,4652,150
0,19310,319,4663,151
0,19311,319,4663,152
0,19312,319,4652,153
0,19313,319,4656,154
0,19314,319,4674,190
0,19315,319,4652,191
0,19316,319,4653,192
1,19317,319,4330,193
0,19318,319,4653,194
0,19319,319,4663,230
0,19320,319,4654,231
0,19321,319,4330,232
0,19322,319,4656,233
0,19323,319,4667,234
0,19324,319,4653,270
0,19325,319,4653,271
0,19326,319,4668,272
0,19327,319,4674,273
0,19328,319,4652,274
0,19329,319,4652,310
0,19330,319,4653,311
0,19331,319,4668,312
0,19332,319,4330,313
0,19333,319,4667,314
0,19334,2319,4658,1110
0,19335,2319,4654,1111
1,19336,2319,4330,1112
0,19337,2319,4330,1113
0,19338,2319,4663,1114
0,19339,2319,4330,1170
0,19340,2319,4658,1171
0,19341,2319,4654,1172
1,19342,2319,4330,1173
0,19343,2319,4663,1174
1,19344,316,4330,30
0,19345,316,4652,31
0,19346,316,4668,32
0,19347,316,4652,33
0,19348,316,4664,34
0,19349,316,4330,70
1,19350,316,4330,71
0,19351,316,4667,72
1,19352,316,4330,73
0,19353,316,4652,74
0,19354,316,4654,110
0,19355,316,4330,111
0,19356,316,4664,112
1,19357,316,4330,113
1,19358,316,4330,114
0,19359,316,4674,150
0,19360,316,4652,151
0,19361,316,4330,152
0,19362,316,4664,153
1,19363,316,4330,154
0,19364,316,4666,190
0,19365,316,4667,191
1,19366,316,4330,192
0,19367,316,4652,193
0,19368,316,4663,194
1,19369,316,4330,230
0,19370,316,4674,231
0,19371,316,4667,232
0,19372,316,4664,233
1,19373,316,4330,234
0,19374,316,4330,270
0,19375,316,4666,271
0,19376,316,4330,272
0,19377,316,4666,273
0,19378,316,4330,274
1,19379,316,4330,310
0,19380,316,4667,311
0,19381,316,4664,312
0,19382,316,4666,313
0,19383,316,4330,314
1,19384,2316,4330,1110
1,19385,2316,4330,1111
0,19386,2316,4666,1112
0,19387,2316,4656,1113
0,19388,2316,4667,1114
0,19389,2316,4654,1170
0,19390,2316,4656,1171
0,19391,2316,4330,1172
0,19392,2316,4663,1173
0,19393,2316,4667,1174
0,19394,711,4940,34
0,19395,711,4940,79
0,19396,711,4940,157
0,19397,711,4940,203
0,19398,711,4940,230
0,19399,711,4940,241
0,19400,711,4940,259
0,19401,711,4940,286
0,19402,711,4940,292
0,19403,2711,4940,1002
0,19404,2711,4940,1053
0,19405,2711,4940,1114
0,19406,2711,4940,1157
0,19407,2711,4940,1195
0,19408,717,4940,36
0,19409,717,4940,74
0,19410,717,4940,97
0,19411,717,4940,140
0,19412,717,4940,236
0,19413,717,4940,276
0,19414,717,4940,300
0,19415,717,4940,310
0,19416,2717,4940,1060
0,19417,2717,4940,1081
0,19418,2717,4940,1103
0,19419,2717,4940,1173
0,19420,550,4678,43
0,19421,550,4678,45
0,19422,550,4678,53
0,19423,550,4678,57
0,19424,550,4678,63
0,19425,550,4678,67
0,19426,550,4678,78
0,19427,570,4552,82
0,19428,550,4678,85
0,19429,570,4552,94
0,19430,570,4552,99
0,19431,550,4678,102
0,19432,570,4552,104
0,19433,570,4552,106
0,19434,570,4552,115
0,19435,550,4678,117
0,19436,530,4553,121
0,19437,530,4553,143
0,19438,530,4553,158
0,19439,530,4553,161
0,19440,530,4553,175
0,19441,530,4553,196
0,19442,590,4555,201
0,19443,590,4555,202
0,19444,590,4555,214
0,19445,590,4555,215
0,19446,590,4555,224
0,19447,590,4555,225
0,19448,590,4555,239
0,19449,570,4552,245
0,19450,590,4555,262
0,19451,570,4552,266
0,19452,570,4552,275
0,19453,530,4553,285
0,19454,550,4678,287
0,19455,550,4678,288
0,19456,570,4552,292
0,19457,570,4552,293
0,19458,590,4555,298
0,19459,530,4553,306
0,19460,570,4552,316
0,19461,590,4555,319
0,19462,2530,5305,1000
0,19463,2530,5305,1002
0,19464,2530,5305,1010
0,19465,2530,5300,1011
0,19466,2530,5300,1012
0,19467,2530,5305,1021
0,19468,2530,5305,1023
0,19469,2530,5300,1024
0,19470,2530,5305,1033
0,19471,2530,5300,1040
0,19472,2530,5300,1050
0,19473,2530,5300,1061
0,19474,2530,5300,1070
0,19475,2530,5305,1072
0,19476,2530,5300,1081
0,19477,2530,5300,1082
0,19478,2530,5300,1086
0,19479,2530,5300,1088
0,19480,2530,5305,1089
0,19481,2530,5300,1092
0,19482,2530,5305,1094
0,19483,2530,5305,1095
0,19484,2530,5300,1098
0,19485,2530,5300,1101
0,19486,2530,5300,1105
0,19487,2530,5305,1107
0,19488,2530,5300,1135
0,19489,2530,5305,1138
0,19490,2530,5305,1146
0,19491,2590,4555,1148
0,19492,2530,5305,1149
0,19493,2570,4552,1154
0,19494,2530,5300,1155
0,19495,2530,5300,1159
0,19496,2590,4555,1160
0,19497,2550,4678,1161
0,19498,2570,4552,1166
0,19499,2530,5305,1167
0,19500,2550,4678,1196
0,19501,2530,5305,1199
0,19502,547,4678,43
0,19503,547,4678,45
0,19504,547,4678,53
0,19505,547,4678,57
0,19506,547,4678,58
0,19507,547,4678,63
0,19508,547,4678,71
0,19509,547,4678,78
0,19510,567,4552,82
0,19511,547,4678,85
0,19512,547,4678,88
0,19513,567,4552,94
0,19514,567,4552,96
0,19515,567,4552,99
0,19516,547,4678,102
0,19517,567,4552,104
0,19518,547,4678,113
0,19519,567,4552,115
0,19520,547,4678,117
0,19521,527,4553,121
0,19522,527,4553,122
0,19523,527,4553,136
0,19524,527,4553,139
0,19525,527,4553,143
0,19526,527,4553,150
0,19527,527,4553,158
0,19528,527,4553,161
0,19529,527,4553,168
0,19530,527,4553,173
0,19531,527,4553,175
0,19532,527,4553,181
0,19533,527,4553,194
0,19534,527,4553,196
0,19535,587,4555,201
0,19536,587,4555,202
0,19537,587,4555,206
0,19538,587,4555,214
0,19539,587,4555,215
0,19540,587,4555,224
0,19541,587,4555,231
0,19542,587,4555,239
0,19543,587,4555,240
0,19544,567,4552,245
0,19545,587,4555,249
0,19546,567,4552,252
0,19547,567,4552,255
0,19548,567,4552,257
0,19549,567,4552,260
0,19550,587,4555,262
0,19551,587,4555,272
0,19552,567,4552,275
0,19553,527,4553,285
0,19554,547,4678,287
0,19555,547,4678,288
0,19556,567,4552,292
0,19557,567,4552,293
0,19558,587,4555,295
0,19559,527,4553,296
0,19560,587,4555,298
0,19561,527,4553,300
0,19562,567,4552,302
0,19563,587,4555,312
0,19564,547,4678,313
0,19565,567,4552,316
0,19566,587,4555,319
0,19567,2527,5305,1000
0,19568,2527,5305,1002
0,19569,2527,5305,1010
0,19570,2527,5300,1011
0,19571,2527,5300,1012
0,19572,2527,5305,1021
0,19573,2527,5305,1023
0,19574,2527,5300,1024
0,19575,2527,5305,1033
0,19576,2527,5300,1040
0,19577,2527,5300,1050
0,19578,2527,5300,1061
0,19579,2527,5300,1070
0,19580,2527,5305,1072
0,19581,2527,5300,1081
0,19582,2527,5300,1082
0,19583,2527,5300,1086
0,19584,2527,5300,1088
0,19585,2527,5305,1089
0,19586,2527,5300,1092
0,19587,2527,5305,1094
0,19588,2527,5305,1095
0,19589,2527,5300,1098
0,19590,2527,5300,1101
0,19591,2527,5305,1110
0,19592,2527,5300,1111
0,19593,2527,5300,1135
0,19594,2527,5305,1138
0,19595,2527,4553,1140
0,19596,2527,5305,1146
0,19597,2587,4555,1148
0,19598,2527,5305,1149
0,19599,2547,4678,1152
0,19600,2567,4552,1154
0,19601,2527,5300,1155
0,19602,2527,5300,1159
0,19603,2587,4555,1160
0,19604,2547,4678,1161
0,19605,2527,5305,1172
0,19606,2547,4678,1196
0,19607,2527,5305,1199
0,19608,543,4678,43
0,19609,543,4678,57
0,19610,543,4678,71
0,19611,543,4678,85
0,19612,543,4678,88
0,19613,563,4552,96
0,19614,543,4678,102
0,19615,543,4678,113
0,19616,523,4553,121
0,19617,523,4553,122
0,19618,523,4553,143
0,19619,523,4553,150
0,19620,523,4553,161
0,19621,523,4553,168
0,19622,523,4553,173
0,19623,523,4553,175
0,19624,523,4553,181
0,19625,523,4553,194
0,19626,583,4555,202
0,19627,583,4555,206
0,19628,583,4555,214
0,19629,583,4555,215
0,19630,583,4555,224
0,19631,583,4555,225
0,19632,583,4555,231
0,19633,563,4552,245
0,19634,563,4552,252
0,19635,563,4552,260
0,19636,583,4555,262
0,19637,563,4552,266
0,19638,583,4555,272
0,19639,523,4553,285
0,19640,543,4678,287
0,19641,563,4552,292
0,19642,563,4552,293
0,19643,583,4555,295
0,19644,583,4555,298
0,19645,523,4553,300
0,19646,563,4552,302
0,19647,583,4555,312
0,19648,2523,5305,1000
0,19649,2523,5305,1002
0,19650,2523,5300,1011
0,19651,2523,5300,1012
0,19652,2523,5305,1021
0,19653,2523,5305,1023
0,19654,2523,5305,1033
0,19655,2523,5300,1040
0,19656,2523,5300,1050
0,19657,2523,5300,1070
0,19658,2523,5305,1072
0,19659,2523,5300,1081
0,19660,2523,5300,1086
0,19661,2523,5305,1089
0,19662,2523,5300,1092
0,19663,2523,5305,1095
0,19664,2523,5300,1098
0,19665,2523,5300,1101
0,19666,2523,5300,1105
0,19667,2523,5305,1107
0,19668,2523,5305,1110
0,19669,2523,5300,1111
0,19670,2523,4553,1140
0,19671,2523,5305,1146
0,19672,2523,5305,1149
0,19673,2563,4552,1154
0,19674,2583,4555,1160
0,19675,2543,4678,1161
0,19676,2563,4552,1166
0,19677,2523,5305,1167
0,19678,2523,4553,1171
0,19679,2523,5305,1172
0,19680,541,4678,43
0,19681,541,4678,45
0,19682,541,4678,53
0,19683,541,4678,58
0,19684,541,4678,67
0,19685,541,4678,71
0,19686,541,4678,78
0,19687,561,4552,82
0,19688,561,4552,94
0,19689,561,4552,96
0,19690,561,4552,106
0,19691,541,4678,113
0,19692,561,4552,115
0,19693,541,4678,117
0,19694,521,4553,122
0,19695,521,4553,136
0,19696,521,4553,139
0,19697,521,4553,148
0,19698,521,4553,150
0,19699,521,4553,158
0,19700,521,4553,168
0,19701,521,4553,173
0,19702,521,4553,187
0,19703,521,4553,194
0,19704,521,4553,196
0,19705,581,4555,201
0,19706,581,4555,202
0,19707,581,4555,214
0,19708,581,4555,215
0,19709,581,4555,225
0,19710,581,4555,239
0,19711,581,4555,240
0,19712,581,4555,249
0,19713,561,4552,252
0,19714,561,4552,255
0,19715,561,4552,257
0,19716,561,4552,266
0,19717,561,4552,275
0,19718,541,4678,287
0,19719,541,4678,288
0,19720,561,4552,292
0,19721,581,4555,295
0,19722,521,4553,296
0,19723,581,4555,298
0,19724,521,4553,306
0,19725,541,4678,309
0,19726,541,4678,313
0,19727,561,4552,316
0,19728,581,4555,319
0,19729,2521,5305,1000
0,19730,2521,5305,1002
0,19731,2521,5305,1010
0,19732,2521,5300,1011
0,19733,2521,5300,1012
0,19734,2521,5305,1021
0,19735,2521,5305,1023
0,19736,2521,5300,1024
0,19737,2521,5305,1033
0,19738,2521,5300,1040
0,19739,2521,5300,1050
0,19740,2521,5300,1061
0,19741,2521,5300,1070
0,19742,2521,5305,1072
0,19743,2521,5300,1081
0,19744,2521,5300,1082
0,19745,2521,5300,1086
0,19746,2521,5300,1088
0,19747,2521,5305,1089
0,19748,2521,5300,1092
0,19749,2521,5305,1094
0,19750,2521,5305,1095
0,19751,2521,5300,1098
0,19752,2521,5300,1105
0,19753,2521,5305,1107
0,19754,2521,5305,1110
0,19755,2521,5300,1111
0,19756,2521,5300,1135
0,19757,2521,5305,1138
0,19758,2521,4553,1140
0,19759,2521,5305,1146
0,19760,2581,4555,1148
0,19761,2521,5305,1149
0,19762,2541,4678,1152
0,19763,2561,4552,1154
0,19764,2521,5300,1155
0,19765,2521,5300,1159
0,19766,2561,4552,1166
0,19767,2521,5305,1167
0,19768,2521,4553,1171
0,19769,2521,5305,1172
0,19770,2541,4678,1196
0,19771,2521,5305,1199
0,19772,544,4678,43
0,19773,544,4678,53
0,19774,544,4678,58
0,19775,544,4678,67
0,19776,544,4678,71
0,19777,564,4552,82
0,19778,544,4678,88
0,19779,564,4552,96
0,19780,544,4678,102
0,19781,544,4678,113
0,19782,524,4553,121
0,19783,524,4553,139
0,19784,524,4553,143
0,19785,524,4553,148
0,19786,524,4553,168
0,19787,524,4553,173
0,19788,524,4553,181
0,19789,524,4553,187
0,19790,584,4555,201
0,19791,584,4555,202
0,19792,584,4555,206
0,19793,584,4555,214
0,19794,584,4555,215
0,19795,584,4555,224
0,19796,584,4555,225
0,19797,584,4555,249
0,19798,564,4552,257
0,19799,564,4552,260
0,19800,564,4552,266
0,19801,584,4555,272
0,19802,544,4678,287
0,19803,544,4678,288
0,19804,524,4553,296
0,19805,584,4555,298
0,19806,524,4553,300
0,19807,524,4553,306
0,19808,544,4678,309
0,19809,544,4678,313
0,19810,2524,5305,1000
0,19811,2524,5305,1002
0,19812,2524,5305,1010
0,19813,2524,5300,1011
0,19814,2524,5300,1012
0,19815,2524,5305,1021
0,19816,2524,5305,1023
0,19817,2524,5300,1024
0,19818,2524,5305,1033
0,19819,2524,5300,1040
0,19820,2524,5300,1050
0,19821,2524,5300,1061
0,19822,2524,5300,1070
0,19823,2524,5305,1072
0,19824,2524,5300,1081
0,19825,2524,5300,1082
0,19826,2524,5300,1086
0,19827,2524,5300,1088
0,19828,2524,5305,1089
0,19829,2524,5300,1092
0,19830,2524,5305,1094
0,19831,2524,5305,1095
0,19832,2524,5300,1098
0,19833,2524,5300,1101
0,19834,2524,5300,1105
0,19835,2524,5305,1107
0,19836,2524,5305,1110
0,19837,2524,5300,1111
0,19838,2524,4553,1140
0,19839,2524,5305,1146
0,19840,2524,5305,1149
0,19841,2544,4678,1152
0,19842,2524,5300,1155
0,19843,2524,5300,1159
0,19844,2584,4555,1160
0,19845,2564,4552,1166
0,19846,2524,5305,1167
0,19847,2524,4553,1171
0,19848,2524,5305,1172
0,19849,548,4678,43
0,19850,548,4678,45
0,19851,548,4678,53
0,19852,548,4678,57
0,19853,548,4678,58
0,19854,548,4678,63
0,19855,548,4678,67
0,19856,548,4678,71
0,19857,548,4678,78
0,19858,568,4552,82
0,19859,548,4678,85
0,19860,548,4678,88
0,19861,568,4552,94
0,19862,568,4552,96
0,19863,568,4552,99
0,19864,548,4678,102
0,19865,568,4552,104
0,19866,568,4552,106
0,19867,548,4678,113
0,19868,568,4552,115
0,19869,548,4678,117
0,19870,528,4553,121
0,19871,528,4553,122
0,19872,528,4553,136
0,19873,528,4553,139
0,19874,528,4553,143
0,19875,528,4553,148
0,19876,528,4553,150
0,19877,528,4553,158
0,19878,528,4553,161
0,19879,528,4553,168
0,19880,528,4553,173
0,19881,528,4553,175
0,19882,528,4553,181
0,19883,528,4553,187
0,19884,528,4553,194
0,19885,528,4553,196
0,19886,588,4555,201
0,19887,588,4555,202
0,19888,588,4555,206
0,19889,588,4555,214
0,19890,588,4555,215
0,19891,588,4555,224
0,19892,588,4555,225
0,19893,588,4555,231
0,19894,588,4555,239
0,19895,588,4555,240
0,19896,568,4552,245
0,19897,588,4555,249
0,19898,568,4552,252
0,19899,568,4552,255
0,19900,568,4552,257
0,19901,568,4552,260
0,19902,588,4555,262
0,19903,568,4552,266
0,19904,588,4555,272
0,19905,568,4552,275
0,19906,528,4553,285
0,19907,548,4678,287
0,19908,548,4678,288
0,19909,568,4552,292
0,19910,568,4552,293
0,19911,588,4555,295
0,19912,528,4553,296
0,19913,588,4555,298
0,19914,528,4553,300
0,19915,568,4552,302
0,19916,528,4553,306
0,19917,548,4678,309
0,19918,588,4555,312
0,19919,548,4678,313
0,19920,568,4552,316
0,19921,588,4555,319
0,19922,2528,5305,1000
0,19923,2528,5305,1002
0,19924,2528,5305,1010
0,19925,2528,5300,1011
0,19926,2528,5300,1012
0,19927,2528,5305,1021
0,19928,2528,5305,1023
0,19929,2528,5300,1024
0,19930,2528,5305,1033
0,19931,2528,5300,1040
0,19932,2528,5300,1050
0,19933,2528,5300,1061
0,19934,2528,5300,1070
0,19935,2528,5305,1072
0,19936,2528,5300,1081
0,19937,2528,5300,1082
0,19938,2528,5300,1086
0,19939,2528,5300,1088
0,19940,2528,5305,1089
0,19941,2528,5300,1092
0,19942,2528,5305,1094
0,19943,2528,5305,1095
0,19944,2528,5300,1098
0,19945,2528,5300,1101
0,19946,2528,5300,1105
0,19947,2528,5305,1107
0,19948,2528,5305,1110
0,19949,2528,5300,1111
0,19950,2528,5300,1135
0,19951,2528,5305,1138
0,19952,2528,4553,1140
0,19953,2528,5305,1146
0,19954,2588,4555,1148
0,19955,2528,5305,1149
0,19956,2548,4678,1152
0,19957,2568,4552,1154
0,19958,2528,5300,1155
0,19959,2528,5300,1159
0,19960,2588,4555,1160
0,19961,2548,4678,1161
0,19962,2568,4552,1166
0,19963,2528,5305,1167
0,19964,2528,4553,1171
0,19965,2528,5305,1172
0,19966,2548,4678,1196
0,19967,2528,5305,1199
0,19968,546,4678,43
0,19969,546,4678,45
0,19970,546,4678,58
0,19971,546,4678,63
0,19972,555,4678,78
0,19973,566,4552,82
0,19974,546,4678,85
0,19975,546,4678,88
0,19976,566,4552,94
0,19977,566,4552,99
0,19978,566,4552,104
0,19979,566,4552,106
0,19980,576,4552,115
0,19981,555,4678,117
0,19982,526,4553,121
0,19983,526,4553,122
0,19984,526,4553,136
0,19985,526,4553,139
0,19986,526,4553,143
0,19987,526,4553,148
0,19988,535,4553,158
0,19989,526,4553,161
0,19990,526,4553,168
0,19991,526,4553,173
0,19992,526,4553,175
0,19993,526,4553,187
0,19994,535,4553,196
0,19995,586,4555,206
0,19996,586,4555,215
0,19997,586,4555,224
0,19998,595,4555,239
0,19999,586,4555,240
0,20000,566,4552,245
0,20001,566,4552,252
0,20002,566,4552,255
0,20003,566,4552,260
0,20004,576,4552,275
0,20005,546,4678,288
0,20006,566,4552,293
0,20007,586,4555,295
0,20008,526,4553,296
0,20009,586,4555,298
0,20010,566,4552,302
0,20011,546,4678,309
0,20012,576,4552,316
0,20013,595,4555,319
0,20014,2526,5305,1000
0,20015,2526,5305,1002
0,20016,2526,5305,1010
0,20017,2526,5300,1011
0,20018,2526,5300,1012
0,20019,2526,5300,1024
0,20020,2526,5300,1050
0,20021,2526,5300,1061
0,20022,2526,5305,1072
0,20023,2526,5300,1081
0,20024,2526,5300,1082
0,20025,2526,5300,1086
0,20026,2526,5300,1088
0,20027,2526,5305,1089
0,20028,2526,5300,1092
0,20029,2526,5305,1094
0,20030,2526,5300,1098
0,20031,2526,5300,1101
0,20032,2526,5300,1105
0,20033,2526,5305,1107
0,20034,2535,5300,1135
0,20035,2535,5305,1138
0,20036,2526,4553,1140
0,20037,2526,5305,1146
0,20038,2526,5300,1155
0,20039,2526,5300,1159
0,20040,2586,4555,1160
0,20041,2546,4678,1161
0,20042,2526,5305,1167
0,20043,2555,4678,1196
0,20044,2535,5305,1199
0,20045,549,4678,43
0,20046,549,4678,53
0,20047,549,4678,57
0,20048,549,4678,58
0,20049,549,4678,63
0,20050,549,4678,67
0,20051,549,4678,78
0,20052,549,4678,85
0,20053,549,4678,88
0,20054,569,4552,96
0,20055,569,4552,99
0,20056,549,4678,102
0,20057,569,4552,104
0,20058,569,4552,106
0,20059,569,4552,115
0,20060,549,4678,117
0,20061,529,4553,121
0,20062,529,4553,122
0,20063,529,4553,136
0,20064,529,4553,139
0,20065,529,4553,143
0,20066,529,4553,148
0,20067,529,4553,158
0,20068,529,4553,161
0,20069,529,4553,168
0,20070,529,4553,173
0,20071,529,4553,175
0,20072,529,4553,181
0,20073,529,4553,187
0,20074,529,4553,196
0,20075,589,4555,201
0,20076,589,4555,206
0,20077,589,4555,214
0,20078,589,4555,239
0,20079,589,4555,240
0,20080,569,4552,245
0,20081,589,4555,249
0,20082,569,4552,252
0,20083,569,4552,255
0,20084,569,4552,257
0,20085,569,4552,260
0,20086,589,4555,262
0,20087,569,4552,275
0,20088,529,4553,285
0,20089,549,4678,287
0,20090,549,4678,288
0,20091,569,4552,292
0,20092,569,4552,293
0,20093,589,4555,295
0,20094,529,4553,296
0,20095,589,4555,298
0,20096,529,4553,300
0,20097,569,4552,302
0,20098,529,4553,306
0,20099,549,4678,309
0,20100,569,4552,316
0,20101,589,4555,319
0,20102,2529,5305,1000
0,20103,2529,5305,1002
0,20104,2529,5305,1010
0,20105,2529,5300,1011
0,20106,2529,5300,1012
0,20107,2529,5305,1021
0,20108,2529,5305,1023
0,20109,2529,5300,1024
0,20110,2529,5305,1033
0,20111,2529,5300,1040
0,20112,2529,5300,1050
0,20113,2529,5300,1061
0,20114,2529,5300,1070
0,20115,2529,5305,1072
0,20116,2529,5300,1081
0,20117,2529,5300,1082
0,20118,2529,5300,1086
0,20119,2529,5300,1088
0,20120,2529,5305,1089
0,20121,2529,5300,1092
0,20122,2529,5305,1094
0,20123,2529,5305,1095
0,20124,2529,5300,1098
0,20125,2529,5300,1101
0,20126,2529,5300,1105
0,20127,2529,5305,1107
0,20128,2529,5300,1135
0,20129,2529,5305,1138
0,20130,2529,4553,1140
0,20131,2529,5305,1146
0,20132,2589,4555,1148
0,20133,2529,5305,1149
0,20134,2549,4678,1152
0,20135,2569,4552,1154
0,20136,2529,5300,1155
0,20137,2529,5300,1159
0,20138,2589,4555,1160
0,20139,2549,4678,1161
0,20140,2569,4552,1166
0,20141,2529,5305,1167
0,20142,2549,4678,1196
0,20143,2529,5305,1199
0,20144,542,4678,45
0,20145,542,4678,53
0,20146,542,4678,57
0,20147,542,4678,58
0,20148,542,4678,63
0,20149,542,4678,67
0,20150,562,4552,82
0,20151,542,4678,85
0,20152,562,4552,94
0,20153,562,4552,96
0,20154,562,4552,99
0,20155,542,4678,102
0,20156,562,4552,104
0,20157,562,4552,106
0,20158,542,4678,113
0,20159,522,4553,136
0,20160,522,4553,148
0,20161,522,4553,150
0,20162,522,4553,161
0,20163,522,4553,175
0,20164,522,4553,181
0,20165,522,4553,187
0,20166,522,4553,194
0,20167,582,4555,201
0,20168,582,4555,206
0,20169,582,4555,224
0,20170,582,4555,225
0,20171,582,4555,231
0,20172,582,4555,240
0,20173,582,4555,249
0,20174,562,4552,252
0,20175,562,4552,255
0,20176,562,4552,257
0,20177,562,4552,260
0,20178,582,4555,262
0,20179,562,4552,266
0,20180,582,4555,272
0,20181,522,4553,285
0,20182,542,4678,287
0,20183,562,4552,292
0,20184,582,4555,295
0,20185,522,4553,296
0,20186,522,4553,300
0,20187,562,4552,302
0,20188,522,4553,306
0,20189,542,4678,309
0,20190,582,4555,312
0,20191,542,4678,313
0,20192,2522,5305,1002
0,20193,2522,5305,1010
0,20194,2522,5305,1021
0,20195,2522,5305,1023
0,20196,2522,5300,1024
0,20197,2522,5305,1033
0,20198,2522,5300,1040
0,20199,2522,5300,1061
0,20200,2522,5300,1070
0,20201,2522,5305,1072
0,20202,2522,5300,1082
0,20203,2522,5300,1086
0,20204,2522,5300,1088
0,20205,2522,5305,1089
0,20206,2522,5300,1092
0,20207,2522,5305,1094
0,20208,2522,5305,1095
0,20209,2522,5300,1101
0,20210,2522,5300,1105
0,20211,2522,5305,1107
0,20212,2522,5305,1110
0,20213,2522,5300,1111
0,20214,2522,5305,1146
0,20215,2582,4555,1148
0,20216,2522,5305,1149
0,20217,2542,4678,1152
0,20218,2562,4552,1154
0,20219,2522,5300,1155
0,20220,2522,5300,1159
0,20221,2582,4555,1160
0,20222,2542,4678,1161
0,20223,2562,4552,1166
0,20224,2522,5305,1167
0,20225,2522,4553,1171
0,20226,2522,5305,1172
0,20227,545,4678,45
0,20228,545,4678,57
0,20229,545,4678,78
0,20230,545,4678,85
0,20231,545,4678,88
0,20232,565,4552,94
0,20233,565,4552,99
0,20234,565,4552,115
0,20235,545,4678,117
0,20236,525,4553,121
0,20237,525,4553,122
0,20238,525,4553,136
0,20239,525,4553,139
0,20240,525,4553,150
0,20241,525,4553,158
0,20242,525,4553,161
0,20243,525,4553,173
0,20244,525,4553,175
0,20245,525,4553,194
0,20246,525,4553,196
0,20247,585,4555,202
0,20248,585,4555,206
0,20249,585,4555,231
0,20250,585,4555,239
0,20251,585,4555,240
0,20252,565,4552,245
0,20253,585,4555,249
0,20254,565,4552,255
0,20255,565,4552,257
0,20256,585,4555,272
0,20257,565,4552,275
0,20258,525,4553,285
0,20259,565,4552,292
0,20260,565,4552,293
0,20261,585,4555,312
0,20262,565,4552,316
0,20263,585,4555,319
0,20264,2525,5305,1000
0,20265,2525,5305,1002
0,20266,2525,5305,1010
0,20267,2525,5300,1011
0,20268,2525,5300,1012
0,20269,2525,5305,1021
0,20270,2525,5305,1023
0,20271,2525,5300,1024
0,20272,2525,5305,1033
0,20273,2525,5300,1040
0,20274,2525,5300,1050
0,20275,2525,5300,1061
0,20276,2525,5300,1070
0,20277,2525,5305,1072
0,20278,2525,5300,1081
0,20279,2525,5300,1082
0,20280,2525,5300,1086
0,20281,2525,5300,1088
0,20282,2525,5305,1089
0,20283,2525,5300,1092
0,20284,2525,5305,1094
0,20285,2525,5305,1095
0,20286,2525,5300,1098
0,20287,2525,5305,1110
0,20288,2525,5300,1111
0,20289,2525,5300,1135
0,20290,2525,5305,1138
0,20291,2525,4553,1140
0,20292,2525,5305,1146
0,20293,2585,4555,1148
0,20294,2525,5305,1149
0,20295,2545,4678,1152
0,20296,2565,4552,1154
0,20297,2525,5300,1155
0,20298,2525,5300,1159
0,20299,2525,4553,1171
0,20300,2525,5305,1172
0,20301,2545,4678,1196
0,20302,2525,5305,1199
0,20303,540,4678,45
0,20304,540,4678,53
0,20305,540,4678,57
0,20306,540,4678,58
0,20307,540,4678,63
0,20308,540,4678,67
0,20309,540,4678,71
0,20310,560,4552,82
0,20311,540,4678,88
0,20312,560,4552,94
0,20313,560,4552,96
0,20314,560,4552,99
0,20315,540,4678,102
0,20316,560,4552,104
0,20317,560,4552,106
0,20318,520,4553,122
0,20319,520,4553,136
0,20320,520,4553,139
0,20321,520,4553,148
0,20322,520,4553,150
0,20323,520,4553,168
0,20324,520,4553,181
0,20325,520,4553,187
0,20326,520,4553,194
0,20327,580,4555,201
0,20328,580,4555,202
0,20329,580,4555,214
0,20330,580,4555,215
0,20331,580,4555,224
0,20332,580,4555,225
0,20333,580,4555,231
0,20334,580,4555,240
0,20335,560,4552,245
0,20336,580,4555,249
0,20337,560,4552,252
0,20338,560,4552,255
0,20339,560,4552,257
0,20340,580,4555,262
0,20341,560,4552,266
0,20342,520,4553,285
0,20343,540,4678,288
0,20344,560,4552,293
0,20345,580,4555,295
0,20346,520,4553,296
0,20347,520,4553,300
0,20348,560,4552,302
0,20349,520,4553,306
0,20350,540,4678,309
0,20351,580,4555,312
0,20352,540,4678,313
0,20353,2520,5305,1000
0,20354,2520,5305,1010
0,20355,2520,5300,1011
0,20356,2520,5300,1012
0,20357,2520,5305,1021
0,20358,2520,5305,1023
0,20359,2520,5300,1024
0,20360,2520,5305,1033
0,20361,2520,5300,1040
0,20362,2520,5300,1050
0,20363,2520,5300,1061
0,20364,2520,5300,1070
0,20365,2520,5300,1081
0,20366,2520,5300,1082
0,20367,2520,5300,1088
0,20368,2520,5305,1094
0,20369,2520,5305,1095
0,20370,2520,5300,1098
0,20371,2520,5300,1101
0,20372,2520,5300,1105
0,20373,2520,5305,1107
0,20374,2520,5305,1110
0,20375,2520,5300,1111
0,20376,2580,4555,1148
0,20377,2520,5305,1149
0,20378,2540,4678,1152
0,20379,2520,5300,1155
0,20380,2520,5300,1159
0,20381,2520,5305,1167
0,20382,2520,5305,1172
0,20383,716,4940,56
0,20384,716,4940,204
0,20385,716,4940,264
0,20386,716,4940,306
0,20387,2716,4940,1080
0,20388,2716,4940,1098
0,20389,2716,4940,1100
0,20390,2716,4940,1169
0,20391,553,4678,63
0,20392,573,4552,104
0,20393,533,4553,143
0,20394,533,4553,181
0,20395,573,4552,260
0,20396,593,4555,262
0,20397,533,4553,300
0,20398,573,4552,302
0,20399,2533,5300,1101
0,20400,2553,4678,1161
0,20401,554,4678,67
0,20402,574,4552,106
0,20403,534,4553,148
0,20404,534,4553,187
0,20405,594,4555,225
0,20406,574,4552,266
0,20407,534,4553,306
0,20408,554,4678,309
0,20409,2534,5300,1105
0,20410,2534,5305,1107
0,20411,2574,4552,1166
0,20412,2534,5305,1167
0,20413,551,4678,71
0,20414,551,4678,113
0,20415,591,4555,231
0,20416,591,4555,272
0,20417,591,4555,312
0,20418,551,4678,313
0,20419,2531,5305,1110
0,20420,2531,5300,1111
0,20421,2531,4553,1171
0,20422,2531,5305,1172
0,20423,552,4678,71
0,20424,552,4678,113
0,20425,532,4553,150
0,20426,532,4553,194
0,20427,592,4555,231
0,20428,592,4555,272
0,20429,592,4555,312
0,20430,552,4678,313
0,20431,2532,5305,1110
0,20432,2532,5300,1111
0,20433,2532,4553,1171
0,20434,2532,5305,1172
0,20435,556,4678,78
0,20436,556,4678,117
0,20437,2556,4678,1196
0,20438,710,4940,94
0,20439,710,4940,102
0,20440,710,4940,105
0,20441,710,4940,145
0,20442,710,4940,152
0,20443,710,4940,200
0,20444,710,4940,229
0,20445,710,4940,248
0,20446,710,4940,273
0,20447,710,4940,297
0,20448,2710,4940,1092
0,20449,2710,4940,1099
0,20450,2710,4940,1102
0,20451,2710,4940,1111
0,20452,577,4552,115
0,20453,536,4553,158
0,20454,536,4553,196
0,20455,596,4555,239
0,20456,577,4552,275
0,20457,577,4552,316
0,20458,596,4555,319
0,20459,2536,5300,1135
0,20460,2536,5305,1138
0,20461,2536,5305,1199
0,20462,2714,4940,1001
0,20463,2714,4940,1085
0,20464,2714,4940,1087
0,20465,2714,4940,1108
0,20466,2714,4940,1135
0,20467,2714,4940,1138
0,20468,2714,4940,1152
0,20469,2714,4940,1154
0,20470,1107,5242,1005
0,20471,1107,5240,1006
0,20472,1107,5240,1007
0,20473,1107,5242,1008
0,20474,1107,5242,1009
0,20475,1107,5242,1015
0,20476,1107,5240,1016
0,20477,1107,5240,1017
0,20478,1107,5242,1018
0,20479,1107,5240,1019
0,20480,1107,5240,1025
0,20481,1107,5242,1026
0,20482,1107,5242,1027
0,20483,1107,5240,1028
0,20484,1107,5242,1029
0,20485,1107,5242,1035
0,20486,1107,5242,1036
0,20487,1107,5242,1037
0,20488,1107,5240,1038
0,20489,1107,5240,1039
0,20490,1107,5242,1045
0,20491,1107,5242,1046
0,20492,1107,5240,1047
0,20493,1107,5242,1048
0,20494,1107,5242,1049
0,20495,1107,5240,1055
0,20496,1107,5240,1056
0,20497,1107,5240,1057
0,20498,1107,5242,1058
0,20499,1107,5240,1059
0,20500,1107,5242,1065
0,20501,1107,5240,1066
0,20502,1107,5242,1067
0,20503,1107,5242,1068
0,20504,1107,5242,1069
0,20505,1107,5242,1075
0,20506,1107,5242,1076
0,20507,1107,5240,1077
0,20508,1107,5240,1078
0,20509,1107,5242,1079
0,20510,1107,5240,1115
0,20511,1107,5242,1116
0,20512,1107,5242,1117
0,20513,1107,5240,1118
0,20514,1107,5240,1119
0,20515,1107,5240,1120
0,20516,1107,5240,1121
0,20517,1107,5242,1122
0,20518,1107,5240,1123
0,20519,1107,5240,1124
0,20520,1107,5240,1125
0,20521,1107,5240,1126
0,20522,1107,5240,1127
0,20523,1107,5242,1128
0,20524,1107,5242,1129
0,20525,1107,5242,1130
0,20526,1107,5242,1131
0,20527,1107,5240,1132
0,20528,1107,5240,1133
0,20529,1107,5242,1134
0,20530,1107,5242,1175
0,20531,1107,5240,1176
0,20532,1107,5242,1177
0,20533,1107,5242,1178
0,20534,1107,5242,1179
0,20535,1107,5240,1180
0,20536,1107,5240,1181
0,20537,1107,5242,1182
0,20538,1107,5240,1183
0,20539,1107,5242,1184
0,20540,1107,5240,1185
0,20541,1107,5242,1186
0,20542,1107,5242,1187
0,20543,1107,5240,1188
0,20544,1107,5240,1189
0,20545,1107,5240,1190
0,20546,1107,5242,1191
0,20547,1107,5240,1192
0,20548,1107,5240,1193
0,20549,1107,5240,1194
0,20550,1110,5257,1005
0,20551,1110,5257,1006
0,20552,1110,5257,1007
0,20553,1110,5257,1008
0,20554,1110,5255,1009
0,20555,1110,5257,1015
0,20556,1110,5257,1016
0,20557,1110,5257,1017
0,20558,1110,5255,1018
0,20559,1110,5257,1019
0,20560,1110,5255,1025
0,20561,1110,5257,1026
0,20562,1110,5257,1027
0,20563,1110,5257,1028
0,20564,1110,5255,1029
0,20565,1110,5255,1035
0,20566,1110,5257,1036
0,20567,1110,5255,1037
0,20568,1110,5255,1038
0,20569,1110,5257,1039
0,20570,1110,5255,1045
0,20571,1110,5255,1046
0,20572,1110,5257,1047
0,20573,1110,5257,1048
0,20574,1110,5255,1049
0,20575,1110,5257,1055
0,20576,1110,5257,1056
0,20577,1110,5257,1057
0,20578,1110,5255,1058
0,20579,1110,5255,1059
0,20580,1110,5255,1065
0,20581,1110,5255,1066
0,20582,1110,5255,1067
0,20583,1110,5255,1068
0,20584,1110,5255,1069
0,20585,1110,5255,1075
0,20586,1110,5257,1076
0,20587,1110,5257,1077
0,20588,1110,5255,1078
0,20589,1110,5255,1079
0,20590,1110,5257,1115
0,20591,1110,5257,1116
0,20592,1110,5257,1117
0,20593,1110,5257,1118
0,20594,1110,5255,1119
0,20595,1110,5257,1120
0,20596,1110,5255,1121
0,20597,1110,5257,1122
0,20598,1110,5257,1123
0,20599,1110,5257,1124
0,20600,1110,5257,1125
0,20601,1110,5255,1126
0,20602,1110,5257,1127
0,20603,1110,5257,1128
0,20604,1110,5257,1129
0,20605,1110,5257,1130
0,20606,1110,5257,1131
0,20607,1110,5257,1132
0,20608,1110,5257,1133
0,20609,1110,5257,1134
0,20610,1110,5257,1175
0,20611,1110,5255,1176
0,20612,1110,5257,1177
0,20613,1110,5255,1178
0,20614,1110,5257,1179
0,20615,1110,5255,1180
0,20616,1110,5255,1181
0,20617,1110,5257,1182
0,20618,1110,5255,1183
0,20619,1110,5255,1184
0,20620,1110,5255,1185
0,20621,1110,5257,1186
0,20622,1110,5255,1187
0,20623,1110,5257,1188
0,20624,1110,5255,1189
0,20625,1110,5255,1190
0,20626,1110,5255,1191
0,20627,1110,5257,1192
0,20628,1110,5255,1193
0,20629,1110,5255,1194
0,20630,1108,5246,1005
0,20631,1108,5246,1006
0,20632,1108,5246,1007
0,20633,1108,5245,1008
0,20634,1108,5246,1009
0,20635,1108,5246,1015
0,20636,1108,5245,1016
0,20637,1108,5245,1017
0,20638,1108,5246,1018
0,20639,1108,5246,1019
0,20640,1108,5246,1025
0,20641,1108,5246,1026
0,20642,1108,5245,1027
0,20643,1108,5245,1028
0,20644,1108,5245,1029
0,20645,1108,5246,1035
0,20646,1108,5245,1036
0,20647,1108,5246,1037
0,20648,1108,5246,1038
0,20649,1108,5246,1039
0,20650,1108,5245,1045
0,20651,1108,5245,1046
0,20652,1108,5246,1047
0,20653,1108,5246,1048
0,20654,1108,5245,1049
0,20655,1108,5245,1055
0,20656,1108,5246,1056
0,20657,1108,5246,1057
0,20658,1108,5245,1058
0,20659,1108,5246,1059
0,20660,1108,5245,1065
0,20661,1108,5246,1066
0,20662,1108,5246,1067
0,20663,1108,5246,1068
0,20664,1108,5246,1069
0,20665,1108,5246,1075
0,20666,1108,5245,1076
0,20667,1108,5246,1077
0,20668,1108,5245,1078
0,20669,1108,5245,1079
0,20670,1108,5246,1115
0,20671,1108,5245,1116
0,20672,1108,5246,1117
0,20673,1108,5246,1118
0,20674,1108,5246,1119
0,20675,1108,5245,1120
0,20676,1108,5246,1121
0,20677,1108,5246,1122
0,20678,1108,5246,1123
0,20679,1108,5246,1124
0,20680,1108,5245,1125
0,20681,1108,5245,1126
0,20682,1108,5245,1127
0,20683,1108,5246,1128
0,20684,1108,5245,1129
0,20685,1108,5245,1130
0,20686,1108,5246,1131
0,20687,1108,5246,1132
0,20688,1108,5245,1133
0,20689,1108,5246,1134
0,20690,1108,5245,1175
0,20691,1108,5245,1176
0,20692,1108,5246,1177
0,20693,1108,5245,1178
0,20694,1108,5246,1179
0,20695,1108,5245,1180
0,20696,1108,5245,1181
0,20697,1108,5246,1182
0,20698,1108,5246,1183
0,20699,1108,5245,1184
0,20700,1108,5246,1185
0,20701,1108,5246,1186
0,20702,1108,5245,1187
0,20703,1108,5246,1188
0,20704,1108,5246,1189
0,20705,1108,5246,1190
0,20706,1108,5246,1191
0,20707,1108,5246,1192
0,20708,1108,5246,1193
0,20709,1108,5245,1194
0,20710,1109,5252,1005
0,20711,1109,5252,1006
0,20712,1109,5252,1007
0,20713,1109,5252,1008
0,20714,1109,5252,1009
0,20715,1109,5252,1015
0,20716,1109,5252,1016
0,20717,1109,5252,1017
0,20718,1109,5252,1018
0,20719,1109,5252,1019
0,20720,1109,5252,1025
0,20721,1109,5250,1026
0,20722,1109,5250,1027
0,20723,1109,5250,1028
0,20724,1109,5250,1029
0,20725,1109,5252,1035
0,20726,1109,5250,1036
0,20727,1109,5252,1037
0,20728,1109,5250,1038
0,20729,1109,5252,1039
0,20730,1109,5252,1045
0,20731,1109,5250,1046
0,20732,1109,5250,1047
0,20733,1109,5250,1048
0,20734,1109,5252,1049
0,20735,1109,5252,1055
0,20736,1109,5252,1056
0,20737,1109,5250,1057
0,20738,1109,5252,1058
0,20739,1109,5252,1059
0,20740,1109,5252,1065
0,20741,1109,5250,1066
0,20742,1109,5252,1067
0,20743,1109,5252,1068
0,20744,1109,5250,1069
0,20745,1109,5252,1075
0,20746,1109,5250,1076
0,20747,1109,5250,1077
0,20748,1109,5250,1078
0,20749,1109,5250,1079
0,20750,1109,5252,1115
0,20751,1109,5250,1116
0,20752,1109,5250,1117
0,20753,1109,5250,1118
0,20754,1109,5252,1119
0,20755,1109,5250,1120
0,20756,1109,5250,1121
0,20757,1109,5252,1122
0,20758,1109,5252,1123
0,20759,1109,5252,1124
0,20760,1109,5252,1125
0,20761,1109,5252,1126
0,20762,1109,5250,1127
0,20763,1109,5252,1128
0,20764,1109,5252,1129
0,20765,1109,5250,1130
0,20766,1109,5252,1131
0,20767,1109,5250,1132
0,20768,1109,5252,1133
0,20769,1109,5252,1134
0,20770,1109,5252,1175
0,20771,1109,5252,1176
0,20772,1109,5252,1177
0,20773,1109,5252,1178
0,20774,1109,5252,1179
0,20775,1109,5252,1180
0,20776,1109,5252,1181
0,20777,1109,5252,1182
0,20778,1109,5252,1183
0,20779,1109,5250,1184
0,20780,1109,5250,1185
0,20781,1109,5250,1186
0,20782,1109,5252,1187
0,20783,1109,5250,1188
0,20784,1109,5252,1189
0,20785,1109,5252,1190
0,20786,1109,5252,1191
0,20787,1109,5250,1192
0,20788,1109,5252,1193
0,20789,1109,5252,1194
0,20790,1141,5359,1005
0,20791,1141,5358,1006
0,20792,1141,5358,1007
0,20793,1141,5359,1008
0,20794,1141,5359,1009
0,20795,1141,5358,1015
0,20796,1141,5359,1016
0,20797,1141,5359,1017
0,20798,1141,5358,1018
0,20799,1141,5358,1019
0,20800,1141,5359,1025
0,20801,1141,5359,1026
0,20802,1141,5358,1027
0,20803,1141,5359,1028
0,20804,1141,5358,1029
0,20805,1141,5359,1035
0,20806,1141,5358,1036
0,20807,1141,5359,1037
0,20808,1141,5358,1038
0,20809,1141,5358,1039
0,20810,1141,5359,1045
0,20811,1141,5358,1046
0,20812,1141,5358,1047
0,20813,1141,5359,1048
0,20814,1141,5359,1049
0,20815,1141,5359,1055
0,20816,1141,5359,1056
0,20817,1141,5358,1057
0,20818,1141,5358,1058
0,20819,1141,5358,1059
0,20820,1141,5359,1065
0,20821,1141,5359,1066
0,20822,1141,5359,1067
0,20823,1141,5358,1068
0,20824,1141,5358,1069
0,20825,1141,5358,1075
0,20826,1141,5358,1076
0,20827,1141,5359,1077
0,20828,1141,5358,1078
0,20829,1141,5359,1079
0,20830,1141,5358,1115
0,20831,1141,5359,1116
0,20832,1141,5358,1117
0,20833,1141,5359,1118
0,20834,1141,5359,1119
0,20835,1141,5359,1120
0,20836,1141,5359,1121
0,20837,1141,5358,1122
0,20838,1141,5359,1123
0,20839,1141,5359,1124
0,20840,1141,5359,1125
0,20841,1141,5359,1126
0,20842,1141,5358,1127
0,20843,1141,5358,1128
0,20844,1141,5358,1129
0,20845,1141,5358,1130
0,20846,1141,5358,1131
0,20847,1141,5358,1132
0,20848,1141,5359,1133
0,20849,1141,5358,1134
0,20850,1141,5359,1175
0,20851,1141,5359,1176
0,20852,1141,5358,1177
0,20853,1141,5358,1178
0,20854,1141,5359,1179
0,20855,1141,5358,1180
0,20856,1141,5358,1181
0,20857,1141,5359,1182
0,20858,1141,5358,1183
0,20859,1141,5358,1184
0,20860,1141,5358,1185
0,20861,1141,5358,1186
0,20862,1141,5358,1187
0,20863,1141,5359,1188
0,20864,1141,5359,1189
0,20865,1141,5359,1190
0,20866,1141,5358,1191
0,20867,1141,5359,1192
0,20868,1141,5359,1193
0,20869,1141,5359,1194
0,20870,1142,5357,1005
0,20871,1145,5361,1005
0,20872,1148,5355,1005
0,20873,1142,5354,1006
0,20874,1145,5360,1006
0,20875,1148,5356,1006
0,20876,1142,5354,1007
0,20877,1145,5361,1007
0,20878,1148,5356,1007
0,20879,1142,5357,1008
0,20880,1145,5360,1008
0,20881,1148,5355,1008
0,20882,1142,5357,1009
0,20883,1145,5361,1009
0,20884,1148,5356,1009
0,20885,1142,5354,1015
0,20886,1145,5360,1015
0,20887,1148,5356,1015
0,20888,1142,5357,1016
0,20889,1145,5360,1016
0,20890,1148,5355,1016
0,20891,1142,5357,1017
0,20892,1145,5361,1017
0,20893,1148,5355,1017
0,20894,1142,5354,1018
0,20895,1145,5360,1018
0,20896,1148,5355,1018
0,20897,1142,5354,1019
0,20898,1145,5361,1019
0,20899,1148,5356,1019
0,20900,1142,5357,1025
0,20901,1145,5361,1025
0,20902,1148,5355,1025
0,20903,1142,5357,1026
0,20904,1145,5360,1026
0,20905,1148,5355,1026
0,20906,1142,5354,1027
0,20907,1145,5361,1027
0,20908,1148,5356,1027
0,20909,1142,5357,1028
0,20910,1145,5361,1028
0,20911,1148,5356,1028
0,20912,1142,5354,1029
0,20913,1145,5360,1029
0,20914,1148,5356,1029
0,20915,1142,5357,1035
0,20916,1145,5361,1035
0,20917,1148,5356,1035
0,20918,1142,5354,1036
0,20919,1145,5361,1036
0,20920,1148,5356,1036
0,20921,1142,5357,1037
0,20922,1145,5360,1037
0,20923,1148,5355,1037
0,20924,1142,5354,1038
0,20925,1145,5360,1038
0,20926,1148,5355,1038
0,20927,1142,5354,1039
0,20928,1145,5360,1039
0,20929,1148,5355,1039
0,20930,1142,5357,1045
0,20931,1145,5360,1045
0,20932,1148,5356,1045
0,20933,1142,5354,1046
0,20934,1145,5361,1046
0,20935,1148,5355,1046
0,20936,1142,5354,1047
0,20937,1145,5361,1047
0,20938,1148,5356,1047
0,20939,1142,5357,1048
0,20940,1145,5360,1048
0,20941,1148,5355,1048
0,20942,1142,5357,1049
0,20943,1145,5361,1049
0,20944,1148,5356,1049
0,20945,1142,5357,1055
0,20946,1145,5360,1055
0,20947,1148,5356,1055
0,20948,1142,5357,1056
0,20949,1145,5360,1056
0,20950,1148,5355,1056
0,20951,1142,5354,1057
0,20952,1145,5360,1057
0,20953,1148,5356,1057
0,20954,1142,5354,1058
0,20955,1145,5361,1058
0,20956,1148,5355,1058
0,20957,1142,5354,1059
0,20958,1145,5361,1059
0,20959,1148,5355,1059
0,20960,1142,5357,1065
0,20961,1145,5361,1065
0,20962,1148,5355,1065
0,20963,1142,5357,1066
0,20964,1145,5361,1066
0,20965,1148,5356,1066
0,20966,1142,5357,1067
0,20967,1145,5361,1067
0,20968,1148,5356,1067
0,20969,1142,5354,1068
0,20970,1145,5360,1068
0,20971,1148,5355,1068
0,20972,1142,5354,1069
0,20973,1145,5360,1069
0,20974,1148,5356,1069
0,20975,1142,5354,1075
0,20976,1145,5360,1075
0,20977,1148,5355,1075
0,20978,1142,5354,1076
0,20979,1145,5360,1076
0,20980,1148,5355,1076
0,20981,1142,5357,1077
0,20982,1145,5360,1077
0,20983,1148,5356,1077
0,20984,1142,5354,1078
0,20985,1145,5361,1078
0,20986,1148,5356,1078
0,20987,1142,5357,1079
0,20988,1145,5361,1079
0,20989,1148,5355,1079
0,20990,1142,5354,1115
0,20991,1145,5361,1115
0,20992,1148,5356,1115
0,20993,1142,5357,1116
0,20994,1145,5360,1116
0,20995,1148,5355,1116
0,20996,1142,5354,1117
0,20997,1145,5361,1117
0,20998,1148,5355,1117
0,20999,1142,5357,1118
0,21000,1145,5360,1118
0,21001,1148,5356,1118
0,21002,1142,5357,1119
0,21003,1145,5361,1119
0,21004,1148,5356,1119
0,21005,1142,5357,1120
0,21006,1145,5361,1120
0,21007,1148,5355,1120
0,21008,1142,5357,1121
0,21009,1145,5360,1121
0,21010,1148,5356,1121
0,21011,1142,5354,1122
0,21012,1145,5360,1122
0,21013,1148,5356,1122
0,21014,1142,5357,1123
0,21015,1145,5360,1123
0,21016,1148,5355,1123
0,21017,1142,5357,1124
0,21018,1145,5360,1124
0,21019,1148,5355,1124
0,21020,1142,5357,1125
0,21021,1145,5360,1125
0,21022,1148,5356,1125
0,21023,1142,5357,1126
0,21024,1145,5361,1126
0,21025,1148,5355,1126
0,21026,1142,5354,1127
0,21027,1145,5360,1127
0,21028,1148,5356,1127
0,21029,1142,5354,1128
0,21030,1145,5361,1128
0,21031,1148,5356,1128
0,21032,1142,5354,1129
0,21033,1145,5361,1129
0,21034,1148,5355,1129
0,21035,1142,5354,1130
0,21036,1145,5360,1130
0,21037,1148,5356,1130
0,21038,1142,5354,1131
0,21039,1145,5361,1131
0,21040,1148,5356,1131
0,21041,1142,5354,1132
0,21042,1145,5361,1132
0,21043,1148,5355,1132
0,21044,1142,5357,1133
0,21045,1145,5361,1133
0,21046,1148,5355,1133
0,21047,1142,5354,1134
0,21048,1145,5360,1134
0,21049,1148,5355,1134
0,21050,1142,5357,1175
0,21051,1145,5360,1175
0,21052,1148,5356,1175
0,21053,1142,5357,1176
0,21054,1145,5360,1176
0,21055,1148,5355,1176
0,21056,1142,5354,1177
0,21057,1145,5361,1177
0,21058,1148,5355,1177
0,21059,1142,5354,1178
0,21060,1145,5360,1178
0,21061,1148,5356,1178
0,21062,1142,5357,1179
0,21063,1145,5361,1179
0,21064,1148,5355,1179
0,21065,1142,5354,1180
0,21066,1145,5361,1180
0,21067,1148,5355,1180
0,21068,1142,5354,1181
0,21069,1145,5361,1181
0,21070,1148,5356,1181
0,21071,1142,5357,1182
0,21072,1145,5361,1182
0,21073,1148,5356,1182
0,21074,1142,5354,1183
0,21075,1145,5360,1183
0,21076,1148,5355,1183
0,21077,1142,5354,1184
0,21078,1145,5361,1184
0,21079,1148,5356,1184
0,21080,1142,5354,1185
0,21081,1145,5360,1185
0,21082,1148,5356,1185
0,21083,1142,5354,1186
0,21084,1145,5360,1186
0,21085,1148,5355,1186
0,21086,1142,5354,1187
0,21087,1145,5361,1187
0,21088,1148,5355,1187
0,21089,1142,5357,1188
0,21090,1145,5360,1188
0,21091,1148,5355,1188
0,21092,1142,5357,1189
0,21093,1145,5360,1189
0,21094,1148,5356,1189
0,21095,1142,5357,1190
0,21096,1145,5361,1190
0,21097,1148,5356,1190
0,21098,1142,5354,1191
0,21099,1145,5360,1191
0,21100,1148,5356,1191
0,21101,1142,5357,1192
0,21102,1145,5360,1192
0,21103,1148,5356,1192
0,21104,1142,5357,1193
0,21105,1145,5361,1193
0,21106,1148,5355,1193
0,21107,1142,5357,1194
0,21108,1145,5361,1194
0,21109,1148,5355,1194
0,21110,1143,5363,1005
0,21111,1146,5349,1005
0,21112,1143,5362,1006
0,21113,1146,5364,1006
0,21114,1143,5362,1007
0,21115,1146,5349,1007
0,21116,1143,5363,1008
0,21117,1146,5364,1008
0,21118,1143,5363,1009
0,21119,1146,5349,1009
0,21120,1143,5362,1015
0,21121,1146,5364,1015
0,21122,1143,5363,1016
0,21123,1146,5364,1016
0,21124,1143,5363,1017
0,21125,1146,5349,1017
0,21126,1143,5362,1018
0,21127,1146,5364,1018
0,21128,1143,5362,1019
0,21129,1146,5349,1019
0,21130,1143,5363,1025
0,21131,1146,5349,1025
0,21132,1143,5363,1026
0,21133,1146,5364,1026
0,21134,1143,5362,1027
0,21135,1146,5349,1027
0,21136,1143,5363,1028
0,21137,1146,5349,1028
0,21138,1143,5362,1029
0,21139,1146,5364,1029
0,21140,1143,5363,1035
0,21141,1146,5349,1035
0,21142,1143,5362,1036
0,21143,1146,5349,1036
0,21144,1143,5363,1037
0,21145,1146,5364,1037
0,21146,1143,5362,1038
0,21147,1146,5364,1038
0,21148,1143,5362,1039
0,21149,1146,5364,1039
0,21150,1143,5363,1045
0,21151,1146,5364,1045
0,21152,1143,5362,1046
0,21153,1146,5349,1046
0,21154,1143,5362,1047
0,21155,1146,5349,1047
0,21156,1143,5363,1048
0,21157,1146,5364,1048
0,21158,1143,5363,1049
0,21159,1146,5349,1049
0,21160,1143,5363,1055
0,21161,1146,5364,1055
0,21162,1143,5363,1056
0,21163,1146,5364,1056
0,21164,1143,5362,1057
0,21165,1146,5364,1057
0,21166,1143,5362,1058
0,21167,1146,5349,1058
0,21168,1143,5362,1059
0,21169,1146,5349,1059
0,21170,1143,5363,1065
0,21171,1146,5349,1065
0,21172,1143,5363,1066
0,21173,1146,5349,1066
0,21174,1143,5363,1067
0,21175,1146,5349,1067
0,21176,1143,5362,1068
0,21177,1146,5364,1068
0,21178,1143,5362,1069
0,21179,1146,5364,1069
0,21180,1143,5362,1075
0,21181,1146,5364,1075
0,21182,1143,5362,1076
0,21183,1146,5364,1076
0,21184,1143,5363,1077
0,21185,1146,5364,1077
0,21186,1143,5362,1078
0,21187,1146,5349,1078
0,21188,1143,5363,1079
0,21189,1146,5349,1079
0,21190,1143,5362,1115
0,21191,1146,5349,1115
0,21192,1143,5363,1116
0,21193,1146,5364,1116
0,21194,1143,5362,1117
0,21195,1146,5349,1117
0,21196,1143,5363,1118
0,21197,1146,5364,1118
0,21198,1143,5363,1119
0,21199,1146,5349,1119
0,21200,1143,5363,1120
0,21201,1146,5349,1120
0,21202,1143,5363,1121
0,21203,1146,5364,1121
0,21204,1143,5362,1122
0,21205,1146,5364,1122
0,21206,1143,5363,1123
0,21207,1146,5364,1123
0,21208,1143,5363,1124
0,21209,1146,5364,1124
0,21210,1143,5363,1125
0,21211,1146,5364,1125
0,21212,1143,5363,1126
0,21213,1146,5349,1126
0,21214,1143,5362,1127
0,21215,1146,5364,1127
0,21216,1143,5362,1128
0,21217,1146,5349,1128
0,21218,1143,5362,1129
0,21219,1146,5349,1129
0,21220,1143,5362,1130
0,21221,1146,5364,1130
0,21222,1143,5362,1131
0,21223,1146,5349,1131
0,21224,1143,5362,1132
0,21225,1146,5349,1132
0,21226,1143,5363,1133
0,21227,1146,5349,1133
0,21228,1143,5362,1134
0,21229,1146,5364,1134
0,21230,1143,5363,1175
0,21231,1146,5364,1175
0,21232,1143,5363,1176
0,21233,1146,5364,1176
0,21234,1143,5362,1177
0,21235,1146,5349,1177
0,21236,1143,5362,1178
0,21237,1146,5364,1178
0,21238,1143,5363,1179
0,21239,1146,5349,1179
0,21240,1143,5362,1180
0,21241,1146,5349,1180
0,21242,1143,5362,1181
0,21243,1146,5349,1181
0,21244,1143,5363,1182
0,21245,1146,5349,1182
0,21246,1143,5362,1183
0,21247,1146,5364,1183
0,21248,1143,5362,1184
0,21249,1146,5349,1184
0,21250,1143,5362,1185
0,21251,1146,5364,1185
0,21252,1143,5362,1186
0,21253,1146,5364,1186
0,21254,1143,5362,1187
0,21255,1146,5349,1187
0,21256,1143,5363,1188
0,21257,1146,5364,1188
0,21258,1143,5363,1189
0,21259,1146,5364,1189
0,21260,1143,5363,1190
0,21261,1146,5349,1190
0,21262,1143,5362,1191
0,21263,1146,5364,1191
0,21264,1143,5363,1192
0,21265,1146,5364,1192
0,21266,1143,5363,1193
0,21267,1146,5349,1193
0,21268,1143,5363,1194
0,21269,1146,5349,1194
0,21270,1144,5351,1005
0,21271,1147,5353,1005
0,21272,1144,5350,1006
0,21273,1147,5352,1006
0,21274,1144,5350,1007
0,21275,1147,5353,1007
0,21276,1144,5351,1008
0,21277,1147,5352,1008
0,21278,1144,5351,1009
0,21279,1147,5353,1009
0,21280,1144,5350,1015
0,21281,1147,5352,1015
0,21282,1144,5351,1016
0,21283,1147,5352,1016
0,21284,1144,5351,1017
0,21285,1147,5353,1017
0,21286,1144,5350,1018
0,21287,1147,5352,1018
0,21288,1144,5350,1019
0,21289,1147,5353,1019
0,21290,1144,5351,1025
0,21291,1147,5353,1025
0,21292,1144,5351,1026
0,21293,1147,5352,1026
0,21294,1144,5350,1027
0,21295,1147,5353,1027
0,21296,1144,5351,1028
0,21297,1147,5353,1028
0,21298,1144,5350,1029
0,21299,1147,5352,1029
0,21300,1144,5351,1035
0,21301,1147,5353,1035
0,21302,1144,5350,1036
0,21303,1147,5353,1036
0,21304,1144,5351,1037
0,21305,1147,5352,1037
0,21306,1144,5350,1038
0,21307,1147,5352,1038
0,21308,1144,5350,1039
0,21309,1147,5352,1039
0,21310,1144,5351,1045
0,21311,1147,5352,1045
0,21312,1144,5350,1046
0,21313,1147,5353,1046
0,21314,1144,5350,1047
0,21315,1147,5353,1047
0,21316,1144,5351,1048
0,21317,1147,5352,1048
0,21318,1144,5351,1049
0,21319,1147,5353,1049
0,21320,1144,5351,1055
0,21321,1147,5352,1055
0,21322,1144,5351,1056
0,21323,1147,5352,1056
0,21324,1144,5350,1057
0,21325,1147,5352,1057
0,21326,1144,5350,1058
0,21327,1147,5353,1058
0,21328,1144,5350,1059
0,21329,1147,5353,1059
0,21330,1144,5351,1065
0,21331,1147,5353,1065
0,21332,1144,5351,1066
0,21333,1147,5353,1066
0,21334,1144,5351,1067
0,21335,1147,5353,1067
0,21336,1144,5350,1068
0,21337,1147,5352,1068
0,21338,1144,5350,1069
0,21339,1147,5352,1069
0,21340,1144,5350,1075
0,21341,1147,5352,1075
0,21342,1144,5350,1076
0,21343,1147,5352,1076
0,21344,1144,5351,1077
0,21345,1147,5352,1077
0,21346,1144,5350,1078
0,21347,1147,5353,1078
0,21348,1144,5351,1079
0,21349,1147,5353,1079
0,21350,1144,5350,1115
0,21351,1147,5353,1115
0,21352,1144,5351,1116
0,21353,1147,5352,1116
0,21354,1144,5350,1117
0,21355,1147,5353,1117
0,21356,1144,5351,1118
0,21357,1147,5352,1118
0,21358,1144,5351,1119
0,21359,1147,5353,1119
0,21360,1144,5351,1120
0,21361,1147,5353,1120
0,21362,1144,5351,1121
0,21363,1147,5352,1121
0,21364,1144,5350,1122
0,21365,1147,5352,1122
0,21366,1144,5351,1123
0,21367,1147,5352,1123
0,21368,1144,5351,1124
0,21369,1147,5352,1124
0,21370,1144,5351,1125
0,21371,1147,5352,1125
0,21372,1144,5351,1126
0,21373,1147,5353,1126
0,21374,1144,5350,1127
0,21375,1147,5352,1127
0,21376,1144,5350,1128
0,21377,1147,5353,1128
0,21378,1144,5350,1129
0,21379,1147,5353,1129
0,21380,1144,5350,1130
0,21381,1147,5352,1130
0,21382,1144,5350,1131
0,21383,1147,5353,1131
0,21384,1144,5350,1132
0,21385,1147,5353,1132
0,21386,1144,5351,1133
0,21387,1147,5353,1133
0,21388,1144,5350,1134
0,21389,1147,5352,1134
0,21390,1144,5351,1175
0,21391,1147,5352,1175
0,21392,1144,5351,1176
0,21393,1147,5352,1176
0,21394,1144,5350,1177
0,21395,1147,5353,1177
0,21396,1144,5350,1178
0,21397,1147,5352,1178
0,21398,1144,5351,1179
0,21399,1147,5353,1179
0,21400,1144,5350,1180
0,21401,1147,5353,1180
0,21402,1144,5350,1181
0,21403,1147,5353,1181
0,21404,1144,5351,1182
0,21405,1147,5353,1182
0,21406,1144,5350,1183
0,21407,1147,5352,1183
0,21408,1144,5350,1184
0,21409,1147,5353,1184
0,21410,1144,5350,1185
0,21411,1147,5352,1185
0,21412,1144,5350,1186
0,21413,1147,5352,1186
0,21414,1144,5350,1187
0,21415,1147,5353,1187
0,21416,1144,5351,1188
0,21417,1147,5352,1188
0,21418,1144,5351,1189
0,21419,1147,5352,1189
0,21420,1144,5351,1190
0,21421,1147,5353,1190
0,21422,1144,5350,1191
0,21423,1147,5352,1191
0,21424,1144,5351,1192
0,21425,1147,5352,1192
0,21426,1144,5351,1193
0,21427,1147,5353,1193
0,21428,1144,5351,1194
0,21429,1147,5353,1194
2,21430,1114,4910,1005
2,21431,1115,4850,1005
2,21432,1116,4860,1005
2,21433,1114,4930,1006
2,21434,1115,4850,1006
2,21435,1116,4924,1006
2,21436,1114,4927,1007
2,21437,1115,4880,1007
2,21438,1116,4926,1007
2,21439,1114,4928,1008
2,21440,1115,4918,1008
2,21441,1116,4925,1008
2,21442,1114,4917,1009
2,21443,1115,4840,1009
2,21444,1116,4918,1009
2,21445,1114,4927,1015
2,21446,1115,4923,1015
2,21447,1116,4918,1015
2,21448,1114,4930,1016
2,21449,1115,4926,1016
2,21450,1116,4923,1016
2,21451,1114,4990,1017
2,21452,1115,4927,1017
2,21453,1116,4924,1017
2,21454,1114,4930,1018
2,21455,1115,4920,1018
2,21456,1116,4880,1018
2,21457,1114,4928,1019
2,21458,1115,4920,1019
2,21459,1116,4880,1019
2,21460,1114,4927,1025
2,21461,1115,4921,1025
2,21462,1116,4880,1025
2,21463,1114,4910,1026
2,21464,1115,4923,1026
2,21465,1116,4925,1026
2,21466,1114,4910,1027
2,21467,1115,4850,1027
2,21468,1116,4926,1027
2,21469,1114,4929,1028
2,21470,1115,4860,1028
2,21471,1116,4921,1028
2,21472,1114,4930,1029
2,21473,1115,4924,1029
2,21474,1116,4920,1029
2,21475,1114,4930,1035
2,21476,1115,4929,1035
2,21477,1116,4920,1035
2,21478,1114,4990,1036
2,21479,1115,4860,1036
2,21480,1116,4923,1036
2,21481,1114,4928,1037
2,21482,1115,4924,1037
2,21483,1116,4925,1037
2,21484,1114,4929,1038
2,21485,1115,4928,1038
2,21486,1116,4860,1038
2,21487,1114,4929,1039
2,21488,1115,4920,1039
2,21489,1116,4926,1039
2,21490,1114,4929,1045
2,21491,1115,4927,1045
2,21492,1116,4860,1045
2,21493,1114,4990,1046
2,21494,1115,4840,1046
2,21495,1116,4850,1046
2,21496,1114,4929,1047
2,21497,1115,4920,1047
2,21498,1116,4830,1047
2,21499,1114,4927,1048
2,21500,1115,4850,1048
2,21501,1116,4923,1048
2,21502,1114,4929,1049
2,21503,1115,4927,1049
2,21504,1116,4924,1049
2,21505,1114,4929,1055
2,21506,1115,4924,1055
2,21507,1116,4840,1055
2,21508,1114,4928,1056
2,21509,1115,4918,1056
2,21510,1116,4860,1056
2,21511,1114,4927,1057
2,21512,1115,4850,1057
2,21513,1116,4925,1057
2,21514,1114,4990,1058
2,21515,1115,4920,1058
2,21516,1116,4923,1058
2,21517,1114,4927,1059
2,21518,1115,4928,1059
2,21519,1116,4920,1059
2,21520,1114,4929,1065
2,21521,1115,4920,1065
2,21522,1116,4860,1065
2,21523,1114,4927,1066
2,21524,1115,4860,1066
2,21525,1116,4921,1066
2,21526,1114,4917,1067
2,21527,1115,4918,1067
2,21528,1116,4830,1067
2,21529,1114,4927,1068
2,21530,1115,4929,1068
2,21531,1116,4840,1068
2,21532,1114,4927,1069
2,21533,1115,4990,1069
2,21534,1116,4926,1069
2,21535,1114,4917,1075
2,21536,1115,4918,1075
2,21537,1116,4926,1075
2,21538,1114,4930,1076
2,21539,1115,4921,1076
2,21540,1116,4920,1076
2,21541,1114,4990,1077
2,21542,1115,4840,1077
2,21543,1116,4830,1077
2,21544,1114,4927,1078
2,21545,1115,4910,1078
2,21546,1116,4921,1078
2,21547,1114,4927,1079
2,21548,1115,4920,1079
2,21549,1116,4925,1079
2,21550,1114,4927,1115
2,21551,1115,4921,1115
2,21552,1116,4925,1115
2,21553,1114,4930,1116
2,21554,1115,4921,1116
2,21555,1116,4926,1116
2,21556,1114,4927,1117
2,21557,1115,4930,1117
2,21558,1116,4850,1117
2,21559,1114,4917,1118
2,21560,1115,4924,1118
2,21561,1116,4880,1118
2,21562,1114,4929,1119
2,21563,1115,4924,1119
2,21564,1116,4830,1119
2,21565,1114,4990,1120
2,21566,1115,4921,1120
2,21567,1116,4830,1120
2,21568,1114,4929,1121
2,21569,1115,4918,1121
2,21570,1116,4830,1121
2,21571,1114,4929,1122
2,21572,1115,4927,1122
2,21573,1116,4923,1122
2,21574,1114,4910,1123
2,21575,1115,4918,1123
2,21576,1116,4926,1123
2,21577,1114,4928,1124
2,21578,1115,4918,1124
2,21579,1116,4840,1124
2,21580,1114,4917,1125
2,21581,1115,4840,1125
2,21582,1116,4923,1125
2,21583,1114,4928,1126
2,21584,1115,4920,1126
2,21585,1116,4923,1126
2,21586,1114,4910,1127
2,21587,1115,4928,1127
2,21588,1116,4923,1127
2,21589,1114,4928,1128
2,21590,1115,4927,1128
2,21591,1116,4924,1128
2,21592,1114,4910,1129
2,21593,1115,4850,1129
2,21594,1116,4840,1129
2,21595,1114,4910,1130
2,21596,1115,4923,1130
2,21597,1116,4860,1130
2,21598,1114,4928,1131
2,21599,1115,4917,1131
2,21600,1116,4923,1131
2,21601,1114,4927,1132
2,21602,1115,4990,1132
2,21603,1116,4880,1132
2,21604,1114,4929,1133
2,21605,1115,4924,1133
2,21606,1116,4918,1133
2,21607,1114,4929,1134
2,21608,1115,4910,1134
2,21609,1116,4921,1134
2,21610,1114,4917,1175
2,21611,1115,4840,1175
2,21612,1116,4925,1175
2,21613,1114,4990,1176
2,21614,1115,4918,1176
2,21615,1116,4926,1176
2,21616,1114,4910,1177
2,21617,1115,4926,1177
2,21618,1116,4924,1177
2,21619,1114,4910,1178
2,21620,1115,4929,1178
2,21621,1116,4920,1178
2,21622,1114,4929,1179
2,21623,1115,4920,1179
2,21624,1116,4918,1179
2,21625,1114,4990,1180
2,21626,1115,4930,1180
2,21627,1116,4920,1180
2,21628,1114,4927,1181
2,21629,1115,4929,1181
2,21630,1116,4860,1181
2,21631,1114,4990,1182
2,21632,1115,4918,1182
2,21633,1116,4920,1182
2,21634,1114,4930,1183
2,21635,1115,4990,1183
2,21636,1116,4860,1183
2,21637,1114,4929,1184
2,21638,1115,4926,1184
2,21639,1116,4921,1184
2,21640,1114,4990,1185
2,21641,1115,4923,1185
2,21642,1116,4860,1185
2,21643,1114,4990,1186
2,21644,1115,4926,1186
2,21645,1116,4830,1186
2,21646,1114,4928,1187
2,21647,1115,4921,1187
2,21648,1116,4850,1187
2,21649,1114,4930,1188
2,21650,1115,4921,1188
2,21651,1116,4860,1188
2,21652,1114,4929,1189
2,21653,1115,4850,1189
2,21654,1116,4880,1189
2,21655,1114,4917,1190
2,21656,1115,4880,1190
2,21657,1116,4860,1190
2,21658,1114,4910,1191
2,21659,1115,4840,1191
2,21660,1116,4925,1191
2,21661,1114,4930,1192
2,21662,1115,4929,1192
2,21663,1116,4926,1192
2,21664,1114,4910,1193
2,21665,1115,4990,1193
2,21666,1116,4830,1193
2,21667,1114,4927,1194
2,21668,1115,4921,1194
2,21669,1116,4925,1194
2,21670,1111,4917,1005
2,21671,1112,4780,1005
2,21672,1113,4880,1005
2,21673,1111,4910,1006
2,21674,1112,4928,1006
2,21675,1113,4830,1006
2,21676,1111,4928,1007
2,21677,1112,4860,1007
2,21678,1113,4921,1007
2,21679,1111,4927,1008
2,21680,1112,4990,1008
2,21681,1113,4880,1008
2,21682,1111,4927,1009
2,21683,1112,4880,1009
2,21684,1113,4921,1009
2,21685,1111,4990,1015
2,21686,1112,4917,1015
2,21687,1113,4921,1015
2,21688,1111,4910,1016
2,21689,1112,4917,1016
2,21690,1113,4850,1016
2,21691,1111,4930,1017
2,21692,1112,4917,1017
2,21693,1113,4830,1017
2,21694,1111,4990,1018
2,21695,1112,4928,1018
2,21696,1113,4921,1018
2,21697,1111,4910,1019
2,21698,1112,4850,1019
2,21699,1113,4840,1019
2,21700,1111,4929,1025
2,21701,1112,4830,1025
2,21702,1113,4918,1025
2,21703,1111,4928,1026
2,21704,1112,4920,1026
2,21705,1113,4860,1026
2,21706,1111,4790,1027
2,21707,1112,4925,1027
2,21708,1113,4920,1027
2,21709,1111,4928,1028
2,21710,1112,4810,1028
2,21711,1113,4925,1028
2,21712,1111,4990,1029
2,21713,1112,4917,1029
2,21714,1113,4840,1029
2,21715,1111,4928,1035
2,21716,1112,4921,1035
2,21717,1113,4926,1035
2,21718,1111,4800,1036
2,21719,1112,4910,1036
2,21720,1113,4918,1036
2,21721,1111,4917,1037
2,21722,1112,4830,1037
2,21723,1113,4921,1037
2,21724,1111,4780,1038
2,21725,1112,4840,1038
2,21726,1113,4926,1038
2,21727,1111,4790,1039
2,21728,1112,4918,1039
2,21729,1113,4850,1039
2,21730,1111,4928,1045
2,21731,1112,4926,1045
2,21732,1113,4924,1045
2,21733,1111,4929,1046
2,21734,1112,4917,1046
2,21735,1113,4926,1046
2,21736,1111,4928,1047
2,21737,1112,4927,1047
2,21738,1113,4925,1047
2,21739,1111,4990,1048
2,21740,1112,4830,1048
2,21741,1113,4918,1048
2,21742,1111,4790,1049
2,21743,1112,4880,1049
2,21744,1113,4850,1049
2,21745,1111,4810,1055
2,21746,1112,4830,1055
2,21747,1113,4850,1055
2,21748,1111,4800,1056
2,21749,1112,4923,1056
2,21750,1113,4840,1056
2,21751,1111,4910,1057
2,21752,1112,4917,1057
2,21753,1113,4920,1057
2,21754,1111,4790,1058
2,21755,1112,4850,1058
2,21756,1113,4880,1058
2,21757,1111,4930,1059
2,21758,1112,4830,1059
2,21759,1113,4918,1059
2,21760,1111,4927,1065
2,21761,1112,4923,1065
2,21762,1113,4918,1065
2,21763,1111,4810,1066
2,21764,1112,4926,1066
2,21765,1113,4850,1066
2,21766,1111,4930,1067
2,21767,1112,4927,1067
2,21768,1113,4920,1067
2,21769,1111,4910,1068
2,21770,1112,4917,1068
2,21771,1113,4924,1068
2,21772,1111,4810,1069
2,21773,1112,4923,1069
2,21774,1113,4840,1069
2,21775,1111,4930,1075
2,21776,1112,4910,1075
2,21777,1113,4923,1075
2,21778,1111,4790,1076
2,21779,1112,4928,1076
2,21780,1113,4840,1076
2,21781,1111,4810,1077
2,21782,1112,4924,1077
2,21783,1113,4860,1077
2,21784,1111,4929,1078
2,21785,1112,4917,1078
2,21786,1113,4880,1078
2,21787,1111,4929,1079
2,21788,1112,4930,1079
2,21789,1113,4850,1079
2,21790,1111,4800,1115
2,21791,1112,4917,1115
2,21792,1113,4918,1115
2,21793,1111,4927,1116
2,21794,1112,4920,1116
2,21795,1113,4840,1116
2,21796,1111,4928,1117
2,21797,1112,4925,1117
2,21798,1113,4923,1117
2,21799,1111,4910,1118
2,21800,1112,4780,1118
2,21801,1113,4840,1118
2,21802,1111,4917,1119
2,21803,1112,4810,1119
2,21804,1113,4880,1119
2,21805,1111,4930,1120
2,21806,1112,4880,1120
2,21807,1113,4923,1120
2,21808,1111,4990,1121
2,21809,1112,4917,1121
2,21810,1113,4923,1121
2,21811,1111,4917,1122
2,21812,1112,4990,1122
2,21813,1113,4840,1122
2,21814,1111,4929,1123
2,21815,1112,4880,1123
2,21816,1113,4920,1123
2,21817,1111,4910,1124
2,21818,1112,4921,1124
2,21819,1113,4850,1124
2,21820,1111,4810,1125
2,21821,1112,4918,1125
2,21822,1113,4860,1125
2,21823,1111,4910,1126
2,21824,1112,4780,1126
2,21825,1113,4840,1126
2,21826,1111,4790,1127
2,21827,1112,4920,1127
2,21828,1113,4860,1127
2,21829,1111,4910,1128
2,21830,1112,4920,1128
2,21831,1113,4923,1128
2,21832,1111,4780,1129
2,21833,1112,4923,1129
2,21834,1113,4926,1129
2,21835,1111,4930,1130
2,21836,1112,4810,1130
2,21837,1113,4830,1130
2,21838,1111,4990,1131
2,21839,1112,4927,1131
2,21840,1113,4918,1131
2,21841,1111,4930,1132
2,21842,1112,4925,1132
2,21843,1113,4924,1132
2,21844,1111,4990,1133
2,21845,1112,4917,1133
2,21846,1113,4925,1133
2,21847,1111,4810,1134
2,21848,1112,4920,1134
2,21849,1113,4840,1134
2,21850,1111,4930,1175
2,21851,1112,4920,1175
2,21852,1113,4850,1175
2,21853,1111,4927,1176
2,21854,1112,4928,1176
2,21855,1113,4923,1176
2,21856,1111,4928,1177
2,21857,1112,4918,1177
2,21858,1113,4923,1177
2,21859,1111,4927,1178
2,21860,1112,4917,1178
2,21861,1113,4926,1178
2,21862,1111,4917,1179
2,21863,1112,4910,1179
2,21864,1113,4850,1179
2,21865,1111,4780,1180
2,21866,1112,4929,1180
2,21867,1113,4926,1180
2,21868,1111,4910,1181
2,21869,1112,4990,1181
2,21870,1113,4926,1181
2,21871,1111,4800,1182
2,21872,1112,4917,1182
2,21873,1113,4921,1182
2,21874,1111,4800,1183
2,21875,1112,4921,1183
2,21876,1113,4850,1183
2,21877,1111,4930,1184
2,21878,1112,4880,1184
2,21879,1113,4840,1184
2,21880,1111,4917,1185
2,21881,1112,4790,1185
2,21882,1113,4840,1185
2,21883,1111,4910,1186
2,21884,1112,4918,1186
2,21885,1113,4840,1186
2,21886,1111,4929,1187
2,21887,1112,4990,1187
2,21888,1113,4830,1187
2,21889,1111,4929,1188
2,21890,1112,4850,1188
2,21891,1113,4923,1188
2,21892,1111,4930,1189
2,21893,1112,4910,1189
2,21894,1113,4926,1189
2,21895,1111,4927,1190
2,21896,1112,4924,1190
2,21897,1113,4830,1190
2,21898,1111,4917,1191
2,21899,1112,4930,1191
2,21900,1113,4918,1191
2,21901,1111,4917,1192
2,21902,1112,4830,1192
2,21903,1113,4921,1192
2,21904,1111,4810,1193
2,21905,1112,4924,1193
2,21906,1113,4926,1193
2,21907,1111,4790,1194
2,21908,1112,4840,1194
2,21909,1113,4918,1194
0,21910,1162,4669,1005
0,21911,1162,4657,1006
0,21912,1162,4668,1007
0,21913,1162,4669,1008
0,21914,1162,4667,1009
0,21915,1162,4551,1015
0,21916,1162,4662,1016
0,21917,1162,4652,1017
0,21918,1162,4664,1018
0,21919,1162,4651,1019
0,21920,1162,4669,1025
0,21921,1162,4663,1026
0,21922,1162,4659,1027
0,21923,1162,4664,1028
0,21924,1162,4654,1029
0,21925,1162,4672,1035
0,21926,1162,4664,1036
0,21927,1162,4671,1037
0,21928,1162,4654,1038
0,21929,1162,4653,1039
0,21930,1162,4666,1045
0,21931,1162,4671,1046
0,21932,1162,4656,1047
0,21933,1162,4666,1048
0,21934,1162,4664,1049
0,21935,1162,4664,1055
0,21936,1162,4654,1056
0,21937,1162,4674,1057
0,21938,1162,4654,1058
0,21939,1162,4666,1059
0,21940,1162,4671,1065
0,21941,1162,4672,1066
0,21942,1162,4654,1067
0,21943,1162,4667,1068
0,21944,1162,4668,1069
0,21945,1162,4671,1075
0,21946,1162,4677,1076
0,21947,1162,4651,1077
0,21948,1162,4667,1078
0,21949,1162,4669,1079
0,21950,1162,4664,1115
0,21951,1162,4664,1116
0,21952,1162,4667,1117
0,21953,1162,4665,1118
0,21954,1162,4669,1119
0,21955,1162,4655,1120
0,21956,1162,4667,1121
0,21957,1162,4668,1122
0,21958,1162,4667,1123
0,21959,1162,4663,1124
0,21960,1162,4551,1125
0,21961,1162,4659,1126
0,21962,1162,4668,1127
0,21963,1162,4666,1128
0,21964,1162,4655,1129
0,21965,1162,4655,1130
0,21966,1162,4664,1131
0,21967,1162,4664,1132
0,21968,1162,4674,1133
0,21969,1162,4654,1134
0,21970,1162,4667,1175
0,21971,1162,4654,1176
0,21972,1162,4674,1177
0,21973,1162,4674,1178
0,21974,1162,4671,1179
0,21975,1162,4672,1180
0,21976,1162,4668,1181
0,21977,1162,4656,1182
0,21978,1162,4677,1183
0,21979,1162,4662,1184
0,21980,1162,4656,1185
0,21981,1162,4651,1186
0,21982,1162,4668,1187
0,21983,1162,4669,1188
0,21984,1162,4654,1189
0,21985,1162,4655,1190
0,21986,1162,4664,1191
0,21987,1162,4664,1192
0,21988,1162,4671,1193
0,21989,1162,4664,1194
0,21990,1155,4662,1005
0,21991,1155,4672,1006
0,21992,1155,4665,1007
0,21993,1155,4671,1008
0,21994,1155,4655,1009
0,21995,1155,4654,1015
0,21996,1155,4671,1016
0,21997,1155,4668,1017
0,21998,1155,4669,1018
0,21999,1155,4677,1019
0,22000,1155,4656,1025
0,22001,1155,4659,1026
0,22002,1155,4666,1027
0,22003,1155,4655,1028
0,22004,1155,4665,1029
0,22005,1155,4666,1035
0,22006,1155,4656,1036
0,22007,1155,4651,1037
0,22008,1155,4671,1038
0,22009,1155,4659,1039
0,22010,1155,4668,1045
0,22011,1155,4674,1046
0,22012,1155,4651,1047
0,22013,1155,4655,1048
0,22014,1155,4657,1049
0,22015,1155,4659,1055
0,22016,1155,4659,1056
0,22017,1155,4663,1057
0,22018,1155,4652,1058
0,22019,1155,4671,1059
0,22020,1155,4674,1065
0,22021,1155,4551,1066
0,22022,1155,4671,1067
0,22023,1155,4674,1068
0,22024,1155,4669,1069
0,22025,1155,4551,1075
0,22026,1155,4665,1076
0,22027,1155,4551,1077
0,22028,1155,4669,1078
0,22029,1155,4672,1079
0,22030,1155,4654,1115
0,22031,1155,4652,1116
0,22032,1155,4651,1117
0,22033,1155,4662,1118
0,22034,1155,4551,1119
0,22035,1155,4665,1120
0,22036,1155,4652,1121
0,22037,1155,4669,1122
0,22038,1155,4654,1123
0,22039,1155,4551,1124
0,22040,1155,4664,1125
0,22041,1155,4671,1126
0,22042,1155,4656,1127
0,22043,1155,4665,1128
0,22044,1155,4674,1129
0,22045,1155,4671,1130
0,22046,1155,4677,1131
0,22047,1155,4672,1132
0,22048,1155,4665,1133
0,22049,1155,4653,1134
0,22050,1155,4674,1175
0,22051,1155,4551,1176
0,22052,1155,4672,1177
0,22053,1155,4664,1178
0,22054,1155,4663,1179
0,22055,1155,4655,1180
0,22056,1155,4671,1181
0,22057,1155,4677,1182
0,22058,1155,4667,1183
0,22059,1155,4672,1184
0,22060,1155,4669,1185
0,22061,1155,4662,1186
0,22062,1155,4657,1187
0,22063,1155,4672,1188
0,22064,1155,4668,1189
0,22065,1155,4651,1190
0,22066,1155,4657,1191
0,22067,1155,4653,1192
0,22068,1155,4672,1193
0,22069,1155,4667,1194
0,22070,1164,4677,1005
0,22071,1164,4665,1006
0,22072,1164,4672,1007
0,22073,1164,4665,1008
0,22074,1164,4659,1009
0,22075,1164,4655,1015
0,22076,1164,4672,1016
0,22077,1164,4654,1017
0,22078,1164,4672,1018
0,22079,1164,4669,1019
0,22080,1164,4672,1025
0,22081,1164,4672,1026
0,22082,1164,4656,1027
0,22083,1164,4665,1028
0,22084,1164,4652,1029
0,22085,1164,4657,1035
0,22086,1164,4657,1036
0,22087,1164,4677,1037
0,22088,1164,4657,1038
0,22089,1164,4672,1039
0,22090,1164,4672,1045
0,22091,1164,4657,1046
0,22092,1164,4655,1047
0,22093,1164,4667,1048
0,22094,1164,4662,1049
0,22095,1164,4665,1055
0,22096,1164,4665,1056
0,22097,1164,4662,1057
0,22098,1164,4664,1058
0,22099,1164,4674,1059
0,22100,1164,4667,1065
0,22101,1164,4671,1066
0,22102,1164,4656,1067
0,22103,1164,4669,1068
0,22104,1164,4665,1069
0,22105,1164,4664,1075
0,22106,1164,4551,1076
0,22107,1164,4665,1077
0,22108,1164,4665,1078
0,22109,1164,4651,1079
0,22110,1164,4672,1115
0,22111,1164,4677,1116
0,22112,1164,4677,1117
0,22113,1164,4677,1118
0,22114,1164,4665,1119
0,22115,1164,4672,1120
0,22116,1164,4662,1121
0,22117,1164,4662,1122
0,22118,1164,4651,1123
0,22119,1164,4656,1124
0,22120,1164,4672,1125
0,22121,1164,4655,1126
0,22122,1164,4657,1127
0,22123,1164,4659,1128
0,22124,1164,4677,1129
0,22125,1164,4657,1130
0,22126,1164,4659,1131
0,22127,1164,4655,1132
0,22128,1164,4672,1133
0,22129,1164,4669,1134
0,22130,1164,4662,1175
0,22131,1164,4669,1176
0,22132,1164,4659,1177
0,22133,1164,4662,1178
0,22134,1164,4662,1179
0,22135,1164,4651,1180
0,22136,1164,4659,1181
0,22137,1164,4669,1182
0,22138,1164,4664,1183
0,22139,1164,4668,1184
0,22140,1164,4677,1185
0,22141,1164,4666,1186
0,22142,1164,4655,1187
0,22143,1164,4662,1188
0,22144,1164,4655,1189
0,22145,1164,4671,1190
0,22146,1164,4551,1191
0,22147,1164,4655,1192
0,22148,1164,4657,1193
0,22149,1164,4659,1194
0,22150,1158,4665,1005
0,22151,1158,4651,1006
0,22152,1158,4655,1007
0,22153,1158,4677,1008
0,22154,1158,4665,1009
0,22155,1158,4671,1015
0,22156,1158,4657,1016
0,22157,1158,4551,1017
0,22158,1158,4655,1018
0,22159,1158,4655,1019
0,22160,1158,4657,1025
0,22161,1158,4655,1026
0,22162,1158,4657,1027
0,22163,1158,4659,1028
0,22164,1158,4671,1029
0,22165,1158,4655,1035
0,22166,1158,4655,1036
0,22167,1158,4551,1037
0,22168,1158,4669,1038
0,22169,1158,4551,1039
0,22170,1158,4655,1045
0,22171,1158,4662,1046
0,22172,1158,4665,1047
0,22173,1158,4672,1048
0,22174,1158,4669,1049
0,22175,1158,4551,1055
0,22176,1158,4677,1056
0,22177,1158,4672,1057
0,22178,1158,4551,1058
0,22179,1158,4672,1059
0,22180,1158,4651,1065
0,22181,1158,4657,1066
0,22182,1158,4665,1067
0,22183,1158,4672,1068
0,22184,1158,4659,1069
0,22185,1158,4669,1075
0,22186,1158,4655,1076
0,22187,1158,4669,1077
0,22188,1158,4662,1078
0,22189,1158,4551,1079
0,22190,1158,4659,1115
0,22191,1158,4655,1116
0,22192,1158,4665,1117
0,22193,1158,4657,1118
0,22194,1158,4659,1119
0,22195,1158,4651,1120
0,22196,1158,4551,1121
0,22197,1158,4672,1122
0,22198,1158,4669,1123
0,22199,1158,4677,1124
0,22200,1158,4665,1125
0,22201,1158,4551,1126
0,22202,1158,4671,1127
0,22203,1158,4672,1128
0,22204,1158,4672,1129
0,22205,1158,4672,1130
0,22206,1158,4669,1131
0,22207,1158,4651,1132
0,22208,1158,4659,1133
0,22209,1158,4659,1134
0,22210,1158,4671,1175
0,22211,1158,4655,1176
0,22212,1158,4671,1177
0,22213,1158,4551,1178
0,22214,1158,4659,1179
0,22215,1158,4657,1180
0,22216,1158,4657,1181
0,22217,1158,4651,1182
0,22218,1158,4669,1183
0,22219,1158,4671,1184
0,22220,1158,4551,1185
0,22221,1158,4551,1186
0,22222,1158,4665,1187
0,22223,1158,4665,1188
0,22224,1158,4669,1189
0,22225,1158,4657,1190
0,22226,1158,4655,1191
0,22227,1158,4665,1192
0,22228,1158,4659,1193
0,22229,1158,4657,1194
0,22230,1160,4659,1005
0,22231,1160,4671,1006
0,22232,1160,4651,1007
0,22233,1160,4659,1008
0,22234,1160,4657,1009
0,22235,1160,4657,1015
0,22236,1160,4669,1016
0,22237,1160,4669,1017
0,22238,1160,4551,1018
0,22239,1160,4656,1019
0,22240,1160,4665,1025
0,22241,1160,4657,1026
0,22242,1160,4674,1027
0,22243,1160,4657,1028
0,22244,1160,4551,1029
0,22245,1160,4652,1035
0,22246,1160,4659,1036
0,22247,1160,4666,1037
0,22248,1160,4651,1038
0,22249,1160,4663,1039
0,22250,1160,4551,1045
0,22251,1160,4659,1046
0,22252,1160,4669,1047
0,22253,1160,4677,1048
0,22254,1160,4672,1049
0,22255,1160,4671,1055
0,22256,1160,4651,1056
0,22257,1160,4651,1057
0,22258,1160,4657,1058
0,22259,1160,4667,1059
0,22260,1160,4654,1065
0,22261,1160,4677,1066
0,22262,1160,4655,1067
0,22263,1160,4663,1068
0,22264,1160,4651,1069
0,22265,1160,4667,1075
0,22266,1160,4651,1076
0,22267,1160,4667,1077
0,22268,1160,4655,1078
0,22269,1160,4662,1079
0,22270,1160,4657,1115
0,22271,1160,4657,1116
0,22272,1160,4657,1117
0,22273,1160,4672,1118
0,22274,1160,4671,1119
0,22275,1160,4657,1120
0,22276,1160,4655,1121
0,22277,1160,4665,1122
0,22278,1160,4674,1123
0,22279,1160,4659,1124
0,22280,1160,4671,1125
0,22281,1160,4669,1126
0,22282,1160,4677,1127
0,22283,1160,4654,1128
0,22284,1160,4665,1129
0,22285,1160,4662,1130
0,22286,1160,4551,1131
0,22287,1160,4669,1132
0,22288,1160,4651,1133
0,22289,1160,4671,1134
0,22290,1160,4657,1175
0,22291,1160,4665,1176
0,22292,1160,4665,1177
0,22293,1160,4651,1178
0,22294,1160,4651,1179
0,22295,1160,4551,1180
0,22296,1160,4672,1181
0,22297,1160,4665,1182
0,22298,1160,4657,1183
0,22299,1160,4551,1184
0,22300,1160,4657,1185
0,22301,1160,4664,1186
0,22302,1160,4651,1187
0,22303,1160,4667,1188
0,22304,1160,4672,1189
0,22305,1160,4659,1190
0,22306,1160,4662,1191
0,22307,1160,4551,1192
0,22308,1160,4669,1193
0,22309,1160,4671,1194
0,22310,1156,4657,1005
0,22311,1156,4666,1006
0,22312,1156,4654,1007
0,22313,1156,4667,1008
0,22314,1156,4669,1009
0,22315,1156,4652,1015
0,22316,1156,4668,1016
0,22317,1156,4665,1017
0,22318,1156,4667,1018
0,22319,1156,4663,1019
0,22320,1156,4654,1025
0,22321,1156,4665,1026
0,22322,1156,4655,1027
0,22323,1156,4666,1028
0,22324,1156,4666,1029
0,22325,1156,4667,1035
0,22326,1156,4654,1036
0,22327,1156,4652,1037
0,22328,1156,4668,1038
0,22329,1156,4657,1039
0,22330,1156,4657,1045
0,22331,1156,4667,1046
0,22332,1156,4666,1047
0,22333,1156,4656,1048
0,22334,1156,4551,1049
0,22335,1156,4669,1055
0,22336,1156,4667,1056
0,22337,1156,4664,1057
0,22338,1156,4655,1058
0,22339,1156,4551,1059
0,22340,1156,4664,1065
0,22341,1156,4654,1066
0,22342,1156,4663,1067
0,22343,1156,4659,1068
0,22344,1156,4677,1069
0,22345,1156,4656,1075
0,22346,1156,4667,1076
0,22347,1156,4672,1077
0,22348,1156,4657,1078
0,22349,1156,4653,1079
0,22350,1156,4653,1115
0,22351,1156,4656,1116
0,22352,1156,4664,1117
0,22353,1156,4663,1118
0,22354,1156,4655,1119
0,22355,1156,4668,1120
0,22356,1156,4674,1121
0,22357,1156,4674,1122
0,22358,1156,4671,1123
0,22359,1156,4654,1124
0,22360,1156,4662,1125
0,22361,1156,4666,1126
0,22362,1156,4665,1127
0,22363,1156,4671,1128
0,22364,1156,4551,1129
0,22365,1156,4667,1130
0,22366,1156,4672,1131
0,22367,1156,4674,1132
0,22368,1156,4551,1133
0,22369,1156,4672,1134
0,22370,1156,4656,1175
0,22371,1156,4674,1176
0,22372,1156,4666,1177
0,22373,1156,4657,1178
0,22374,1156,4657,1179
0,22375,1156,4656,1180
0,22376,1156,4667,1181
0,22377,1156,4654,1182
0,22378,1156,4656,1183
0,22379,1156,4651,1184
0,22380,1156,4668,1185
0,22381,1156,4677,1186
0,22382,1156,4656,1187
0,22383,1156,4668,1188
0,22384,1156,4551,1189
0,22385,1156,4672,1190
0,22386,1156,4654,1191
0,22387,1156,4668,1192
0,22388,1156,4654,1193
0,22389,1156,4665,1194
0,22390,1161,4671,1005
0,22391,1161,4655,1006
0,22392,1161,4677,1007
0,22393,1161,4655,1008
0,22394,1161,4654,1009
0,22395,1161,4664,1015
0,22396,1161,4663,1016
0,22397,1161,4667,1017
0,22398,1161,4677,1018
0,22399,1161,4668,1019
0,22400,1161,4653,1025
0,22401,1161,4666,1026
0,22402,1161,4667,1027
0,22403,1161,4663,1028
0,22404,1161,4651,1029
0,22405,1161,4551,1035
0,22406,1161,4551,1036
0,22407,1161,4655,1037
0,22408,1161,4674,1038
0,22409,1161,4655,1039
0,22410,1161,4654,1045
0,22411,1161,4672,1046
0,22412,1161,4671,1047
0,22413,1161,4662,1048
0,22414,1161,4674,1049
0,22415,1161,4674,1055
0,22416,1161,4656,1056
0,22417,1161,4655,1057
0,22418,1161,4653,1058
0,22419,1161,4651,1059
0,22420,1161,4665,1065
0,22421,1161,4651,1066
0,22422,1161,4653,1067
0,22423,1161,4664,1068
0,22424,1161,4653,1069
0,22425,1161,4657,1075
0,22426,1161,4656,1076
0,22427,1161,4654,1077
0,22428,1161,4664,1078
0,22429,1161,4652,1079
0,22430,1161,4551,1115
0,22431,1161,4665,1116
0,22432,1161,4551,1117
0,22433,1161,4667,1118
0,22434,1161,4662,1119
0,22435,1161,4551,1120
0,22436,1161,4651,1121
0,22437,1161,4656,1122
0,22438,1161,4657,1123
0,22439,1161,4655,1124
0,22440,1161,4663,1125
0,22441,1161,4674,1126
0,22442,1161,4663,1127
0,22443,1161,4667,1128
0,22444,1161,4664,1129
0,22445,1161,4663,1130
0,22446,1161,4674,1131
0,22447,1161,4666,1132
0,22448,1161,4653,1133
0,22449,1161,4652,1134
0,22450,1161,4551,1175
0,22451,1161,4656,1176
0,22452,1161,4664,1177
0,22453,1161,4652,1178
0,22454,1161,4672,1179
0,22455,1161,4654,1180
0,22456,1161,4664,1181
0,22457,1161,4664,1182
0,22458,1161,4671,1183
0,22459,1161,4656,1184
0,22460,1161,4652,1185
0,22461,1161,4674,1186
0,22462,1161,4664,1187
0,22463,1161,4655,1188
0,22464,1161,4674,1189
0,22465,1161,4654,1190
0,22466,1161,4667,1191
0,22467,1161,4656,1192
0,22468,1161,4667,1193
0,22469,1161,4669,1194
0,22470,1163,4667,1005
0,22471,1163,4663,1006
0,22472,1163,4551,1007
0,22473,1163,4657,1008
0,22474,1163,4652,1009
0,22475,1163,4651,1015
0,22476,1163,4655,1016
0,22477,1163,4655,1017
0,22478,1163,4671,1018
0,22479,1163,4659,1019
0,22480,1163,4651,1025
0,22481,1163,4677,1026
0,22482,1163,4662,1027
0,22483,1163,4651,1028
0,22484,1163,4655,1029
0,22485,1163,4653,1035
0,22486,1163,4669,1036
0,22487,1163,4672,1037
0,22488,1163,4655,1038
0,22489,1163,4667,1039
0,22490,1163,4651,1045
0,22491,1163,4656,1046
0,22492,1163,4657,1047
0,22493,1163,4657,1048
0,22494,1163,4671,1049
0,22495,1163,4655,1055
0,22496,1163,4655,1056
0,22497,1163,4551,1057
0,22498,1163,4669,1058
0,22499,1163,4665,1059
0,22500,1163,4551,1065
0,22501,1163,4664,1066
0,22502,1163,4672,1067
0,22503,1163,4671,1068
0,22504,1163,4671,1069
0,22505,1163,4655,1075
0,22506,1163,4671,1076
0,22507,1163,4674,1077
0,22508,1163,4654,1078
0,22509,1163,4671,1079
0,22510,1163,4655,1115
0,22511,1163,4669,1116
0,22512,1163,4672,1117
0,22513,1163,4671,1118
0,22514,1163,4652,1119
0,22515,1163,4664,1120
0,22516,1163,4659,1121
0,22517,1163,4659,1122
0,22518,1163,4551,1123
0,22519,1163,4671,1124
0,22520,1163,4669,1125
0,22521,1163,4652,1126
0,22522,1163,4551,1127
0,22523,1163,4677,1128
0,22524,1163,4656,1129
0,22525,1163,4668,1130
0,22526,1163,4671,1131
0,22527,1163,4671,1132
0,22528,1163,4662,1133
0,22529,1163,4551,1134
0,22530,1163,4677,1175
0,22531,1163,4671,1176
0,22532,1163,4651,1177
0,22533,1163,4672,1178
0,22534,1163,4664,1179
0,22535,1163,4653,1180
0,22536,1163,4665,1181
0,22537,1163,4672,1182
0,22538,1163,4672,1183
0,22539,1163,4669,1184
0,22540,1163,4665,1185
0,22541,1163,4671,1186
0,22542,1163,4659,1187
0,22543,1163,4656,1188
0,22544,1163,4667,1189
0,22545,1163,4664,1190
0,22546,1163,4677,1191
0,22547,1163,4662,1192
0,22548,1163,4652,1193
0,22549,1163,4654,1194
0,22550,1159,4668,1005
0,22551,1159,4667,1006
0,22552,1159,4663,1007
0,22553,1159,4652,1008
0,22554,1159,4672,1009
0,22555,1159,4665,1015
0,22556,1159,4667,1016
0,22557,1159,4651,1017
0,22558,1159,4657,1018
0,22559,1159,4657,1019
0,22560,1159,4664,1025
0,22561,1159,4654,1026
0,22562,1159,4651,1027
0,22563,1159,4667,1028
0,22564,1159,4662,1029
0,22565,1159,4671,1035
0,22566,1159,4674,1036
0,22567,1159,4665,1037
0,22568,1159,4656,1038
0,22569,1159,4665,1039
0,22570,1159,4652,1045
0,22571,1159,4664,1046
0,22572,1159,4667,1047
0,22573,1159,4551,1048
0,22574,1159,4653,1049
0,22575,1159,4663,1055
0,22576,1159,4672,1056
0,22577,1159,4656,1057
0,22578,1159,4662,1058
0,22579,1159,4677,1059
0,22580,1159,4672,1065
0,22581,1159,4666,1066
0,22582,1159,4657,1067
0,22583,1159,4662,1068
0,22584,1159,4674,1069
0,22585,1159,4662,1075
0,22586,1159,4653,1076
0,22587,1159,4657,1077
0,22588,1159,4672,1078
0,22589,1159,4668,1079
0,22590,1159,4663,1115
0,22591,1159,4667,1116
0,22592,1159,4663,1117
0,22593,1159,4664,1118
0,22594,1159,4668,1119
0,22595,1159,4667,1120
0,22596,1159,4654,1121
0,22597,1159,4664,1122
0,22598,1159,4659,1123
0,22599,1159,4657,1124
0,22600,1159,4674,1125
0,22601,1159,4663,1126
0,22602,1159,4664,1127
0,22603,1159,4551,1128
0,22604,1159,4669,1129
0,22605,1159,4665,1130
0,22606,1159,4654,1131
0,22607,1159,4657,1132
0,22608,1159,4664,1133
0,22609,1159,4664,1134
0,22610,1159,4663,1175
0,22611,1159,4666,1176
0,22612,1159,4551,1177
0,22613,1159,4654,1178
0,22614,1159,4674,1179
0,22615,1159,4669,1180
0,22616,1159,4666,1181
0,22617,1159,4666,1182
0,22618,1159,4655,1183
0,22619,1159,4657,1184
0,22620,1159,4667,1185
0,22621,1159,4657,1186
0,22622,1159,4671,1187
0,22623,1159,4551,1188
0,22624,1159,4665,1189
0,22625,1159,4652,1190
0,22626,1159,4672,1191
0,22627,1159,4671,1192
0,22628,1159,4665,1193
0,22629,1159,4677,1194
0,22630,1157,4664,1005
0,22631,1157,4664,1006
0,22632,1157,4669,1007
0,22633,1157,4654,1008
0,22634,1157,4663,1009
0,22635,1157,4656,1015
0,22636,1157,4665,1016
0,22637,1157,4677,1017
0,22638,1157,4653,1018
0,22639,1157,4551,1019
0,22640,1157,4662,1025
0,22641,1157,4651,1026
0,22642,1157,4669,1027
0,22643,1157,4551,1028
0,22644,1157,4669,1029
0,22645,1157,4669,1035
0,22646,1157,4651,1036
0,22647,1157,4654,1037
0,22648,1157,4659,1038
0,22649,1157,4651,1039
0,22650,1157,4659,1045
0,22651,1157,4669,1046
0,22652,1157,4551,1047
0,22653,1157,4671,1048
0,22654,1157,4651,1049
0,22655,1157,4672,1055
0,22656,1157,4671,1056
0,22657,1157,4665,1057
0,22658,1157,4651,1058
0,22659,1157,4657,1059
0,22660,1157,4657,1065
0,22661,1157,4656,1066
0,22662,1157,4669,1067
0,22663,1157,4651,1068
0,22664,1157,4551,1069
0,22665,1157,4653,1075
0,22666,1157,4672,1076
0,22667,1157,4664,1077
0,22668,1157,4663,1078
0,22669,1157,4665,1079
0,22670,1157,4677,1115
0,22671,1157,4551,1116
0,22672,1157,4669,1117
0,22673,1157,4651,1118
0,22674,1157,4664,1119
0,22675,1157,4669,1120
0,22676,1157,4657,1121
0,22677,1157,4671,1122
0,22678,1157,4652,1123
0,22679,1157,4653,1124
0,22680,1157,4653,1125
0,22681,1157,4677,1126
0,22682,1157,4669,1127
0,22683,1157,4653,1128
0,22684,1157,4654,1129
0,22685,1157,4677,1130
0,22686,1157,4655,1131
0,22687,1157,4677,1132
0,22688,1157,4655,1133
0,22689,1157,4665,1134
0,22690,1157,4672,1175
0,22691,1157,4659,1176
0,22692,1157,4657,1177
0,22693,1157,4669,1178
0,22694,1157,4653,1179
0,22695,1157,4662,1180
0,22696,1157,4551,1181
0,22697,1157,4655,1182
0,22698,1157,4654,1183
0,22699,1157,4653,1184
0,22700,1157,4659,1185
0,22701,1157,4654,1186
0,22702,1157,4551,1187
0,22703,1157,4663,1188
0,22704,1157,4662,1189
0,22705,1157,4663,1190
0,22706,1157,4671,1191
0,22707,1157,4651,1192
0,22708,1157,4664,1193
0,22709,1157,4653,1194
0,22710,1165,4663,1005
0,22711,1165,4669,1006
0,22712,1165,4666,1007
0,22713,1165,4664,1008
0,22714,1165,4551,1009
0,22715,1165,4672,1015
0,22716,1165,4656,1016
0,22717,1165,4671,1017
0,22718,1165,4652,1018
0,22719,1165,4674,1019
0,22720,1165,4671,1025
0,22721,1165,4667,1026
0,22722,1165,4665,1027
0,22723,1165,4672,1028
0,22724,1165,4664,1029
0,22725,1165,4665,1035
0,22726,1165,4672,1036
0,22727,1165,4663,1037
0,22728,1165,4551,1038
0,22729,1165,4674,1039
0,22730,1165,4669,1045
0,22731,1165,4651,1046
0,22732,1165,4668,1047
0,22733,1165,4654,1048
0,22734,1165,4667,1049
0,22735,1165,4653,1055
0,22736,1165,4666,1056
0,22737,1165,4659,1057
0,22738,1165,4665,1058
0,22739,1165,4654,1059
0,22740,1165,4659,1065
0,22741,1165,4662,1066
0,22742,1165,4551,1067
0,22743,1165,4657,1068
0,22744,1165,4656,1069
0,22745,1165,4672,1075
0,22746,1165,4652,1076
0,22747,1165,4677,1077
0,22748,1165,4671,1078
0,22749,1165,4663,1079
0,22750,1165,4665,1115
0,22751,1165,4671,1116
0,22752,1165,4656,1117
0,22753,1165,4653,1118
0,22754,1165,4663,1119
0,22755,1165,4666,1120
0,22756,1165,4669,1121
0,22757,1165,4551,1122
0,22758,1165,4665,1123
0,22759,1165,4672,1124
0,22760,1165,4659,1125
0,22761,1165,4651,1126
0,22762,1165,4672,1127
0,22763,1165,4669,1128
0,22764,1165,4659,1129
0,22765,1165,4653,1130
0,22766,1165,4667,1131
0,22767,1165,4667,1132
0,22768,1165,4652,1133
0,22769,1165,4655,1134
0,22770,1165,4669,1175
0,22771,1165,4657,1176
0,22772,1165,4663,1177
0,22773,1165,4659,1178
0,22774,1165,4655,1179
0,22775,1165,4667,1180
0,22776,1165,4662,1181
0,22777,1165,4659,1182
0,22778,1165,4662,1183
0,22779,1165,4666,1184
0,22780,1165,4662,1185
0,22781,1165,4669,1186
0,22782,1165,4666,1187
0,22783,1165,4657,1188
0,22784,1165,4671,1189
0,22785,1165,4665,1190
0,22786,1165,4674,1191
0,22787,1165,4657,1192
0,22788,1165,4651,1193
0,22789,1165,4655,1194
0,22790,1150,5100,1005
8,22791,1150,5110,1006
0,22792,1150,5100,1007
0,22793,1150,5115,1008
0,22794,1150,5105,1009
4,22795,1150,5110,1015
0,22796,1150,5100,1016
2,22797,1150,5110,1017
7,22798,1150,5110,1018
0,22799,1150,5115,1019
0,22800,1150,5100,1025
0,22801,1150,5100,1026
0,22802,1150,5100,1027
6,22803,1150,5110,1028
0,22804,1150,5100,1029
0,22805,1150,5115,1035
7,22806,1150,5110,1036
0,22807,1150,5100,1037
0,22808,1150,5100,1038
0,22809,1150,5100,1039
0,22810,1150,5100,1045
1,22811,1150,5110,1046
2,22812,1150,5110,1047
0,22813,1150,5100,1048
0,22814,1150,5100,1049
0,22815,1150,5105,1055
7,22816,1150,5110,1056
1,22817,1150,5105,1057
6,22818,1150,5110,1058
7,22819,1150,5110,1059
8,22820,1150,5110,1065
0,22821,1150,5100,1066
0,22822,1150,5110,1067
0,22823,1150,5100,1068
0,22824,1150,5115,1069
0,22825,1150,5100,1075
0,22826,1150,5105,1076
0,22827,1150,5100,1077
0,22828,1150,5100,1078
0,22829,1150,5115,1079
0,22830,1150,5100,1115
0,22831,1150,5100,1116
1,22832,1150,5105,1117
0,22833,1150,5105,1118
0,22834,1150,5100,1119
0,22835,1150,5100,1120
0,22836,1150,5115,1121
0,22837,1150,5100,1122
0,22838,1150,5105,1123
9,22839,1150,5110,1124
0,22840,1150,5100,1125
0,22841,1150,5115,1126
0,22842,1150,5100,1127
9,22843,1150,5110,1128
2,22844,1150,5110,1129
0,22845,1150,5100,1130
0,22846,1150,5110,1131
0,22847,1150,5100,1132
0,22848,1150,5100,1133
0,22849,1150,5100,1134
8,22850,1150,5110,1175
0,22851,1150,5115,1176
0,22852,1150,5115,1177
0,22853,1150,5100,1178
0,22854,1150,5100,1179
7,22855,1150,5110,1180
0,22856,1150,5100,1181
2,22857,1150,5110,1182
8,22858,1150,5110,1183
0,22859,1150,5115,1184
0,22860,1150,5100,1185
0,22861,1150,5100,1186
0,22862,1150,5115,1187
0,22863,1150,5110,1188
2,22864,1150,5110,1189
0,22865,1150,5100,1190
0,22866,1150,5100,1191
0,22867,1150,5100,1192
0,22868,1150,5100,1193
8,22869,1150,5110,1194
0,22870,1153,5100,1005
0,22871,1153,5100,1006
0,22872,1153,5100,1007
0,22873,1153,5100,1008
0,22874,1153,5100,1009
0,22875,1153,5105,1015
7,22876,1153,5110,1016
0,22877,1153,5100,1017
0,22878,1153,5100,1018
0,22879,1153,5100,1019
0,22880,1153,5100,1025
0,22881,1153,5100,1026
4,22882,1153,5110,1027
0,22883,1153,5100,1028
0,22884,1153,5100,1029
0,22885,1153,5100,1035
0,22886,1153,5100,1036
0,22887,1153,5100,1037
0,22888,1153,5100,1038
0,22889,1153,5100,1039
0,22890,1153,5100,1045
0,22891,1153,5115,1046
0,22892,1153,5100,1047
0,22893,1153,5100,1048
3,22894,1153,5110,1049
0,22895,1153,5100,1055
0,22896,1153,5100,1056
4,22897,1153,5110,1057
0,22898,1153,5100,1058
0,22899,1153,5100,1059
0,22900,1153,5100,1065
0,22901,1153,5105,1066
0,22902,1153,5115,1067
0,22903,1153,5110,1068
0,22904,1153,5100,1069
0,22905,1153,5100,1075
2,22906,1153,5110,1076
0,22907,1153,5115,1077
0,22908,1153,5105,1078
4,22909,1153,5110,1079
0,22910,1153,5100,1115
0,22911,1153,5100,1116
0,22912,1153,5100,1117
7,22913,1153,5110,1118
0,22914,1153,5105,1119
1,22915,1153,5110,1120
8,22916,1153,5110,1121
0,22917,1153,5115,1122
0,22918,1153,5100,1123
0,22919,1153,5115,1124
5,22920,1153,5110,1125
0,22921,1153,5100,1126
0,22922,1153,5105,1127
0,22923,1153,5100,1128
0,22924,1153,5100,1129
0,22925,1153,5100,1130
0,22926,1153,5100,1131
3,22927,1153,5110,1132
4,22928,1153,5110,1133
1,22929,1153,5110,1134
0,22930,1153,5100,1175
0,22931,1153,5100,1176
0,22932,1153,5100,1177
9,22933,1153,5110,1178
0,22934,1153,5115,1179
0,22935,1153,5105,1180
0,22936,1153,5100,1181
0,22937,1153,5100,1182
0,22938,1153,5100,1183
0,22939,1153,5100,1184
0,22940,1153,5105,1185
0,22941,1153,5100,1186
0,22942,1153,5100,1187
1,22943,1153,5110,1188
3,22944,1153,5110,1189
0,22945,1153,5105,1190
5,22946,1153,5110,1191
0,22947,1153,5100,1192
0,22948,1153,5100,1193
0,22949,1153,5100,1194
0,22950,1103,4654,1005
0,22951,1103,4654,1006
0,22952,1103,4667,1007
0,22953,1103,4674,1008
0,22954,1103,4656,1009
0,22955,1103,4653,1015
0,22956,1103,4653,1016
0,22957,1103,4674,1017
0,22958,1103,4654,1018
0,22959,1103,4654,1019
0,22960,1103,4663,1025
0,22961,1103,4674,1026
0,22962,1103,4653,1027
0,22963,1103,4652,1028
0,22964,1103,4653,1029
0,22965,1103,4664,1035
0,22966,1103,4667,1036
0,22967,1103,4664,1037
0,22968,1103,4663,1038
0,22969,1103,4666,1039
0,22970,1103,4664,1045
0,22971,1103,4654,1046
0,22972,1103,4654,1047
0,22973,1103,4664,1048
0,22974,1103,4654,1049
0,22975,1103,4654,1055
0,22976,1103,4652,1056
0,22977,1103,4667,1057
0,22978,1103,4668,1058
0,22979,1103,4656,1059
0,22980,1103,4652,1065
0,22981,1103,4668,1066
0,22982,1103,4674,1067
0,22983,1103,4653,1068
0,22984,1103,4667,1069
0,22985,1103,4663,1075
0,22986,1103,4654,1076
0,22987,1103,4668,1077
0,22988,1103,4653,1078
0,22989,1103,4667,1079
0,22990,1103,4652,1115
0,22991,1103,4653,1116
0,22992,1103,4666,1117
0,22993,1103,4652,1118
0,22994,1103,4667,1119
0,22995,1103,4656,1120
0,22996,1103,4653,1121
0,22997,1103,4653,1122
0,22998,1103,4653,1123
0,22999,1103,4667,1124
0,23000,1103,4656,1125
0,23001,1103,4656,1126
0,23002,1103,4674,1127
0,23003,1103,4663,1128
0,23004,1103,4668,1129
0,23005,1103,4652,1130
0,23006,1103,4653,1131
0,23007,1103,4668,1132
0,23008,1103,4667,1133
0,23009,1103,4668,1134
0,23010,1103,4668,1175
0,23011,1103,4652,1176
0,23012,1103,4652,1177
0,23013,1103,4653,1178
0,23014,1103,4656,1179
0,23015,1103,4666,1180
0,23016,1103,4674,1181
0,23017,1103,4652,1182
0,23018,1103,4666,1183
0,23019,1103,4664,1184
0,23020,1103,4664,1185
0,23021,1103,4656,1186
0,23022,1103,4667,1187
0,23023,1103,4654,1188
0,23024,1103,4656,1189
0,23025,1103,4668,1190
0,23026,1103,4663,1191
0,23027,1103,4654,1192
0,23028,1103,4668,1193
0,23029,1103,4663,1194
0,23030,1135,5368,1005
0,23031,1138,5370,1005
0,23032,1135,5368,1006
0,23033,1138,5371,1006
0,23034,1135,5367,1007
0,23035,1138,5372,1007
0,23036,1135,5368,1008
0,23037,1138,5370,1008
0,23038,1135,5367,1009
0,23039,1138,5372,1009
0,23040,1135,5368,1015
0,23041,1138,5370,1015
0,23042,1135,5368,1016
0,23043,1138,5371,1016
0,23044,1135,5367,1017
0,23045,1138,5372,1017
0,23046,1135,5367,1018
0,23047,1138,5370,1018
0,23048,1135,5367,1019
0,23049,1138,5371,1019
0,23050,1135,5368,1025
0,23051,1138,5372,1025
0,23052,1135,5368,1026
0,23053,1138,5370,1026
0,23054,1135,5367,1027
0,23055,1138,5372,1027
0,23056,1135,5368,1028
0,23057,1138,5371,1028
0,23058,1135,5367,1029
0,23059,1138,5371,1029
0,23060,1135,5368,1035
0,23061,1138,5372,1035
0,23062,1135,5367,1036
0,23063,1138,5370,1036
0,23064,1135,5367,1037
0,23065,1138,5371,1037
0,23066,1135,5368,1038
0,23067,1138,5370,1038
0,23068,1135,5367,1039
0,23069,1138,5372,1039
0,23070,1135,5368,1045
0,23071,1138,5371,1045
0,23072,1135,5368,1046
0,23073,1138,5371,1046
0,23074,1135,5367,1047
0,23075,1138,5370,1047
0,23076,1135,5367,1048
0,23077,1138,5372,1048
0,23078,1135,5368,1049
0,23079,1138,5370,1049
0,23080,1135,5367,1055
0,23081,1138,5371,1055
0,23082,1135,5367,1056
0,23083,1138,5372,1056
0,23084,1135,5367,1057
0,23085,1138,5370,1057
0,23086,1135,5368,1058
0,23087,1138,5372,1058
0,23088,1135,5368,1059
0,23089,1138,5371,1059
0,23090,1135,5368,1065
0,23091,1138,5371,1065
0,23092,1135,5368,1066
0,23093,1138,5370,1066
0,23094,1135,5367,1067
0,23095,1138,5372,1067
0,23096,1135,5368,1068
0,23097,1138,5372,1068
0,23098,1135,5367,1069
0,23099,1138,5370,1069
0,23100,1135,5368,1075
0,23101,1138,5370,1075
0,23102,1135,5367,1076
0,23103,1138,5371,1076
0,23104,1135,5367,1077
0,23105,1138,5372,1077
0,23106,1135,5367,1078
0,23107,1138,5370,1078
0,23108,1135,5368,1079
0,23109,1138,5371,1079
0,23110,1135,5367,1115
0,23111,1138,5371,1115
0,23112,1135,5367,1116
0,23113,1138,5371,1116
0,23114,1135,5367,1117
0,23115,1138,5371,1117
0,23116,1135,5367,1118
0,23117,1138,5371,1118
0,23118,1135,5367,1119
0,23119,1138,5372,1119
0,23120,1135,5368,1120
0,23121,1138,5370,1120
0,23122,1135,5368,1121
0,23123,1138,5370,1121
0,23124,1135,5368,1122
0,23125,1138,5370,1122
0,23126,1135,5367,1123
0,23127,1138,5372,1123
0,23128,1135,5367,1124
0,23129,1138,5370,1124
0,23130,1135,5368,1125
0,23131,1138,5370,1125
0,23132,1135,5367,1126
0,23133,1138,5371,1126
0,23134,1135,5368,1127
0,23135,1138,5370,1127
0,23136,1135,5368,1128
0,23137,1138,5371,1128
0,23138,1135,5368,1129
0,23139,1138,5371,1129
0,23140,1135,5368,1130
0,23141,1138,5372,1130
0,23142,1135,5367,1131
0,23143,1138,5372,1131
0,23144,1135,5368,1132
0,23145,1138,5372,1132
0,23146,1135,5367,1133
0,23147,1138,5372,1133
0,23148,1135,5368,1134
0,23149,1138,5371,1134
0,23150,1135,5368,1175
0,23151,1138,5370,1175
0,23152,1135,5367,1176
0,23153,1138,5371,1176
0,23154,1135,5367,1177
0,23155,1138,5372,1177
0,23156,1135,5367,1178
0,23157,1138,5370,1178
0,23158,1135,5368,1179
0,23159,1138,5371,1179
0,23160,1135,5368,1180
0,23161,1138,5371,1180
0,23162,1135,5367,1181
0,23163,1138,5372,1181
0,23164,1135,5368,1182
0,23165,1138,5372,1182
0,23166,1135,5367,1183
0,23167,1138,5371,1183
0,23168,1135,5368,1184
0,23169,1138,5371,1184
0,23170,1135,5367,1185
0,23171,1138,5372,1185
0,23172,1135,5368,1186
0,23173,1138,5372,1186
0,23174,1135,5368,1187
0,23175,1138,5370,1187
0,23176,1135,5367,1188
0,23177,1138,5371,1188
0,23178,1135,5368,1189
0,23179,1138,5372,1189
0,23180,1135,5368,1190
0,23181,1138,5370,1190
0,23182,1135,5367,1191
0,23183,1138,5372,1191
0,23184,1135,5367,1192
0,23185,1138,5370,1192
0,23186,1135,5368,1193
0,23187,1138,5370,1193
0,23188,1135,5367,1194
0,23189,1138,5372,1194
0,23190,1136,5382,1005
0,23191,1139,5386,1005
0,23192,1136,5382,1006
0,23193,1139,5388,1006
0,23194,1136,5380,1007
0,23195,1139,5390,1007
0,23196,1136,5382,1008
0,23197,1139,5386,1008
0,23198,1136,5380,1009
0,23199,1139,5390,1009
0,23200,1136,5382,1015
0,23201,1139,5386,1015
0,23202,1136,5382,1016
0,23203,1139,5388,1016
0,23204,1136,5380,1017
0,23205,1139,5390,1017
0,23206,1136,5380,1018
0,23207,1139,5386,1018
0,23208,1136,5380,1019
0,23209,1139,5388,1019
0,23210,1136,5382,1025
0,23211,1139,5390,1025
0,23212,1136,5382,1026
0,23213,1139,5386,1026
0,23214,1136,5380,1027
0,23215,1139,5390,1027
0,23216,1136,5382,1028
0,23217,1139,5388,1028
0,23218,1136,5380,1029
0,23219,1139,5388,1029
0,23220,1136,5382,1035
0,23221,1139,5390,1035
0,23222,1136,5380,1036
0,23223,1139,5386,1036
0,23224,1136,5380,1037
0,23225,1139,5388,1037
0,23226,1136,5382,1038
0,23227,1139,5386,1038
0,23228,1136,5380,1039
0,23229,1139,5390,1039
0,23230,1136,5382,1045
0,23231,1139,5388,1045
0,23232,1136,5382,1046
0,23233,1139,5388,1046
0,23234,1136,5380,1047
0,23235,1139,5386,1047
0,23236,1136,5380,1048
0,23237,1139,5390,1048
0,23238,1136,5382,1049
0,23239,1139,5386,1049
0,23240,1136,5380,1055
0,23241,1139,5388,1055
0,23242,1136,5380,1056
0,23243,1139,5390,1056
0,23244,1136,5380,1057
0,23245,1139,5386,1057
0,23246,1136,5382,1058
0,23247,1139,5390,1058
0,23248,1136,5382,1059
0,23249,1139,5388,1059
0,23250,1136,5382,1065
0,23251,1139,5388,1065
0,23252,1136,5382,1066
0,23253,1139,5386,1066
0,23254,1136,5380,1067
0,23255,1139,5390,1067
0,23256,1136,5382,1068
0,23257,1139,5390,1068
0,23258,1136,5380,1069
0,23259,1139,5386,1069
0,23260,1136,5382,1075
0,23261,1139,5386,1075
0,23262,1136,5380,1076
0,23263,1139,5388,1076
0,23264,1136,5380,1077
0,23265,1139,5390,1077
0,23266,1136,5380,1078
0,23267,1139,5386,1078
0,23268,1136,5382,1079
0,23269,1139,5388,1079
0,23270,1136,5380,1115
0,23271,1139,5388,1115
0,23272,1136,5380,1116
0,23273,1139,5388,1116
0,23274,1136,5380,1117
0,23275,1139,5388,1117
0,23276,1136,5380,1118
0,23277,1139,5388,1118
0,23278,1136,5380,1119
0,23279,1139,5390,1119
0,23280,1136,5382,1120
0,23281,1139,5386,1120
0,23282,1136,5382,1121
0,23283,1139,5386,1121
0,23284,1136,5382,1122
0,23285,1139,5386,1122
0,23286,1136,5380,1123
0,23287,1139,5390,1123
0,23288,1136,5380,1124
0,23289,1139,5386,1124
0,23290,1136,5382,1125
0,23291,1139,5386,1125
0,23292,1136,5380,1126
0,23293,1139,5388,1126
0,23294,1136,5382,1127
0,23295,1139,5386,1127
0,23296,1136,5382,1128
0,23297,1139,5388,1128
0,23298,1136,5382,1129
0,23299,1139,5388,1129
0,23300,1136,5382,1130
0,23301,1139,5390,1130
0,23302,1136,5380,1131
0,23303,1139,5390,1131
0,23304,1136,5382,1132
0,23305,1139,5390,1132
0,23306,1136,5380,1133
0,23307,1139,5390,1133
0,23308,1136,5382,1134
0,23309,1139,5388,1134
0,23310,1136,5382,1175
0,23311,1139,5386,1175
0,23312,1136,5380,1176
0,23313,1139,5388,1176
0,23314,1136,5380,1177
0,23315,1139,5390,1177
0,23316,1136,5380,1178
0,23317,1139,5386,1178
0,23318,1136,5382,1179
0,23319,1139,5388,1179
0,23320,1136,5382,1180
0,23321,1139,5388,1180
0,23322,1136,5380,1181
0,23323,1139,5390,1181
0,23324,1136,5382,1182
0,23325,1139,5390,1182
0,23326,1136,5380,1183
0,23327,1139,5388,1183
0,23328,1136,5382,1184
0,23329,1139,5388,1184
0,23330,1136,5380,1185
0,23331,1139,5390,1185
0,23332,1136,5382,1186
0,23333,1139,5390,1186
0,23334,1136,5382,1187
0,23335,1139,5386,1187
0,23336,1136,5380,1188
0,23337,1139,5388,1188
0,23338,1136,5382,1189
0,23339,1139,5390,1189
0,23340,1136,5382,1190
0,23341,1139,5386,1190
0,23342,1136,5380,1191
0,23343,1139,5390,1191
0,23344,1136,5380,1192
0,23345,1139,5386,1192
0,23346,1136,5382,1193
0,23347,1139,5386,1193
0,23348,1136,5380,1194
0,23349,1139,5390,1194
0,23350,1137,5383,1005
0,23351,1140,5387,1005
0,23352,1137,5383,1006
0,23353,1140,5389,1006
0,23354,1137,5381,1007
0,23355,1140,5391,1007
0,23356,1137,5383,1008
0,23357,1140,5387,1008
0,23358,1137,5381,1009
0,23359,1140,5391,1009
0,23360,1137,5383,1015
0,23361,1140,5387,1015
0,23362,1137,5383,1016
0,23363,1140,5389,1016
0,23364,1137,5381,1017
0,23365,1140,5391,1017
0,23366,1137,5381,1018
0,23367,1140,5387,1018
0,23368,1137,5381,1019
0,23369,1140,5389,1019
0,23370,1137,5383,1025
0,23371,1140,5391,1025
0,23372,1137,5383,1026
0,23373,1140,5387,1026
0,23374,1137,5381,1027
0,23375,1140,5391,1027
0,23376,1137,5383,1028
0,23377,1140,5389,1028
0,23378,1137,5381,1029
0,23379,1140,5389,1029
0,23380,1137,5383,1035
0,23381,1140,5391,1035
0,23382,1137,5381,1036
0,23383,1140,5387,1036
0,23384,1137,5381,1037
0,23385,1140,5389,1037
0,23386,1137,5383,1038
0,23387,1140,5387,1038
0,23388,1137,5381,1039
0,23389,1140,5391,1039
0,23390,1137,5383,1045
0,23391,1140,5389,1045
0,23392,1137,5383,1046
0,23393,1140,5389,1046
0,23394,1137,5381,1047
0,23395,1140,5387,1047
0,23396,1137,5381,1048
0,23397,1140,5391,1048
0,23398,1137,5383,1049
0,23399,1140,5387,1049
0,23400,1137,5381,1055
0,23401,1140,5389,1055
0,23402,1137,5381,1056
0,23403,1140,5391,1056
0,23404,1137,5381,1057
0,23405,1140,5387,1057
0,23406,1137,5383,1058
0,23407,1140,5391,1058
0,23408,1137,5383,1059
0,23409,1140,5389,1059
0,23410,1137,5383,1065
0,23411,1140,5389,1065
0,23412,1137,5383,1066
0,23413,1140,5387,1066
0,23414,1137,5381,1067
0,23415,1140,5391,1067
0,23416,1137,5383,1068
0,23417,1140,5391,1068
0,23418,1137,5381,1069
0,23419,1140,5387,1069
0,23420,1137,5383,1075
0,23421,1140,5387,1075
0,23422,1137,5381,1076
0,23423,1140,5389,1076
0,23424,1137,5381,1077
0,23425,1140,5391,1077
0,23426,1137,5381,1078
0,23427,1140,5387,1078
0,23428,1137,5383,1079
0,23429,1140,5389,1079
0,23430,1137,5381,1115
0,23431,1140,5389,1115
0,23432,1137,5381,1116
0,23433,1140,5389,1116
0,23434,1137,5381,1117
0,23435,1140,5389,1117
0,23436,1137,5381,1118
0,23437,1140,5389,1118
0,23438,1137,5381,1119
0,23439,1140,5391,1119
0,23440,1137,5383,1120
0,23441,1140,5387,1120
0,23442,1137,5383,1121
0,23443,1140,5387,1121
0,23444,1137,5383,1122
0,23445,1140,5387,1122
0,23446,1137,5381,1123
0,23447,1140,5391,1123
0,23448,1137,5381,1124
0,23449,1140,5387,1124
0,23450,1137,5383,1125
0,23451,1140,5387,1125
0,23452,1137,5381,1126
0,23453,1140,5389,1126
0,23454,1137,5383,1127
0,23455,1140,5387,1127
0,23456,1137,5383,1128
0,23457,1140,5389,1128
0,23458,1137,5383,1129
0,23459,1140,5389,1129
0,23460,1137,5383,1130
0,23461,1140,5391,1130
0,23462,1137,5381,1131
0,23463,1140,5391,1131
0,23464,1137,5383,1132
0,23465,1140,5391,1132
0,23466,1137,5381,1133
0,23467,1140,5391,1133
0,23468,1137,5383,1134
0,23469,1140,5389,1134
0,23470,1137,5383,1175
0,23471,1140,5387,1175
0,23472,1137,5381,1176
0,23473,1140,5389,1176
0,23474,1137,5381,1177
0,23475,1140,5391,1177
0,23476,1137,5381,1178
0,23477,1140,5387,1178
0,23478,1137,5383,1179
0,23479,1140,5389,1179
0,23480,1137,5383,1180
0,23481,1140,5389,1180
0,23482,1137,5381,1181
0,23483,1140,5391,1181
0,23484,1137,5383,1182
0,23485,1140,5391,1182
0,23486,1137,5381,1183
0,23487,1140,5389,1183
0,23488,1137,5383,1184
0,23489,1140,5389,1184
0,23490,1137,5381,1185
0,23491,1140,5391,1185
0,23492,1137,5383,1186
0,23493,1140,5391,1186
0,23494,1137,5383,1187
0,23495,1140,5387,1187
0,23496,1137,5381,1188
0,23497,1140,5389,1188
0,23498,1137,5383,1189
0,23499,1140,5391,1189
0,23500,1137,5383,1190
0,23501,1140,5387,1190
0,23502,1137,5381,1191
0,23503,1140,5391,1191
0,23504,1137,5381,1192
0,23505,1140,5387,1192
0,23506,1137,5383,1193
0,23507,1140,5387,1193
0,23508,1137,5381,1194
0,23509,1140,5391,1194
1,23510,1152,5110,1005
0,23511,1152,5100,1006
0,23512,1152,5110,1007
1,23513,1152,5110,1008
9,23514,1152,5110,1009
0,23515,1152,5100,1015
0,23516,1152,5100,1016
0,23517,1152,5100,1017
0,23518,1152,5105,1018
6,23519,1152,5110,1019
0,23520,1152,5115,1025
7,23521,1152,5110,1026
0,23522,1152,5100,1027
0,23523,1152,5115,1028
0,23524,1152,5105,1029
0,23525,1152,5100,1035
0,23526,1152,5100,1036
8,23527,1152,5110,1037
0,23528,1152,5110,1038
3,23529,1152,5110,1039
1,23530,1152,5110,1045
0,23531,1152,5100,1046
3,23532,1152,5110,1047
1,23533,1152,5105,1048
0,23534,1152,5100,1049
0,23535,1152,5100,1055
0,23536,1152,5115,1056
0,23537,1152,5100,1057
0,23538,1152,5100,1058
0,23539,1152,5105,1059
0,23540,1152,5115,1065
0,23541,1152,5100,1066
0,23542,1152,5100,1067
0,23543,1152,5100,1068
1,23544,1152,5110,1069
0,23545,1152,5115,1075
0,23546,1152,5100,1076
0,23547,1152,5100,1077
0,23548,1152,5100,1078
0,23549,1152,5100,1079
6,23550,1152,5110,1115
0,23551,1152,5115,1116
0,23552,1152,5100,1117
0,23553,1152,5100,1118
0,23554,1152,5100,1119
0,23555,1152,5100,1120
0,23556,1152,5100,1121
0,23557,1152,5100,1122
2,23558,1152,5110,1123
0,23559,1152,5100,1124
0,23560,1152,5100,1125
0,23561,1152,5100,1126
0,23562,1152,5100,1127
0,23563,1152,5115,1128
1,23564,1152,5105,1129
0,23565,1152,5115,1130
0,23566,1152,5100,1131
0,23567,1152,5100,1132
0,23568,1152,5100,1133
0,23569,1152,5100,1134
0,23570,1152,5115,1175
0,23571,1152,5100,1176
0,23572,1152,5100,1177
0,23573,1152,5100,1178
0,23574,1152,5100,1179
0,23575,1152,5100,1180
1,23576,1152,5105,1181
0,23577,1152,5100,1182
0,23578,1152,5100,1183
8,23579,1152,5110,1184
0,23580,1152,5100,1185
0,23581,1152,5105,1186
9,23582,1152,5110,1187
0,23583,1152,5100,1188
0,23584,1152,5100,1189
0,23585,1152,5100,1190
0,23586,1152,5100,1191
0,23587,1152,5115,1192
0,23588,1152,5115,1193
0,23589,1152,5105,1194
0,23590,1151,5105,1005
0,23591,1151,5105,1006
0,23592,1151,5105,1007
0,23593,1151,5100,1008
0,23594,1151,5100,1009
0,23595,1151,5100,1015
0,23596,1151,5115,1016
0,23597,1151,5115,1017
0,23598,1151,5100,1018
0,23599,1151,5100,1019
3,23600,1151,5110,1025
0,23601,1151,5115,1026
0,23602,1151,5105,1027
0,23603,1151,5100,1028
5,23604,1151,5110,1029
8,23605,1151,5110,1035
6,23606,1151,5110,1036
9,23607,1151,5110,1037
0,23608,1151,5115,1038
0,23609,1151,5115,1039
0,23610,1151,5115,1045
0,23611,1151,5100,1046
0,23612,1151,5100,1047
2,23613,1151,5110,1048
0,23614,1151,5115,1049
4,23615,1151,5110,1055
0,23616,1151,5100,1056
0,23617,1151,5100,1057
5,23618,1151,5110,1058
0,23619,1151,5100,1059
0,23620,1151,5100,1065
9,23621,1151,5110,1066
0,23622,1151,5100,1067
0,23623,1151,5105,1068
0,23624,1151,5100,1069
5,23625,1151,5110,1075
0,23626,1151,5100,1076
3,23627,1151,5110,1077
9,23628,1151,5110,1078
0,23629,1151,5100,1079
5,23630,1151,5110,1115
0,23631,1151,5110,1116
8,23632,1151,5110,1117
0,23633,1151,5100,1118
8,23634,1151,5110,1119
0,23635,1151,5105,1120
0,23636,1151,5100,1121
9,23637,1151,5110,1122
0,23638,1151,5100,1123
0,23639,1151,5100,1124
0,23640,1151,5105,1125
0,23641,1151,5110,1126
1,23642,1151,5110,1127
0,23643,1151,5100,1128
0,23644,1151,5100,1129
3,23645,1151,5110,1130
0,23646,1151,5115,1131
0,23647,1151,5105,1132
0,23648,1151,5105,1133
0,23649,1151,5105,1134
0,23650,1151,5100,1175
5,23651,1151,5110,1176
1,23652,1151,5110,1177
0,23653,1151,5105,1178
6,23654,1151,5110,1179
0,23655,1151,5100,1180
9,23656,1151,5110,1181
0,23657,1151,5115,1182
0,23658,1151,5115,1183
0,23659,1151,5100,1184
9,23660,1151,5110,1185
9,23661,1151,5110,1186
0,23662,1151,5100,1187
0,23663,1151,5100,1188
0,23664,1151,5100,1189
4,23665,1151,5110,1190
0,23666,1151,5105,1191
6,23667,1151,5110,1192
7,23668,1151,5110,1193
0,23669,1151,5100,1194
0,23670,1210,5399,1005
0,23671,1210,5399,1008
0,23672,1210,5399,1017
0,23673,1210,5399,1039
0,23674,1210,5399,1048
0,23675,1210,5399,1067
0,23676,1210,5399,1115
0,23677,1210,5399,1128
0,23678,1210,5399,1184
0,23679,1210,5399,1192
0,23680,1202,5305,1006
0,23681,1202,5300,1015
0,23682,1202,5305,1019
0,23683,1202,5300,1027
0,23684,1202,4552,1029
0,23685,1202,4553,1037
0,23686,1202,5305,1038
0,23687,1202,4553,1045
0,23688,1202,4555,1055
0,23689,1202,5300,1057
0,23690,1202,4555,1066
0,23691,1202,4552,1067
0,23692,1202,5300,1077
0,23693,1202,5305,1079
0,23694,1202,5300,1116
0,23695,1202,5305,1119
0,23696,1202,5300,1125
0,23697,1202,5305,1126
0,23698,1202,5300,1129
0,23699,1202,5300,1131
0,23700,1202,5300,1132
0,23701,1202,5300,1133
0,23702,1202,5305,1134
0,23703,1202,4552,1176
0,23704,1202,5305,1178
0,23705,1202,5300,1179
0,23706,1202,4555,1180
0,23707,1202,4555,1186
0,23708,1202,5305,1187
0,23709,1202,4552,1188
0,23710,1202,4553,1192
0,23711,1200,5305,1006
0,23712,1200,5300,1015
0,23713,1200,5305,1019
0,23714,1200,5300,1027
0,23715,1200,4552,1029
0,23716,1200,4553,1037
0,23717,1200,5305,1038
0,23718,1200,4553,1045
0,23719,1200,4555,1055
0,23720,1200,5300,1057
0,23721,1200,4555,1066
0,23722,1200,4552,1067
0,23723,1200,5300,1077
0,23724,1200,5305,1079
0,23725,1200,5300,1116
0,23726,1200,5305,1119
0,23727,1200,5300,1125
0,23728,1200,5305,1126
0,23729,1200,5300,1129
0,23730,1200,5300,1131
0,23731,1200,5300,1132
0,23732,1200,5300,1133
0,23733,1200,5305,1134
0,23734,1200,4552,1176
0,23735,1200,5305,1178
0,23736,1200,5300,1179
0,23737,1200,4555,1180
0,23738,1200,4555,1186
0,23739,1200,5305,1187
0,23740,1200,4552,1188
0,23741,1200,4553,1192
0,23742,1201,5305,1006
0,23743,1201,5300,1015
0,23744,1201,5305,1019
0,23745,1201,5300,1027
0,23746,1201,4552,1029
0,23747,1201,4553,1037
0,23748,1201,5305,1038
0,23749,1201,4553,1045
0,23750,1201,4555,1055
0,23751,1201,5300,1057
0,23752,1201,4555,1066
0,23753,1201,4552,1067
0,23754,1201,5300,1077
0,23755,1201,5305,1079
0,23756,1201,5300,1116
0,23757,1201,5305,1119
0,23758,1201,5300,1125
0,23759,1201,5305,1126
0,23760,1201,5300,1129
0,23761,1201,5300,1131
0,23762,1201,5300,1132
0,23763,1201,5300,1133
0,23764,1201,5305,1134
0,23765,1201,4552,1176
0,23766,1201,5305,1178
0,23767,1201,5300,1179
0,23768,1201,4555,1180
0,23769,1201,4555,1186
0,23770,1201,5305,1187
0,23771,1201,4552,1188
0,23772,1201,4553,1192
0,23773,1211,5399,1006
0,23774,1211,5399,1056
0,23775,1211,5399,1058
0,23776,1211,5399,1078
0,23777,1211,5399,1079
0,23778,1211,5399,1117
0,23779,1211,5399,1120
0,23780,1211,5399,1125
0,23781,1211,5399,1127
0,23782,1211,5399,1134
0,23783,1211,5399,1179
0,23784,1211,5399,1185
0,23785,1211,5399,1186
0,23786,1211,5399,1190
0,23787,1174,4940,1015
0,23788,1174,4940,1131
0,23789,1174,4940,1193
0,23790,1212,5399,1015
0,23791,1212,5399,1016
0,23792,1212,5399,1018
0,23793,1212,5399,1025
0,23794,1212,5399,1035
0,23795,1212,5399,1065
0,23796,1212,5399,1131
0,23797,1212,5399,1188
0,23798,1212,5399,1193
0,23799,1176,4940,1027
0,23800,1176,4940,1119
0,23801,1176,4940,1190
0,23802,1213,5399,1027
0,23803,1213,5399,1028
0,23804,1213,5399,1047
0,23805,1213,5399,1055
0,23806,1213,5399,1066
0,23807,1213,5399,1116
0,23808,1213,5399,1132
0,23809,1213,5399,1133
0,23810,1213,5399,1180
0,23811,1213,5399,1181
0,23812,1213,5399,1187
0,23813,1172,4940,1028
0,23814,1172,4940,1035
0,23815,1172,4940,1037
0,23816,1172,4940,1184
0,23817,1173,4940,1029
0,23818,1173,4940,1118
0,23819,1173,4940,1133
0,23820,1170,4940,1056
0,23821,1170,4940,1120
0,23822,1170,4940,1124
0,23823,1175,4940,1115
0,23824,1175,4940,1125
0,23825,1175,4940,1181
0,23826,1175,4940,1188
0,23827,1171,4940,1117
0,23828,1171,4940,1130
0,23829,1171,4940,1134
0,23830,1171,4940,1175
