patternId:int,variationId:int,variationType:int,attachId:int
0,3810,0,126
0,3030,1,110
0,3030,0,103
0,3810,1,107
0,3210,2,112
0,3220,1,120
0,3210,1,116
0,3410,1,101
0,3430,0,111
0,3410,3,106
0,3410,1,104
0,4341,0,358
0,4100,0,302
0,4100,0,313
0,4100,0,300
0,4500,0,312
0,4000,8,305
0,4340,0,314
0,4300,0,301
0,4691,0,757
0,4664,0,756
0,4942,0,190
0,4674,0,761
0,4663,0,763
0,4656,0,755
0,4654,0,758
0,4662,0,754
0,4659,0,760
0,4672,0,762
0,4655,0,750
0,4657,0,759
0,4651,0,753
0,4605,0,620
0,4601,0,633
0,4600,0,655
0,4606,0,628
0,4603,0,637
0,4604,0,660
0,4602,0,658
0,4601,0,651
0,4603,0,659
0,4603,0,644
0,4600,0,645
0,4601,0,662
0,4604,0,616
0,4603,0,617
0,4605,0,643
0,4600,0,653
0,4603,0,654
0,4604,0,621
0,4603,0,627
0,4605,0,646
0,4603,0,632
0,4602,0,641
0,4602,0,661
0,4601,0,622
0,4604,0,650
0,4600,0,619
0,4601,0,648
0,4600,0,647
0,4600,0,618
0,4600,0,634
0,4601,0,638
0,4606,0,652
0,4601,0,623
0,4606,0,630
0,4602,0,640
0,4604,0,642
0,4606,0,639
0,4606,0,656
0,4606,0,631
0,4606,0,625
0,4605,0,657
0,4602,0,649
0,4606,0,635
0,4604,0,624
0,4605,0,629
0,4605,0,626
0,4605,0,615
0,4604,0,636
0,4660,5,602
0,4650,3,604
0,4670,3,606
0,4650,4,601
0,4660,4,605
0,4670,1,607
0,4660,6,603
0,3810,1,117
0,3410,1,109
0,3410,3,113
0,3410,3,100
0,3410,1,114
0,4500,0,306
0,4000,6,310
0,4300,0,307
1,3810,1,124
1,3030,1,113
1,3000,0,106
1,3810,0,100
1,3200,0,111
1,3210,0,103
1,3220,0,108
1,3400,2,116
1,3420,0,110
1,3410,0,107
1,3410,0,104
1,4501,0,356
1,4100,0,314
1,4100,0,305
1,4100,0,310
1,4500,0,312
1,4000,9,308
1,4340,0,300
1,4350,1,313
1,4687,0,757
1,4654,0,756
1,4943,0,190
1,4668,0,763
1,4674,0,750
1,4666,0,753
1,4663,0,761
1,4659,0,762
1,4665,0,758
1,4657,0,755
1,4655,0,760
1,4671,0,754
1,4669,0,759
1,4660,4,605
1,4650,5,604
1,4650,3,606
1,4670,4,601
1,4660,2,607
1,4670,0,602
1,4660,5,603
1,4940,0,712
1,3030,1,109
1,3210,0,101
1,3200,0,114
1,3220,0,117
1,3420,0,112
1,4000,6,302
1,4340,0,307
1,4350,1,301
2,3800,0,122
2,3030,1,113
2,3000,1,117
2,3810,1,101
2,3210,0,111
2,3200,1,120
2,3210,1,104
2,3410,2,108
2,3420,0,110
2,3410,3,103
2,3420,0,116
2,4301,0,351
2,4100,0,307
2,4100,0,314
2,4100,0,310
2,4500,0,306
2,4000,4,305
2,4350,1,312
2,4340,1,308
2,4688,0,757
2,4664,0,756
2,4941,0,190
2,4658,0,754
2,4663,0,763
2,4668,0,755
2,4652,0,760
2,4677,0,759
2,4655,0,753
2,4672,0,750
2,4665,0,762
2,4671,0,761
2,4651,0,758
2,4660,4,605
2,4650,4,606
2,4660,6,604
2,4670,4,601
2,4670,2,607
2,4660,5,602
2,4650,2,603
2,3030,1,106
2,3030,1,109
2,3800,0,112
2,3410,3,107
2,3410,2,114
2,4350,1,300
2,4340,1,302
2,4350,1,313
3,3810,0,129
3,3030,1,104
3,3000,1,110
3,3800,0,114
3,3210,1,101
3,3200,1,106
3,3220,1,116
3,3400,0,120
3,3410,0,112
3,3410,1,100
3,3410,1,113
3,4302,0,364
3,4100,0,306
3,4100,0,305
3,4100,0,313
3,4500,0,307
3,4000,5,302
3,4300,0,312
3,4350,1,310
3,4682,0,757
3,4674,0,756
3,4941,0,190
3,4652,0,754
3,4653,0,761
3,4654,0,763
3,4663,0,750
3,4665,0,759
3,4655,0,762
3,4671,0,755
3,4551,0,760
3,4657,0,753
3,4669,0,758
3,4660,5,604
3,4670,0,605
3,4660,2,602
3,4650,3,607
3,4650,5,601
3,4670,1,606
3,4660,4,603
3,3410,1,109
3,3410,1,117
3,3400,0,103
3,3400,0,108
3,3410,1,107
3,3790,0,308
3,4000,8,300
3,4300,0,301
4,3800,1,125
4,3030,1,107
4,3000,1,101
4,3800,0,111
4,3220,0,110
4,3200,1,116
4,3200,0,113
4,3420,0,104
4,3400,1,117
4,3400,0,106
4,3420,0,109
4,4301,0,357
4,4100,0,306
4,4100,0,301
4,4100,0,310
4,4500,0,312
4,4000,8,305
4,4350,1,313
4,4300,1,308
4,4695,0,757
4,4668,0,756
4,4941,0,190
4,4664,0,762
4,4658,0,754
4,4652,0,759
4,4667,0,750
4,4657,0,760
4,4665,0,753
4,4671,0,763
4,4672,0,758
4,4655,0,755
4,4659,0,761
4,4606,0,646
4,4605,0,661
4,4600,0,619
4,4604,0,653
4,4602,0,642
4,4603,0,625
4,4601,0,657
4,4604,0,627
4,4605,0,617
4,4600,0,628
4,4600,0,638
4,4605,0,662
4,4604,0,632
4,4604,0,654
4,4604,0,647
4,4602,0,660
4,4600,0,618
4,4601,0,615
4,4604,0,648
4,4606,0,629
4,4606,0,651
4,4606,0,624
4,4601,0,623
4,4603,0,630
4,4604,0,633
4,4603,0,649
4,4605,0,631
4,4606,0,635
4,4601,0,626
4,4600,0,639
4,4603,0,621
4,4600,0,655
4,4603,0,643
4,4605,0,659
4,4605,0,645
4,4606,0,616
4,4606,0,620
4,4605,0,644
4,4600,0,656
4,4602,0,636
4,4601,0,658
4,4601,0,641
4,4603,0,622
4,4601,0,650
4,4602,0,634
4,4606,0,640
4,4602,0,652
4,4603,0,637
4,4670,3,606
4,4660,2,602
4,4660,4,605
4,4660,5,601
4,4650,3,607
4,4670,1,604
4,4650,2,603
4,3030,1,112
4,3200,1,103
4,3400,1,120
4,3400,1,100
4,3420,0,114
4,3790,0,314
4,4500,0,302
4,4000,6,300
5,3800,1,126
5,3030,1,100
5,3000,1,111
5,3800,0,109
5,3200,1,106
5,3200,0,112
5,3220,0,120
5,3410,0,104
5,3400,0,117
5,3420,0,114
5,3420,0,103
5,4501,0,358
5,4100,0,301
5,4100,0,307
5,4100,0,312
5,4500,0,306
5,4000,9,300
5,4300,1,310
5,4300,0,313
5,4691,0,757
5,4654,0,756
5,4943,0,190
5,4666,0,759
5,4658,0,755
5,4674,0,762
5,4668,0,754
5,4672,0,758
5,4651,0,753
5,4659,0,761
5,4657,0,763
5,4669,0,750
5,4662,0,760
5,4606,0,657
5,4600,0,650
5,4603,0,652
5,4602,0,627
5,4604,0,626
5,4605,0,635
5,4601,0,616
5,4600,0,618
5,4600,0,617
5,4605,0,658
5,4604,0,619
5,4603,0,659
5,4604,0,655
5,4606,0,624
5,4604,0,636
5,4606,0,662
5,4606,0,648
5,4606,0,631
5,4604,0,643
5,4601,0,656
5,4604,0,647
5,4601,0,622
5,4605,0,645
5,4604,0,644
5,4600,0,660
5,4600,0,661
5,4603,0,651
5,4601,0,625
5,4602,0,642
5,4602,0,629
5,4600,0,620
5,4605,0,639
5,4603,0,641
5,4605,0,621
5,4606,0,632
5,4601,0,653
5,4601,0,638
5,4602,0,634
5,4601,0,633
5,4606,0,628
5,4605,0,637
5,4605,0,615
5,4603,0,646
5,4606,0,623
5,4600,0,640
5,4602,0,654
5,4602,0,630
5,4602,0,649
5,4660,5,606
5,4660,6,604
5,4670,1,601
5,4650,5,607
5,4670,3,602
5,4660,4,605
5,4650,3,603
5,3800,1,107
5,3200,1,116
5,3200,0,113
5,3410,0,101
5,3420,0,110
5,4000,5,314
5,4000,2,305
5,4300,1,302
6,3810,0,124
6,3030,1,113
6,3000,1,100
6,3800,1,101
6,3210,2,117
6,3200,1,109
6,3220,1,103
6,3400,2,104
6,3410,0,111
6,3400,3,106
6,3410,0,107
6,4501,0,356
6,4100,0,300
6,4100,0,308
6,4100,0,313
6,4500,0,302
6,4000,3,314
6,4300,0,312
6,4340,0,301
6,4681,0,757
6,4653,0,756
6,4942,0,190
6,4674,0,753
6,4664,0,758
6,4666,0,761
6,4658,0,762
6,4657,0,755
6,4669,0,754
6,4672,0,759
6,4655,0,760
6,4662,0,763
6,4659,0,750
6,4680,1,607
6,4660,5,604
6,4650,3,605
6,4650,5,602
6,4670,3,601
6,4660,2,606
6,4670,4,603
6,3000,1,116
6,3810,0,114
6,3220,1,112
6,3400,2,110
6,3400,2,108
6,4340,0,310
6,4340,0,305
6,4300,0,307
7,3800,1,128
7,3000,0,107
7,3030,0,111
7,3800,0,117
7,3200,0,112
7,3220,0,104
7,3200,1,101
7,3430,0,100
7,3410,0,109
7,3400,3,103
7,3400,3,113
7,4341,1,362
7,4100,0,308
7,4100,0,300
7,4100,0,313
7,4500,0,310
7,4000,4,302
7,4350,1,307
7,4300,0,314
7,4688,0,757
7,4654,0,756
7,4943,0,190
7,4674,0,760
7,4664,0,759
7,4668,0,754
7,4658,0,763
7,4551,0,761
7,4657,0,750
7,4671,0,762
7,4672,0,753
7,4655,0,758
7,4677,0,755
7,4660,6,602
7,4660,5,605
7,4650,2,607
7,4650,5,606
7,4660,4,604
7,4670,4,601
7,4670,1,603
7,3800,1,116
7,3220,0,110
7,3220,0,106
7,3430,0,108
7,3410,0,120
7,3790,0,305
7,4500,0,306
7,4000,1,301
8,3000,1,121
8,3000,0,116
8,3810,1,103
8,3800,1,100
8,3200,1,120
8,3210,1,112
8,3220,0,108
8,3420,0,107
8,3410,3,110
8,3400,1,114
8,3420,0,113
8,4101,0,350
8,4100,0,307
8,4100,0,301
8,4100,0,314
8,4500,0,313
8,4000,7,302
8,4350,1,310
8,4340,1,308
8,4688,0,757
8,4666,0,756
8,4943,0,190
8,4652,0,760
8,4658,0,755
8,4653,0,763
8,4667,0,758
8,4677,0,750
8,4657,0,754
8,4669,0,759
8,4671,0,762
8,4655,0,761
8,4651,0,753
8,4606,0,658
8,4603,0,639
8,4600,0,618
8,4601,0,626
8,4602,0,622
8,4604,0,645
8,4605,0,631
8,4603,0,660
8,4601,0,651
8,4604,0,615
8,4600,0,629
8,4602,0,661
8,4600,0,621
8,4604,0,640
8,4600,0,652
8,4600,0,634
8,4603,0,647
8,4604,0,623
8,4604,0,630
8,4600,0,617
8,4603,0,625
8,4601,0,641
8,4605,0,646
8,4603,0,636
8,4603,0,662
8,4600,0,633
8,4604,0,624
8,4603,0,642
8,4604,0,632
8,4605,0,653
8,4602,0,648
8,4602,0,650
8,4601,0,654
8,4601,0,619
8,4601,0,620
8,4605,0,628
8,4606,0,656
8,4601,0,659
8,4605,0,627
8,4606,0,643
8,4605,0,637
8,4605,0,638
8,4602,0,649
8,4606,0,657
8,4602,0,616
8,4606,0,635
8,4602,0,655
8,4606,0,644
8,4660,2,604
8,4660,4,601
8,4650,3,607
8,4670,4,605
8,4670,1,606
8,4650,2,602
8,4660,5,603
8,3000,0,106
8,3800,1,109
8,3210,1,117
8,3420,0,104
8,3420,0,111
8,3790,0,306
8,4500,0,305
8,4000,9,312
9,3030,1,126
9,3000,1,111
9,3800,1,104
9,3800,0,120
9,3200,1,107
9,3210,2,116
9,3200,0,112
9,3400,3,110
9,3410,1,114
9,3410,3,113
9,3400,3,100
9,4101,0,358
9,4100,0,305
9,4100,0,306
9,4100,0,300
9,4500,0,302
9,4000,3,310
9,4300,1,301
9,4350,1,312
9,4688,0,757
9,4654,0,756
9,4943,0,190
9,4658,0,755
9,4666,0,754
9,4667,0,759
9,4663,0,763
9,4651,0,760
9,4677,0,753
9,4671,0,750
9,4672,0,762
9,4662,0,758
9,4655,0,761
9,4660,5,607
9,4660,4,606
9,4670,1,601
9,4660,2,602
9,4650,4,604
9,4650,3,605
9,4670,4,603
9,3030,1,101
9,3800,1,117
9,3210,2,103
9,3200,1,106
9,3410,3,109
9,4300,1,307
9,4300,1,314
9,4300,1,313
10,3810,1,121
10,3000,1,117
10,3030,1,107
10,3810,0,110
10,3220,0,100
10,3210,2,120
10,3200,0,113
10,3420,0,106
10,3400,1,104
10,3410,3,111
10,3420,0,109
10,4101,0,350
10,4100,0,307
10,4100,0,313
10,4100,0,302
10,4500,0,314
10,4000,1,312
10,4300,1,305
10,4300,0,310
10,4688,0,757
10,4652,0,756
10,4941,0,190
10,4654,0,761
10,4653,0,754
10,4666,0,750
10,4674,0,763
10,4672,0,753
10,4657,0,758
10,4671,0,762
10,4551,0,760
10,4677,0,755
10,4655,0,759
10,4600,0,629
10,4601,0,649
10,4605,0,655
10,4603,0,620
10,4606,0,651
10,4602,0,636
10,4604,0,659
10,4604,0,660
10,4603,0,646
10,4600,0,626
10,4601,0,662
10,4605,0,622
10,4602,0,617
10,4600,0,619
10,4603,0,623
10,4604,0,618
10,4602,0,639
10,4600,0,648
10,4605,0,625
10,4603,0,650
10,4605,0,657
10,4605,0,630
10,4602,0,640
10,4600,0,652
10,4600,0,616
10,4603,0,635
10,4602,0,645
10,4606,0,656
10,4606,0,644
10,4604,0,632
10,4606,0,637
10,4606,0,624
10,4601,0,628
10,4602,0,658
10,4606,0,641
10,4604,0,653
10,4601,0,631
10,4602,0,627
10,4604,0,661
10,4603,0,638
10,4600,0,654
10,4604,0,621
10,4606,0,642
10,4605,0,615
10,4603,0,647
10,4605,0,643
10,4606,0,633
10,4606,0,634
10,4660,3,604
10,4660,6,606
10,4650,4,601
10,4670,0,605
10,4650,5,602
10,4660,4,607
10,4670,1,603
10,3000,1,114
10,3000,1,103
10,3810,1,108
10,3200,0,116
10,3420,0,112
10,3790,0,301
10,4300,1,308
10,4300,0,306
11,2080,0,109
11,3800,1,128
11,3030,1,107
11,3000,0,110
11,3800,0,101
11,3200,0,104
11,3200,1,116
11,3220,0,120
11,3400,2,111
11,3420,0,113
11,3410,4,100
11,3410,4,106
11,4341,0,362
11,4100,0,305
11,4100,0,308
11,4100,0,313
11,4500,0,301
11,4000,3,314
11,4300,1,302
11,4340,0,310
11,4691,0,757
11,4666,0,756
11,4942,0,190
11,4664,0,759
11,4658,0,755
11,4668,0,753
11,4663,0,760
11,4551,0,750
11,4657,0,761
11,4655,0,763
11,4662,0,754
11,4651,0,762
11,4669,0,758
11,4670,1,604
11,4650,3,602
11,4650,4,606
11,4670,3,605
11,4660,3,607
11,4660,6,601
11,4660,5,603
11,3220,0,117
11,3420,0,112
11,3410,4,103
11,3410,4,108
11,4000,9,306
11,4000,5,307
11,4300,1,300
12,3810,1,122
12,3030,1,116
12,3000,1,101
12,3800,0,103
12,3210,2,111
12,3210,1,113
12,3200,0,109
12,3410,2,106
12,3410,0,117
12,3400,2,108
12,3400,2,114
12,4301,0,351
12,4100,0,306
12,4100,0,300
12,4100,0,313
12,4500,0,314
12,4000,2,310
12,4350,1,312
12,4300,0,302
12,4681,0,757
12,4674,0,756
12,4942,0,190
12,4664,0,755
12,4666,0,760
12,4668,0,754
12,4658,0,759
12,4669,0,761
12,4655,0,763
12,4672,0,750
12,4651,0,758
12,4659,0,753
12,4665,0,762
12,4660,2,604
12,4670,3,602
12,4650,2,607
12,4650,5,605
12,4660,3,606
12,4670,2,601
12,4660,6,603
12,3030,1,104
12,3030,1,110
12,3210,2,120
12,3410,2,107
12,3400,2,112
12,4500,0,305
12,4000,5,308
12,4000,9,307
13,3810,1,121
13,3030,0,110
13,3000,0,107
13,3800,1,104
13,3220,0,112
13,3210,2,109
13,3200,0,103
13,3400,3,108
13,3400,2,106
13,3400,0,114
13,3400,2,120
13,4301,0,350
13,4100,0,306
13,4100,0,313
13,4100,0,307
13,4500,0,305
13,4000,1,308
13,4300,0,310
13,4350,1,301
13,4687,0,757
13,4667,0,756
13,4942,0,190
13,4663,0,760
13,4668,0,755
13,4658,0,753
13,4664,0,762
13,4655,0,758
13,4671,0,761
13,4662,0,750
13,4672,0,763
13,4659,0,754
13,4665,0,759
13,4680,1,603
13,4660,5,604
13,4650,3,605
13,4670,4,606
13,4650,2,601
13,4660,6,607
13,4670,0,602
13,3000,0,100
13,3220,0,113
13,3220,0,117
13,3210,2,111
13,3400,0,116
13,3790,0,302
13,4350,1,312
13,4300,0,314
14,3810,1,121
14,3030,0,103
14,3000,0,104
14,3800,0,116
14,3220,0,113
14,3200,1,111
14,3200,0,106
14,3400,3,114
14,3410,3,112
14,3410,0,108
14,3410,0,107
14,4341,1,350
14,4100,0,308
14,4100,0,302
14,4100,0,305
14,4500,0,301
14,4000,8,310
14,4300,1,307
14,4340,1,314
14,4682,0,757
14,4674,0,756
14,4942,0,190
14,4668,0,758
14,4664,0,755
14,4654,0,753
14,4652,0,762
14,4657,0,763
14,4655,0,754
14,4669,0,760
14,4659,0,750
14,4677,0,759
14,4665,0,761
14,4670,3,602
14,4660,5,601
14,4650,3,604
14,4650,2,607
14,4660,2,606
14,4670,1,605
14,4660,4,603
14,4940,0,713
14,3000,0,109
14,3810,1,110
14,3200,1,100
14,3410,0,117
14,3410,3,120
14,4300,1,306
14,4340,1,312
14,4340,1,313
15,3810,0,127
15,3030,0,113
15,3000,1,100
15,3810,1,106
15,3210,1,107
15,3220,0,111
15,3210,2,103
15,3410,0,109
15,3420,0,120
15,3410,1,104
15,3410,1,108
15,4341,1,360
15,4100,0,302
15,4100,0,312
15,4100,0,308
15,4500,0,306
15,4000,2,305
15,4300,1,300
15,4340,1,313
15,4681,0,757
15,4663,0,756
15,4943,0,190
15,4667,0,763
15,4658,0,750
15,4654,0,754
15,4674,0,761
15,4677,0,760
15,4651,0,753
15,4671,0,759
15,4662,0,755
15,4665,0,762
15,4655,0,758
15,4660,5,601
15,4670,4,607
15,4660,6,603
15,4650,4,605
15,4670,1,606
15,4650,5,604
15,4660,3,602
15,3030,0,117
15,3030,0,116
15,3210,2,101
15,3410,1,110
15,3420,0,114
15,4500,0,314
15,4000,7,301
15,4000,9,307
16,2100,0,110
16,3000,1,126
16,3030,1,113
16,3800,0,111
16,3810,0,120
16,3220,0,109
16,3220,1,106
16,3210,2,117
16,3410,1,101
16,3430,0,103
16,3400,2,104
16,3410,1,107
16,4302,0,360
16,4100,0,306
16,4100,0,313
16,4100,0,307
16,4500,0,301
16,4000,4,305
16,4350,1,308
16,4340,0,314
16,4691,0,757
16,4668,0,756
16,4942,0,190
16,4674,0,759
16,4652,0,762
16,4667,0,754
16,4666,0,760
16,4651,0,763
16,4551,0,755
16,4671,0,761
16,4655,0,753
16,4659,0,758
16,4657,0,750
16,4660,5,602
16,4670,4,604
16,4650,5,607
16,4650,2,606
16,4670,3,601
16,4660,2,605
16,4660,3,603
16,3030,1,112
16,3030,1,114
16,3810,0,100
16,3210,2,116
16,4000,0,302
16,4340,0,300
16,4350,1,312
17,3030,1,129
17,3030,0,104
17,3800,0,106
17,3800,1,112
17,3210,1,100
17,3210,0,117
17,3200,1,114
17,3410,4,108
17,3410,3,110
17,3400,0,101
17,3400,0,103
17,4302,0,364
17,4100,0,308
17,4100,0,307
17,4100,0,301
17,4500,0,300
17,4000,9,305
17,4300,0,312
17,4350,1,306
17,4682,0,757
17,4664,0,756
17,4941,0,190
17,4652,0,753
17,4654,0,761
17,4667,0,758
17,4658,0,755
17,4659,0,759
17,4662,0,763
17,4665,0,760
17,4671,0,750
17,4669,0,754
17,4677,0,762
17,4680,0,601
17,4660,4,605
17,4670,1,602
17,4660,6,604
17,4650,3,607
17,4650,5,606
17,4670,3,603
17,3030,0,120
17,3800,0,116
17,3200,1,107
17,3410,4,113
17,3400,0,109
17,4500,0,313
17,4000,0,310
17,4300,0,302
18,2060,0,107
18,3800,0,124
18,3000,0,110
18,3030,0,108
18,3810,1,103
18,3200,0,104
18,3210,0,109
18,3220,0,111
18,3410,2,116
18,3410,0,100
18,3400,1,106
18,3410,2,117
18,4302,0,356
18,4100,0,312
18,4100,0,308
18,4100,0,310
18,4500,0,301
18,4000,0,302
18,4350,1,305
18,4300,0,313
18,4682,0,757
18,4666,0,756
18,4942,0,190
18,4663,0,763
18,4668,0,761
18,4658,0,754
18,4667,0,750
18,4671,0,759
18,4657,0,755
18,4659,0,762
18,4677,0,753
18,4551,0,760
18,4655,0,758
18,4680,1,603
18,4660,4,606
18,4670,1,607
18,4660,6,602
18,4650,4,604
18,4650,3,601
18,4670,3,605
18,3030,0,114
18,3810,1,113
18,3200,0,101
18,3410,2,112
18,4300,0,300
18,4350,1,314
18,4300,0,307
19,3000,1,123
19,3030,0,108
19,3800,1,107
19,3800,0,104
19,3200,0,111
19,3210,2,100
19,3210,1,109
19,3430,0,113
19,3420,0,110
19,3410,0,112
19,3430,0,114
19,4501,0,352
19,4100,0,314
19,4100,0,306
19,4100,0,307
19,4500,0,313
19,4000,1,312
19,4300,1,305
19,4300,0,300
19,4688,0,757
19,4668,0,756
19,4943,0,190
19,4667,0,750
19,4653,0,760
19,4663,0,763
19,4658,0,754
19,4662,0,761
19,4665,0,755
19,4651,0,762
19,4657,0,758
19,4655,0,753
19,4551,0,759
19,4650,4,602
19,4650,3,606
19,4660,2,601
19,4670,3,604
19,4660,6,605
19,4670,0,607
19,4660,5,603
19,3000,1,103
19,3210,2,106
19,3430,0,101
19,3430,0,116
19,3420,0,117
19,4000,8,308
19,4300,1,310
19,4300,1,301
20,3030,1,129
20,3030,0,104
20,3800,1,109
20,3810,0,100
20,3200,0,114
20,3210,2,108
20,3200,0,112
20,3420,0,101
20,3430,0,113
20,3420,0,117
20,4101,0,364
20,4100,0,307
20,4100,0,312
20,4100,0,301
20,4000,1,305
20,4300,0,310
20,4350,1,308
20,4682,0,757
20,4654,0,756
20,4941,0,190
20,4668,0,762
20,4652,0,761
20,4667,0,755
20,4665,0,760
20,4551,0,763
20,4657,0,750
20,4605,0,652
20,4602,0,642
20,4606,0,617
20,4603,0,662
20,4604,0,640
20,4600,0,648
20,4601,0,628
20,4601,0,659
20,4602,0,647
20,4601,0,655
20,4606,0,641
20,4602,0,627
20,4602,0,618
20,4604,0,615
20,4600,0,656
20,4600,0,645
20,4606,0,644
20,4600,0,654
20,4603,0,646
20,4604,0,632
20,4603,0,631
20,4606,0,629
20,4604,0,649
20,4605,0,643
20,4600,0,639
20,4606,0,660
20,4600,0,651
20,4601,0,630
20,4604,0,653
20,4603,0,620
20,4606,0,650
20,4604,0,661
20,4660,5,606
20,4670,0,607
20,4660,2,605
20,4650,3,602
20,4940,0,718
20,3030,1,116
20,3430,0,110
20,4350,1,300
20,4300,0,313
21,2090,0,111
21,3030,0,125
21,3000,1,100
21,3800,1,116
21,3810,0,101
21,3210,0,104
21,3200,0,114
21,3200,0,110
21,3400,1,117
21,3400,0,113
21,3400,0,109
21,4301,1,357
21,4100,0,310
21,4100,0,300
21,4100,0,314
21,4000,4,308
21,4300,0,305
21,4340,1,313
21,4695,0,757
21,4667,0,756
21,4942,0,190
21,4652,0,763
21,4666,0,755
21,4659,0,760
21,4672,0,761
21,4658,0,762
21,4671,0,750
21,4660,6,602
21,4670,0,605
21,4650,4,607
21,4660,3,606
21,3800,1,112
21,4500,0,312
21,4000,8,301
22,3810,1,122
22,3030,1,101
22,3030,0,112
22,3800,0,108
22,3200,1,109
22,3210,0,113
22,3200,1,111
22,3400,3,116
22,3420,0,104
22,3400,3,110
22,4302,0,351
22,4100,0,307
22,4100,0,314
22,4100,0,300
22,4000,7,312
22,4300,1,308
22,4340,1,305
22,4686,0,757
22,4668,0,756
22,4942,0,190
22,4664,0,763
22,4674,0,755
22,4652,0,760
22,4657,0,761
22,4551,0,762
22,4662,0,750
22,4670,0,602
22,4650,5,607
22,4660,5,605
22,4660,2,606
22,3030,0,114
22,3800,0,117
22,4500,0,313
22,4000,5,310
23,3800,1,129
23,3030,1,101
23,3000,0,112
23,3810,0,110
23,3210,1,100
23,3200,0,116
23,3200,0,108
23,3420,0,109
23,3400,0,113
23,3400,0,117
23,4401,0,364
23,4100,0,307
23,4100,0,300
23,4100,0,313
23,4000,7,312
23,4300,1,305
23,4340,1,301
23,4686,0,757
23,4663,0,756
23,4941,0,190
23,4653,0,761
23,4654,0,762
23,4658,0,755
23,4669,0,763
23,4657,0,760
23,4671,0,750
23,4680,0,606
23,4660,6,605
23,4650,5,602
23,4670,3,607
23,4940,0,715
23,3800,1,104
23,3210,1,114
23,3790,0,310
23,4300,1,308
24,3810,1,129
24,3030,1,112
24,3000,0,116
24,3810,0,108
24,3200,0,100
24,3210,1,113
24,3200,0,109
24,3410,0,114
24,3400,1,101
24,3400,1,117
24,4301,0,364
24,4100,0,308
24,4100,0,313
24,4100,0,307
24,4000,8,310
24,4300,0,312
24,4350,1,301
24,4682,0,757
24,4668,0,756
24,4942,0,190
24,4664,0,762
24,4656,0,755
24,4674,0,760
24,4551,0,750
24,4662,0,763
24,4659,0,761
24,4660,4,607
24,4660,3,602
24,4650,3,605
24,4670,0,606
24,3400,1,104
24,3400,1,110
24,3790,0,305
24,4500,0,300
25,3030,0,125
25,3000,0,101
25,3800,0,116
25,3800,1,103
25,3210,1,113
25,3200,0,100
25,3410,0,114
25,3420,0,120
25,3410,0,104
25,4501,0,357
25,4100,0,308
25,4100,0,305
25,4100,0,313
25,4000,0,314
25,4300,0,302
25,4340,0,312
25,4691,0,757
25,4666,0,756
25,4942,0,190
25,4658,0,762
25,4674,0,753
25,4664,0,755
25,4659,0,763
25,4657,0,754
25,4551,0,750
25,4660,5,605
25,4670,1,607
25,4650,2,601
25,4660,3,602
25,3000,0,117
25,3800,1,109
25,3790,0,301
25,4500,0,300
26,3800,1,121
26,3000,0,109
26,3000,1,113
26,3800,0,103
26,3210,1,120
26,3210,0,117
26,3420,0,116
26,3410,1,100
26,3410,1,108
26,4302,0,350
26,4100,0,312
26,4100,0,308
26,4100,0,301
26,4000,8,305
26,4300,1,307
26,4340,0,302
26,4688,0,757
26,4664,0,756
26,4942,0,190
26,4674,0,753
26,4667,0,763
26,4652,0,750
26,4657,0,755
26,4671,0,762
26,4662,0,754
26,4660,6,602
26,4660,4,605
26,4650,3,601
26,4670,0,607
26,4940,0,718
26,3210,1,114
26,3420,0,104
26,4340,0,313
26,4340,0,314
27,3030,0,126
27,3030,1,120
27,3810,0,109
27,3810,1,100
27,3200,0,113
27,3200,1,101
27,3400,0,103
27,3410,0,104
27,3400,0,114
27,4501,0,358
27,4100,0,307
27,4100,0,302
27,4100,0,300
27,4000,4,314
27,4300,1,313
27,4350,1,301
27,4686,0,757
27,4664,0,756
27,4941,0,190
27,4663,0,753
27,4666,0,750
27,4656,0,763
27,4651,0,762
27,4669,0,754
27,4665,0,755
27,4680,2,607
27,4670,3,605
27,4660,3,602
27,4650,4,601
27,3030,0,117
27,3200,0,116
27,3790,0,312
27,4000,7,305
28,3810,1,123
28,3000,0,108
28,3000,1,101
28,3810,0,100
28,3200,1,114
28,3210,2,104
28,3400,0,117
28,3410,1,113
28,3400,0,109
28,4501,0,352
28,4100,0,307
28,4100,0,312
28,4100,0,308
28,4000,2,301
28,4300,0,314
28,4340,0,300
28,4681,0,757
28,4674,0,756
28,4943,0,190
28,4653,0,755
28,4667,0,754
28,4663,0,763
28,4657,0,762
28,4671,0,750
28,4655,0,753
28,4604,0,652
28,4603,0,642
28,4606,0,617
28,4600,0,640
28,4605,0,657
28,4602,0,625
28,4601,0,660
28,4600,0,622
28,4604,0,618
28,4604,0,656
28,4603,0,616
28,4606,0,620
28,4601,0,661
28,4601,0,644
28,4604,0,641
28,4605,0,623
28,4602,0,639
28,4606,0,632
28,4602,0,653
28,4606,0,654
28,4605,0,662
28,4604,0,629
28,4601,0,630
28,4602,0,631
28,4605,0,619
28,4604,0,643
28,4602,0,628
28,4606,0,659
28,4603,0,651
28,4605,0,655
28,4604,0,615
28,4605,0,658
28,4650,5,607
28,4660,4,605
28,4660,3,602
28,4670,4,601
28,3810,0,116
28,3410,1,103
28,3790,0,305
28,4500,0,313
29,2010,0,100
29,3030,1,123
29,3000,0,109
29,3800,0,101
29,3810,1,103
29,3210,0,114
29,3200,0,113
29,3400,3,108
29,3430,0,116
29,3400,3,117
29,4301,1,352
29,4100,0,308
29,4100,0,300
29,4100,0,313
29,4000,7,307
29,4340,0,312
29,4300,1,301
29,4691,0,757
29,4667,0,756
29,4942,0,190
29,4663,0,753
29,4658,0,750
29,4652,0,763
29,4651,0,762
29,4659,0,754
29,4551,0,755
29,4660,4,601
29,4670,3,607
29,4650,4,602
29,4660,5,605
29,4940,0,715
29,3030,1,104
29,4300,1,305
29,4340,0,314
30,3030,1,129
30,3030,0,117
30,3810,1,107
30,3800,0,103
30,3200,0,112
30,3210,2,110
30,3210,2,101
30,3410,0,116
30,3430,0,100
30,3410,0,120
30,4401,0,364
30,4100,0,306
30,4100,0,310
30,4100,0,305
30,4000,4,301
30,4300,1,300
30,4681,0,757
30,4654,0,756
30,4943,0,190
30,4667,0,320
30,4663,0,317
30,4653,0,322
30,4656,0,318
30,4668,0,315
30,4664,0,309
30,4666,0,760
30,4658,0,754
30,4662,0,759
30,4671,0,755
30,4651,0,753
30,4655,0,761
30,4672,0,758
30,4657,0,750
30,4680,0,603
30,4660,4,606
30,4650,5,607
30,4660,2,604
30,4670,1,602
30,4670,4,601
30,4130,0,321
30,4330,0,319
30,4330,1,316
30,3030,0,104
30,3810,1,106
30,4500,0,313
30,4000,2,302
31,3000,0,123
31,3030,0,116
31,3810,1,112
31,3800,1,110
31,3210,0,107
31,3200,0,100
31,3210,0,111
31,3430,0,104
31,3410,2,101
31,3430,0,117
31,4101,0,352
31,4100,0,305
31,4100,0,300
31,4100,0,306
31,4000,7,310
31,4340,0,301
31,4686,0,757
31,4674,0,756
31,4943,0,190
31,4656,0,317
31,4666,0,320
31,4667,0,322
31,4652,0,316
31,4668,0,318
31,4664,0,309
31,4652,0,755
31,4653,0,759
31,4665,0,750
31,4672,0,761
31,4662,0,754
31,4551,0,760
31,4671,0,753
31,4669,0,758
31,4650,2,603
31,4670,1,601
31,4660,3,607
31,4650,5,604
31,4660,6,602
31,4670,2,606
31,4130,0,321
31,4330,0,315
31,4330,1,319
31,3200,0,103
31,3430,0,106
31,3790,0,314
31,4500,0,313
32,2150,0,117
32,3800,1,129
32,3000,0,101
32,3030,1,107
32,3810,1,106
32,3220,1,112
32,3210,0,110
32,3210,0,120
32,3410,4,116
32,3400,3,103
32,3400,3,104
32,4341,0,364
32,4100,0,310
32,4100,0,300
32,4100,0,306
32,4000,9,301
32,4300,1,313
32,4686,0,757
32,4666,0,756
32,4941,0,190
32,4668,0,316
32,4653,0,322
32,4667,0,317
32,4654,0,320
32,4663,0,309
32,4664,0,318
32,4674,0,759
32,4652,0,753
32,4551,0,760
32,4651,0,754
32,4665,0,750
32,4657,0,761
32,4672,0,755
32,4662,0,758
32,4660,2,607
32,4670,1,606
32,4660,4,604
32,4650,2,602
32,4660,3,601
32,4670,0,603
32,4130,0,321
32,4330,1,319
32,4330,0,315
32,3800,1,100
32,4500,0,302
32,4340,1,305
33,3800,1,129
33,3000,0,107
33,3030,1,110
33,3810,1,116
33,3200,0,101
33,3220,1,104
33,3200,0,106
33,3410,2,117
33,3410,0,120
33,3410,2,100
33,4302,0,364
33,4100,0,300
33,4100,0,310
33,4100,0,305
33,4000,2,313
33,4300,1,306
33,4682,0,757
33,4654,0,756
33,4941,0,190
33,4653,0,320
33,4667,0,315
33,4663,0,319
33,4668,0,318
33,4652,0,316
33,4666,0,309
33,4674,0,759
33,4656,0,754
33,4551,0,750
33,4662,0,753
33,4671,0,758
33,4669,0,760
33,4655,0,761
33,4672,0,755
33,4602,0,619
33,4605,0,645
33,4603,0,621
33,4606,0,629
33,4601,0,637
33,4604,0,657
33,4600,0,660
33,4601,0,646
33,4600,0,634
33,4601,0,626
33,4600,0,623
33,4604,0,622
33,4603,0,627
33,4600,0,631
33,4604,0,659
33,4602,0,647
33,4601,0,649
33,4604,0,617
33,4602,0,632
33,4604,0,633
33,4600,0,624
33,4604,0,625
33,4603,0,616
33,4603,0,635
33,4604,0,638
33,4602,0,618
33,4603,0,650
33,4605,0,615
33,4603,0,628
33,4602,0,620
33,4606,0,630
33,4601,0,662
33,4660,2,601
33,4670,2,606
33,4650,3,607
33,4670,3,604
33,4660,5,602
33,4650,2,603
33,4130,0,321
33,4330,0,322
33,4330,1,317
33,3000,0,112
33,3220,1,103
33,4000,4,302
33,4350,1,301
34,3000,1,122
34,3030,1,111
34,3800,1,106
34,3810,1,104
34,3200,1,101
34,3220,1,116
34,3200,1,117
34,3400,3,120
34,3430,0,110
34,3430,0,112
34,4501,0,351
34,4100,0,302
34,4100,0,314
34,4100,0,310
34,4000,8,306
34,4340,0,305
34,4695,0,757
34,4674,0,756
34,4941,0,190
34,4654,0,318
34,4663,0,322
34,4664,0,316
34,4667,0,309
34,4652,0,319
34,4666,0,317
34,4658,0,754
34,4668,0,759
34,4665,0,758
34,4651,0,761
34,4671,0,755
34,4551,0,753
34,4672,0,750
34,4659,0,760
34,4660,2,607
34,4650,4,601
34,4660,4,606
34,4670,0,604
34,4670,1,602
34,4650,3,603
34,4130,0,321
34,4330,1,320
34,4330,0,315
34,4940,0,711
34,3000,1,107
34,3810,1,103
34,3790,0,313
34,4000,7,300
35,3030,0,124
35,3030,1,113
35,3810,1,103
35,3800,0,117
35,3220,1,106
35,3220,0,112
35,3200,0,114
35,3410,0,116
35,3400,2,110
35,3410,1,107
35,4341,0,356
35,4100,0,307
35,4100,0,302
35,4100,0,313
35,4000,5,310
35,4300,0,308
35,4667,0,760
35,4658,0,754
35,4663,0,763
35,4551,0,758
35,4651,0,753
35,4672,0,761
35,4669,0,762
35,4657,0,759
35,4601,0,657
35,4606,0,623
35,4602,0,626
35,4600,0,661
35,4604,0,645
35,4605,0,641
35,4603,0,648
35,4604,0,651
35,4602,0,638
35,4601,0,622
35,4602,0,662
35,4605,0,654
35,4604,0,656
35,4602,0,642
35,4602,0,646
35,4602,0,644
35,4602,0,655
35,4600,0,639
35,4606,0,624
35,4604,0,633
35,4601,0,635
35,4601,0,625
35,4600,0,658
35,4606,0,650
35,4603,0,640
35,4601,0,634
35,4605,0,660
35,4605,0,659
35,4650,3,606
35,4670,0,605
35,4660,3,604
35,4650,5,607
35,4660,2,601
35,4670,4,603
35,3030,1,109
35,3410,1,108
35,3410,1,111
35,3790,0,314
35,4340,0,312
36,3030,0,127
36,3000,1,107
36,3800,1,108
36,3810,1,114
36,3220,1,103
36,3200,1,113
36,3210,0,117
36,3430,0,109
36,3410,0,120
36,3400,2,106
36,4341,1,360
36,4100,0,302
36,4100,0,308
36,4100,0,312
36,4000,7,306
36,4340,0,307
36,4653,0,753
36,4668,0,762
36,4663,0,761
36,4657,0,758
36,4665,0,763
36,4662,0,760
36,4659,0,754
36,4669,0,759
36,4670,0,607
36,4650,3,604
36,4660,2,605
36,4670,1,606
36,4660,3,601
36,4650,2,603
36,4940,0,717
36,3000,1,111
36,3810,1,110
36,3210,0,116
36,3790,0,314
36,4340,1,313
37,2130,0,114
37,3030,0,126
37,3000,1,111
37,3810,0,112
37,3800,1,109
37,3210,1,106
37,3220,1,117
37,3210,2,116
37,3410,1,113
37,3400,2,120
37,3410,4,110
37,4341,0,358
37,4100,0,313
37,4100,0,302
37,4100,0,307
37,4000,9,312
37,4300,1,314
37,4651,0,760
37,4664,0,758
37,4674,0,753
37,4658,0,761
37,4671,0,754
37,4669,0,763
37,4672,0,759
37,4665,0,762
37,4680,1,606
37,4650,4,603
37,4670,3,605
37,4670,1,601
37,4660,5,607
37,4660,2,604
37,3000,1,103
37,3400,2,107
37,4340,1,306
37,4340,1,310
38,3800,0,128
38,3000,0,113
38,3000,1,120
38,3800,1,106
38,3200,0,116
38,3210,2,108
38,3210,0,117
38,3410,1,111
38,3400,3,103
38,3420,0,109
38,4301,0,362
38,4100,0,302
38,4100,0,308
38,4100,0,313
38,4000,8,307
38,4340,0,310
38,4656,0,759
38,4674,0,762
38,4652,0,753
38,4551,0,761
38,4651,0,763
38,4665,0,758
38,4657,0,760
38,4671,0,754
38,4650,5,603
38,4660,2,607
38,4660,5,601
38,4650,2,605
38,4670,4,606
38,4670,1,604
38,3000,0,112
38,3800,0,110
38,3210,2,107
38,3790,0,314
38,4000,9,306
39,3030,1,126
39,3000,1,103
39,3810,1,113
39,3800,1,120
39,3210,1,109
39,3220,0,107
39,3210,2,117
39,3410,1,110
39,3410,0,114
39,3410,2,112
39,4301,0,358
39,4100,0,312
39,4100,0,307
39,4100,0,306
39,4000,3,314
39,4340,1,310
39,4657,0,760
39,4664,0,762
39,4653,0,759
39,4551,0,761
39,4658,0,754
39,4671,0,763
39,4655,0,753
39,4669,0,758
39,4670,0,607
39,4660,4,606
39,4670,3,601
39,4650,3,605
39,4660,3,604
39,4650,5,603
39,3000,1,116
39,3220,0,106
39,3410,1,111
39,3790,0,313
39,4340,0,302
40,3800,0,125
40,3030,1,113
40,3030,0,110
40,3800,1,114
40,3220,1,111
40,3210,1,101
40,3210,0,103
40,3420,0,116
40,3430,0,107
40,3400,2,104
40,3400,2,112
40,4301,1,357
40,4100,0,300
40,4100,0,314
40,4100,0,310
40,4500,0,306
40,4000,1,305
40,4340,0,302
40,4340,1,312
40,4695,0,757
40,4674,0,756
40,4942,0,190
40,4663,0,750
40,4667,0,761
40,4664,0,753
40,4668,0,763
40,4655,0,762
40,4551,0,754
40,4677,0,760
40,4659,0,759
40,4657,0,755
40,4672,0,758
40,4670,2,601
40,4660,2,607
40,4650,2,606
40,4650,3,602
40,4660,3,604
40,4660,5,605
40,4670,1,603
40,3030,0,120
40,3800,0,117
40,3210,1,109
40,3210,0,100
40,3420,0,106
40,4000,7,308
40,4000,4,301
40,4340,0,313
41,3000,1,123
41,3000,0,108
41,3810,1,106
41,3800,1,117
41,3220,0,113
41,3210,1,111
41,3220,1,104
41,3400,0,100
41,3400,2,110
41,3400,3,103
41,3400,3,114
41,4302,0,352
41,4100,0,313
41,4100,0,306
41,4100,0,305
41,4500,0,312
41,4000,4,310
41,4340,1,314
41,4350,1,300
41,4687,0,757
41,4653,0,756
41,4941,0,190
41,4666,0,763
41,4663,0,760
41,4654,0,758
41,4652,0,753
41,4551,0,754
41,4665,0,750
41,4671,0,762
41,4672,0,761
41,4677,0,759
41,4659,0,755
41,4650,5,603
41,4650,2,605
41,4660,5,607
41,4660,4,601
41,4660,2,606
41,4670,3,604
41,4670,4,602
41,3000,1,101
41,3000,1,112
41,3220,0,107
41,3220,1,109
41,3220,1,116
41,4000,6,307
41,4000,7,308
41,4340,1,301
42,3810,0,122
42,3000,1,108
42,3030,0,114
42,3810,1,117
42,3220,1,104
42,3220,0,116
42,3200,1,101
42,3410,1,106
42,3400,1,111
42,3410,0,109
42,3410,1,120
42,4301,0,351
42,4100,0,305
42,4100,0,300
42,4100,0,314
42,4500,0,306
42,4000,8,312
42,4300,1,307
42,4340,1,313
42,4687,0,757
42,4667,0,756
42,4943,0,190
42,4666,0,759
42,4663,0,760
42,4653,0,763
42,4654,0,753
42,4657,0,758
42,4672,0,762
42,4655,0,750
42,4677,0,761
42,4551,0,755
42,4651,0,754
42,4680,2,606
42,4670,0,604
42,4660,4,607
42,4670,2,601
42,4660,5,602
42,4650,3,605
42,4650,5,603
42,3220,0,107
42,3220,0,112
42,3410,1,113
42,3410,1,110
42,3410,0,103
42,4500,0,310
42,4000,0,308
42,4000,6,302
43,3030,0,129
43,3030,1,116
43,3810,0,114
43,3800,1,110
43,3220,0,100
43,3220,1,113
43,3210,1,106
43,3410,2,101
43,3410,3,108
43,3400,3,112
43,3400,3,107
43,4301,0,364
43,4100,0,302
43,4100,0,307
43,4100,0,308
43,4500,0,305
43,4000,8,310
43,4340,0,300
43,4300,0,313
43,4686,0,757
43,4663,0,756
43,4943,0,190
43,4654,0,760
43,4667,0,763
43,4668,0,755
43,4674,0,754
43,4657,0,759
43,4669,0,762
43,4665,0,753
43,4671,0,750
43,4677,0,761
43,4551,0,758
43,4678,0,550
43,4678,0,547
43,4678,0,543
43,4678,0,541
43,4678,0,544
43,4678,0,548
43,4678,0,546
43,4678,0,549
43,4670,3,601
43,4650,3,602
43,4650,4,607
43,4660,5,605
43,4660,4,606
43,4670,2,604
43,4660,6,603
43,3030,0,104
43,3030,0,120
43,3810,0,103
43,3410,2,109
43,3410,2,117
43,4500,0,312
43,4300,0,306
43,4340,0,301
44,3800,1,129
44,3000,1,100
44,3030,0,107
44,3810,0,116
44,3200,0,120
44,3210,1,108
44,3220,1,106
44,3400,2,101
44,3410,3,113
44,3400,3,110
44,3400,3,104
44,4341,1,364
44,4100,0,306
44,4100,0,312
44,4100,0,300
44,4500,0,305
44,4000,6,313
44,4350,1,310
44,4300,1,308
44,4687,0,757
44,4664,0,756
44,4941,0,190
44,4654,0,762
44,4674,0,760
44,4653,0,754
44,4666,0,759
44,4672,0,753
44,4665,0,750
44,4651,0,758
44,4662,0,761
44,4659,0,763
44,4669,0,755
44,4660,2,605
44,4670,4,606
44,4670,0,607
44,4660,5,601
44,4650,2,602
44,4650,5,604
44,4660,6,603
44,3800,1,112
44,3220,1,117
44,3210,1,114
44,3220,1,109
44,3410,3,103
44,4350,1,301
44,4300,1,307
44,4300,1,302
45,3000,0,125
45,3030,0,101
45,3800,0,113
45,3810,0,120
45,3220,1,117
45,3200,0,116
45,3220,0,103
45,3420,0,104
45,3400,3,110
45,3410,2,107
45,3400,3,114
45,4501,0,357
45,4100,0,313
45,4100,0,308
45,4100,0,301
45,4500,0,310
45,4000,9,314
45,4340,0,306
45,4350,1,312
45,4681,0,757
45,4667,0,756
45,4943,0,190
45,4656,0,754
45,4653,0,760
45,4674,0,750
45,4663,0,762
45,4655,0,761
45,4669,0,758
45,4671,0,755
45,4657,0,753
45,4665,0,763
45,4677,0,759
45,4678,0,550
45,4678,0,542
45,4678,0,547
45,4678,0,545
45,4678,0,548
45,4678,0,540
45,4678,0,541
45,4678,0,546
45,4650,2,603
45,4660,2,601
45,4670,2,607
45,4660,5,605
45,4660,4,602
45,4650,3,606
45,4670,0,604
45,3030,0,106
45,3220,0,100
45,3410,2,112
45,3410,2,109
45,3420,0,111
45,4000,5,305
45,4340,0,300
45,4340,0,302
46,3810,1,125
46,3000,0,117
46,3030,1,116
46,3800,1,114
46,3200,0,113
46,3220,1,107
46,3220,0,110
46,3430,0,104
46,3410,4,111
46,3400,1,103
46,3410,4,109
46,4401,0,357
46,4100,0,308
46,4100,0,301
46,4100,0,305
46,4500,0,302
46,4000,8,306
46,4350,1,313
46,4300,1,300
46,4686,0,757
46,4654,0,756
46,4941,0,190
46,4667,0,759
46,4668,0,763
46,4652,0,753
46,4664,0,760
46,4677,0,755
46,4659,0,754
46,4657,0,762
46,4672,0,761
46,4665,0,758
46,4551,0,750
46,4660,6,602
46,4670,2,604
46,4670,0,605
46,4660,4,607
46,4650,3,601
46,4660,2,606
46,4650,4,603
46,4940,0,718
46,3030,1,100
46,3030,1,120
46,3810,1,101
46,3200,0,112
46,3220,1,106
46,3790,0,312
46,4300,1,310
46,4300,1,314
47,3810,0,123
47,3000,1,114
47,3030,1,107
47,3800,0,116
47,3200,1,117
47,3210,0,104
47,3210,2,109
47,3400,2,110
47,3410,2,106
47,3430,0,112
47,3400,2,100
47,4302,0,352
47,4100,0,305
47,4100,0,314
47,4100,0,301
47,4500,0,312
47,4000,7,306
47,4300,1,300
47,4350,1,307
47,4682,0,757
47,4664,0,756
47,4942,0,190
47,4668,0,750
47,4667,0,760
47,4652,0,759
47,4658,0,753
47,4551,0,754
47,4672,0,761
47,4665,0,755
47,4671,0,762
47,4657,0,758
47,4669,0,763
47,4650,5,604
47,4660,4,605
47,4670,3,602
47,4670,0,606
47,4660,2,601
47,4660,3,607
47,4650,2,603
47,4940,0,713
47,3000,1,101
47,3030,1,103
47,3410,2,113
47,3400,2,111
47,3430,0,108
47,3790,0,308
47,4350,1,313
47,4300,1,310
48,3810,1,124
48,3030,1,111
48,3030,0,106
48,3800,1,100
48,3210,2,116
48,3220,1,113
48,3220,0,101
48,3410,1,103
48,3410,4,108
48,3410,0,112
48,3410,0,114
48,4341,0,356
48,4100,0,312
48,4100,0,310
48,4100,0,302
48,4500,0,308
48,4000,2,301
48,4300,0,314
48,4300,1,307
48,4695,0,757
48,4666,0,756
48,4942,0,190
48,4653,0,755
48,4674,0,753
48,4667,0,761
48,4668,0,762
48,4657,0,759
48,4551,0,750
48,4677,0,763
48,4659,0,760
48,4671,0,754
48,4665,0,758
48,4670,2,606
48,4660,5,604
48,4660,3,601
48,4660,2,602
48,4670,1,605
48,4650,3,607
48,4650,2,603
48,3030,0,104
48,3810,1,107
48,3410,0,110
48,3410,4,117
48,3410,0,109
48,4500,0,313
48,4000,6,305
48,4300,1,300
49,3000,1,121
49,3030,1,108
49,3800,0,106
49,3810,1,104
49,3210,0,117
49,3220,0,113
49,3200,1,116
49,3430,0,103
49,3400,1,100
49,3400,2,109
49,3400,1,107
49,4101,0,350
49,4100,0,302
49,4100,0,310
49,4100,0,308
49,4500,0,305
49,4000,0,313
49,4340,0,307
49,4300,1,301
49,4682,0,757
49,4652,0,756
49,4941,0,190
49,4653,0,759
49,4663,0,753
49,4658,0,762
49,4664,0,750
49,4662,0,758
49,4671,0,761
49,4677,0,755
49,4655,0,763
49,4657,0,754
49,4665,0,760
49,4660,6,607
49,4670,1,606
49,4650,5,602
49,4660,3,601
49,4650,3,604
49,4670,2,605
49,4660,2,603
49,3030,1,120
49,3400,1,112
49,3400,1,114
49,3400,2,111
49,3430,0,110
49,3790,0,314
49,4000,6,306
49,4000,5,312
50,3000,0,128
50,3030,1,100
50,3810,0,110
50,3800,1,116
50,3220,1,101
50,3200,1,109
50,3210,1,113
50,3410,3,120
50,3410,1,117
50,3410,0,106
50,3410,3,108
50,4501,0,362
50,4100,0,314
50,4100,0,307
50,4100,0,300
50,4500,0,305
50,4000,4,301
50,4350,1,306
50,4300,1,310
50,4688,0,757
50,4668,0,756
50,4943,0,190
50,4674,0,750
50,4653,0,762
50,4654,0,759
50,4663,0,760
50,4657,0,753
50,4551,0,755
50,4671,0,763
50,4677,0,761
50,4662,0,758
50,4651,0,754
50,4660,2,604
50,4660,6,602
50,4670,3,601
50,4660,5,605
50,4650,4,606
50,4650,5,607
50,4670,4,603
50,3030,1,112
50,3000,0,107
50,3800,1,104
50,3210,1,103
50,3200,1,111
50,3790,0,308
50,4500,0,313
50,4000,8,302
51,3000,1,126
51,3030,0,120
51,3800,1,112
51,3810,0,106
51,3210,1,111
51,3210,2,101
51,3200,0,104
51,3410,1,107
51,3400,2,113
51,3430,0,117
51,3410,1,100
51,4501,0,358
51,4100,0,307
51,4100,0,300
51,4100,0,313
51,4500,0,305
51,4000,0,312
51,4340,0,310
51,4350,1,306
51,4691,0,757
51,4666,0,756
51,4942,0,190
51,4656,0,763
51,4652,0,750
51,4667,0,760
51,4653,0,754
51,4672,0,759
51,4657,0,753
51,4669,0,755
51,4677,0,762
51,4651,0,758
51,4671,0,761
51,4660,6,607
51,4650,5,602
51,4660,5,605
51,4670,0,606
51,4670,2,601
51,4660,3,604
51,4650,3,603
51,3430,0,109
51,3400,2,103
51,3410,1,110
51,3410,1,116
51,3410,1,114
51,3790,0,314
51,4500,0,302
51,4000,8,301
52,2110,0,112
52,3810,0,128
52,3000,1,106
52,3030,0,101
52,3810,1,103
52,3210,0,108
52,3210,1,120
52,3200,0,110
52,3410,0,111
52,3410,4,113
52,3410,3,104
52,3410,0,109
52,4401,0,362
52,4100,0,313
52,4100,0,308
52,4100,0,307
52,4500,0,301
52,4000,3,302
52,4300,1,300
52,4300,0,305
52,4686,0,757
52,4664,0,756
52,4941,0,190
52,4663,0,760
52,4674,0,763
52,4666,0,759
52,4668,0,750
52,4651,0,754
52,4669,0,761
52,4672,0,762
52,4665,0,755
52,4671,0,758
52,4657,0,753
52,4670,0,603
52,4670,3,605
52,4660,6,601
52,4650,3,607
52,4660,4,604
52,4660,5,602
52,4650,5,606
52,3210,1,116
52,3200,0,100
52,3200,0,117
52,3410,0,107
52,4000,6,314
52,4300,1,310
52,4300,1,306
53,3800,0,125
53,3000,0,111
53,3030,1,120
53,3800,1,100
53,3200,0,107
53,3220,0,116
53,3210,1,113
53,3400,1,114
53,3420,0,103
53,3410,1,112
53,3400,1,101
53,4101,0,351
53,4100,0,302
53,4100,0,300
53,4100,0,308
53,4500,0,314
53,4000,5,312
53,4300,0,306
53,4350,1,305
53,4691,0,757
53,4652,0,756
53,4941,0,190
53,4654,0,759
53,4663,0,763
53,4667,0,754
53,4668,0,750
53,4677,0,762
53,4671,0,753
53,4662,0,755
53,4672,0,761
53,4669,0,758
53,4655,0,760
53,4678,0,542
53,4678,0,549
53,4678,0,547
53,4678,0,548
53,4678,0,541
53,4678,0,540
53,4678,0,550
53,4678,0,544
53,4680,1,607
53,4650,2,602
53,4660,2,606
53,4660,6,604
53,4670,0,601
53,4650,4,605
53,4670,1,603
53,3030,1,106
53,3200,0,117
53,3200,0,104
53,3220,0,109
53,3420,0,110
53,4500,0,310
53,4300,0,313
53,4300,0,307
54,3000,1,125
54,3030,0,101
54,3810,1,110
54,3800,1,112
54,3210,2,104
54,3220,1,103
54,3200,1,117
54,3410,0,109
54,3400,3,107
54,3410,4,113
54,3400,3,111
54,4101,0,360
54,4100,0,305
54,4100,0,312
54,4100,0,301
54,4500,0,308
54,4000,7,302
54,4300,0,306
54,4340,1,300
54,4688,0,757
54,4674,0,756
54,4943,0,190
54,4664,0,763
54,4654,0,754
54,4667,0,759
54,4668,0,750
54,4669,0,755
54,4655,0,760
54,4651,0,758
54,4665,0,762
54,4671,0,753
54,4672,0,761
54,4660,3,603
54,4670,3,607
54,4660,5,605
54,4660,4,601
54,4670,0,602
54,4650,5,604
54,4650,3,606
54,3000,1,106
54,3810,1,116
54,3210,2,114
54,3410,4,100
54,3410,0,120
54,3790,0,307
54,4500,0,313
54,4340,1,314
55,3810,1,127
55,3000,0,100
55,3030,0,109
55,3800,0,111
55,3220,0,108
55,3200,0,110
55,3210,2,116
55,3400,2,101
55,3420,0,106
55,3400,0,104
55,3400,2,117
55,4301,1,360
55,4100,0,305
55,4100,0,306
55,4100,0,301
55,4500,0,308
55,4000,1,302
55,4340,0,307
55,4350,1,314
55,4687,0,757
55,4652,0,756
55,4943,0,190
55,4674,0,763
55,4668,0,750
55,4654,0,761
55,4667,0,754
55,4659,0,762
55,4665,0,753
55,4657,0,755
55,4672,0,760
55,4662,0,759
55,4677,0,758
55,4680,1,607
55,4670,0,603
55,4660,5,605
55,4650,4,601
55,4670,4,604
55,4660,4,606
55,4650,2,602
55,4940,0,718
55,3000,0,103
55,3810,1,120
55,3220,0,107
55,3790,0,300
55,4000,2,313
55,4000,4,312
55,2120,0,113
55,2130,0,114
56,3810,0,128
56,3030,0,100
56,3000,0,107
56,3800,0,120
56,3210,2,104
56,3220,0,110
56,3200,0,113
56,3420,0,108
56,3400,0,116
56,3410,0,112
56,3410,0,103
56,4301,0,362
56,4100,0,302
56,4100,0,310
56,4100,0,314
56,4500,0,301
56,4000,2,306
56,4350,1,305
56,4300,1,300
56,4686,0,757
56,4656,0,756
56,4943,0,190
56,4667,0,761
56,4666,0,763
56,4658,0,758
56,4664,0,753
56,4672,0,750
56,4551,0,762
56,4659,0,760
56,4651,0,754
56,4662,0,759
56,4665,0,755
56,4660,2,601
56,4670,3,603
56,4650,3,605
56,4660,3,607
56,4670,4,604
56,4650,4,602
56,4660,5,606
56,4940,0,716
56,3220,0,101
56,3410,0,106
56,3410,0,117
56,3410,0,109
56,3400,0,111
56,3790,0,313
56,4500,0,308
56,4000,4,307
57,3000,1,124
57,3030,1,112
57,3810,0,107
57,3810,1,109
57,3220,0,111
57,3210,1,106
57,3210,0,108
57,3410,3,117
57,3410,1,113
57,3410,0,101
57,3410,3,103
57,4101,0,356
57,4100,0,300
57,4100,0,313
57,4100,0,308
57,4500,0,301
57,4000,4,310
57,4350,1,314
57,4340,0,302
57,4686,0,757
57,4652,0,756
57,4942,0,190
57,4667,0,753
57,4653,0,755
57,4658,0,762
57,4668,0,761
57,4665,0,760
57,4671,0,758
57,4662,0,763
57,4651,0,750
57,4657,0,754
57,4672,0,759
57,4678,0,542
57,4678,0,550
57,4678,0,547
57,4678,0,548
57,4678,0,545
57,4678,0,540
57,4678,0,549
57,4678,0,543
57,4680,1,607
57,4660,4,605
57,4650,2,601
57,4670,1,602
57,4650,4,606
57,4660,3,604
57,4670,3,603
57,3210,0,100
57,3210,0,104
57,3210,0,116
57,3410,0,114
57,3410,0,110
57,4000,6,307
57,4000,1,312
57,4340,0,305
58,3810,0,121
58,3030,0,100
58,3030,1,111
58,3800,1,114
58,3200,1,110
58,3220,0,112
58,3210,0,106
58,3420,0,109
58,3400,1,104
58,3400,0,107
58,3400,0,103
58,4341,0,350
58,4100,0,307
58,4100,0,314
58,4100,0,306
58,4500,0,301
58,4000,6,308
58,4340,1,310
58,4300,0,312
58,4688,0,757
58,4656,0,756
58,4942,0,190
58,4652,0,758
58,4662,0,760
58,4664,0,762
58,4666,0,755
58,4669,0,761
58,4658,0,750
58,4651,0,763
58,4657,0,753
58,4655,0,759
58,4672,0,754
58,4678,0,541
58,4678,0,549
58,4678,0,540
58,4678,0,547
58,4678,0,544
58,4678,0,548
58,4678,0,542
58,4678,0,546
58,4680,0,603
58,4650,4,601
58,4660,5,607
58,4660,2,602
58,4670,3,605
58,4650,2,606
58,4670,2,604
58,3030,0,120
58,3030,1,113
58,3810,0,117
58,3210,0,116
58,3400,1,108
58,3790,0,302
58,4340,1,305
58,4300,0,313
59,3030,1,129
59,3000,0,106
59,3800,0,103
59,3800,1,100
59,3210,1,104
59,3220,1,112
59,3220,0,114
59,3430,0,101
59,3410,2,109
59,3420,0,117
59,3410,2,113
59,4301,1,364
59,4100,0,306
59,4100,0,307
59,4100,0,310
59,4500,0,302
59,4000,0,301
59,4350,1,308
59,4300,0,313
59,4695,0,757
59,4666,0,756
59,4943,0,190
59,4667,0,760
59,4664,0,750
59,4656,0,763
59,4653,0,758
59,4651,0,755
59,4662,0,753
59,4655,0,761
59,4677,0,762
59,4665,0,754
59,4659,0,759
59,4670,3,606
59,4650,5,605
59,4660,4,602
59,4660,3,607
59,4660,2,601
59,4670,0,604
59,4650,2,603
59,3000,0,116
59,3800,1,107
59,3220,0,120
59,3220,0,110
59,3210,1,108
59,4500,0,305
59,4350,1,300
59,4300,0,312
60,3000,1,129
60,3030,0,100
60,3800,0,101
60,3810,1,116
60,3220,1,113
60,3200,0,109
60,3200,0,117
60,3410,2,114
60,3430,0,104
60,3410,2,112
60,4401,0,364
60,4100,0,301
60,4100,0,308
60,4100,0,310
60,4000,4,313
60,4340,0,300
60,4340,1,305
60,4682,0,757
60,4654,0,756
60,4941,0,190
60,4668,0,761
60,4656,0,755
60,4663,0,762
60,4677,0,763
60,4671,0,760
60,4655,0,750
60,4670,1,602
60,4650,3,605
60,4660,5,606
60,4660,6,607
60,3000,1,108
60,3200,0,110
60,4340,1,312
60,4340,1,307
61,2040,0,104
61,3800,0,121
61,3030,1,113
61,3000,0,116
61,3810,1,117
61,3210,1,100
61,3210,2,109
61,3210,2,112
61,3420,0,108
61,3400,3,110
61,3400,3,114
61,4341,0,350
61,4100,0,314
61,4100,0,301
61,4100,0,307
61,4000,2,305
61,4340,1,310
61,4350,1,312
61,4681,0,757
61,4654,0,756
61,4942,0,190
61,4658,0,755
61,4663,0,760
61,4652,0,762
61,4657,0,750
61,4669,0,763
61,4651,0,761
61,4660,2,607
61,4670,1,606
61,4660,5,602
61,4650,2,605
61,3800,0,111
61,3790,0,308
61,4340,1,313
62,3000,0,129
62,3030,1,113
62,3800,1,117
62,3800,0,109
62,3200,0,116
62,3220,1,108
62,3200,0,110
62,3400,3,104
62,3410,4,101
62,3410,4,112
62,4501,0,364
62,4100,0,301
62,4100,0,312
62,4100,0,305
62,4000,0,310
62,4300,1,300
62,4350,1,308
62,4688,0,757
62,4666,0,756
62,4943,0,190
62,4674,0,762
62,4668,0,750
62,4654,0,760
62,4677,0,755
62,4651,0,761
62,4655,0,763
62,4660,3,602
62,4650,3,605
62,4660,2,607
62,4670,0,606
62,4940,0,712
62,3400,3,114
62,3410,4,100
62,3790,0,307
62,4500,0,313
63,3810,0,126
63,3030,0,101
63,3030,1,112
63,3810,1,110
63,3210,2,113
63,3200,0,111
63,3200,0,109
63,3400,2,114
63,3410,3,117
63,3400,2,100
63,4341,1,358
63,4100,0,305
63,4100,0,314
63,4100,0,300
63,4000,0,310
63,4350,1,307
63,4300,0,313
63,4695,0,757
63,4656,0,756
63,4941,0,190
63,4663,0,750
63,4658,0,761
63,4653,0,762
63,4677,0,763
63,4662,0,755
63,4657,0,760
63,4678,0,548
63,4678,0,550
63,4678,0,547
63,4678,0,553
63,4678,0,540
63,4678,0,542
63,4678,0,546
63,4678,0,549
63,4660,2,607
63,4650,3,602
63,4670,3,605
63,4660,3,606
63,3030,1,104
63,3410,3,116
63,4000,2,312
63,4350,1,301
64,3030,1,128
64,3000,0,100
64,3800,0,109
64,3800,1,113
64,3210,2,111
64,3200,0,108
64,3210,2,101
64,3400,1,117
64,3410,3,116
64,3410,3,104
64,4101,0,362
64,4100,0,300
64,4100,0,313
64,4100,0,307
64,4000,3,310
64,4350,1,301
64,4340,1,314
64,4687,0,757
64,4653,0,756
64,4941,0,190
64,4674,0,762
64,4666,0,750
64,4654,0,761
64,4651,0,755
64,4669,0,760
64,4551,0,763
64,4660,5,602
64,4660,2,606
64,4650,5,607
64,4670,0,605
64,3030,1,112
64,3400,1,110
64,4340,1,305
64,4340,1,308
65,3000,0,126
65,3030,0,113
65,3810,1,103
65,3810,0,104
65,3210,0,116
65,3210,1,120
65,3410,2,117
65,3410,4,109
65,3410,4,100
65,4401,0,358
65,4100,0,314
65,4100,0,302
65,4100,0,305
65,4000,6,313
65,4300,0,312
65,4340,1,307
65,4691,0,757
65,4654,0,756
65,4943,0,190
65,4658,0,755
65,4674,0,753
65,4653,0,763
65,4677,0,750
65,4671,0,754
65,4662,0,762
65,4680,2,601
65,4660,2,605
65,4670,2,602
65,4650,2,607
65,3210,1,114
65,3410,2,101
65,3790,0,301
65,4500,0,300
65,4940,0,718
66,3030,1,125
66,3000,0,103
66,3800,1,101
66,3810,1,104
66,3200,1,117
66,3200,0,120
66,3410,0,113
66,3430,0,100
66,3410,0,109
66,4341,0,357
66,4100,0,302
66,4100,0,313
66,4100,0,308
66,4000,8,305
66,4350,1,300
66,4340,1,312
66,4691,0,757
66,4656,0,756
66,4942,0,190
66,4653,0,762
66,4652,0,750
66,4663,0,753
66,4677,0,763
66,4672,0,755
66,4669,0,754
66,4680,0,601
66,4670,3,607
66,4660,4,605
66,4650,2,602
66,3800,1,116
66,3200,0,114
66,4500,0,301
66,4350,1,314
67,3800,1,126
67,3030,0,103
67,3030,1,100
67,3800,0,116
67,3200,1,117
67,3210,2,113
67,3420,0,120
67,3400,0,114
67,3400,0,104
67,4301,1,358
67,4100,0,305
67,4100,0,312
67,4100,0,302
67,4000,0,300
67,4300,1,301
67,4300,0,313
67,4695,0,757
67,4663,0,756
67,4943,0,190
67,4667,0,754
67,4653,0,762
67,4664,0,755
67,4655,0,763
67,4671,0,750
67,4665,0,753
67,4678,0,542
67,4678,0,549
67,4678,0,548
67,4678,0,541
67,4678,0,554
67,4678,0,540
67,4678,0,550
67,4678,0,544
67,4660,3,602
67,4650,3,605
67,4660,4,607
67,4670,4,601
67,3800,0,101
67,3210,2,109
67,4000,5,314
67,4300,1,307
68,3800,0,129
68,3030,1,114
68,3000,0,113
68,3810,0,116
68,3200,0,117
68,3200,1,101
68,3400,3,104
68,3400,2,103
68,3400,2,109
68,4301,0,364
68,4100,0,301
68,4100,0,305
68,4100,0,313
68,4000,3,312
68,4300,0,308
68,4340,1,302
68,4688,0,757
68,4674,0,756
68,4942,0,190
68,4653,0,753
68,4663,0,763
68,4654,0,750
68,4671,0,754
68,4672,0,762
68,4662,0,755
68,4670,0,605
68,4650,3,602
68,4660,2,601
68,4660,5,607
68,3800,0,100
68,3400,3,108
68,3400,2,120
68,3790,0,307
68,4500,0,300
69,3000,0,121
69,3000,1,114
69,3810,0,103
69,3810,1,100
69,3210,0,113
69,3220,0,109
69,3410,4,108
69,3400,2,120
69,3400,2,117
69,4301,1,350
69,4100,0,307
69,4100,0,308
69,4100,0,313
69,4000,9,312
69,4300,0,301
69,4340,1,305
69,4688,0,757
69,4664,0,756
69,4942,0,190
69,4663,0,755
69,4652,0,762
69,4653,0,753
69,4655,0,754
69,4651,0,750
69,4665,0,763
69,4650,3,607
69,4670,1,601
69,4660,3,602
69,4660,5,605
69,3000,1,104
69,3810,1,116
69,4500,0,314
69,4000,4,302
70,3000,1,124
70,3030,1,112
70,3800,0,106
70,3800,1,117
70,3210,1,111
70,3220,0,100
70,3210,1,107
70,3420,0,101
70,3410,3,103
70,3420,0,104
70,4341,1,356
70,4100,0,314
70,4100,0,302
70,4100,0,310
70,4000,4,301
70,4340,0,300
70,4695,0,757
70,4652,0,756
70,4942,0,190
70,4656,0,315
70,4654,0,309
70,4668,0,322
70,4663,0,318
70,4664,0,319
70,4653,0,317
70,4674,0,761
70,4654,0,750
70,4659,0,753
70,4657,0,759
70,4662,0,755
70,4671,0,760
70,4551,0,754
70,4672,0,758
70,4650,3,601
70,4670,0,602
70,4650,5,604
70,4660,6,606
70,4670,3,607
70,4660,3,603
70,4130,0,321
70,4330,0,316
70,4330,1,320
70,3800,1,116
70,3220,0,110
70,4500,0,305
70,4350,1,313
71,3800,1,129
71,3030,0,112
71,3030,1,100
71,3810,0,103
71,3220,0,107
71,3200,0,101
71,3220,0,110
71,3410,4,106
71,3420,0,104
71,3420,0,116
71,4401,0,364
71,4100,0,300
71,4100,0,313
71,4100,0,306
71,4000,3,301
71,4340,1,305
71,4695,0,757
71,4652,0,756
71,4941,0,190
71,4666,0,315
71,4664,0,309
71,4674,0,322
71,4667,0,317
71,4656,0,319
71,4654,0,320
71,4663,0,761
71,4656,0,754
71,4655,0,753
71,4665,0,760
71,4651,0,755
71,4662,0,758
71,4677,0,750
71,4659,0,759
71,4678,0,544
71,4678,0,541
71,4678,0,543
71,4678,0,548
71,4678,0,551
71,4678,0,547
71,4678,0,552
71,4678,0,540
71,4650,4,604
71,4650,3,602
71,4670,4,601
71,4660,2,606
71,4670,3,607
71,4660,5,603
71,4130,0,321
71,4330,0,318
71,4330,1,316
71,3220,0,117
71,3420,0,120
71,4500,0,302
71,4340,0,310
72,2040,0,104
72,3810,1,122
72,3030,1,106
72,3030,0,120
72,3800,1,110
72,3210,1,111
72,3220,0,107
72,3210,1,101
72,3400,2,103
72,3410,3,112
72,3410,3,116
72,4301,1,351
72,4100,0,306
72,4100,0,310
72,4100,0,314
72,4000,1,302
72,4340,1,300
72,4686,0,757
72,4663,0,756
72,4943,0,190
72,4666,0,318
72,4668,0,315
72,4667,0,316
72,4652,0,322
72,4663,0,309
72,4656,0,320
72,4654,0,754
72,4653,0,761
72,4671,0,750
72,4659,0,760
72,4665,0,753
72,4672,0,759
72,4677,0,758
72,4657,0,755
72,4670,3,604
72,4650,3,606
72,4650,5,607
72,4660,5,602
72,4670,0,601
72,4660,4,603
72,4130,0,321
72,4330,1,319
72,4330,0,317
72,3030,0,117
72,3790,0,305
72,4300,1,313
73,3030,1,129
73,3000,0,100
73,3810,1,116
73,3800,1,103
73,3210,1,120
73,3200,1,117
73,3200,1,106
73,3420,0,104
73,3400,3,112
73,3400,3,110
73,4341,0,364
73,4100,0,305
73,4100,0,310
73,4100,0,306
73,4000,6,301
73,4300,0,313
73,4695,0,757
73,4653,0,756
73,4942,0,190
73,4668,0,309
73,4666,0,315
73,4664,0,318
73,4674,0,319
73,4652,0,322
73,4654,0,317
73,4667,0,760
73,4656,0,753
73,4651,0,754
73,4551,0,750
73,4665,0,759
73,4671,0,761
73,4662,0,758
73,4659,0,755
73,4660,6,606
73,4660,5,607
73,4670,4,604
73,4670,3,601
73,4650,3,602
73,4650,2,603
73,4130,0,321
73,4330,1,316
73,4330,0,320
73,3810,1,107
73,3420,0,101
73,4300,1,302
73,4300,1,300
74,3000,1,122
74,3000,0,112
74,3810,0,101
74,3800,1,106
74,3210,0,117
74,3210,2,104
74,3210,0,107
74,3410,3,110
74,3430,0,116
74,3430,0,103
74,4301,0,351
74,4100,0,313
74,4100,0,306
74,4100,0,310
74,4000,3,314
74,4340,1,305
74,4682,0,757
74,4667,0,756
74,4943,0,190
74,4666,0,317
74,4668,0,319
74,4674,0,322
74,4652,0,316
74,4654,0,315
74,4664,0,318
74,4652,0,760
74,4663,0,758
74,4657,0,754
74,4665,0,759
74,4669,0,750
74,4671,0,761
74,4659,0,755
74,4551,0,753
74,4670,4,604
74,4650,4,601
74,4650,5,606
74,4660,2,602
74,4660,6,607
74,4670,3,603
74,4130,0,321
74,4330,1,320
74,4330,0,309
74,4940,0,717
74,3410,3,120
74,3430,0,111
74,4500,0,302
74,4000,4,300
75,3810,0,127
75,3000,0,117
75,3030,1,120
75,3800,0,113
75,3220,0,116
75,3210,2,107
75,3200,0,110
75,3410,1,106
75,3410,4,111
75,3410,3,109
75,4101,0,360
75,4100,0,306
75,4100,0,314
75,4100,0,307
75,4000,3,308
75,4300,0,302
75,4667,0,763
75,4656,0,760
75,4663,0,753
75,4677,0,761
75,4662,0,762
75,4665,0,758
75,4659,0,754
75,4651,0,759
75,4670,4,606
75,4650,3,601
75,4660,6,607
75,4650,5,605
75,4660,3,604
75,4670,2,603
75,3800,0,103
75,3410,1,114
75,3410,1,108
75,3790,0,312
75,4000,5,313
76,3800,1,127
76,3000,0,106
76,3030,0,111
76,3800,0,114
76,3210,2,107
76,3210,1,103
76,3200,0,108
76,3410,0,116
76,3400,0,110
76,3400,1,120
76,4401,0,360
76,4100,0,308
76,4100,0,302
76,4100,0,313
76,4000,5,307
76,4340,1,312
76,4654,0,763
76,4668,0,759
76,4652,0,754
76,4659,0,760
76,4551,0,758
76,4651,0,762
76,4669,0,753
76,4672,0,761
76,4660,5,607
76,4670,4,605
76,4660,3,601
76,4670,0,603
76,4650,2,604
76,4650,5,606
76,3000,0,113
76,3210,1,117
76,3210,1,109
76,4500,0,306
76,4300,1,314
77,3810,0,123
77,3030,0,111
77,3030,1,109
77,3800,1,108
77,3210,0,113
77,3210,2,103
77,3220,1,110
77,3410,3,116
77,3410,1,117
77,3400,0,107
77,4401,0,352
77,4100,0,310
77,4100,0,306
77,4100,0,313
77,4000,6,307
77,4340,1,308
77,4667,0,761
77,4653,0,763
77,4674,0,754
77,4671,0,759
77,4657,0,762
77,4669,0,753
77,4659,0,760
77,4662,0,758
77,4660,2,606
77,4650,3,601
77,4670,2,607
77,4650,4,605
77,4660,5,604
77,4670,1,603
77,4940,0,718
77,3030,1,106
77,3800,1,112
77,3210,2,114
77,3790,0,312
77,4500,0,314
78,3800,0,128
78,3030,1,107
78,3000,0,111
78,3810,0,120
78,3210,0,109
78,3200,1,117
78,3220,1,113
78,3400,3,112
78,3420,0,116
78,3410,0,110
78,4302,0,362
78,4100,0,302
78,4100,0,314
78,4100,0,310
78,4000,6,313
78,4340,0,307
78,4674,0,761
78,4652,0,754
78,4667,0,763
78,4672,0,758
78,4665,0,760
78,4655,0,762
78,4669,0,753
78,4677,0,759
78,4678,0,547
78,4678,0,549
78,4678,0,556
78,4678,0,548
78,4678,0,541
78,4678,0,555
78,4678,0,545
78,4678,0,550
78,4650,4,603
78,4670,1,601
78,4670,4,607
78,4660,6,605
78,4660,5,606
78,4650,5,604
78,3810,0,106
78,3200,1,103
78,3420,0,108
78,4300,1,308
78,4340,0,306
79,3000,0,125
79,3030,0,106
79,3810,1,116
79,3800,1,110
79,3220,1,103
79,3210,1,107
79,3210,0,111
79,3420,0,112
79,3400,2,120
79,3400,3,114
79,4401,0,357
79,4100,0,313
79,4100,0,302
79,4100,0,310
79,4000,7,308
79,4340,0,312
79,4674,0,760
79,4671,0,759
79,4658,0,753
79,4677,0,763
79,4665,0,754
79,4662,0,761
79,4651,0,762
79,4654,0,758
79,4660,4,601
79,4660,6,607
79,4650,5,603
79,4670,2,605
79,4670,0,606
79,4650,4,604
79,4940,0,711
79,3210,1,113
79,3220,1,109
79,3400,2,117
79,4300,1,306
79,4300,1,314
80,3030,0,126
80,3000,1,109
80,3800,1,106
80,3810,0,117
80,3210,2,111
80,3220,1,107
80,3200,0,113
80,3400,3,114
80,3430,0,104
80,3410,2,101
80,3430,0,103
80,4301,0,358
80,4100,0,302
80,4100,0,312
80,4100,0,307
80,4500,0,300
80,4000,8,301
80,4340,1,310
80,4300,1,314
80,4682,0,757
80,4654,0,756
80,4943,0,190
80,4656,0,763
80,4658,0,759
80,4652,0,753
80,4667,0,760
80,4677,0,750
80,4672,0,758
80,4657,0,761
80,4655,0,762
80,4671,0,755
80,4659,0,754
80,4660,2,607
80,4650,5,603
80,4650,3,601
80,4660,5,605
80,4670,3,606
80,4670,1,604
80,4660,6,602
80,3030,0,120
80,3800,1,116
80,3430,0,110
80,3400,3,112
80,3400,3,100
80,3790,0,313
80,4000,5,305
80,4000,2,306
81,3810,1,123
81,3030,0,111
81,3030,1,106
81,3800,0,104
81,3210,2,109
81,3210,0,113
81,3220,1,103
81,3410,1,101
81,3430,0,117
81,3410,4,114
81,3410,1,107
81,4101,0,352
81,4100,0,306
81,4100,0,313
81,4100,0,307
81,4500,0,308
81,4000,1,310
81,4340,0,305
81,4350,1,314
81,4682,0,757
81,4653,0,756
81,4942,0,190
81,4667,0,753
81,4658,0,763
81,4654,0,761
81,4664,0,755
81,4677,0,760
81,4665,0,762
81,4655,0,750
81,4669,0,759
81,4657,0,754
81,4659,0,758
81,4650,5,606
81,4660,6,607
81,4670,0,604
81,4670,3,602
81,4660,3,601
81,4660,4,605
81,4650,4,603
81,3030,0,100
81,3210,2,112
81,3410,1,108
81,3410,4,116
81,3410,4,110
81,4340,0,301
81,4340,0,300
81,4340,0,312
82,3800,1,127
82,3000,0,114
82,3030,0,104
82,3810,0,110
82,3200,0,103
82,3210,0,116
82,3210,2,101
82,3410,4,100
82,3410,1,113
82,3410,3,107
82,3410,3,109
82,4101,0,360
82,4100,0,313
82,4100,0,301
82,4100,0,307
82,4500,0,305
82,4000,7,312
82,4300,1,314
82,4300,0,300
82,4688,0,757
82,4664,0,756
82,4941,0,190
82,4666,0,758
82,4667,0,763
82,4668,0,760
82,4658,0,755
82,4657,0,762
82,4671,0,754
82,4655,0,759
82,4677,0,750
82,4551,0,753
82,4665,0,761
82,4552,0,570
82,4552,0,561
82,4552,0,562
82,4552,0,560
82,4552,0,567
82,4552,0,568
82,4552,0,564
82,4552,0,566
82,4670,3,603
82,4660,5,605
82,4650,3,607
82,4660,2,601
82,4660,4,606
82,4670,0,602
82,4650,2,604
82,3810,0,108
82,3210,2,117
82,3410,1,111
82,3410,3,120
82,3410,4,106
82,3790,0,306
82,4500,0,308
82,4300,0,302
83,3030,0,124
83,3030,1,108
83,3800,0,109
83,3810,1,106
83,3210,2,117
83,3210,0,113
83,3200,0,116
83,3400,0,112
83,3400,2,101
83,3410,4,114
83,3400,0,110
83,4301,1,356
83,4100,0,300
83,4100,0,314
83,4100,0,310
83,4500,0,301
83,4000,5,305
83,4350,1,313
83,4340,1,308
83,4688,0,757
83,4653,0,756
83,4942,0,190
83,4668,0,760
83,4656,0,754
83,4658,0,763
83,4667,0,750
83,4665,0,758
83,4662,0,762
83,4651,0,753
83,4551,0,761
83,4677,0,755
83,4655,0,759
83,4670,3,604
83,4660,3,605
83,4660,2,601
83,4670,0,607
83,4650,4,602
83,4660,6,606
83,4650,5,603
83,3410,4,104
83,3410,4,107
83,3400,0,103
83,3410,4,100
83,3400,2,111
83,3790,0,312
83,4000,6,302
83,4000,2,307
84,3000,1,128
84,3030,1,116
84,3800,0,113
84,3810,1,111
84,3200,0,104
84,3220,0,101
84,3210,0,110
84,3410,4,109
84,3410,1,106
84,3420,0,112
84,3410,4,100
84,4301,0,362
84,4100,0,306
84,4100,0,313
84,4100,0,305
84,4500,0,300
84,4000,9,301
84,4340,1,302
84,4340,0,314
84,4695,0,757
84,4656,0,756
84,4942,0,190
84,4666,0,750
84,4664,0,754
84,4653,0,760
84,4668,0,763
84,4677,0,755
84,4551,0,753
84,4651,0,758
84,4672,0,761
84,4671,0,762
84,4665,0,759
84,4650,2,601
84,4660,3,606
84,4650,4,607
84,4660,5,604
84,4670,1,602
84,4670,4,605
84,4660,4,603
84,3810,1,107
84,3200,0,103
84,3410,4,120
84,3410,1,108
84,3410,4,117
84,3790,0,307
84,4500,0,310
84,4000,3,308
85,3800,1,128
85,3000,0,113
85,3030,1,110
85,3810,0,112
85,3200,1,116
85,3220,0,104
85,3220,1,103
85,3410,4,109
85,3410,3,117
85,3410,0,100
85,3410,0,106
85,4341,0,362
85,4100,0,306
85,4100,0,313
85,4100,0,305
85,4500,0,302
85,4000,2,301
85,4300,0,310
85,4340,1,300
85,4686,0,757
85,4663,0,756
85,4942,0,190
85,4674,0,754
85,4653,0,762
85,4668,0,760
85,4656,0,759
85,4671,0,761
85,4669,0,758
85,4651,0,753
85,4551,0,755
85,4677,0,763
85,4672,0,750
85,4678,0,549
85,4678,0,545
85,4678,0,543
85,4678,0,546
85,4678,0,547
85,4678,0,548
85,4678,0,550
85,4678,0,542
85,4680,2,607
85,4650,4,606
85,4670,4,604
85,4660,2,605
85,4660,5,601
85,4670,3,602
85,4650,3,603
85,4940,0,718
85,3410,0,120
85,3410,0,111
85,3410,3,107
85,3410,3,108
85,3410,3,101
85,4000,7,308
85,4340,1,314
85,4300,0,307
86,3800,0,126
86,3000,1,112
86,3030,0,101
86,3800,1,120
86,3210,0,117
86,3200,1,100
86,3220,1,109
86,3410,2,111
86,3420,0,104
86,3400,2,107
86,3400,2,113
86,4341,0,358
86,4100,0,306
86,4100,0,301
86,4100,0,305
86,4500,0,300
86,4000,8,314
86,4300,0,312
86,4340,1,302
86,4688,0,757
86,4663,0,756
86,4943,0,190
86,4674,0,758
86,4656,0,763
86,4658,0,761
86,4654,0,755
86,4657,0,753
86,4665,0,750
86,4671,0,762
86,4669,0,760
86,4655,0,759
86,4551,0,754
86,4660,2,601
86,4670,3,604
86,4660,4,605
86,4650,5,602
86,4660,5,606
86,4650,2,607
86,4670,2,603
86,3220,1,103
86,3220,1,114
86,3220,1,116
86,3410,2,110
86,3410,2,106
86,3790,0,310
86,4500,0,307
86,4340,1,313
87,3030,1,126
87,3030,0,116
87,3810,0,110
87,3810,1,100
87,3210,2,103
87,3210,0,107
87,3220,1,101
87,3400,2,109
87,3400,1,120
87,3410,2,106
87,3410,2,111
87,4401,0,358
87,4100,0,301
87,4100,0,305
87,4100,0,314
87,4500,0,300
87,4000,5,306
87,4300,1,312
87,4300,0,307
87,4695,0,757
87,4666,0,756
87,4942,0,190
87,4654,0,760
87,4668,0,758
87,4653,0,755
87,4658,0,763
87,4671,0,754
87,4665,0,759
87,4662,0,750
87,4551,0,762
87,4651,0,753
87,4657,0,761
87,4650,4,604
87,4660,5,602
87,4660,2,601
87,4670,0,605
87,4660,3,606
87,4650,3,607
87,4670,3,603
87,3030,1,104
87,3810,1,113
87,3210,2,112
87,3400,2,117
87,3400,2,114
87,3790,0,310
87,4000,3,313
87,4000,0,302
88,3000,1,125
88,3000,0,110
88,3800,1,101
88,3800,0,114
88,3220,1,116
88,3200,1,107
88,3210,2,113
88,3410,2,112
88,3400,0,100
88,3410,1,120
88,3410,1,109
88,4302,0,357
88,4100,0,314
88,4100,0,300
88,4100,0,310
88,4500,0,305
88,4000,2,312
88,4340,0,301
88,4340,1,313
88,4686,0,757
88,4654,0,756
88,4942,0,190
88,4674,0,754
88,4667,0,763
88,4652,0,759
88,4656,0,760
88,4662,0,755
88,4672,0,753
88,4671,0,758
88,4677,0,762
88,4657,0,761
88,4669,0,750
88,4678,0,547
88,4678,0,549
88,4678,0,548
88,4678,0,546
88,4678,0,545
88,4678,0,543
88,4678,0,544
88,4678,0,540
88,4650,3,605
88,4670,4,602
88,4660,2,604
88,4660,6,607
88,4670,0,606
88,4660,3,601
88,4650,2,603
88,3000,1,103
88,3800,1,117
88,3220,1,104
88,3200,1,106
88,3410,2,111
88,3790,0,306
88,4500,0,308
88,4000,0,302
89,3000,1,125
89,3030,1,110
89,3810,0,112
89,3810,1,114
89,3210,2,104
89,3210,1,107
89,3220,0,117
89,3410,4,106
89,3400,3,116
89,3400,0,100
89,3410,4,120
89,4501,0,357
89,4100,0,306
89,4100,0,314
89,4100,0,300
89,4500,0,310
89,4000,8,302
89,4350,1,301
89,4300,0,308
89,4682,0,757
89,4656,0,756
89,4942,0,190
89,4667,0,760
89,4664,0,759
89,4658,0,755
89,4663,0,754
89,4662,0,753
89,4657,0,761
89,4665,0,758
89,4669,0,762
89,4677,0,750
89,4672,0,763
89,4660,6,605
89,4670,3,607
89,4650,4,601
89,4670,4,604
89,4660,4,602
89,4650,2,606
89,4660,2,603
89,3000,1,113
89,3000,1,101
89,3810,0,103
89,3220,0,109
89,3220,0,111
89,3790,0,313
89,4500,0,312
89,4000,7,305
90,3000,0,122
90,3000,1,103
90,3800,0,111
90,3810,1,113
90,3210,0,110
90,3210,1,108
90,3220,0,112
90,3410,2,106
90,3400,0,120
90,3410,0,117
90,3400,0,114
90,4090,8,307
90,4301,1,351
90,4100,0,313
90,4100,0,305
90,4100,0,310
90,4500,0,308
90,4000,6,314
90,4300,1,312
90,4340,1,300
90,4686,0,757
90,4652,0,756
90,4941,0,190
90,4668,0,758
90,4674,0,762
90,4667,0,753
90,4666,0,761
90,4551,0,763
90,4669,0,750
90,4665,0,754
90,4657,0,760
90,4672,0,759
90,4677,0,755
90,4650,2,601
90,4670,4,606
90,4670,3,605
90,4650,3,602
90,4660,6,604
90,4660,3,607
90,4660,5,603
90,3000,0,107
90,3810,1,104
90,3210,0,116
90,3210,1,109
90,3210,0,101
90,4000,2,302
90,4300,1,306
91,3800,1,125
91,3030,1,103
91,3000,0,109
91,3810,0,111
91,3200,1,114
91,3210,0,101
91,3210,1,112
91,3410,3,120
91,3430,0,104
91,3420,0,116
91,3430,0,106
91,4341,0,357
91,4100,0,306
91,4100,0,308
91,4100,0,305
91,4500,0,300
91,4000,4,314
91,4340,0,302
91,4340,1,310
91,4682,0,757
91,4666,0,756
91,4943,0,190
91,4653,0,761
91,4658,0,750
91,4652,0,763
91,4667,0,758
91,4671,0,755
91,4677,0,762
91,4665,0,754
91,4672,0,759
91,4659,0,760
91,4655,0,753
91,4680,2,601
91,4660,4,607
91,4650,4,604
91,4650,3,606
91,4660,6,602
91,4670,1,605
91,4670,0,603
91,3030,1,100
91,3030,1,117
91,3810,0,113
91,3410,3,110
91,3410,3,107
91,3790,0,312
91,4500,0,313
91,4000,5,301
92,3810,1,129
92,3030,0,120
92,3000,0,106
92,3800,0,112
92,3220,0,103
92,3200,1,104
92,3210,2,116
92,3400,3,108
92,3410,2,101
92,3410,4,110
92,3400,3,107
92,4401,0,364
92,4100,0,305
92,4100,0,313
92,4100,0,302
92,4500,0,307
92,4000,2,308
92,4300,0,306
92,4340,0,312
92,4695,0,757
92,4654,0,756
92,4941,0,190
92,4663,0,750
92,4652,0,760
92,4653,0,759
92,4668,0,754
92,4672,0,758
92,4657,0,761
92,4659,0,763
92,4655,0,755
92,4677,0,753
92,4665,0,762
92,4660,5,606
92,4660,3,601
92,4660,4,604
92,4670,0,602
92,4650,3,607
92,4670,2,605
92,4650,2,603
92,3220,0,117
92,3410,2,114
92,3400,3,109
92,3410,2,113
92,3410,4,100
92,4500,0,301
92,4000,8,300
92,4340,0,310
93,3800,0,129
93,3000,1,104
93,3030,0,120
93,3810,0,113
93,3200,0,110
93,3210,2,106
93,3200,1,116
93,3400,0,107
93,3400,1,108
93,3410,1,112
93,3400,0,103
93,4501,0,364
93,4100,0,313
93,4100,0,300
93,4100,0,308
93,4500,0,305
93,4000,3,301
93,4340,1,310
93,4300,0,302
93,4681,0,757
93,4653,0,756
93,4942,0,190
93,4674,0,759
93,4667,0,760
93,4652,0,750
93,4654,0,753
93,4657,0,763
93,4677,0,761
93,4665,0,754
93,4669,0,755
93,4655,0,762
93,4659,0,758
93,4650,2,601
93,4670,3,604
93,4660,4,606
93,4660,2,605
93,4670,2,602
93,4660,3,607
93,4650,3,603
93,3030,0,114
93,3030,0,117
93,3200,0,101
93,3410,1,100
93,3410,1,109
93,3790,0,307
93,4000,5,306
93,4000,7,312
94,3810,0,128
94,3030,0,101
94,3000,1,111
94,3800,0,109
94,3210,0,112
94,3200,1,104
94,3220,0,103
94,3410,1,100
94,3400,2,117
94,3420,0,106
94,3420,0,120
94,4302,0,362
94,4100,0,308
94,4100,0,300
94,4100,0,302
94,4500,0,307
94,4000,4,305
94,4340,1,313
94,4300,1,310
94,4687,0,757
94,4664,0,756
94,4943,0,190
94,4654,0,760
94,4652,0,762
94,4663,0,750
94,4666,0,759
94,4659,0,755
94,4672,0,753
94,4665,0,758
94,4671,0,761
94,4669,0,763
94,4677,0,754
94,4552,0,560
94,4552,0,562
94,4552,0,561
94,4552,0,570
94,4552,0,568
94,4552,0,567
94,4552,0,565
94,4552,0,566
94,4660,5,607
94,4650,5,605
94,4660,3,606
94,4670,0,602
94,4660,2,604
94,4670,4,601
94,4650,3,603
94,4940,0,710
94,3030,0,113
94,3000,1,107
94,3200,1,116
94,3200,1,110
94,3400,2,108
94,4340,1,306
94,4300,1,301
94,4300,1,314
95,3800,1,129
95,3030,0,116
95,3000,1,100
95,3800,0,112
95,3210,1,113
95,3200,0,110
95,3200,1,114
95,3410,1,109
95,3420,0,106
95,3410,2,104
95,3410,1,101
95,4341,0,364
95,4100,0,313
95,4100,0,306
95,4100,0,300
95,4500,0,305
95,4000,3,312
95,4340,0,301
95,4300,1,307
95,4691,0,757
95,4664,0,756
95,4942,0,190
95,4656,0,758
95,4667,0,753
95,4658,0,750
95,4666,0,761
95,4655,0,760
95,4662,0,755
95,4677,0,763
95,4657,0,754
95,4551,0,759
95,4669,0,762
95,4670,3,606
95,4670,1,605
95,4660,5,604
95,4660,3,601
95,4650,4,602
95,4660,4,607
95,4650,5,603
95,3030,0,108
95,3200,0,107
95,3200,1,103
95,3200,0,120
95,3410,1,117
95,4000,2,302
95,4340,0,310
95,4300,1,308
96,3000,0,121
96,3030,0,104
96,3800,0,111
96,3810,0,103
96,3210,2,112
96,3200,1,108
96,3210,1,100
96,3410,0,107
96,3430,0,109
96,3400,0,117
96,3430,0,113
96,4101,1,350
96,4100,0,306
96,4100,0,307
96,4100,0,312
96,4500,0,314
96,4000,5,302
96,4340,0,301
96,4300,0,310
96,4688,0,757
96,4667,0,756
96,4943,0,190
96,4666,0,754
96,4674,0,760
96,4653,0,759
96,4654,0,763
96,4651,0,761
96,4551,0,758
96,4677,0,753
96,4657,0,755
96,4655,0,762
96,4672,0,750
96,4552,0,562
96,4552,0,561
96,4552,0,569
96,4552,0,567
96,4552,0,568
96,4552,0,560
96,4552,0,564
96,4552,0,563
96,4650,5,601
96,4660,5,603
96,4650,3,607
96,4660,4,605
96,4670,1,606
96,4660,3,602
96,4670,0,604
96,3210,1,120
96,3410,0,106
96,3400,0,114
96,3430,0,116
96,3410,0,110
96,3790,0,305
96,4000,4,313
96,4340,0,308
97,3800,0,129
97,3000,0,103
97,3030,0,113
97,3800,1,101
97,3220,0,114
97,3210,0,106
97,3220,1,120
97,3410,4,110
97,3400,3,108
97,3400,0,100
97,3400,0,112
97,4101,0,364
97,4100,0,306
97,4100,0,300
97,4100,0,308
97,4500,0,313
97,4000,0,312
97,4300,1,302
97,4340,0,305
97,4695,0,757
97,4667,0,756
97,4943,0,190
97,4654,0,750
97,4658,0,758
97,4652,0,760
97,4664,0,753
97,4665,0,763
97,4655,0,761
97,4677,0,755
97,4671,0,754
97,4551,0,759
97,4672,0,762
97,4660,5,601
97,4660,2,606
97,4650,3,607
97,4650,5,605
97,4670,0,602
97,4670,4,604
97,4660,3,603
97,4940,0,717
97,3030,0,107
97,3800,0,104
97,3410,4,116
97,3400,3,109
97,3410,4,117
97,4500,0,310
97,4000,6,307
97,4000,1,301
98,3810,0,122
98,3030,1,120
98,3030,0,109
98,3800,1,111
98,3200,0,106
98,3210,1,108
98,3220,0,113
98,3400,0,112
98,3410,2,110
98,3410,0,114
98,3400,0,101
98,4341,0,351
98,4100,0,312
98,4100,0,307
98,4100,0,308
98,4500,0,313
98,4000,8,305
98,4340,0,300
98,4350,1,310
98,4687,0,757
98,4654,0,756
98,4943,0,190
98,4663,0,753
98,4653,0,761
98,4652,0,755
98,4658,0,763
98,4665,0,759
98,4659,0,762
98,4662,0,760
98,4677,0,754
98,4671,0,750
98,4551,0,758
98,4670,2,604
98,4660,5,607
98,4660,3,605
98,4650,5,601
98,4670,1,606
98,4680,1,603
98,4650,3,602
98,3800,1,107
98,3210,1,117
98,3210,1,116
98,3210,1,103
98,3400,0,104
98,4500,0,306
98,4350,1,314
98,4350,1,302
99,3800,0,124
99,3030,1,101
99,3000,0,109
99,3810,0,117
99,3200,1,111
99,3220,0,106
99,3200,0,108
99,3410,3,104
99,3410,0,114
99,3400,3,103
99,3410,0,107
99,4501,0,356
99,4100,0,300
99,4100,0,307
99,4100,0,302
99,4500,0,305
99,4000,6,313
99,4340,0,312
99,4350,1,308
99,4682,0,757
99,4653,0,756
99,4943,0,190
99,4663,0,759
99,4654,0,755
99,4658,0,762
99,4674,0,754
99,4669,0,760
99,4677,0,750
99,4551,0,763
99,4665,0,753
99,4657,0,758
99,4671,0,761
99,4552,0,560
99,4552,0,565
99,4552,0,567
99,4552,0,570
99,4552,0,568
99,4552,0,562
99,4552,0,569
99,4552,0,566
99,4670,2,602
99,4660,5,605
99,4650,4,606
99,4660,2,607
99,4650,5,604
99,4680,2,601
99,4670,0,603
99,3000,0,113
99,3030,1,112
99,3810,0,116
99,3410,0,110
99,3410,3,100
99,4500,0,301
99,4000,9,310
99,4340,0,314
100,3030,0,128
100,3030,1,110
100,3810,0,100
100,3800,0,113
100,3210,1,116
100,3210,2,108
100,3210,1,112
100,3420,0,117
100,3410,0,104
100,3420,0,109
100,4341,1,362
100,4100,0,310
100,4100,0,305
100,4100,0,308
100,4000,3,313
100,4350,1,301
100,4340,1,307
100,4687,0,757
100,4653,0,756
100,4941,0,190
100,4666,0,761
100,4658,0,755
100,4663,0,762
100,4662,0,760
100,4655,0,750
100,4669,0,763
100,4660,3,606
100,4650,3,605
100,4660,4,602
100,4670,2,607
100,3410,0,101
100,3410,0,111
100,3790,0,300
100,4500,0,314
101,3800,0,128
101,3000,1,104
101,3030,0,116
101,3810,1,108
101,3210,2,117
101,3210,0,109
101,3210,0,100
101,3430,0,113
101,3410,4,111
101,3410,4,101
101,4341,1,362
101,4100,0,310
101,4100,0,307
101,4100,0,300
101,4000,5,308
101,4340,1,313
101,4350,1,305
101,4695,0,757
101,4674,0,756
101,4943,0,190
101,4658,0,755
101,4663,0,763
101,4652,0,760
101,4659,0,762
101,4657,0,761
101,4655,0,750
101,4660,2,605
101,4670,3,606
101,4650,3,607
101,4660,5,602
101,3030,0,112
101,3800,0,110
101,3790,0,301
101,4000,2,314
102,3030,0,129
102,3000,1,104
102,3810,0,100
102,3810,1,112
102,3200,0,108
102,3200,1,116
102,3200,0,117
102,3400,2,114
102,3410,1,113
102,3400,2,101
102,4301,0,364
102,4100,0,310
102,4100,0,300
102,4100,0,312
102,4000,3,307
102,4350,1,308
102,4300,1,301
102,4681,0,757
102,4656,0,756
102,4941,0,190
102,4654,0,761
102,4658,0,750
102,4664,0,762
102,4659,0,760
102,4672,0,755
102,4662,0,763
102,4678,0,544
102,4678,0,550
102,4678,0,547
102,4678,0,540
102,4678,0,548
102,4678,0,549
102,4678,0,542
102,4678,0,543
102,4660,2,607
102,4650,5,606
102,4660,5,602
102,4670,1,605
102,4940,0,710
102,3200,0,110
102,3410,1,109
102,4350,1,305
102,4300,1,313
103,3000,0,128
103,3030,1,101
103,3800,1,113
103,3810,0,112
103,3210,0,116
103,3220,1,100
103,3210,0,110
103,3400,2,111
103,3410,3,108
103,3400,2,117
103,4302,0,362
103,4100,0,310
103,4100,0,307
103,4100,0,300
103,4000,6,308
103,4340,0,301
103,4340,1,305
103,4681,0,757
103,4653,0,756
103,4942,0,190
103,4664,0,762
103,4666,0,761
103,4667,0,750
103,4657,0,755
103,4659,0,763
103,4672,0,760
103,4660,2,605
103,4650,5,607
103,4660,3,602
103,4670,3,606
103,4940,0,715
103,3000,0,109
103,3800,1,104
103,4500,0,314
103,4340,1,313
104,3030,0,126
104,3000,1,101
104,3800,1,111
104,3810,0,109
104,3220,0,113
104,3200,1,117
104,3220,0,100
104,3410,4,116
104,3430,0,104
104,3430,0,112
104,4101,1,358
104,4100,0,305
104,4100,0,313
104,4100,0,301
104,4000,3,300
104,4300,1,310
104,4340,1,307
104,4691,0,757
104,4652,0,756
104,4942,0,190
104,4668,0,761
104,4664,0,762
104,4653,0,750
104,4657,0,760
104,4551,0,755
104,4651,0,763
104,4552,0,560
104,4552,0,567
104,4552,0,568
104,4552,0,570
104,4552,0,573
104,4552,0,562
104,4552,0,569
104,4552,0,566
104,4670,0,602
104,4660,6,607
104,4650,4,606
104,4660,5,605
104,3030,0,114
104,3800,1,110
104,4000,5,314
104,4340,1,312
105,3030,0,129
105,3000,1,103
105,3800,1,116
105,3810,0,108
105,3210,2,104
105,3200,0,120
105,3400,1,114
105,3410,2,117
105,3410,2,100
105,4301,1,364
105,4100,0,312
105,4100,0,308
105,4100,0,302
105,4000,0,301
105,4300,1,305
105,4350,1,313
105,4691,0,757
105,4664,0,756
105,4943,0,190
105,4667,0,763
105,4656,0,753
105,4663,0,750
105,4657,0,755
105,4677,0,754
105,4669,0,762
105,4650,5,605
105,4660,4,607
105,4660,5,601
105,4670,1,602
105,4940,0,710
105,3200,0,109
105,3400,1,113
105,3400,1,101
105,4300,1,300
105,4300,1,307
106,3030,1,128
106,3000,0,103
106,3800,0,116
106,3800,1,117
106,3210,0,113
106,3220,0,109
106,3410,0,104
106,3420,0,120
106,3410,0,108
106,4341,1,362
106,4100,0,308
106,4100,0,313
106,4100,0,305
106,4000,5,300
106,4350,1,301
106,4340,0,314
106,4695,0,757
106,4667,0,756
106,4943,0,190
106,4663,0,755
106,4652,0,762
106,4668,0,754
106,4671,0,763
106,4662,0,753
106,4677,0,750
106,4552,0,569
106,4552,0,562
106,4552,0,568
106,4552,0,574
106,4552,0,561
106,4552,0,560
106,4552,0,566
106,4552,0,570
106,4650,2,601
106,4660,5,607
106,4660,4,605
106,4670,3,602
106,3220,0,100
106,3410,0,101
106,3790,0,302
106,4340,0,307
107,3030,1,123
107,3030,0,101
107,3800,1,103
107,3810,1,109
107,3210,1,117
107,3200,0,116
107,3410,0,100
107,3420,0,114
107,3420,0,108
107,4401,0,352
107,4100,0,308
107,4100,0,300
107,4100,0,312
107,4000,8,307
107,4340,0,313
107,4300,1,305
107,4686,0,757
107,4666,0,756
107,4941,0,190
107,4668,0,750
107,4656,0,763
107,4654,0,754
107,4662,0,762
107,4551,0,753
107,4651,0,755
107,4650,2,605
107,4660,4,607
107,4670,3,602
107,4660,5,601
107,3030,1,104
107,3420,0,113
107,4500,0,301
107,4000,2,314
108,3030,1,128
108,3000,1,103
108,3810,1,104
108,3810,0,109
108,3210,0,117
108,3220,0,116
108,3410,4,101
108,3400,2,113
108,3410,4,108
108,4401,0,362
108,4100,0,305
108,4100,0,300
108,4100,0,313
108,4000,8,307
108,4340,1,302
108,4300,0,308
108,4695,0,757
108,4653,0,756
108,4942,0,190
108,4658,0,753
108,4666,0,763
108,4656,0,755
108,4551,0,754
108,4659,0,750
108,4662,0,762
108,4670,2,607
108,4660,4,605
108,4650,2,601
108,4660,2,602
108,3400,2,120
108,3400,2,100
108,3790,0,301
108,4000,2,314
109,3030,0,122
109,3000,0,108
109,3810,1,120
109,3810,0,104
109,3210,2,117
109,3210,0,101
109,3410,0,109
109,3410,2,103
109,3410,0,113
109,4341,1,351
109,4100,0,305
109,4100,0,302
109,4100,0,308
109,4000,6,300
109,4300,0,313
109,4340,0,307
109,4691,0,757
109,4654,0,756
109,4942,0,190
109,4663,0,754
109,4653,0,755
109,4667,0,763
109,4651,0,750
109,4551,0,753
109,4662,0,762
109,4680,0,601
109,4670,4,607
109,4650,2,605
109,4660,5,602
109,3030,0,116
109,3810,0,114
109,3790,0,314
109,4500,0,312
110,3810,0,121
110,3000,0,110
110,3000,1,116
110,3800,1,117
110,3210,1,120
110,3210,0,104
110,3210,0,112
110,3400,1,106
110,3410,0,111
110,3400,1,100
110,4401,0,350
110,4100,0,310
110,4100,0,314
110,4100,0,301
110,4000,1,306
110,4340,1,305
110,4687,0,757
110,4652,0,756
110,4943,0,190
110,4668,0,319
110,4666,0,317
110,4653,0,322
110,4674,0,318
110,4654,0,316
110,4663,0,309
110,4664,0,759
110,4667,0,754
110,4677,0,755
110,4659,0,753
110,4657,0,760
110,4551,0,758
110,4651,0,750
110,4672,0,761
110,4670,1,601
110,4650,2,606
110,4660,3,607
110,4670,3,602
110,4660,6,604
110,4650,4,603
110,4130,0,321
110,4330,0,315
110,4330,1,320
110,3210,1,103
110,3410,0,107
110,4500,0,302
110,4000,5,313
111,3800,1,121
111,3030,1,104
111,3000,1,110
111,3800,0,116
111,3210,1,111
111,3200,1,100
111,3210,1,120
111,3420,0,107
111,3410,4,117
111,3410,4,103
111,4302,0,350
111,4100,0,313
111,4100,0,310
111,4100,0,305
111,4000,4,302
111,4340,1,301
111,4686,0,757
111,4654,0,756
111,4942,0,190
111,4667,0,317
111,4656,0,319
111,4652,0,322
111,4674,0,318
111,4663,0,320
111,4653,0,309
111,4666,0,754
111,4674,0,759
111,4665,0,761
111,4677,0,753
111,4651,0,755
111,4551,0,758
111,4662,0,750
111,4669,0,760
111,4660,5,603
111,4670,2,607
111,4660,6,601
111,4650,3,602
111,4670,0,606
111,4650,2,604
111,4130,0,321
111,4330,0,316
111,4330,1,315
111,4940,0,712
111,3000,1,106
111,3800,1,112
111,3790,0,314
111,4000,5,306
112,3000,1,127
112,3030,1,110
112,3810,1,100
112,3800,1,111
112,3220,1,101
112,3200,1,117
112,3220,1,106
112,3410,4,104
112,3410,3,103
112,3410,4,116
112,4090,7,302
112,4401,0,360
112,4100,0,305
112,4100,0,313
112,4100,0,300
112,4000,4,314
112,4340,1,301
112,4682,0,757
112,4666,0,756
112,4943,0,190
112,4664,0,316
112,4656,0,322
112,4674,0,317
112,4666,0,320
112,4668,0,318
112,4653,0,309
112,4654,0,754
112,4667,0,750
112,4669,0,761
112,4672,0,758
112,4677,0,753
112,4662,0,755
112,4671,0,760
112,4551,0,759
112,4680,0,603
112,4660,3,602
112,4670,4,606
112,4650,5,607
112,4660,5,601
112,4670,2,604
112,4130,0,321
112,4330,0,315
112,4330,1,319
112,3030,1,120
112,3220,1,107
112,4000,8,306
113,3030,0,127
113,3000,1,120
113,3800,0,107
113,3810,0,100
113,3220,0,104
113,3220,1,116
113,3220,0,117
113,3410,2,103
113,3410,0,111
113,3410,2,101
113,4301,1,360
113,4100,0,302
113,4100,0,305
113,4100,0,313
113,4000,4,314
113,4340,0,301
113,4688,0,757
113,4654,0,756
113,4942,0,190
113,4667,0,309
113,4666,0,322
113,4653,0,315
113,4664,0,319
113,4663,0,318
113,4656,0,317
113,4658,0,758
113,4668,0,760
113,4655,0,750
113,4665,0,753
113,4672,0,761
113,4551,0,754
113,4671,0,759
113,4651,0,755
113,4678,0,551
113,4678,0,541
113,4678,0,543
113,4678,0,547
113,4678,0,548
113,4678,0,552
113,4678,0,544
113,4678,0,542
113,4680,0,606
113,4660,4,601
113,4670,3,604
113,4670,4,607
113,4650,4,602
113,4660,3,603
113,4130,0,321
113,4330,1,316
113,4330,0,320
113,3810,0,110
113,3410,2,106
113,3790,0,306
113,4000,6,300
114,3800,1,123
114,3030,1,106
114,3030,0,117
114,3800,0,101
114,3220,0,110
114,3220,1,104
114,3220,0,112
114,3420,0,103
114,3410,0,116
114,3410,0,100
114,4302,0,352
114,4100,0,305
114,4100,0,306
114,4100,0,300
114,4000,8,301
114,4350,1,314
114,4686,0,757
114,4654,0,756
114,4941,0,190
114,4652,0,315
114,4674,0,309
114,4656,0,322
114,4663,0,318
114,4667,0,320
114,4664,0,317
114,4668,0,755
114,4674,0,753
114,4551,0,758
114,4671,0,750
114,4665,0,761
114,4662,0,759
114,4669,0,754
114,4657,0,760
114,4660,6,604
114,4660,2,607
114,4670,0,601
114,4670,3,606
114,4650,2,602
114,4650,4,603
114,4130,0,321
114,4330,0,319
114,4330,1,316
114,3410,0,107
114,3410,0,111
114,3790,0,313
114,4300,1,310
115,3810,1,129
115,3030,0,112
115,3000,0,113
115,3800,1,110
115,3220,0,108
115,3200,0,107
115,3200,1,116
115,3410,0,109
115,3410,2,120
115,3410,1,106
115,4101,0,364
115,4100,0,310
115,4100,0,302
115,4100,0,313
115,4000,8,312
115,4340,1,308
115,4666,0,758
115,4667,0,753
115,4658,0,762
115,4655,0,763
115,4672,0,760
115,4669,0,754
115,4662,0,759
115,4665,0,761
115,4552,0,577
115,4552,0,565
115,4552,0,570
115,4552,0,567
115,4552,0,568
115,4552,0,576
115,4552,0,569
115,4552,0,561
115,4670,2,605
115,4660,6,601
115,4660,3,606
115,4650,4,604
115,4670,0,607
115,4650,2,603
115,3800,1,114
115,3200,0,117
115,3200,0,103
115,4300,1,307
115,4300,1,306
115,4940,0,713
116,3030,0,129
116,3030,1,116
116,3800,0,117
116,3810,0,107
116,3210,2,108
116,3210,1,114
116,3200,1,110
116,3410,1,103
116,3410,3,112
116,3410,4,113
116,4341,0,364
116,4100,0,312
116,4100,0,306
116,4100,0,308
116,4000,8,307
116,4340,0,313
116,4666,0,761
116,4654,0,762
116,4656,0,758
116,4655,0,759
116,4662,0,754
116,4677,0,760
116,4672,0,763
116,4651,0,753
116,4650,4,606
116,4670,2,607
116,4660,5,605
116,4670,3,604
116,4650,3,601
116,4660,2,603
116,3810,0,109
116,3410,4,120
116,3410,1,106
116,3790,0,302
116,4500,0,310
117,3810,1,126
117,3000,1,106
117,3000,0,109
117,3810,0,112
117,3210,1,116
117,3220,0,103
117,3200,1,107
117,3400,0,117
117,3410,1,120
117,3400,3,114
117,4341,0,358
117,4100,0,306
117,4100,0,312
117,4100,0,307
117,4000,5,302
117,4350,1,313
117,4653,0,762
117,4663,0,761
117,4652,0,758
117,4665,0,760
117,4659,0,759
117,4677,0,754
117,4551,0,763
117,4671,0,753
117,4678,0,547
117,4678,0,548
117,4678,0,555
117,4678,0,541
117,4678,0,549
117,4678,0,545
117,4678,0,550
117,4678,0,556
117,4660,4,603
117,4650,4,607
117,4650,5,601
117,4660,6,605
117,4670,2,604
117,4670,4,606
117,3810,1,110
117,3200,1,113
117,3410,1,111
117,3790,0,314
117,4000,6,310
118,3800,0,123
118,3000,0,113
118,3000,1,110
118,3810,1,111
118,3200,1,103
118,3210,1,116
118,3210,0,107
118,3410,3,117
118,3410,2,114
118,3430,0,106
118,4401,0,352
118,4100,0,313
118,4100,0,310
118,4100,0,307
118,4000,5,314
118,4300,1,312
118,4658,0,759
118,4652,0,754
118,4666,0,760
118,4672,0,758
118,4657,0,762
118,4677,0,753
118,4655,0,761
118,4662,0,763
118,4680,2,603
118,4670,2,606
118,4650,3,604
118,4660,4,607
118,4670,3,605
118,4660,5,601
118,3210,1,112
118,3410,3,108
118,3430,0,109
118,4500,0,308
118,4000,2,306
119,3000,1,125
119,3030,1,113
119,3800,0,116
119,3810,0,117
119,3220,1,109
119,3210,0,112
119,3220,0,103
119,3400,1,110
119,3400,3,114
119,3420,0,106
119,4341,0,357
119,4100,0,302
119,4100,0,310
119,4100,0,308
119,4000,5,313
119,4300,1,314
119,4674,0,758
119,4663,0,761
119,4658,0,753
119,4655,0,762
119,4665,0,759
119,4671,0,754
119,4662,0,760
119,4659,0,763
119,4660,6,606
119,4650,4,605
119,4660,5,601
119,4670,2,607
119,4670,3,604
119,4650,5,603
119,3000,1,111
119,3810,0,120
119,3400,3,107
119,4500,0,306
119,4000,1,312
120,3810,1,125
120,3000,0,104
120,3030,1,112
120,3810,0,116
120,3220,1,107
120,3210,0,111
120,3200,1,113
120,3410,0,106
120,3400,1,101
120,3430,0,109
120,3400,1,117
120,4301,1,357
120,4100,0,301
120,4100,0,314
120,4100,0,305
120,4500,0,306
120,4000,8,308
120,4340,0,300
120,4300,1,310
120,4682,0,757
120,4656,0,756
120,4941,0,190
120,4653,0,761
120,4654,0,754
120,4663,0,762
120,4652,0,755
120,4671,0,763
120,4659,0,758
120,4665,0,750
120,4551,0,753
120,4669,0,760
120,4672,0,759
120,4670,0,601
120,4670,3,606
120,4660,5,602
120,4660,4,605
120,4650,4,607
120,4660,3,604
120,4650,2,603
120,3220,1,100
120,3400,1,110
120,3400,1,103
120,3430,0,114
120,3430,0,120
120,4000,3,302
120,4340,0,313
120,4300,1,312
121,3800,1,127
121,3000,0,109
121,3000,1,101
121,3800,0,114
121,3210,2,110
121,3200,1,116
121,3220,0,104
121,3410,3,107
121,3410,4,108
121,3410,0,111
121,3410,4,103
121,4101,0,360
121,4100,0,314
121,4100,0,301
121,4100,0,305
121,4500,0,312
121,4000,2,308
121,4300,0,306
121,4340,0,300
121,4691,0,757
121,4652,0,756
121,4943,0,190
121,4658,0,755
121,4667,0,762
121,4663,0,754
121,4668,0,761
121,4677,0,760
121,4657,0,758
121,4672,0,750
121,4671,0,763
121,4651,0,753
121,4669,0,759
121,4553,0,525
121,4553,0,526
121,4553,0,523
121,4553,0,529
121,4553,0,528
121,4553,0,527
121,4553,0,530
121,4553,0,524
121,4660,3,604
121,4660,5,601
121,4670,4,605
121,4660,4,602
121,4670,3,607
121,4650,2,606
121,4650,5,603
121,3000,0,117
121,3000,1,106
121,3200,1,120
121,3200,1,113
121,3200,1,100
121,4500,0,307
121,4000,5,302
121,4000,9,313
122,3000,0,125
122,3030,0,111
122,3810,0,103
122,3800,1,109
122,3220,0,101
122,3220,1,110
122,3210,0,107
122,3400,3,116
122,3410,2,112
122,3400,0,104
122,3400,0,106
122,4101,0,357
122,4100,0,313
122,4100,0,300
122,4100,0,305
122,4500,0,308
122,4000,8,310
122,4340,0,312
122,4300,0,302
122,4695,0,757
122,4663,0,756
122,4941,0,190
122,4658,0,755
122,4668,0,763
122,4652,0,753
122,4656,0,759
122,4657,0,761
122,4651,0,754
122,4671,0,762
122,4672,0,750
122,4665,0,760
122,4662,0,758
122,4553,0,529
122,4553,0,527
122,4553,0,525
122,4553,0,526
122,4553,0,520
122,4553,0,528
122,4553,0,523
122,4553,0,521
122,4670,0,606
122,4660,5,605
122,4660,4,604
122,4650,5,602
122,4660,3,607
122,4670,3,601
122,4650,3,603
122,3000,0,120
122,3800,1,113
122,3410,2,114
122,3400,3,117
122,3410,2,100
122,4000,3,314
122,4300,0,301
122,4340,0,306
123,3800,1,121
123,3000,1,104
123,3000,0,112
123,3810,0,108
123,3200,0,107
123,3210,2,110
123,3210,1,113
123,3420,0,109
123,3410,3,106
123,3410,1,100
123,3410,3,120
123,4101,0,350
123,4100,0,302
123,4100,0,305
123,4100,0,310
123,4500,0,306
123,4000,8,308
123,4300,1,312
123,4350,1,307
123,4687,0,757
123,4666,0,756
123,4942,0,190
123,4668,0,754
123,4658,0,750
123,4664,0,761
123,4654,0,762
123,4657,0,760
123,4551,0,755
123,4677,0,753
123,4665,0,758
123,4672,0,763
123,4651,0,759
123,4670,3,606
123,4650,3,602
123,4660,2,607
123,4670,4,605
123,4660,5,604
123,4650,5,601
123,4660,3,603
123,3000,1,116
123,3000,0,103
123,3200,0,114
123,3420,0,117
123,3410,1,111
123,3790,0,301
123,4500,0,313
123,4000,0,314
124,3000,0,128
124,3030,0,104
124,3800,0,113
124,3810,0,101
124,3210,0,120
124,3200,0,106
124,3220,1,110
124,3420,0,116
124,3430,0,107
124,3400,3,100
124,3420,0,117
124,4301,0,362
124,4100,0,308
124,4100,0,306
124,4100,0,307
124,4500,0,305
124,4000,2,301
124,4350,1,314
124,4300,0,310
124,4686,0,757
124,4653,0,756
124,4941,0,190
124,4663,0,763
124,4654,0,755
124,4652,0,753
124,4668,0,758
124,4651,0,754
124,4665,0,760
124,4657,0,750
124,4671,0,759
124,4551,0,762
124,4659,0,761
124,4660,4,607
124,4650,2,604
124,4670,2,605
124,4660,2,602
124,4650,5,601
124,4660,3,606
124,4670,4,603
124,3030,0,111
124,3810,0,112
124,3200,0,108
124,3220,1,103
124,3400,3,109
124,3790,0,302
124,4000,0,313
124,4000,4,300
125,3000,1,121
125,3000,0,103
125,3800,0,113
125,3800,1,104
125,3200,1,111
125,3220,0,107
125,3210,2,100
125,3400,0,109
125,3410,1,106
125,3400,1,120
125,3400,0,112
125,4341,0,350
125,4100,0,312
125,4100,0,302
125,4100,0,307
125,4500,0,313
125,4000,1,306
125,4340,1,314
125,4340,0,301
125,4691,0,757
125,4663,0,756
125,4943,0,190
125,4674,0,760
125,4652,0,763
125,4667,0,759
125,4656,0,755
125,4677,0,753
125,4659,0,761
125,4662,0,762
125,4672,0,758
125,4551,0,750
125,4671,0,754
125,4650,2,602
125,4660,2,605
125,4660,6,606
125,4650,5,607
125,4660,3,601
125,4670,0,604
125,4670,4,603
125,4940,0,712
125,3800,1,117
125,3400,0,116
125,3410,1,110
125,3400,0,114
125,3410,1,108
125,4500,0,310
125,4000,6,305
125,4340,0,308
126,3800,0,125
126,3000,1,113
126,3030,1,110
126,3810,1,111
126,3210,0,120
126,3220,1,116
126,3210,1,112
126,3400,1,109
126,3410,1,100
126,3410,4,103
126,3410,1,117
126,4341,0,357
126,4100,0,308
126,4100,0,302
126,4100,0,313
126,4500,0,306
126,4000,4,312
126,4300,1,300
126,4340,1,314
126,4688,0,757
126,4652,0,756
126,4942,0,190
126,4664,0,762
126,4667,0,753
126,4654,0,758
126,4663,0,750
126,4669,0,759
126,4657,0,760
126,4672,0,755
126,4671,0,763
126,4677,0,754
126,4551,0,761
126,4660,3,603
126,4670,2,601
126,4670,0,605
126,4660,6,607
126,4650,3,606
126,4650,5,602
126,4660,2,604
126,3000,1,104
126,3000,1,106
126,3800,0,101
126,3210,0,107
126,3220,1,114
126,4500,0,305
126,4000,0,310
126,4300,1,301
127,3810,0,124
127,3030,0,104
127,3000,1,116
127,3810,1,110
127,3210,1,117
127,3210,2,103
127,3220,1,114
127,3400,3,111
127,3410,2,113
127,3420,0,109
127,3420,0,106
127,4341,1,356
127,4100,0,312
127,4100,0,302
127,4100,0,308
127,4500,0,313
127,4000,9,301
127,4350,1,314
127,4300,1,310
127,4691,0,757
127,4653,0,756
127,4943,0,190
127,4652,0,754
127,4663,0,763
127,4674,0,750
127,4654,0,760
127,4671,0,755
127,4551,0,753
127,4655,0,758
127,4677,0,761
127,4657,0,762
127,4659,0,759
127,4650,4,604
127,4650,5,602
127,4660,3,607
127,4660,2,606
127,4660,5,601
127,4670,2,605
127,4670,3,603
127,3000,1,107
127,3000,1,112
127,3400,3,100
127,3410,2,108
127,3410,2,101
127,3790,0,305
127,4500,0,307
127,4000,3,300
128,2030,0,103
128,3810,0,125
128,3000,0,117
128,3000,1,120
128,3810,1,113
128,3210,2,101
128,3200,1,109
128,3210,0,111
128,3410,2,116
128,3420,0,104
128,3400,3,112
128,3410,2,107
128,4301,0,351
128,4100,0,302
128,4100,0,305
128,4100,0,308
128,4500,0,314
128,4000,3,306
128,4300,0,300
128,4340,1,310
128,4687,0,757
128,4667,0,756
128,4943,0,190
128,4666,0,758
128,4654,0,761
128,4674,0,755
128,4668,0,763
128,4655,0,750
128,4659,0,759
128,4671,0,762
128,4651,0,760
128,4665,0,754
128,4657,0,753
128,4650,4,607
128,4660,2,603
128,4650,3,605
128,4670,4,601
128,4660,3,606
128,4660,4,604
128,4670,3,602
128,3000,0,114
128,3000,0,100
128,3810,0,110
128,3210,0,106
128,4000,4,312
128,4340,1,313
128,4300,0,307
129,3810,0,123
129,3030,0,113
129,3000,0,101
129,3800,0,103
129,3220,0,100
129,3220,1,117
129,3210,1,108
129,3430,0,111
129,3410,3,104
129,3410,0,107
129,3410,3,109
129,4301,1,352
129,4100,0,301
129,4100,0,314
129,4100,0,305
129,4500,0,313
129,4000,8,310
129,4340,1,312
129,4350,1,306
129,4681,0,757
129,4666,0,756
129,4942,0,190
129,4668,0,761
129,4663,0,754
129,4674,0,755
129,4656,0,762
129,4672,0,759
129,4655,0,750
129,4671,0,763
129,4657,0,760
129,4659,0,753
129,4665,0,758
129,4660,3,604
129,4650,4,606
129,4670,1,607
129,4670,4,601
129,4660,5,605
129,4660,2,602
129,4650,3,603
129,3810,0,112
129,3430,0,114
129,3410,3,110
129,3410,0,106
129,3430,0,116
129,4500,0,308
129,4000,0,307
129,4000,1,300
130,3800,0,125
130,3000,0,101
130,3030,0,109
130,3810,0,111
130,3210,2,117
130,3220,1,107
130,3200,0,100
130,3410,2,103
130,3420,0,114
130,3410,0,112
130,3410,2,110
130,4301,1,358
130,4100,0,305
130,4100,0,312
130,4100,0,310
130,4500,0,307
130,4000,0,300
130,4300,0,313
130,4340,0,306
130,4681,0,757
130,4666,0,756
130,4942,0,190
130,4654,0,754
130,4656,0,761
130,4667,0,763
130,4668,0,755
130,4672,0,753
130,4655,0,750
130,4651,0,762
130,4657,0,760
130,4662,0,759
130,4665,0,758
130,4680,2,606
130,4670,4,604
130,4670,2,602
130,4660,4,601
130,4650,5,605
130,4660,6,607
130,4650,3,603
130,3030,0,106
130,3800,0,120
130,3220,1,113
130,3220,1,116
130,3200,0,104
130,3790,0,301
130,4500,0,302
130,4300,0,314
131,3810,1,129
131,3030,1,103
131,3030,0,108
131,3800,1,113
131,3200,1,101
131,3220,1,104
131,3210,0,109
131,3410,0,112
131,3400,2,110
131,3430,0,107
131,3430,0,116
131,4101,0,364
131,4100,0,308
131,4100,0,310
131,4100,0,305
131,4500,0,313
131,4000,5,307
131,4340,0,300
131,4300,0,302
131,4695,0,757
131,4674,0,756
131,4941,0,190
131,4656,0,750
131,4667,0,762
131,4652,0,754
131,4653,0,761
131,4662,0,755
131,4672,0,763
131,4651,0,760
131,4659,0,758
131,4655,0,753
131,4665,0,759
131,4650,4,603
131,4670,4,601
131,4670,2,607
131,4650,2,605
131,4660,2,606
131,4660,4,604
131,4660,3,602
131,4940,0,715
131,3220,1,117
131,3400,2,100
131,3410,0,114
131,3430,0,120
131,3410,0,106
131,3790,0,312
131,4000,6,306
131,4000,2,301
132,3800,1,123
132,3000,0,116
132,3030,1,101
132,3810,1,113
132,3200,0,100
132,3220,1,110
132,3210,2,107
132,3400,1,106
132,3410,0,112
132,3430,0,114
132,3400,1,104
132,4301,1,352
132,4100,0,307
132,4100,0,308
132,4100,0,310
132,4500,0,300
132,4000,2,301
132,4340,0,305
132,4340,1,313
132,4682,0,757
132,4666,0,756
132,4942,0,190
132,4668,0,755
132,4653,0,754
132,4656,0,763
132,4664,0,761
132,4669,0,750
132,4657,0,753
132,4665,0,762
132,4551,0,759
132,4662,0,760
132,4671,0,758
132,4680,1,607
132,4650,3,605
132,4650,5,606
132,4660,2,602
132,4670,3,601
132,4660,5,604
132,4670,0,603
132,3030,1,108
132,3210,2,103
132,3200,0,111
132,3210,2,117
132,3430,0,109
132,4000,7,312
132,4000,3,306
132,4340,1,314
133,3000,0,127
133,3000,1,120
133,3810,1,103
133,3800,0,110
133,3210,2,109
133,3220,1,100
133,3210,0,111
133,3400,0,104
133,3410,1,106
133,3420,0,114
133,3420,0,113
133,4301,1,360
133,4100,0,301
133,4100,0,305
133,4100,0,314
133,4500,0,313
133,4000,1,306
133,4300,1,312
133,4340,0,300
133,4688,0,757
133,4674,0,756
133,4942,0,190
133,4667,0,761
133,4652,0,750
133,4668,0,753
133,4656,0,758
133,4551,0,762
133,4662,0,754
133,4671,0,759
133,4677,0,760
133,4651,0,755
133,4657,0,763
133,4670,3,607
133,4650,4,606
133,4660,4,605
133,4650,3,602
133,4660,5,601
133,4670,2,604
133,4660,6,603
133,3220,1,107
133,3410,1,101
133,3400,0,117
133,3420,0,108
133,3420,0,116
133,4500,0,302
133,4000,7,307
133,4340,0,308
134,2150,0,117
134,3800,1,121
134,3030,1,110
134,3030,0,103
134,3810,0,113
134,3210,1,108
134,3220,0,114
134,3210,0,106
134,3410,0,100
134,3400,3,111
134,3410,2,109
134,3400,3,107
134,4501,0,350
134,4100,0,301
134,4100,0,306
134,4100,0,310
134,4500,0,307
134,4000,3,305
134,4350,1,313
134,4340,1,302
134,4691,0,757
134,4668,0,756
134,4943,0,190
134,4666,0,760
134,4664,0,753
134,4667,0,759
134,4656,0,750
134,4551,0,754
134,4651,0,762
134,4655,0,761
134,4657,0,755
134,4662,0,763
134,4659,0,758
134,4670,0,603
134,4650,5,605
134,4660,6,601
134,4660,2,607
134,4660,3,606
134,4650,3,602
134,4670,4,604
134,3220,0,112
134,3210,0,120
134,3210,0,104
134,3400,3,116
134,3790,0,308
134,4350,1,312
134,4350,1,314
135,3000,0,123
135,3030,1,109
135,3810,0,111
135,3800,1,107
135,3200,0,104
135,3200,1,106
135,3220,1,110
135,3410,0,116
135,3430,0,103
135,3400,3,112
135,3400,3,108
135,4301,1,352
135,4100,0,310
135,4100,0,308
135,4100,0,301
135,4500,0,300
135,4000,5,312
135,4340,1,313
135,4350,1,306
135,4691,0,757
135,4653,0,756
135,4942,0,190
135,4652,0,763
135,4667,0,761
135,4664,0,758
135,4658,0,753
135,4669,0,755
135,4662,0,754
135,4651,0,762
135,4672,0,759
135,4671,0,760
135,4657,0,750
135,4605,0,646
135,4604,0,621
135,4600,0,656
135,4602,0,661
135,4603,0,615
135,4606,0,637
135,4601,0,642
135,4601,0,653
135,4600,0,622
135,4600,0,616
135,4604,0,654
135,4602,0,630
135,4602,0,662
135,4601,0,617
135,4605,0,632
135,4604,0,618
135,4605,0,643
135,4602,0,641
135,4601,0,635
135,4603,0,625
135,4606,0,640
135,4600,0,619
135,4600,0,626
135,4603,0,639
135,4601,0,645
135,4606,0,649
135,4603,0,659
135,4604,0,647
135,4600,0,655
135,4603,0,650
135,4605,0,620
135,4606,0,652
135,4602,0,648
135,4603,0,629
135,4602,0,623
135,4606,0,627
135,4603,0,631
135,4602,0,651
135,4605,0,633
135,4601,0,624
135,4600,0,636
135,4606,0,660
135,4605,0,638
135,4606,0,628
135,4604,0,644
135,4606,0,634
135,4601,0,657
135,4606,0,658
135,4660,6,603
135,4660,2,607
135,4670,1,605
135,4670,2,601
135,4650,4,606
135,4660,3,602
135,4650,2,604
135,3000,0,117
135,3030,1,100
135,3800,1,101
135,3200,0,113
135,3400,3,114
135,4500,0,307
135,4000,9,305
135,4340,1,314
136,3800,0,127
136,3000,0,114
136,3030,1,108
136,3800,1,100
136,3220,0,109
136,3220,1,120
136,3210,1,106
136,3410,1,107
136,3410,4,117
136,3420,0,103
136,3410,1,113
136,4501,0,360
136,4100,0,305
136,4100,0,308
136,4100,0,300
136,4500,0,301
136,4000,4,314
136,4340,0,306
136,4340,1,313
136,4688,0,757
136,4668,0,756
136,4943,0,190
136,4674,0,761
136,4667,0,754
136,4653,0,750
136,4654,0,762
136,4651,0,759
136,4655,0,755
136,4662,0,760
136,4677,0,763
136,4665,0,753
136,4671,0,758
136,4553,0,525
136,4553,0,529
136,4553,0,528
136,4553,0,526
136,4553,0,520
136,4553,0,527
136,4553,0,521
136,4553,0,522
136,4670,3,606
136,4670,1,602
136,4650,3,604
136,4660,3,605
136,4660,6,601
136,4680,0,607
136,4650,5,603
136,3000,0,110
136,3000,0,101
136,3800,1,111
136,3420,0,116
136,3420,0,104
136,4340,0,307
136,4340,1,302
136,4340,0,312
137,3810,0,129
137,3030,1,116
137,3000,1,110
137,3800,0,109
137,3210,1,117
137,3220,0,106
137,3220,1,101
137,3410,4,103
137,3410,1,108
137,3400,3,114
137,3410,1,100
137,4341,0,364
137,4100,0,305
137,4100,0,312
137,4100,0,302
137,4500,0,307
137,4000,7,308
137,4350,1,306
137,4300,1,310
137,4682,0,757
137,4656,0,756
137,4943,0,190
137,4663,0,763
137,4664,0,754
137,4667,0,759
137,4674,0,760
137,4659,0,761
137,4671,0,750
137,4655,0,762
137,4672,0,758
137,4669,0,753
137,4677,0,755
137,4604,0,661
137,4603,0,648
137,4605,0,621
137,4600,0,643
137,4601,0,651
137,4606,0,626
137,4602,0,632
137,4603,0,640
137,4605,0,645
137,4600,0,658
137,4604,0,635
137,4603,0,657
137,4604,0,616
137,4601,0,646
137,4605,0,650
137,4602,0,642
137,4606,0,641
137,4606,0,638
137,4604,0,623
137,4602,0,654
137,4603,0,659
137,4604,0,644
137,4605,0,639
137,4605,0,628
137,4603,0,655
137,4605,0,660
137,4601,0,629
137,4605,0,633
137,4600,0,622
137,4602,0,656
137,4602,0,653
137,4606,0,619
137,4600,0,625
137,4603,0,615
137,4600,0,620
137,4602,0,634
137,4602,0,617
137,4604,0,624
137,4601,0,630
137,4603,0,631
137,4600,0,649
137,4601,0,627
137,4606,0,662
137,4606,0,637
137,4600,0,636
137,4606,0,647
137,4604,0,652
137,4601,0,618
137,4670,0,606
137,4650,2,605
137,4660,2,602
137,4670,1,604
137,4660,4,607
137,4660,6,601
137,4650,3,603
137,3000,1,120
137,3800,0,113
137,3220,1,104
137,3220,1,112
137,3220,1,107
137,4500,0,300
137,4000,5,301
137,4350,1,313
138,3800,0,121
138,3030,1,103
138,3000,1,100
138,3810,0,114
138,3210,1,108
138,3200,1,111
138,3210,0,120
138,3400,0,110
138,3400,3,116
138,3400,1,106
138,3400,0,104
138,4341,1,350
138,4100,0,310
138,4100,0,308
138,4100,0,301
138,4500,0,313
138,4000,0,305
138,4300,1,307
138,4300,0,302
138,4687,0,757
138,4653,0,756
138,4943,0,190
138,4667,0,753
138,4664,0,762
138,4666,0,761
138,4654,0,758
138,4657,0,755
138,4651,0,760
138,4551,0,759
138,4662,0,754
138,4672,0,763
138,4671,0,750
138,4660,2,602
138,4650,5,605
138,4650,2,604
138,4670,1,607
138,4660,4,606
138,4680,2,601
138,4670,4,603
138,3810,0,117
138,3210,0,107
138,3210,1,112
138,3400,3,113
138,3400,3,109
138,4500,0,306
138,4300,1,312
138,4300,0,314
139,3030,0,128
139,3000,1,107
139,3800,0,116
139,3810,0,112
139,3210,1,109
139,3220,1,111
139,3210,2,106
139,3410,1,110
139,3400,3,113
139,3400,0,100
139,3400,3,120
139,4401,0,362
139,4100,0,313
139,4100,0,306
139,4100,0,310
139,4500,0,307
139,4000,1,302
139,4350,1,301
139,4300,1,314
139,4686,0,757
139,4652,0,756
139,4941,0,190
139,4666,0,761
139,4654,0,763
139,4668,0,755
139,4674,0,754
139,4669,0,762
139,4651,0,760
139,4671,0,758
139,4665,0,753
139,4659,0,750
139,4672,0,759
139,4553,0,520
139,4553,0,526
139,4553,0,528
139,4553,0,521
139,4553,0,527
139,4553,0,529
139,4553,0,524
139,4553,0,525
139,4670,3,604
139,4670,0,605
139,4660,5,601
139,4650,5,607
139,4660,2,606
139,4650,3,602
139,4680,1,603
139,4940,0,715
139,3000,1,108
139,3000,1,117
139,3810,0,104
139,3400,3,101
139,3410,1,103
139,4500,0,300
139,4000,7,308
139,4300,1,305
140,3030,0,121
140,3000,1,117
140,3810,0,114
140,3800,0,110
140,3210,1,113
140,3200,0,100
140,3210,1,109
140,3400,3,104
140,3410,2,111
140,3410,2,112
140,4341,1,350
140,4100,0,305
140,4100,0,313
140,4100,0,301
140,4000,2,310
140,4340,0,308
140,4300,0,307
140,4682,0,757
140,4663,0,756
140,4943,0,190
140,4654,0,762
140,4656,0,750
140,4667,0,760
140,4551,0,763
140,4677,0,761
140,4671,0,755
140,4604,0,640
140,4603,0,643
140,4601,0,661
140,4606,0,649
140,4600,0,619
140,4602,0,651
140,4605,0,658
140,4603,0,641
140,4604,0,629
140,4604,0,630
140,4602,0,648
140,4605,0,631
140,4603,0,620
140,4603,0,645
140,4603,0,656
140,4605,0,654
140,4601,0,653
140,4605,0,655
140,4600,0,639
140,4600,0,662
140,4603,0,659
140,4605,0,646
140,4601,0,660
140,4604,0,644
140,4600,0,650
140,4604,0,616
140,4602,0,618
140,4602,0,632
140,4602,0,617
140,4606,0,642
140,4600,0,657
140,4604,0,628
140,4660,6,607
140,4650,2,606
140,4660,2,605
140,4670,1,602
140,3000,1,108
140,3810,0,116
140,4500,0,314
140,4000,9,312
140,4940,0,717
141,3000,0,125
141,3030,0,110
141,3810,0,104
141,3800,0,101
141,3220,0,109
141,3200,1,100
141,3220,0,113
141,3400,0,117
141,3410,3,116
141,3410,3,114
141,4401,0,357
141,4100,0,308
141,4100,0,300
141,4100,0,312
141,4000,7,305
141,4340,1,313
141,4300,1,310
141,4681,0,757
141,4654,0,756
141,4942,0,190
141,4667,0,760
141,4652,0,755
141,4668,0,762
141,4651,0,761
141,4659,0,750
141,4655,0,763
141,4680,1,606
141,4670,3,602
141,4660,2,607
141,4650,4,605
141,3030,0,112
141,3410,3,111
141,4500,0,301
141,4000,5,314
142,3030,0,121
142,3000,0,111
142,3810,1,110
142,3810,0,116
142,3220,0,117
142,3210,1,109
142,3210,1,104
142,3400,2,114
142,3410,0,113
142,3400,2,100
142,4301,0,350
142,4100,0,310
142,4100,0,308
142,4100,0,305
142,4000,9,314
142,4340,1,312
142,4350,1,307
142,4691,0,757
142,4663,0,756
142,4943,0,190
142,4652,0,762
142,4654,0,750
142,4658,0,761
142,4659,0,760
142,4651,0,755
142,4672,0,763
142,4650,3,606
142,4660,2,607
142,4660,3,602
142,4670,2,605
142,3810,0,112
142,3210,1,108
142,3790,0,301
142,4000,0,313
143,3000,1,125
143,3000,0,104
143,3800,1,100
143,3810,0,114
143,3200,0,110
143,3210,1,101
143,3210,1,112
143,3410,2,111
143,3420,0,109
143,3410,2,113
143,4302,0,357
143,4100,0,301
143,4100,0,310
143,4100,0,308
143,4000,4,300
143,4340,0,314
143,4300,0,305
143,4687,0,757
143,4663,0,756
143,4941,0,190
143,4667,0,763
143,4668,0,750
143,4654,0,760
143,4672,0,762
143,4662,0,755
143,4655,0,761
143,4553,0,526
143,4553,0,533
143,4553,0,523
143,4553,0,527
143,4553,0,529
143,4553,0,528
143,4553,0,524
143,4553,0,530
143,4650,3,607
143,4670,1,605
143,4660,5,606
143,4660,4,602
143,3000,0,117
143,3200,0,116
143,4340,0,312
143,4340,0,313
144,3800,0,128
144,3030,1,116
144,3000,0,110
144,3810,1,112
144,3220,1,100
144,3210,0,108
144,3210,0,117
144,3410,4,111
144,3430,0,101
144,3430,0,104
144,4341,0,362
144,4100,0,308
144,4100,0,305
144,4100,0,301
144,4000,2,310
144,4300,0,314
144,4300,1,300
144,4695,0,757
144,4663,0,756
144,4943,0,190
144,4668,0,750
144,4658,0,763
144,4652,0,761
144,4662,0,760
144,4671,0,755
144,4672,0,762
144,4660,6,605
144,4650,4,602
144,4670,1,606
144,4660,3,607
144,3800,0,109
144,3220,1,113
144,4300,0,307
144,4300,1,313
145,3800,0,123
145,3000,1,101
145,3000,0,103
145,3810,0,113
145,3220,0,114
145,3210,1,104
145,3410,2,116
145,3410,3,108
145,3410,2,100
145,4341,1,352
145,4100,0,301
145,4100,0,313
145,4100,0,307
145,4000,4,314
145,4340,0,308
145,4340,1,312
145,4681,0,757
145,4654,0,756
145,4941,0,190
145,4652,0,755
145,4666,0,762
145,4658,0,754
145,4672,0,763
145,4655,0,753
145,4659,0,750
145,4660,4,605
145,4660,3,602
145,4670,2,601
145,4650,5,607
145,3810,0,109
145,3210,1,117
145,4500,0,305
145,4340,0,300
145,4940,0,710
146,3000,1,125
146,3000,0,120
146,3810,0,116
146,3800,0,103
146,3210,2,114
146,3210,0,100
146,3430,0,104
146,3410,2,101
146,3430,0,113
146,4341,0,357
146,4100,0,305
146,4100,0,300
146,4100,0,302
146,4000,8,314
146,4350,1,313
146,4300,1,308
146,4681,0,757
146,4664,0,756
146,4943,0,190
146,4667,0,753
146,4658,0,755
146,4653,0,763
146,4659,0,750
146,4651,0,762
146,4662,0,754
146,4650,4,605
146,4660,2,607
146,4670,4,602
146,4660,5,601
146,3000,0,117
146,3410,2,109
146,4000,9,301
147,2140,0,116
147,3000,0,126
147,3030,1,114
147,3800,1,103
147,3810,0,101
147,3210,1,117
147,3220,0,104
147,3410,4,120
147,3410,0,100
147,3410,0,113
147,4301,0,358
147,4100,0,305
147,4100,0,312
147,4100,0,302
147,4000,6,313
147,4300,1,301
147,4300,0,307
147,4695,0,757
147,4668,0,756
147,4942,0,190
147,4658,0,754
147,4663,0,762
147,4656,0,755
147,4672,0,753
147,4677,0,750
147,4651,0,763
147,4660,4,602
147,4660,6,607
147,4670,0,605
147,4650,4,601
147,3000,0,109
147,3790,0,314
147,4300,0,300
148,3810,1,129
148,3000,1,108
148,3030,0,117
148,3800,1,109
148,3220,1,103
148,3200,0,113
148,3410,0,116
148,3420,0,104
148,3410,0,120
148,4501,0,364
148,4100,0,302
148,4100,0,307
148,4100,0,312
148,4000,1,305
148,4350,1,308
148,4340,0,300
148,4686,0,757
148,4656,0,756
148,4941,0,190
148,4663,0,753
148,4666,0,762
148,4674,0,750
148,4551,0,754
148,4672,0,755
148,4669,0,763
148,4553,0,526
148,4553,0,521
148,4553,0,534
148,4553,0,520
148,4553,0,528
148,4553,0,529
148,4553,0,524
148,4553,0,522
148,4660,2,605
148,4670,0,607
148,4650,2,601
148,4660,6,602
148,3220,1,101
148,3420,0,114
148,3410,0,100
148,4340,0,313
148,4350,1,301
149,3810,1,126
149,3000,0,114
149,3000,1,101
149,3800,0,104
149,3200,0,120
149,3200,1,116
149,3400,1,100
149,3400,3,109
149,3400,1,117
149,4501,0,358
149,4100,0,307
149,4100,0,301
149,4100,0,313
149,4000,5,314
149,4300,0,302
149,4350,1,300
149,4695,0,757
149,4653,0,756
149,4943,0,190
149,4668,0,750
149,4667,0,754
149,4663,0,763
149,4655,0,762
149,4662,0,755
149,4551,0,753
149,4650,2,607
149,4660,2,602
149,4670,2,601
149,4660,3,605
149,3000,1,103
149,3810,1,113
149,3790,0,305
149,4000,2,312
150,3000,0,121
150,3030,1,106
150,3810,0,104
150,3800,0,116
150,3200,1,100
150,3200,0,107
150,3200,1,110
150,3400,0,111
150,3400,1,120
150,3400,1,117
150,4101,0,350
150,4100,0,302
150,4100,0,305
150,4100,0,310
150,4000,8,313
150,4350,1,306
150,4682,0,757
150,4656,0,756
150,4943,0,190
150,4652,0,319
150,4668,0,322
150,4663,0,317
150,4664,0,320
150,4674,0,316
150,4654,0,318
150,4654,0,761
150,4667,0,750
150,4659,0,760
150,4551,0,753
150,4672,0,755
150,4662,0,759
150,4657,0,758
150,4665,0,754
150,4553,0,528
150,4553,0,520
150,4553,0,521
150,4553,0,532
150,4553,0,522
150,4553,0,527
150,4553,0,523
150,4553,0,525
150,4650,3,606
150,4660,3,607
150,4670,4,604
150,4650,4,602
150,4660,4,601
150,4670,2,603
150,4130,0,321
150,4330,0,309
150,4330,1,315
150,3030,1,112
150,3200,0,103
150,4340,1,301
150,4340,1,314
151,3000,0,123
151,3030,0,111
151,3800,1,103
151,3800,0,100
151,3200,0,110
151,3220,0,101
151,3220,0,112
151,3420,0,104
151,3410,4,106
151,3410,4,116
151,4302,0,352
151,4100,0,300
151,4100,0,305
151,4100,0,310
151,4000,0,314
151,4340,1,313
151,4695,0,757
151,4666,0,756
151,4943,0,190
151,4664,0,320
151,4674,0,322
151,4656,0,317
151,4652,0,316
151,4668,0,315
151,4663,0,319
151,4654,0,759
151,4653,0,750
151,4651,0,758
151,4655,0,755
151,4672,0,753
151,4671,0,760
151,4662,0,761
151,4665,0,754
151,4650,3,601
151,4660,5,603
151,4670,4,607
151,4670,3,604
151,4660,6,602
151,4650,2,606
151,4130,0,321
151,4330,0,309
151,4330,1,318
151,3420,0,117
151,3420,0,107
151,4500,0,301
151,4300,1,306
152,2060,0,107
152,3030,1,121
152,3000,0,100
152,3800,0,106
152,3800,1,117
152,3200,1,104
152,3200,0,103
152,3200,0,112
152,3410,3,110
152,3410,0,120
152,3410,3,116
152,4341,0,350
152,4100,0,306
152,4100,0,313
152,4100,0,310
152,4000,2,302
152,4340,1,314
152,4688,0,757
152,4666,0,756
152,4943,0,190
152,4654,0,320
152,4652,0,317
152,4668,0,322
152,4663,0,319
152,4656,0,315
152,4667,0,318
152,4668,0,750
152,4653,0,759
152,4651,0,754
152,4551,0,760
152,4657,0,755
152,4669,0,753
152,4665,0,758
152,4655,0,761
152,4650,3,606
152,4670,2,602
152,4660,5,601
152,4670,1,607
152,4650,4,604
152,4660,4,603
152,4130,0,321
152,4330,0,316
152,4330,1,309
152,4940,0,710
152,3000,0,111
152,3790,0,305
152,4000,8,301
153,3000,1,129
153,3030,1,101
153,3810,0,120
153,3800,1,117
153,3200,0,100
153,3220,1,103
153,3200,0,112
153,3400,0,107
153,3410,2,110
153,3410,2,116
153,4101,0,364
153,4100,0,305
153,4100,0,302
153,4100,0,300
153,4000,6,313
153,4300,0,306
153,4687,0,757
153,4674,0,756
153,4943,0,190
153,4663,0,315
153,4667,0,318
153,4652,0,319
153,4664,0,316
153,4654,0,320
153,4653,0,309
153,4668,0,758
153,4664,0,760
153,4655,0,750
153,4657,0,761
153,4672,0,754
153,4551,0,759
153,4662,0,753
153,4677,0,755
153,4650,5,606
153,4660,3,602
153,4650,4,607
153,4660,2,601
153,4670,0,604
153,4670,2,603
153,4130,0,321
153,4330,1,322
153,4330,0,317
153,3810,0,104
153,3410,2,106
153,3790,0,301
153,4000,4,310
154,3000,0,122
154,3000,1,117
154,3810,0,106
154,3800,1,120
154,3210,1,110
154,3220,1,101
154,3210,1,116
154,3410,4,111
154,3420,0,107
154,3410,4,103
154,4302,0,351
154,4100,0,302
154,4100,0,300
154,4100,0,314
154,4000,4,310
154,4340,0,313
154,4695,0,757
154,4674,0,756
154,4943,0,190
154,4668,0,317
154,4674,0,322
154,4656,0,319
154,4652,0,318
154,4653,0,309
154,4664,0,315
154,4667,0,750
154,4663,0,754
154,4551,0,759
154,4659,0,753
154,4657,0,755
154,4662,0,760
154,4651,0,758
154,4665,0,761
154,4660,3,603
154,4650,5,601
154,4670,1,607
154,4660,4,606
154,4650,2,604
154,4670,2,602
154,4130,0,321
154,4330,0,320
154,4330,1,316
154,4940,0,718
154,3000,0,104
154,3410,4,112
154,3790,0,305
154,4350,1,306
155,3800,0,123
155,3030,0,107
155,3000,1,110
155,3810,1,116
155,3210,2,108
155,3210,1,106
155,3210,0,117
155,3400,3,113
155,3410,2,103
155,3400,1,111
155,4302,0,352
155,4100,0,314
155,4100,0,306
155,4100,0,307
155,4000,8,313
155,4300,0,312
155,4653,0,762
155,4663,0,754
155,4656,0,760
155,4657,0,753
155,4551,0,759
155,4665,0,763
155,4662,0,758
155,4671,0,761
155,4650,5,606
155,4650,4,605
155,4660,4,601
155,4660,2,604
155,4670,0,607
155,4670,2,603
155,3210,2,114
155,3400,1,109
155,3400,1,112
155,4500,0,310
155,4000,7,308
156,3800,0,124
156,3000,1,107
156,3030,0,117
156,3810,1,113
156,3200,0,106
156,3210,2,109
156,3210,0,112
156,3410,4,116
156,3400,0,108
156,3410,3,103
156,4401,0,356
156,4100,0,310
156,4100,0,302
156,4100,0,314
156,4000,6,312
156,4350,1,313
156,4654,0,754
156,4668,0,761
156,4656,0,763
156,4671,0,758
156,4677,0,762
156,4655,0,753
156,4651,0,760
156,4672,0,759
156,4602,0,656
156,4606,0,645
156,4605,0,640
156,4604,0,637
156,4600,0,659
156,4601,0,623
156,4603,0,651
156,4601,0,624
156,4600,0,649
156,4602,0,641
156,4606,0,647
156,4605,0,653
156,4602,0,639
156,4602,0,634
156,4603,0,621
156,4604,0,635
156,4603,0,646
156,4605,0,626
156,4603,0,662
156,4605,0,650
156,4600,0,660
156,4602,0,652
156,4606,0,643
156,4602,0,644
156,4600,0,642
156,4600,0,636
156,4603,0,658
156,4602,0,622
156,4660,3,604
156,4670,3,605
156,4650,5,601
156,4660,5,606
156,4670,2,607
156,4650,4,603
156,3000,1,114
156,3800,0,111
156,3400,0,110
156,4500,0,308
156,4000,8,307
157,3030,1,125
157,3000,0,110
157,3810,1,117
157,3800,1,114
157,3200,0,111
157,3220,0,109
157,3200,1,103
157,3400,2,113
157,3410,4,107
157,3400,1,116
157,4341,0,357
157,4100,0,314
157,4100,0,306
157,4100,0,310
157,4000,0,313
157,4300,1,302
157,4656,0,753
157,4663,0,762
157,4658,0,759
157,4671,0,760
157,4665,0,763
157,4662,0,754
157,4669,0,758
157,4677,0,761
157,4660,3,605
157,4660,5,604
157,4670,2,601
157,4650,4,606
157,4670,4,607
157,4650,3,603
157,4940,0,711
157,3200,0,112
157,3400,2,106
157,3400,2,120
157,3790,0,308
157,4500,0,312
158,3800,0,127
158,3000,0,111
158,3000,1,108
158,3810,1,109
158,3210,2,117
158,3220,0,107
158,3210,1,103
158,3410,3,113
158,3410,2,106
158,3400,2,116
158,4101,0,360
158,4100,0,307
158,4100,0,314
158,4100,0,306
158,4000,6,313
158,4300,0,308
158,4664,0,758
158,4667,0,753
158,4654,0,763
158,4551,0,759
158,4671,0,762
158,4659,0,754
158,4651,0,760
158,4662,0,761
158,4553,0,525
158,4553,0,530
158,4553,0,528
158,4553,0,536
158,4553,0,527
158,4553,0,529
158,4553,0,535
158,4553,0,521
158,4660,5,604
158,4670,1,606
158,4650,2,607
158,4670,0,601
158,4660,3,605
158,4650,4,603
158,4940,0,715
158,3800,0,120
158,3210,2,114
158,3410,3,110
158,4500,0,302
158,4000,0,312
159,3030,0,123
159,3000,0,111
159,3800,0,114
159,3810,0,106
159,3210,1,112
159,3210,2,109
159,3200,1,107
159,3410,2,113
159,3410,4,117
159,3410,3,116
159,4341,1,352
159,4100,0,312
159,4100,0,306
159,4100,0,310
159,4000,9,307
159,4300,1,314
159,4663,0,762
159,4656,0,760
159,4654,0,754
159,4657,0,761
159,4659,0,753
159,4655,0,758
159,4662,0,763
159,4671,0,759
159,4680,0,606
159,4660,3,607
159,4650,2,603
159,4670,1,601
159,4670,0,605
159,4660,6,604
159,3030,0,108
159,3210,2,103
159,3410,3,110
159,3790,0,308
159,4350,1,313
160,3810,1,122
160,3000,0,107
160,3030,1,114
160,3800,1,106
160,3200,0,103
160,3200,1,104
160,3210,0,116
160,3400,1,112
160,3410,1,108
160,3400,3,120
160,3400,3,110
160,4090,5,313
160,4401,0,351
160,4100,0,302
160,4100,0,310
160,4100,0,300
160,4500,0,305
160,4000,3,307
160,4300,1,314
160,4340,0,306
160,4686,0,757
160,4663,0,756
160,4941,0,190
160,4654,0,750
160,4668,0,753
160,4658,0,758
160,4674,0,760
160,4659,0,763
160,4662,0,754
160,4651,0,761
160,4657,0,755
160,4665,0,759
160,4672,0,762
160,4650,4,606
160,4670,3,607
160,4660,6,602
160,4650,5,605
160,4670,0,604
160,4660,3,601
160,4660,4,603
160,3030,1,113
160,3810,1,117
160,3200,1,101
160,3200,0,109
160,3200,1,111
160,4500,0,308
160,4340,0,312
161,3000,0,122
161,3030,0,116
161,3810,1,109
161,3810,0,120
161,3220,0,112
161,3200,0,106
161,3210,0,113
161,3410,1,103
161,3400,2,110
161,3400,0,108
161,3400,2,114
161,4401,0,351
161,4100,0,308
161,4100,0,310
161,4100,0,312
161,4500,0,302
161,4000,8,300
161,4340,1,306
161,4300,0,307
161,4681,0,757
161,4664,0,756
161,4941,0,190
161,4653,0,760
161,4658,0,753
161,4667,0,759
161,4656,0,755
161,4677,0,763
161,4669,0,754
161,4671,0,750
161,4655,0,761
161,4659,0,762
161,4657,0,758
161,4553,0,529
161,4553,0,527
161,4553,0,523
161,4553,0,526
161,4553,0,525
161,4553,0,528
161,4553,0,530
161,4553,0,522
161,4660,5,603
161,4670,2,607
161,4670,0,605
161,4660,3,601
161,4650,5,604
161,4660,6,602
161,4650,4,606
161,3000,0,107
161,3030,0,117
161,3220,0,104
161,3210,0,101
161,3400,2,111
161,4500,0,314
161,4000,1,313
161,4000,2,305
162,3810,1,121
162,3030,1,108
162,3000,1,110
162,3800,1,114
162,3200,1,120
162,3220,1,106
162,3210,2,100
162,3430,0,116
162,3400,1,104
162,3420,0,107
162,3420,0,117
162,4301,0,350
162,4100,0,305
162,4100,0,308
162,4100,0,302
162,4500,0,306
162,4000,4,310
162,4350,1,307
162,4300,0,314
162,4695,0,757
162,4654,0,756
162,4942,0,190
162,4668,0,755
162,4656,0,758
162,4664,0,763
162,4653,0,760
162,4657,0,754
162,4659,0,761
162,4655,0,762
162,4671,0,750
162,4672,0,753
162,4651,0,759
162,4660,3,606
162,4650,4,602
162,4660,2,605
162,4660,5,607
162,4670,1,601
162,4670,2,604
162,4650,2,603
162,3810,1,112
162,3210,2,109
162,3220,1,111
162,3400,1,113
162,3420,0,103
162,4300,0,301
162,4350,1,313
162,4350,1,312
163,3800,0,125
163,3000,0,116
163,3030,1,113
163,3810,0,107
163,3220,0,112
163,3200,1,114
163,3220,1,103
163,3420,0,109
163,3410,4,100
163,3430,0,120
163,3430,0,117
163,4501,0,357
163,4100,0,301
163,4100,0,306
163,4100,0,305
163,4500,0,314
163,4000,3,313
163,4350,1,310
163,4300,1,300
163,4691,0,757
163,4653,0,756
163,4942,0,190
163,4663,0,753
163,4664,0,762
163,4652,0,755
163,4666,0,760
163,4677,0,758
163,4659,0,761
163,4657,0,750
163,4671,0,763
163,4662,0,754
163,4651,0,759
163,4650,2,602
163,4660,3,601
163,4670,4,604
163,4660,5,606
163,4670,1,607
163,4650,4,605
163,4660,2,603
163,3000,0,110
163,3030,1,106
163,3810,0,111
163,3220,1,104
163,3410,4,101
163,4500,0,302
163,4000,7,308
163,4350,1,312
164,3000,1,122
164,3000,0,110
164,3800,1,103
164,3810,1,101
164,3200,1,107
164,3210,1,116
164,3220,1,104
164,3410,2,120
164,3410,1,112
164,3430,0,114
164,3410,1,113
164,4501,0,351
164,4100,0,306
164,4100,0,300
164,4100,0,305
164,4500,0,313
164,4000,0,308
164,4340,0,310
164,4350,1,314
164,4691,0,757
164,4667,0,756
164,4943,0,190
164,4652,0,759
164,4663,0,755
164,4654,0,753
164,4666,0,762
164,4659,0,750
164,4655,0,754
164,4651,0,761
164,4662,0,763
164,4551,0,758
164,4672,0,760
164,4680,1,607
164,4670,0,604
164,4660,2,606
164,4650,4,605
164,4650,3,602
164,4670,1,601
164,4660,4,603
164,3410,1,106
164,3430,0,109
164,3430,0,117
164,3410,2,108
164,3410,2,111
164,4000,4,307
164,4350,1,302
164,4340,0,312
165,3030,0,126
165,3000,0,113
165,3800,0,111
165,3800,1,106
165,3210,1,112
165,3200,1,100
165,3200,0,110
165,3410,4,104
165,3400,1,107
165,3400,2,103
165,3400,1,114
165,4301,1,358
165,4100,0,312
165,4100,0,302
165,4100,0,310
165,4500,0,306
165,4000,4,301
165,4300,0,305
165,4350,1,314
165,4691,0,757
165,4668,0,756
165,4941,0,190
165,4652,0,755
165,4653,0,759
165,4667,0,753
165,4658,0,762
165,4671,0,754
165,4677,0,761
165,4551,0,763
165,4662,0,750
165,4659,0,758
165,4655,0,760
165,4660,5,604
165,4660,6,602
165,4670,3,607
165,4660,3,606
165,4650,2,605
165,4650,3,601
165,4670,1,603
165,3200,0,116
165,3210,1,120
165,3200,1,117
165,3410,4,101
165,3400,1,109
165,4000,6,313
165,4000,9,307
165,4350,1,300
166,3810,0,123
166,3000,0,111
166,3000,1,104
166,3800,1,110
166,3210,2,108
166,3200,1,103
166,3210,1,117
166,3410,2,100
166,3410,0,107
166,3400,0,113
166,3400,0,112
166,4101,0,352
166,4100,0,305
166,4100,0,300
166,4100,0,306
166,4500,0,312
166,4000,9,313
166,4340,0,314
166,4300,0,301
166,4681,0,757
166,4656,0,756
166,4942,0,190
166,4658,0,754
166,4653,0,760
166,4668,0,750
166,4654,0,759
166,4651,0,755
166,4659,0,758
166,4662,0,763
166,4665,0,761
166,4671,0,753
166,4655,0,762
166,4670,1,602
166,4650,3,607
166,4670,4,605
166,4660,6,601
166,4660,5,606
166,4660,2,604
166,4650,5,603
166,3800,1,114
166,3210,2,116
166,3400,0,109
166,3410,2,106
166,3410,2,101
166,3790,0,308
166,4500,0,307
166,4300,0,310
167,3800,0,128
167,3000,1,103
167,3030,1,100
167,3810,1,104
167,3210,0,113
167,3220,1,101
167,3210,2,106
167,3410,0,109
167,3410,2,120
167,3410,3,117
167,3410,0,111
167,4301,0,362
167,4100,0,300
167,4100,0,308
167,4100,0,306
167,4500,0,301
167,4000,9,307
167,4340,1,313
167,4350,1,302
167,4695,0,757
167,4667,0,756
167,4943,0,190
167,4664,0,753
167,4666,0,760
167,4668,0,750
167,4654,0,759
167,4672,0,761
167,4659,0,755
167,4662,0,762
167,4665,0,754
167,4651,0,758
167,4657,0,763
167,4660,3,606
167,4660,4,607
167,4650,2,601
167,4670,0,605
167,4650,4,604
167,4660,6,602
167,4670,3,603
167,3810,1,110
167,3220,1,116
167,3220,1,112
167,3410,2,108
167,3410,0,107
167,3790,0,310
167,4000,3,314
167,4000,1,305
168,3030,1,121
168,3000,0,117
168,3810,1,120
168,3800,0,109
168,3200,1,107
168,3200,0,112
168,3210,1,113
168,3430,0,103
168,3410,4,116
168,3420,0,104
168,3420,0,110
168,4302,0,350
168,4100,0,314
168,4100,0,301
168,4100,0,310
168,4500,0,306
168,4000,0,312
168,4350,1,307
168,4340,0,302
168,4681,0,757
168,4668,0,756
168,4941,0,190
168,4654,0,763
168,4656,0,750
168,4658,0,761
168,4666,0,754
168,4669,0,755
168,4655,0,758
168,4677,0,753
168,4662,0,760
168,4657,0,762
168,4672,0,759
168,4553,0,528
168,4553,0,520
168,4553,0,527
168,4553,0,529
168,4553,0,521
168,4553,0,524
168,4553,0,523
168,4553,0,526
168,4650,2,605
168,4660,5,602
168,4660,6,606
168,4670,2,607
168,4650,5,601
168,4670,4,604
168,4660,2,603
168,3200,0,100
168,3210,1,114
168,3210,1,106
168,3420,0,108
168,3430,0,111
168,4500,0,313
168,4000,3,305
168,4000,1,308
169,3810,0,124
169,3030,0,113
169,3030,1,100
169,3800,1,114
169,3220,1,111
169,3220,0,104
169,3210,1,101
169,3410,0,116
169,3410,3,117
169,3410,1,108
169,3410,1,106
169,4301,0,356
169,4100,0,305
169,4100,0,301
169,4100,0,314
169,4500,0,300
169,4000,4,302
169,4340,1,312
169,4350,1,307
169,4687,0,757
169,4663,0,756
169,4943,0,190
169,4668,0,762
169,4667,0,761
169,4653,0,753
169,4658,0,750
169,4669,0,759
169,4665,0,754
169,4551,0,763
169,4651,0,760
169,4672,0,755
169,4659,0,758
169,4660,5,606
169,4660,2,605
169,4670,0,602
169,4650,2,604
169,4650,3,601
169,4670,1,607
169,4660,3,603
169,3030,0,109
169,3810,0,107
169,3210,1,103
169,3220,1,110
169,3410,0,112
169,3790,0,313
169,4000,0,308
169,4340,1,310
170,3030,1,127
170,3000,1,111
170,3810,0,114
170,3800,1,106
170,3220,1,101
170,3210,0,109
170,3200,1,113
170,3400,3,104
170,3410,2,117
170,3400,2,103
170,3410,2,107
170,4301,0,360
170,4100,0,306
170,4100,0,301
170,4100,0,314
170,4500,0,308
170,4000,7,313
170,4300,1,300
170,4300,0,307
170,4695,0,757
170,4663,0,756
170,4942,0,190
170,4658,0,753
170,4653,0,763
170,4668,0,761
170,4656,0,755
170,4655,0,759
170,4657,0,750
170,4677,0,754
170,4665,0,762
170,4672,0,760
170,4671,0,758
170,4650,4,606
170,4650,2,604
170,4670,4,607
170,4660,6,605
170,4660,3,601
170,4670,1,602
170,4660,5,603
170,3000,1,120
170,3000,1,100
170,3410,2,116
170,3400,3,108
170,3400,2,110
170,4500,0,305
170,4000,6,302
170,4300,0,312
171,3000,1,125
171,3000,0,113
171,3810,1,120
171,3800,0,116
171,3210,2,103
171,3210,1,100
171,3220,1,107
171,3400,1,104
171,3410,2,111
171,3410,4,109
171,3410,2,106
171,4341,1,357
171,4100,0,300
171,4100,0,308
171,4100,0,313
171,4500,0,312
171,4000,5,305
171,4340,1,302
171,4300,0,314
171,4688,0,757
171,4652,0,756
171,4941,0,190
171,4664,0,759
171,4658,0,755
171,4653,0,762
171,4654,0,760
171,4677,0,750
171,4672,0,758
171,4665,0,761
171,4671,0,763
171,4662,0,753
171,4551,0,754
171,4680,2,603
171,4670,3,607
171,4650,5,605
171,4650,2,601
171,4660,5,604
171,4660,3,602
171,4670,4,606
171,3410,2,101
171,3410,2,110
171,3410,2,114
171,3790,0,306
171,4000,3,310
171,4000,1,301
171,2110,0,112
171,2150,0,117
172,3000,1,127
172,3000,0,108
172,3810,0,114
172,3810,1,113
172,3210,0,101
172,3210,2,117
172,3220,1,104
172,3410,3,107
172,3410,2,103
172,3400,0,110
172,3410,3,100
172,4302,0,360
172,4100,0,306
172,4100,0,308
172,4100,0,313
172,4500,0,302
172,4000,9,305
172,4340,0,301
172,4300,1,300
172,4687,0,757
172,4674,0,756
172,4941,0,190
172,4658,0,762
172,4653,0,753
172,4652,0,761
172,4663,0,755
172,4655,0,763
172,4651,0,750
172,4669,0,754
172,4671,0,760
172,4659,0,759
172,4551,0,758
172,4680,0,607
172,4660,4,605
172,4660,3,604
172,4670,0,606
172,4670,3,601
172,4650,4,602
172,4650,5,603
172,3000,1,106
172,3000,0,116
172,3210,0,109
172,3220,1,120
172,3210,2,111
172,4000,7,312
172,4000,8,314
172,4340,0,307
173,3000,0,126
173,3030,0,116
173,3810,1,120
173,3800,1,112
173,3200,1,101
173,3210,2,117
173,3210,1,113
173,3410,1,109
173,3410,4,106
173,3400,2,111
173,3410,1,104
173,4101,0,358
173,4100,0,302
173,4100,0,300
173,4100,0,313
173,4500,0,312
173,4000,6,301
173,4350,1,310
173,4300,0,305
173,4681,0,757
173,4664,0,756
173,4941,0,190
173,4658,0,763
173,4653,0,759
173,4656,0,760
173,4652,0,750
173,4677,0,754
173,4669,0,761
173,4657,0,755
173,4671,0,762
173,4665,0,758
173,4659,0,753
173,4553,0,521
173,4553,0,524
173,4553,0,529
173,4553,0,528
173,4553,0,527
173,4553,0,523
173,4553,0,526
173,4553,0,525
173,4680,0,607
173,4650,4,601
173,4670,0,606
173,4650,2,602
173,4670,3,605
173,4660,6,604
173,4660,4,603
173,3210,2,114
173,3200,1,103
173,3210,1,107
173,3400,2,110
173,3410,1,100
173,4000,7,314
173,4350,1,306
173,4300,0,307
174,3030,0,128
174,3030,1,107
174,3800,1,106
174,3810,1,101
174,3200,1,103
174,3210,0,110
174,3210,2,108
174,3400,3,116
174,3410,1,100
174,3430,0,112
174,3410,1,120
174,4090,4,310
174,4401,0,362
174,4100,0,314
174,4100,0,305
174,4100,0,306
174,4500,0,302
174,4000,2,308
174,4300,0,307
174,4340,0,313
174,4687,0,757
174,4667,0,756
174,4943,0,190
174,4652,0,761
174,4663,0,762
174,4668,0,755
174,4674,0,758
174,4651,0,753
174,4655,0,759
174,4662,0,760
174,4672,0,750
174,4551,0,763
174,4657,0,754
174,4680,0,603
174,4670,4,606
174,4650,2,604
174,4660,5,601
174,4670,3,605
174,4660,2,607
174,4650,5,602
174,3800,1,111
174,3210,2,109
174,3790,0,300
174,4500,0,301
174,2040,0,104
174,2120,0,113
174,2150,0,117
175,3030,1,126
175,3000,1,117
175,3800,0,104
175,3810,0,110
175,3210,2,101
175,3210,0,103
175,3220,1,109
175,3410,4,120
175,3400,2,116
175,3410,3,112
175,3410,3,106
175,4401,0,358
175,4100,0,306
175,4100,0,314
175,4100,0,307
175,4500,0,300
175,4000,3,302
175,4300,0,313
175,4340,0,305
175,4695,0,757
175,4668,0,756
175,4941,0,190
175,4654,0,755
175,4666,0,763
175,4652,0,758
175,4663,0,761
175,4551,0,750
175,4651,0,760
175,4672,0,753
175,4665,0,759
175,4671,0,762
175,4662,0,754
175,4553,0,523
175,4553,0,530
175,4553,0,527
175,4553,0,528
175,4553,0,525
175,4553,0,526
175,4553,0,529
175,4553,0,522
175,4670,2,605
175,4660,4,604
175,4660,2,607
175,4650,2,602
175,4670,4,606
175,4660,3,601
175,4650,5,603
175,3000,1,100
175,3000,1,107
175,3810,0,113
175,3410,4,111
175,3410,4,114
175,4340,0,301
175,4340,0,310
175,4300,0,312
176,3000,0,129
176,3000,1,109
176,3800,0,114
176,3810,0,100
176,3220,0,112
176,3210,1,101
176,3220,1,116
176,3410,3,117
176,3400,1,107
176,3410,4,103
176,3410,4,113
176,4401,0,364
176,4100,0,310
176,4100,0,308
176,4100,0,301
176,4500,0,307
176,4000,2,313
176,4340,1,312
176,4300,1,302
176,4688,0,757
176,4668,0,756
176,4941,0,190
176,4667,0,763
176,4674,0,759
176,4652,0,753
176,4664,0,760
176,4657,0,758
176,4671,0,755
176,4665,0,761
176,4651,0,762
176,4551,0,754
176,4672,0,750
176,4660,2,603
176,4650,5,601
176,4670,3,607
176,4650,2,605
176,4670,2,604
176,4660,5,606
176,4660,6,602
176,3810,0,106
176,3210,1,110
176,3410,4,104
176,3400,1,120
176,3400,1,108
176,3790,0,306
176,4000,3,305
176,4340,1,300
177,3800,1,122
177,3000,1,107
177,3030,1,104
177,3810,0,114
177,3210,0,116
177,3200,0,112
177,3220,1,108
177,3410,1,103
177,3400,1,109
177,3420,0,113
177,3420,0,117
177,4341,1,356
177,4100,0,302
177,4100,0,308
177,4100,0,305
177,4500,0,307
177,4000,4,301
177,4350,1,312
177,4340,0,310
177,4688,0,757
177,4653,0,756
177,4942,0,190
177,4666,0,761
177,4656,0,754
177,4658,0,755
177,4668,0,762
177,4669,0,753
177,4657,0,758
177,4671,0,750
177,4665,0,760
177,4677,0,763
177,4551,0,759
177,4650,3,604
177,4670,2,607
177,4670,3,601
177,4660,3,605
177,4650,4,606
177,4660,4,602
177,4660,6,603
177,3000,1,101
177,3800,1,120
177,3200,0,106
177,3220,1,110
177,3420,0,111
177,3790,0,313
177,4000,7,314
177,4000,5,300
178,3810,1,126
178,3000,0,120
178,3030,0,106
178,3810,0,117
178,3220,1,116
178,3200,0,104
178,3200,1,112
178,3410,2,100
178,3410,4,103
178,3400,1,109
178,3410,2,111
178,4341,0,356
178,4100,0,308
178,4100,0,301
178,4100,0,314
178,4500,0,310
178,4000,6,300
178,4340,0,302
178,4350,1,307
178,4687,0,757
178,4663,0,756
178,4943,0,190
178,4658,0,761
178,4654,0,758
178,4674,0,755
178,4652,0,762
178,4651,0,760
178,4672,0,750
178,4671,0,753
178,4669,0,759
178,4657,0,763
178,4677,0,754
178,4660,5,606
178,4650,3,602
178,4660,4,607
178,4650,5,605
178,4660,2,601
178,4670,2,604
178,4670,1,603
178,3000,0,114
178,3030,0,110
178,3810,0,107
178,3200,0,101
178,3400,1,113
178,3790,0,312
178,4000,2,305
178,4000,1,313
179,3000,0,124
179,3030,0,101
179,3800,1,110
179,3810,0,116
179,3200,1,111
179,3200,0,106
179,3220,1,113
179,3410,2,112
179,3400,3,104
179,3410,3,107
179,3400,3,114
179,4301,0,356
179,4100,0,312
179,4100,0,308
179,4100,0,302
179,4500,0,305
179,4000,7,313
179,4300,1,301
179,4300,0,314
179,4691,0,757
179,4664,0,756
179,4941,0,190
179,4666,0,758
179,4654,0,761
179,4652,0,753
179,4668,0,755
179,4669,0,750
179,4662,0,760
179,4655,0,762
179,4672,0,759
179,4677,0,754
179,4651,0,763
179,4660,4,601
179,4660,3,604
179,4650,4,602
179,4660,6,606
179,4670,1,605
179,4650,3,607
179,4670,2,603
179,3810,0,108
179,3220,1,100
179,3410,3,103
179,3400,3,117
179,3410,2,109
179,4500,0,300
179,4000,0,310
179,4000,5,307
180,3030,1,129
180,3000,1,110
180,3800,0,113
180,3800,1,100
180,3210,0,101
180,3210,1,117
180,3210,0,116
180,3410,2,108
180,3410,0,114
180,3410,0,112
180,4301,1,364
180,4100,0,310
180,4100,0,312
180,4100,0,305
180,4000,4,300
180,4300,1,307
180,4340,0,313
180,4686,0,757
180,4674,0,756
180,4943,0,190
180,4668,0,750
180,4664,0,762
180,4652,0,761
180,4671,0,755
180,4665,0,760
180,4551,0,763
180,4660,5,605
180,4660,4,602
180,4650,4,606
180,4670,2,607
180,3410,0,109
180,3410,0,104
180,4500,0,308
180,4000,6,301
181,3800,1,129
181,3000,0,112
181,3000,1,114
181,3810,1,100
181,3210,1,113
181,3200,1,109
181,3200,1,101
181,3420,0,108
181,3410,4,117
181,3410,4,116
181,4302,0,364
181,4100,0,305
181,4100,0,310
181,4100,0,312
181,4000,9,301
181,4300,0,307
181,4340,1,300
181,4681,0,757
181,4674,0,756
181,4941,0,190
181,4653,0,761
181,4668,0,755
181,4666,0,762
181,4665,0,760
181,4655,0,750
181,4657,0,763
181,4553,0,527
181,4553,0,522
181,4553,0,529
181,4553,0,533
181,4553,0,528
181,4553,0,520
181,4553,0,524
181,4553,0,523
181,4660,6,602
181,4650,5,606
181,4670,2,605
181,4660,5,607
181,3000,0,104
181,3200,1,110
181,3790,0,313
181,4000,0,308
182,3810,0,129
182,3000,1,100
182,3030,0,109
182,3800,1,113
182,3220,0,101
182,3220,1,112
182,3220,1,108
182,3410,0,110
182,3400,2,116
182,3410,0,104
182,4341,0,364
182,4100,0,308
182,4100,0,301
182,4100,0,313
182,4000,1,305
182,4300,1,312
182,4340,1,310
182,4686,0,757
182,4667,0,756
182,4941,0,190
182,4653,0,760
182,4652,0,755
182,4654,0,763
182,4662,0,762
182,4657,0,761
182,4665,0,750
182,4660,3,605
182,4650,3,606
182,4660,4,607
182,4670,1,602
182,3000,1,117
182,3810,0,114
182,4340,1,307
182,4340,1,300
183,3000,0,128
183,3030,0,108
183,3810,1,111
183,3800,0,113
183,3210,2,116
183,3220,1,101
183,3220,1,110
183,3420,0,109
183,3410,1,117
183,3420,0,100
183,4341,1,362
183,4100,0,310
183,4100,0,308
183,4100,0,300
183,4000,1,305
183,4350,1,314
183,4340,0,301
183,4687,0,757
183,4664,0,756
183,4941,0,190
183,4663,0,763
183,4658,0,755
183,4667,0,760
183,4671,0,761
183,4672,0,750
183,4665,0,762
183,4660,2,607
183,4670,3,606
183,4650,4,602
183,4660,6,605
183,3000,0,112
183,3810,1,104
183,4000,7,313
183,4350,1,307
184,3800,1,129
184,3030,0,104
184,3030,1,112
184,3810,0,100
184,3220,1,117
184,3210,1,109
184,3220,1,101
184,3400,0,110
184,3430,0,116
184,3400,0,113
184,4401,0,364
184,4100,0,307
184,4100,0,310
184,4100,0,308
184,4000,5,313
184,4340,0,312
184,4300,0,301
184,4691,0,757
184,4652,0,756
184,4942,0,190
184,4663,0,762
184,4668,0,760
184,4656,0,750
184,4651,0,755
184,4677,0,763
184,4662,0,761
184,4660,2,605
184,4660,5,602
184,4650,3,607
184,4670,4,606
184,3030,0,114
184,3210,1,108
184,4340,0,305
184,4340,0,300
185,3030,0,128
185,3000,0,113
185,3800,1,100
185,3810,1,103
185,3210,1,109
185,3220,0,120
185,3410,1,116
185,3430,0,104
185,3410,1,101
185,4341,0,362
185,4100,0,302
185,4100,0,305
185,4100,0,300
185,4000,9,307
185,4300,0,314
185,4340,0,301
185,4681,0,757
185,4654,0,756
185,4943,0,190
185,4668,0,755
185,4653,0,763
185,4652,0,754
185,4672,0,750
185,4662,0,753
185,4651,0,762
185,4650,5,607
185,4660,4,602
185,4670,3,601
185,4660,5,605
185,3800,1,108
185,3210,1,117
185,3790,0,308
185,4500,0,313
186,3000,1,125
186,3030,0,104
186,3810,0,103
186,3810,1,101
186,3210,2,117
186,3220,1,116
186,3410,3,120
186,3420,0,109
186,3410,3,113
186,4101,0,357
186,4100,0,302
186,4100,0,305
186,4100,0,308
186,4000,2,314
186,4340,1,313
186,4300,0,301
186,4686,0,757
186,4656,0,756
186,4942,0,190
186,4663,0,750
186,4666,0,763
186,4658,0,754
186,4665,0,753
186,4651,0,755
186,4551,0,762
186,4660,4,607
186,4670,3,605
186,4660,3,601
186,4650,3,602
186,3030,0,114
186,3410,3,100
186,4000,3,300
186,4300,0,312
187,3800,1,125
187,3000,1,109
187,3030,0,117
187,3800,0,103
187,3200,1,113
187,3210,0,104
187,3410,3,114
187,3400,3,101
187,3400,3,120
187,4302,0,357
187,4100,0,300
187,4100,0,313
187,4100,0,305
187,4000,4,312
187,4300,1,314
187,4340,1,302
187,4681,0,757
187,4664,0,756
187,4943,0,190
187,4663,0,762
187,4674,0,750
187,4658,0,753
187,4672,0,755
187,4651,0,763
187,4665,0,754
187,4553,0,522
187,4553,0,528
187,4553,0,521
187,4553,0,520
187,4553,0,534
187,4553,0,529
187,4553,0,526
187,4553,0,524
187,4660,4,607
187,4650,5,605
187,4660,5,602
187,4670,1,601
187,3000,1,100
187,3800,1,116
187,3790,0,308
187,4500,0,301
188,3800,0,126
188,3030,1,117
188,3000,1,101
188,3810,1,116
188,3210,1,109
188,3220,0,100
188,3410,1,104
188,3400,0,103
188,3410,1,114
188,4090,0,313
188,4341,1,358
188,4100,0,312
188,4100,0,301
188,4100,0,307
188,4000,9,300
188,4300,0,314
188,4350,1,302
188,4691,0,757
188,4654,0,756
188,4941,0,190
188,4658,0,750
188,4668,0,762
188,4664,0,754
188,4672,0,763
188,4551,0,753
188,4657,0,755
188,4660,5,601
188,4670,4,602
188,4650,5,607
188,4660,6,605
188,3030,1,113
188,3810,1,120
188,3790,0,305
189,3810,0,122
189,3030,1,104
189,3000,0,109
189,3810,1,120
189,3200,1,116
189,3210,0,108
189,3400,2,114
189,3410,4,117
189,3410,4,113
189,4301,0,351
189,4100,0,313
189,4100,0,305
189,4100,0,300
189,4000,0,314
189,4340,1,308
189,4300,1,307
189,4687,0,757
189,4668,0,756
189,4942,0,190
189,4663,0,754
189,4658,0,750
189,4653,0,762
189,4662,0,753
189,4671,0,763
189,4672,0,755
189,4660,3,601
189,4660,6,607
189,4650,4,605
189,4670,3,602
189,3030,1,103
189,3810,1,101
189,4500,0,302
189,4000,2,312
190,3000,0,121
190,3030,1,111
190,3800,0,107
190,3810,0,112
190,3210,2,116
190,3200,0,100
190,3200,0,120
190,3410,0,104
190,3410,4,117
190,3410,0,103
190,4501,0,350
190,4100,0,305
190,4100,0,314
190,4100,0,301
190,4000,2,306
190,4300,0,313
190,4695,0,757
190,4654,0,756
190,4941,0,190
190,4656,0,315
190,4667,0,318
190,4664,0,322
190,4653,0,309
190,4674,0,319
190,4666,0,316
190,4663,0,758
190,4668,0,761
190,4671,0,753
190,4665,0,755
190,4659,0,760
190,4672,0,759
190,4662,0,754
190,4677,0,750
190,4660,6,604
190,4650,5,606
190,4660,5,607
190,4670,0,601
190,4650,2,602
190,4670,3,603
190,4130,0,321
190,4330,0,320
190,4330,1,317
190,3000,0,106
190,3810,0,110
190,3790,0,302
190,4350,1,310
191,3030,0,121
191,3030,1,111
191,3810,1,117
191,3800,0,116
191,3210,2,110
191,3220,0,107
191,3220,0,103
191,3400,3,104
191,3400,1,120
191,3400,1,112
191,4090,1,313
191,4401,0,350
191,4100,0,306
191,4100,0,310
191,4100,0,314
191,4000,3,301
191,4300,1,302
191,4687,0,757
191,4653,0,756
191,4943,0,190
191,4666,0,309
191,4654,0,322
191,4652,0,319
191,4663,0,315
191,4664,0,317
191,4667,0,316
191,4664,0,760
191,4668,0,754
191,4657,0,759
191,4551,0,750
191,4655,0,753
191,4665,0,755
191,4669,0,758
191,4672,0,761
191,4680,1,601
191,4660,6,604
191,4650,2,606
191,4670,2,607
191,4670,1,602
191,4660,4,603
191,4130,0,321
191,4330,0,320
191,4330,1,318
191,3210,2,100
191,3400,1,106
191,3790,0,305
192,3810,0,127
192,3000,1,100
192,3030,1,116
192,3800,1,111
192,3210,2,101
192,3200,1,103
192,3200,1,110
192,3410,4,104
192,3420,0,120
192,3410,4,117
192,4302,0,360
192,4100,0,300
192,4100,0,305
192,4100,0,314
192,4000,4,302
192,4300,1,313
192,4686,0,757
192,4663,0,756
192,4941,0,190
192,4653,0,319
192,4654,0,317
192,4656,0,322
192,4668,0,309
192,4667,0,318
192,4652,0,320
192,4664,0,759
192,4656,0,753
192,4657,0,750
192,4659,0,760
192,4671,0,758
192,4662,0,754
192,4551,0,755
192,4672,0,761
192,4650,5,601
192,4670,1,604
192,4650,3,606
192,4660,4,602
192,4670,2,607
192,4660,6,603
192,4130,0,321
192,4330,0,315
192,4330,1,316
192,3030,1,106
192,3410,4,107
192,4300,0,301
192,4300,1,306
193,3000,0,123
193,3030,0,116
193,3800,0,107
193,3810,1,112
193,3210,2,101
193,3220,1,104
193,3220,1,103
193,3400,1,110
193,3400,3,106
193,3400,3,100
193,4302,0,352
193,4100,0,301
193,4100,0,313
193,4100,0,305
193,4000,4,306
193,4350,1,300
193,4687,0,757
193,4663,0,756
193,4942,0,190
193,4674,0,317
193,4667,0,320
193,4653,0,322
193,4666,0,318
193,4652,0,316
193,4668,0,315
193,4654,0,753
193,4664,0,750
193,4665,0,759
193,4657,0,755
193,4655,0,754
193,4672,0,760
193,4651,0,761
193,4662,0,758
193,4680,0,603
193,4660,3,601
193,4650,3,604
193,4670,3,602
193,4670,0,606
193,4660,5,607
193,4130,0,321
193,4330,0,309
193,4330,1,319
193,3810,1,111
193,3210,2,117
193,3790,0,314
193,4340,1,310
194,3030,0,129
194,3000,1,107
194,3800,0,112
194,3800,1,101
194,3210,0,117
194,3200,0,100
194,3200,0,106
194,3410,2,103
194,3430,0,116
194,3430,0,110
194,4341,0,364
194,4100,0,310
194,4100,0,305
194,4100,0,302
194,4000,6,306
194,4340,0,300
194,4688,0,757
194,4666,0,756
194,4943,0,190
194,4668,0,318
194,4656,0,322
194,4653,0,319
194,4654,0,320
194,4663,0,316
194,4667,0,309
194,4664,0,759
194,4652,0,750
194,4551,0,754
194,4651,0,761
194,4677,0,755
194,4655,0,760
194,4665,0,758
194,4657,0,753
194,4553,0,532
194,4553,0,521
194,4553,0,527
194,4553,0,528
194,4553,0,522
194,4553,0,520
194,4553,0,525
194,4553,0,523
194,4660,5,602
194,4660,6,607
194,4650,5,606
194,4670,2,604
194,4670,1,601
194,4650,2,603
194,4130,0,321
194,4330,1,317
194,4330,0,315
194,3800,0,104
194,3200,0,120
194,4000,0,301
194,4300,1,313
195,3000,0,129
195,3030,0,117
195,3810,1,109
195,3800,0,113
195,3200,0,108
195,3200,1,116
195,3210,0,120
195,3410,2,114
195,3420,0,110
195,3410,1,107
195,4341,1,364
195,4100,0,313
195,4100,0,302
195,4100,0,307
195,4000,4,310
195,4340,1,306
195,4654,0,762
195,4658,0,753
195,4652,0,759
195,4677,0,760
195,4662,0,758
195,4672,0,763
195,4657,0,761
195,4659,0,754
195,4650,5,604
195,4650,3,605
195,4670,3,606
195,4670,1,601
195,4660,4,607
195,4660,5,603
195,3200,0,106
195,3200,1,112
195,3420,0,103
195,3790,0,312
195,4500,0,308
196,3810,0,126
196,3000,1,116
196,3030,1,112
196,3800,1,109
196,3210,1,107
196,3220,0,114
196,3210,2,103
196,3400,1,117
196,3410,0,120
196,3420,0,106
196,4341,1,358
196,4100,0,307
196,4100,0,313
196,4100,0,302
196,4000,2,314
196,4350,1,310
196,4666,0,763
196,4674,0,759
196,4668,0,753
196,4657,0,761
196,4669,0,758
196,4651,0,762
196,4655,0,754
196,4551,0,760
196,4553,0,536
196,4553,0,527
196,4553,0,528
196,4553,0,525
196,4553,0,529
196,4553,0,535
196,4553,0,530
196,4553,0,521
196,4680,1,603
196,4650,2,607
196,4660,6,604
196,4660,5,605
196,4670,4,601
196,4670,3,606
196,3000,1,113
196,3810,0,111
196,3210,1,110
196,4500,0,306
196,4340,0,312
197,3810,1,123
197,3030,1,103
197,3030,0,113
197,3800,1,111
197,3210,1,116
197,3220,1,112
197,3210,2,108
197,3420,0,109
197,3410,4,107
197,3410,0,117
197,4101,0,352
197,4100,0,314
197,4100,0,306
197,4100,0,307
197,4000,0,310
197,4340,0,313
197,4652,0,763
197,4658,0,754
197,4664,0,759
197,4669,0,761
197,4665,0,753
197,4659,0,758
197,4657,0,762
197,4655,0,760
197,4680,2,601
197,4670,2,606
197,4650,2,607
197,4660,6,605
197,4670,1,604
197,4660,2,603
197,3030,0,110
197,3810,1,106
197,3220,1,114
197,4000,9,308
197,4300,0,312
198,3800,1,125
198,3000,1,107
198,3030,0,117
198,3810,0,116
198,3210,0,113
198,3220,1,110
198,3210,2,106
198,3420,0,114
198,3430,0,120
198,3410,3,112
198,4401,0,357
198,4100,0,302
198,4100,0,312
198,4100,0,310
198,4000,0,306
198,4300,1,314
198,4664,0,758
198,4668,0,760
198,4658,0,762
198,4657,0,759
198,4662,0,763
198,4677,0,754
198,4651,0,761
198,4671,0,753
198,4650,5,604
198,4660,3,607
198,4670,3,606
198,4670,1,601
198,4660,5,605
198,4650,4,603
198,3000,1,109
198,3810,0,103
198,3210,0,111
198,3790,0,313
198,4500,0,308
199,3800,1,124
199,3030,1,110
199,3000,0,103
199,3810,1,113
199,3220,0,112
199,3220,1,114
199,3210,1,108
199,3410,1,111
199,3410,3,107
199,3410,4,109
199,4101,0,356
199,4100,0,313
199,4100,0,308
199,4100,0,310
199,4000,5,312
199,4300,0,302
199,4666,0,763
199,4656,0,761
199,4664,0,758
199,4665,0,754
199,4677,0,762
199,4657,0,760
199,4672,0,759
199,4655,0,753
199,4660,3,605
199,4650,2,606
199,4670,2,607
199,4660,6,601
199,4670,4,604
199,4650,3,603
199,3030,1,116
199,3410,1,106
199,3410,4,117
199,3790,0,314
199,4340,0,307
200,3030,1,125
200,3000,0,120
200,3810,1,109
200,3800,0,100
200,3210,1,114
200,3200,1,117
200,3220,0,113
200,3430,0,116
200,3400,0,107
200,3400,2,101
200,3400,2,103
200,4341,0,357
200,4100,0,300
200,4100,0,313
200,4100,0,305
200,4500,0,306
200,4000,9,301
200,4350,1,302
200,4300,1,310
200,4687,0,757
200,4663,0,756
200,4943,0,190
200,4664,0,763
200,4667,0,758
200,4674,0,755
200,4666,0,753
200,4651,0,762
200,4665,0,760
200,4655,0,759
200,4672,0,754
200,4662,0,750
200,4671,0,761
200,4680,2,606
200,4650,4,602
200,4650,5,604
200,4660,3,601
200,4670,4,605
200,4670,1,607
200,4660,4,603
200,3000,0,111
200,3200,1,104
200,3430,0,112
200,3400,2,110
200,3400,0,106
200,3790,0,308
200,4500,0,314
200,4350,1,312
200,4940,0,710
201,3000,0,124
201,3000,1,107
201,3800,0,101
201,3810,1,113
201,3220,0,112
201,3220,1,110
201,3200,0,116
201,3430,0,100
201,3410,1,103
201,3410,4,109
201,3410,1,117
201,4401,0,356
201,4100,0,310
201,4100,0,308
201,4100,0,313
201,4500,0,300
201,4000,2,305
201,4300,1,301
201,4340,0,312
201,4695,0,757
201,4654,0,756
201,4943,0,190
201,4656,0,754
201,4667,0,750
201,4668,0,760
201,4653,0,759
201,4651,0,758
201,4665,0,755
201,4657,0,753
201,4672,0,762
201,4662,0,761
201,4677,0,763
201,4555,0,584
201,4555,0,580
201,4555,0,590
201,4555,0,587
201,4555,0,588
201,4555,0,581
201,4555,0,582
201,4555,0,589
201,4670,4,606
201,4660,4,602
201,4660,5,601
201,4650,5,605
201,4660,2,607
201,4670,2,604
201,4650,2,603
201,3000,0,114
201,3800,0,106
201,3430,0,108
201,3410,4,104
201,3410,1,111
201,4000,5,314
201,4000,9,302
201,4340,0,307
202,3000,0,124
202,3000,1,116
202,3810,0,113
202,3800,1,100
202,3200,1,111
202,3220,1,101
202,3220,0,108
202,3400,3,106
202,3410,1,117
202,3410,2,104
202,3400,3,114
202,4401,0,356
202,4100,0,308
202,4100,0,302
202,4100,0,305
202,4500,0,307
202,4000,2,314
202,4340,1,300
202,4300,1,312
202,4695,0,757
202,4663,0,756
202,4942,0,190
202,4668,0,759
202,4667,0,763
202,4653,0,760
202,4652,0,753
202,4665,0,755
202,4671,0,761
202,4662,0,758
202,4655,0,762
202,4551,0,754
202,4659,0,750
202,4555,0,583
202,4555,0,590
202,4555,0,588
202,4555,0,587
202,4555,0,581
202,4555,0,584
202,4555,0,585
202,4555,0,580
202,4680,1,607
202,4650,5,605
202,4660,5,606
202,4670,0,604
202,4660,3,601
202,4650,2,602
202,4670,3,603
202,3000,1,103
202,3220,0,107
202,3400,3,110
202,3410,1,112
202,3410,1,109
202,4000,4,301
202,4000,1,310
202,4340,1,313
203,3800,0,121
203,3000,0,112
203,3030,0,114
203,3810,1,108
203,3210,2,106
203,3220,1,104
203,3200,1,120
203,3400,0,110
203,3430,0,116
203,3410,1,103
203,3400,0,107
203,4302,0,350
203,4100,0,310
203,4100,0,306
203,4100,0,301
203,4500,0,313
203,4000,4,305
203,4350,1,308
203,4340,0,302
203,4688,0,757
203,4674,0,756
203,4943,0,190
203,4654,0,759
203,4663,0,754
203,4668,0,763
203,4656,0,760
203,4551,0,753
203,4665,0,755
203,4655,0,761
203,4677,0,762
203,4662,0,758
203,4672,0,750
203,4670,3,603
203,4670,1,607
203,4660,6,601
203,4660,3,605
203,4660,5,606
203,4650,4,602
203,4650,5,604
203,3030,0,113
203,3030,0,100
203,3800,0,117
203,3210,2,109
203,3400,0,111
203,3790,0,307
203,4000,7,314
203,4000,8,312
203,4940,0,711
204,3030,0,125
204,3030,1,107
204,3810,0,111
204,3800,0,100
204,3200,0,109
204,3210,0,113
204,3210,1,120
204,3410,2,106
204,3410,3,104
204,3410,0,101
204,3410,2,112
204,4301,1,357
204,4100,0,306
204,4100,0,310
204,4100,0,313
204,4500,0,301
204,4000,3,314
204,4300,1,312
204,4350,1,300
204,4687,0,757
204,4652,0,756
204,4941,0,190
204,4653,0,750
204,4666,0,761
204,4674,0,753
204,4668,0,763
204,4655,0,759
204,4657,0,762
204,4551,0,760
204,4665,0,755
204,4659,0,754
204,4669,0,758
204,4601,0,654
204,4606,0,631
204,4600,0,628
204,4603,0,659
204,4605,0,626
204,4602,0,634
204,4604,0,621
204,4606,0,618
204,4605,0,651
204,4606,0,616
204,4604,0,652
204,4606,0,641
204,4603,0,636
204,4604,0,617
204,4602,0,646
204,4604,0,623
204,4600,0,622
204,4606,0,645
204,4602,0,648
204,4605,0,658
204,4601,0,619
204,4603,0,637
204,4605,0,629
204,4603,0,632
204,4606,0,640
204,4604,0,633
204,4605,0,662
204,4604,0,624
204,4602,0,661
204,4602,0,650
204,4601,0,638
204,4602,0,625
204,4604,0,642
204,4606,0,639
204,4606,0,620
204,4606,0,649
204,4605,0,660
204,4601,0,644
204,4601,0,647
204,4605,0,635
204,4601,0,657
204,4600,0,653
204,4606,0,630
204,4600,0,615
204,4601,0,627
204,4600,0,655
204,4603,0,643
204,4603,0,656
204,4650,4,603
204,4670,2,601
204,4660,6,605
204,4670,3,607
204,4650,2,604
204,4660,2,606
204,4660,3,602
204,3030,1,116
204,3210,0,117
204,3210,1,114
204,3210,0,103
204,3410,3,110
204,3790,0,302
204,4350,1,305
204,4300,1,308
204,4940,0,716
205,3810,0,123
205,3030,0,112
205,3000,0,109
205,3800,1,103
205,3220,0,108
205,3200,1,101
205,3210,1,106
205,3400,0,107
205,3400,1,100
205,3400,3,113
205,3400,0,117
205,4401,0,352
205,4100,0,305
205,4100,0,301
205,4100,0,306
205,4500,0,314
205,4000,9,313
205,4340,0,300
205,4300,0,312
205,4682,0,757
205,4654,0,756
205,4943,0,190
205,4663,0,762
205,4667,0,760
205,4666,0,758
205,4652,0,750
205,4669,0,754
205,4662,0,759
205,4672,0,763
205,4677,0,755
205,4671,0,753
205,4659,0,761
205,4680,1,603
205,4670,4,605
205,4650,2,601
205,4660,4,604
205,4670,2,607
205,4650,3,602
205,4660,2,606
205,3220,0,114
205,3210,1,110
205,3210,1,104
205,3400,3,116
205,3400,3,111
205,3790,0,310
205,4500,0,307
205,4000,8,308
206,3810,0,121
206,3030,1,111
206,3030,0,108
206,3800,0,112
206,3200,0,116
206,3220,1,104
206,3220,0,106
206,3410,2,100
206,3400,1,114
206,3400,3,103
206,3400,3,110
206,4341,1,350
206,4100,0,306
206,4100,0,310
206,4100,0,313
206,4500,0,312
206,4000,9,308
206,4350,1,314
206,4300,0,307
206,4686,0,757
206,4666,0,756
206,4941,0,190
206,4664,0,762
206,4658,0,755
206,4667,0,753
206,4674,0,760
206,4672,0,754
206,4665,0,750
206,4671,0,763
206,4651,0,759
206,4551,0,758
206,4657,0,761
206,4555,0,583
206,4555,0,589
206,4555,0,586
206,4555,0,585
206,4555,0,587
206,4555,0,588
206,4555,0,582
206,4555,0,584
206,4650,4,601
206,4660,6,602
206,4670,1,607
206,4670,0,604
206,4660,2,605
206,4650,5,606
206,4660,3,603
206,3030,0,120
206,3200,0,113
206,3400,3,107
206,3400,3,109
206,3410,2,117
206,3790,0,305
206,4500,0,302
206,4350,1,301
207,3000,1,122
207,3030,0,107
207,3810,1,104
207,3800,0,111
207,3210,1,103
207,3210,2,117
207,3200,0,109
207,3410,1,110
207,3400,0,120
207,3400,2,108
207,3410,1,116
207,4501,0,351
207,4100,0,306
207,4100,0,310
207,4100,0,305
207,4500,0,313
207,4000,4,307
207,4300,0,314
207,4350,1,302
207,4681,0,757
207,4674,0,756
207,4943,0,190
207,4654,0,750
207,4668,0,759
207,4656,0,763
207,4653,0,753
207,4665,0,762
207,4669,0,755
207,4672,0,754
207,4659,0,761
207,4657,0,760
207,4651,0,758
207,4660,5,603
207,4660,3,601
207,4670,1,607
207,4650,4,605
207,4660,6,604
207,4650,3,606
207,4670,4,602
207,3800,0,113
207,3210,1,101
207,3210,1,106
207,3210,1,114
207,3400,0,112
207,4000,2,312
207,4000,3,300
207,4350,1,308
208,3810,1,129
208,3000,1,117
208,3000,0,116
208,3810,0,120
208,3200,0,108
208,3220,0,114
208,3210,1,106
208,3410,3,104
208,3400,0,103
208,3420,0,112
208,3400,0,107
208,4341,0,364
208,4100,0,300
208,4100,0,302
208,4100,0,307
208,4500,0,312
208,4000,6,305
208,4350,1,313
208,4300,0,301
208,4682,0,757
208,4653,0,756
208,4942,0,190
208,4666,0,758
208,4654,0,761
208,4668,0,762
208,4658,0,750
208,4659,0,755
208,4672,0,760
208,4657,0,753
208,4655,0,763
208,4551,0,759
208,4669,0,754
208,4680,1,603
208,4670,3,606
208,4650,4,607
208,4660,4,605
208,4670,2,602
208,4660,5,601
208,4650,2,604
208,3000,1,100
208,3810,0,109
208,3200,0,110
208,3200,0,101
208,3220,0,113
208,4500,0,306
208,4000,8,308
208,4350,1,310
209,3000,0,129
209,3000,1,106
209,3810,0,108
209,3800,0,116
209,3210,2,101
209,3200,1,104
209,3200,0,117
209,3400,2,112
209,3410,4,100
209,3410,2,114
209,3400,2,113
209,4341,0,364
209,4100,0,308
209,4100,0,300
209,4100,0,310
209,4500,0,302
209,4000,3,312
209,4300,0,301
209,4340,1,306
209,4682,0,757
209,4654,0,756
209,4943,0,190
209,4664,0,753
209,4663,0,761
209,4658,0,750
209,4667,0,758
209,4672,0,760
209,4662,0,762
209,4677,0,755
209,4659,0,754
209,4671,0,759
209,4655,0,763
209,4670,0,606
209,4670,1,601
209,4660,6,605
209,4650,4,604
209,4650,3,607
209,4660,5,602
209,4660,2,603
209,3000,1,109
209,3000,1,120
209,3810,0,107
209,3200,0,103
209,3210,2,110
209,4500,0,313
209,4340,1,307
209,4340,1,305
210,3000,1,123
210,3030,1,113
210,3800,1,111
210,3800,0,101
210,3210,1,104
210,3200,1,114
210,3210,2,103
210,3410,4,116
210,3400,2,108
210,3420,0,106
210,3410,4,112
210,4501,0,352
210,4100,0,314
210,4100,0,305
210,4100,0,310
210,4500,0,313
210,4000,3,301
210,4350,1,306
210,4340,0,312
210,4686,0,757
210,4674,0,756
210,4942,0,190
210,4653,0,763
210,4654,0,758
210,4666,0,761
210,4652,0,755
210,4651,0,762
210,4671,0,750
210,4672,0,760
210,4662,0,759
210,4665,0,754
210,4669,0,753
210,4680,1,601
210,4650,5,607
210,4650,3,603
210,4670,3,605
210,4660,3,604
210,4660,6,606
210,4670,0,602
210,3030,1,107
210,3030,1,109
210,3400,2,100
210,3420,0,110
210,3410,4,117
210,3790,0,308
210,4340,0,300
210,4340,0,307
211,3800,0,121
211,3030,1,120
211,3030,0,117
211,3800,1,109
211,3220,0,114
211,3200,0,103
211,3210,0,107
211,3410,4,116
211,3400,2,100
211,3430,0,108
211,3410,4,110
211,4501,0,350
211,4100,0,302
211,4100,0,313
211,4100,0,305
211,4500,0,314
211,4000,9,301
211,4340,1,307
211,4300,1,312
211,4686,0,757
211,4668,0,756
211,4941,0,190
211,4663,0,763
211,4674,0,753
211,4653,0,758
211,4667,0,761
211,4657,0,759
211,4665,0,750
211,4669,0,754
211,4662,0,762
211,4651,0,760
211,4659,0,755
211,4670,3,605
211,4650,2,603
211,4670,0,601
211,4660,4,607
211,4650,5,602
211,4660,2,606
211,4660,3,604
211,3210,0,104
211,3200,0,113
211,3400,2,106
211,3410,4,112
211,3430,0,111
211,4500,0,310
211,4000,2,306
211,4340,1,308
212,3000,0,127
212,3000,1,106
212,3810,0,107
212,3810,1,117
212,3220,1,103
212,3210,0,109
212,3200,0,111
212,3400,1,120
212,3420,0,113
212,3400,0,110
212,3400,1,104
212,4301,0,360
212,4100,0,312
212,4100,0,307
212,4100,0,306
212,4500,0,301
212,4000,3,305
212,4340,0,313
212,4300,1,308
212,4695,0,757
212,4654,0,756
212,4942,0,190
212,4656,0,753
212,4653,0,750
212,4666,0,761
212,4663,0,762
212,4659,0,755
212,4657,0,763
212,4655,0,754
212,4671,0,760
212,4665,0,759
212,4551,0,758
212,4650,3,604
212,4660,6,606
212,4670,4,602
212,4670,3,607
212,4650,2,601
212,4660,5,605
212,4660,4,603
212,3000,0,100
212,3000,1,116
212,3210,0,101
212,3200,0,114
212,3420,0,108
212,3790,0,314
212,4500,0,300
212,4000,7,302
213,3030,0,128
213,3030,1,120
213,3800,1,109
213,3800,0,111
213,3210,0,101
213,3220,1,106
213,3200,0,110
213,3410,4,108
213,3400,0,107
213,3400,1,116
213,3400,1,112
213,4302,0,362
213,4100,0,301
213,4100,0,313
213,4100,0,305
213,4500,0,307
213,4000,3,306
213,4350,1,310
213,4300,1,308
213,4686,0,757
213,4664,0,756
213,4942,0,190
213,4667,0,761
213,4674,0,754
213,4658,0,763
213,4652,0,755
213,4669,0,750
213,4662,0,760
213,4671,0,753
213,4651,0,762
213,4677,0,759
213,4665,0,758
213,4650,5,602
213,4670,1,605
213,4660,2,604
213,4660,3,601
213,4660,4,606
213,4650,4,607
213,4670,0,603
213,3030,1,117
213,3030,1,100
213,3800,1,103
213,3210,0,113
213,3210,0,104
213,4300,1,300
213,4350,1,302
213,4350,1,314
214,3810,1,122
214,3000,1,111
214,3000,0,106
214,3800,0,108
214,3220,1,116
214,3200,1,110
214,3220,0,120
214,3410,0,114
214,3410,2,101
214,3400,2,112
214,3410,0,107
214,4101,0,351
214,4100,0,314
214,4100,0,310
214,4100,0,302
214,4500,0,313
214,4000,7,300
214,4300,0,308
214,4340,0,307
214,4682,0,757
214,4656,0,756
214,4941,0,190
214,4674,0,753
214,4664,0,759
214,4666,0,750
214,4652,0,762
214,4659,0,758
214,4551,0,761
214,4657,0,755
214,4671,0,763
214,4665,0,760
214,4677,0,754
214,4555,0,580
214,4555,0,590
214,4555,0,581
214,4555,0,588
214,4555,0,584
214,4555,0,587
214,4555,0,583
214,4555,0,589
214,4650,2,601
214,4650,4,602
214,4660,5,606
214,4660,2,604
214,4670,4,607
214,4670,2,605
214,4660,3,603
214,3000,0,109
214,3200,1,113
214,3200,1,104
214,3410,2,103
214,3400,2,117
214,3790,0,305
214,4000,5,312
214,4000,1,306
215,3000,0,128
215,3000,1,110
215,3800,0,106
215,3810,0,108
215,3200,1,111
215,3220,1,120
215,3200,0,104
215,3410,3,112
215,3430,0,109
215,3410,1,113
215,3430,0,103
215,4101,0,362
215,4100,0,306
215,4100,0,314
215,4100,0,300
215,4500,0,310
215,4000,8,301
215,4340,1,305
215,4300,0,302
215,4686,0,757
215,4652,0,756
215,4943,0,190
215,4653,0,762
215,4654,0,750
215,4658,0,758
215,4668,0,753
215,4665,0,755
215,4669,0,763
215,4651,0,754
215,4677,0,759
215,4659,0,760
215,4657,0,761
215,4555,0,590
215,4555,0,581
215,4555,0,583
215,4555,0,588
215,4555,0,584
215,4555,0,587
215,4555,0,586
215,4555,0,580
215,4660,4,607
215,4670,4,604
215,4650,5,606
215,4650,4,605
215,4670,0,601
215,4660,6,602
215,4660,3,603
215,3000,1,116
215,3220,1,100
215,3200,0,117
215,3200,0,101
215,3430,0,107
215,4500,0,307
215,4300,0,308
215,4300,0,313
216,3030,1,125
216,3030,0,112
216,3810,1,109
216,3800,1,106
216,3200,0,116
216,3210,2,120
216,3210,0,104
216,3410,4,117
216,3410,2,103
216,3410,3,101
216,3410,2,114
216,4341,1,357
216,4100,0,305
216,4100,0,313
216,4100,0,310
216,4500,0,306
216,4000,7,314
216,4350,1,300
216,4340,0,302
216,4687,0,757
216,4666,0,756
216,4941,0,190
216,4667,0,760
216,4663,0,755
216,4664,0,762
216,4652,0,759
216,4672,0,754
216,4677,0,761
216,4657,0,763
216,4669,0,750
216,4671,0,753
216,4662,0,758
216,4650,5,606
216,4660,5,601
216,4670,1,605
216,4660,3,602
216,4660,2,604
216,4670,2,607
216,4650,2,603
216,3030,0,107
216,3210,2,110
216,3200,0,113
216,3410,3,100
216,3410,2,111
216,4350,1,308
216,4350,1,312
216,4340,0,301
217,3800,1,129
217,3000,1,113
217,3030,0,110
217,3800,0,112
217,3210,1,117
217,3200,1,101
217,3200,0,103
217,3430,0,108
217,3420,0,116
217,3410,0,106
217,3430,0,100
217,4401,0,364
217,4100,0,302
217,4100,0,308
217,4100,0,300
217,4500,0,312
217,4000,2,307
217,4300,0,305
217,4340,1,310
217,4691,0,757
217,4674,0,756
217,4943,0,190
217,4656,0,760
217,4663,0,750
217,4668,0,753
217,4654,0,758
217,4651,0,762
217,4551,0,754
217,4677,0,761
217,4669,0,755
217,4671,0,759
217,4657,0,763
217,4660,6,605
217,4660,3,607
217,4650,4,602
217,4660,4,604
217,4670,2,606
217,4670,4,601
217,4650,3,603
217,3800,1,114
217,3210,1,104
217,3410,0,120
217,3420,0,109
217,3420,0,107
217,4000,7,313
217,4000,6,301
217,4300,0,306
218,3030,0,121
218,3000,0,116
218,3810,0,110
218,3800,0,100
218,3220,0,113
218,3210,1,109
218,3210,0,117
218,3410,3,107
218,3410,4,112
218,3430,0,108
218,3410,3,114
218,4101,0,350
218,4100,0,301
218,4100,0,305
218,4100,0,306
218,4500,0,310
218,4000,9,308
218,4300,1,313
218,4340,1,302
218,4682,0,757
218,4652,0,756
218,4943,0,190
218,4656,0,763
218,4668,0,753
218,4663,0,761
218,4667,0,755
218,4657,0,750
218,4677,0,759
218,4669,0,762
218,4671,0,760
218,4659,0,754
218,4551,0,758
218,4670,2,604
218,4660,2,605
218,4670,0,601
218,4650,3,607
218,4660,3,602
218,4650,4,606
218,4660,5,603
218,3000,0,104
218,3800,0,120
218,3220,0,103
218,3430,0,106
218,3410,4,111
218,4500,0,314
218,4000,8,312
218,4000,6,307
219,3030,0,125
219,3030,1,109
219,3800,0,107
219,3810,1,114
219,3200,1,100
219,3210,1,110
219,3200,0,106
219,3400,1,117
219,3400,0,104
219,3410,0,113
219,3410,0,103
219,4101,0,357
219,4100,0,308
219,4100,0,313
219,4100,0,310
219,4500,0,305
219,4000,8,301
219,4300,0,314
219,4340,1,306
219,4686,0,757
219,4656,0,756
219,4943,0,190
219,4674,0,763
219,4653,0,750
219,4668,0,758
219,4666,0,761
219,4662,0,762
219,4672,0,755
219,4669,0,759
219,4657,0,760
219,4671,0,754
219,4551,0,753
219,4660,5,606
219,4670,3,601
219,4660,3,602
219,4670,4,604
219,4650,4,605
219,4660,2,607
219,4650,2,603
219,3030,0,101
219,3800,0,112
219,3210,1,116
219,3210,1,120
219,3210,1,111
219,4500,0,302
219,4000,9,312
219,4340,1,300
220,3810,1,127
220,3030,1,117
220,3000,0,108
220,3800,0,114
220,3210,2,116
220,3220,1,104
220,3220,1,110
220,3430,0,111
220,3410,0,101
220,3430,0,109
220,4301,0,360
220,4100,0,308
220,4100,0,300
220,4100,0,305
220,4000,7,312
220,4340,0,313
220,4300,1,301
220,4695,0,757
220,4654,0,756
220,4942,0,190
220,4652,0,762
220,4674,0,760
220,4663,0,750
220,4657,0,755
220,4672,0,761
220,4671,0,763
220,4660,6,606
220,4660,3,602
220,4670,1,607
220,4650,5,605
220,3430,0,113
220,3410,0,100
220,4000,2,307
220,4340,0,314
220,4940,0,712
221,3810,1,128
221,3030,0,101
221,3000,1,109
221,3800,0,112
221,3200,0,117
221,3210,2,100
221,3210,2,116
221,3400,0,104
221,3400,2,111
221,3400,0,113
221,4341,0,362
221,4100,0,313
221,4100,0,305
221,4100,0,308
221,4000,2,307
221,4340,1,300
221,4350,1,310
221,4688,0,757
221,4666,0,756
221,4941,0,190
221,4653,0,762
221,4658,0,755
221,4667,0,760
221,4651,0,750
221,4665,0,761
221,4551,0,763
221,4660,5,606
221,4660,4,605
221,4650,2,602
221,4670,2,607
221,3000,1,110
221,3800,0,108
221,3790,0,314
221,4340,1,301
222,3800,0,128
222,3030,1,100
222,3000,0,111
222,3810,1,112
222,3210,0,117
222,3220,0,108
222,3210,0,116
222,3430,0,104
222,3400,3,101
222,3430,0,110
222,4301,1,362
222,4100,0,307
222,4100,0,300
222,4100,0,314
222,4000,1,305
222,4300,1,313
222,4350,1,310
222,4682,0,757
222,4666,0,756
222,4943,0,190
222,4674,0,750
222,4663,0,760
222,4656,0,762
222,4671,0,763
222,4657,0,761
222,4665,0,755
222,4670,1,607
222,4660,4,602
222,4660,2,606
222,4650,3,605
222,3000,0,109
222,3810,1,113
222,4500,0,308
222,4300,1,301
223,3810,1,128
223,3030,1,108
223,3030,0,116
223,3800,0,113
223,3200,1,109
223,3220,1,100
223,3220,1,117
223,3410,4,110
223,3430,0,101
223,3410,4,112
223,4301,0,362
223,4100,0,314
223,4100,0,300
223,4100,0,305
223,4000,4,310
223,4300,1,308
223,4340,0,313
223,4691,0,757
223,4668,0,756
223,4942,0,190
223,4653,0,762
223,4664,0,755
223,4654,0,760
223,4677,0,761
223,4671,0,763
223,4657,0,750
223,4650,5,602
223,4660,2,607
223,4660,3,605
223,4670,4,606
223,3430,0,104
223,3430,0,111
223,4000,8,307
224,3030,0,122
224,3000,1,117
224,3810,1,110
224,3810,0,114
224,3210,0,111
224,3210,2,104
224,3210,2,101
224,3410,4,108
224,3400,3,116
224,3400,3,112
224,4101,0,351
224,4100,0,305
224,4100,0,310
224,4100,0,312
224,4000,0,300
224,4350,1,314
224,4340,0,307
224,4681,0,757
224,4668,0,756
224,4941,0,190
224,4666,0,763
224,4653,0,760
224,4658,0,755
224,4671,0,761
224,4669,0,750
224,4655,0,762
224,4555,0,587
224,4555,0,584
224,4555,0,588
224,4555,0,583
224,4555,0,590
224,4555,0,586
224,4555,0,582
224,4555,0,580
224,4670,1,602
224,4660,5,605
224,4660,6,607
224,4650,4,606
224,3210,0,113
224,3400,3,109
224,4500,0,308
224,4000,1,313
225,3810,0,121
225,3030,1,100
225,3000,1,113
225,3810,1,109
225,3210,0,103
225,3220,1,114
225,3400,0,120
225,3410,1,104
225,3400,0,116
225,4341,1,350
225,4100,0,308
225,4100,0,313
225,4100,0,307
225,4000,5,301
225,4350,1,305
225,4300,0,312
225,4688,0,757
225,4674,0,756
225,4941,0,190
225,4663,0,750
225,4654,0,754
225,4658,0,763
225,4677,0,753
225,4669,0,762
225,4662,0,755
225,4555,0,590
225,4555,0,582
225,4555,0,580
225,4555,0,594
225,4555,0,581
225,4555,0,588
225,4555,0,584
225,4555,0,583
225,4670,4,601
225,4650,2,602
225,4660,2,607
225,4660,6,605
225,3030,1,117
225,3410,1,108
225,4350,1,302
225,4350,1,314
226,3000,1,123
226,3030,1,117
226,3800,1,109
226,3810,1,100
226,3210,1,103
226,3210,0,114
226,3430,0,108
226,3410,3,101
226,3430,0,116
226,4341,1,352
226,4100,0,307
226,4100,0,300
226,4100,0,314
226,4000,0,312
226,4340,1,313
226,4350,1,305
226,4686,0,757
226,4668,0,756
226,4941,0,190
226,4653,0,755
226,4656,0,763
226,4663,0,753
226,4662,0,750
226,4657,0,754
226,4669,0,762
226,4660,3,607
226,4670,1,602
226,4660,5,605
226,4650,4,601
226,3800,1,113
226,3210,0,104
226,3790,0,301
226,4500,0,308
227,3000,0,122
227,3000,1,109
227,3810,0,114
227,3800,1,120
227,3220,0,113
227,3220,1,101
227,3400,0,103
227,3400,2,117
227,3400,0,108
227,4101,0,351
227,4100,0,300
227,4100,0,314
227,4100,0,305
227,4000,7,312
227,4300,1,308
227,4340,1,313
227,4687,0,757
227,4668,0,756
227,4941,0,190
227,4667,0,762
227,4666,0,754
227,4664,0,755
227,4669,0,750
227,4662,0,763
227,4655,0,753
227,4606,0,629
227,4603,0,660
227,4600,0,655
227,4605,0,626
227,4604,0,620
227,4601,0,658
227,4602,0,651
227,4604,0,652
227,4602,0,640
227,4601,0,661
227,4604,0,625
227,4603,0,662
227,4606,0,624
227,4603,0,657
227,4602,0,654
227,4602,0,617
227,4600,0,653
227,4606,0,643
227,4605,0,628
227,4605,0,615
227,4605,0,627
227,4601,0,656
227,4604,0,616
227,4601,0,619
227,4600,0,622
227,4601,0,632
227,4604,0,641
227,4603,0,659
227,4605,0,631
227,4602,0,618
227,4603,0,639
227,4604,0,644
227,4660,3,605
227,4660,5,601
227,4670,4,602
227,4650,4,607
227,3810,0,104
227,3400,0,116
227,3790,0,307
227,4500,0,302
228,3800,1,121
228,3000,0,113
228,3030,0,116
228,3800,0,104
228,3220,0,103
228,3220,1,117
228,3410,3,100
228,3400,0,114
228,3410,3,108
228,4341,0,350
228,4100,0,314
228,4100,0,301
228,4100,0,305
228,4000,4,313
228,4340,0,307
228,4300,1,312
228,4686,0,757
228,4652,0,756
228,4941,0,190
228,4658,0,755
228,4654,0,753
228,4664,0,763
228,4662,0,750
228,4657,0,762
228,4672,0,754
228,4660,3,605
228,4670,1,601
228,4660,2,602
228,4650,4,607
228,3220,1,109
228,3400,0,120
228,4500,0,302
228,4340,0,308
229,3030,0,129
229,3030,1,120
229,3810,0,103
229,3800,0,114
229,3200,0,104
229,3210,0,109
229,3410,2,101
229,3410,0,117
229,3410,0,113
229,4302,0,364
229,4100,0,312
229,4100,0,300
229,4100,0,307
229,4000,3,305
229,4340,0,308
229,4300,1,302
229,4691,0,757
229,4674,0,756
229,4943,0,190
229,4668,0,754
229,4658,0,763
229,4656,0,750
229,4677,0,755
229,4669,0,753
229,4659,0,762
229,4650,4,605
229,4670,1,601
229,4660,2,607
229,4660,6,602
229,4940,0,710
229,3030,1,108
229,3200,0,116
229,3410,0,100
229,4000,2,301
229,4340,0,313
230,3800,1,122
230,3030,0,101
230,3000,1,107
230,3800,0,104
230,3200,0,117
230,3210,1,120
230,3200,0,106
230,3410,0,103
230,3430,0,116
230,3430,0,112
230,4301,0,351
230,4100,0,306
230,4100,0,305
230,4100,0,310
230,4000,2,313
230,4350,1,314
230,4695,0,757
230,4674,0,756
230,4943,0,190
230,4667,0,320
230,4664,0,322
230,4656,0,317
230,4652,0,315
230,4668,0,318
230,4663,0,319
230,4654,0,750
230,4653,0,761
230,4665,0,755
230,4662,0,758
230,4655,0,760
230,4671,0,753
230,4659,0,759
230,4651,0,754
230,4670,1,604
230,4670,4,606
230,4650,3,602
230,4660,5,601
230,4660,3,607
230,4650,2,603
230,4130,0,321
230,4330,1,316
230,4330,0,309
230,3200,0,110
230,3410,0,111
230,3790,0,302
230,4000,5,300
230,4940,0,711
231,3800,0,124
231,3000,1,116
231,3030,1,106
231,3810,1,112
231,3220,0,117
231,3210,1,100
231,3210,1,107
231,3400,2,110
231,3400,0,101
231,3400,2,103
231,4301,0,356
231,4100,0,313
231,4100,0,302
231,4100,0,300
231,4000,3,305
231,4340,0,310
231,4687,0,757
231,4652,0,756
231,4943,0,190
231,4674,0,316
231,4656,0,322
231,4664,0,320
231,4653,0,309
231,4654,0,319
231,4666,0,318
231,4663,0,758
231,4668,0,750
231,4665,0,759
231,4677,0,754
231,4657,0,755
231,4651,0,760
231,4659,0,761
231,4671,0,753
231,4555,0,585
231,4555,0,592
231,4555,0,580
231,4555,0,582
231,4555,0,587
231,4555,0,588
231,4555,0,591
231,4555,0,583
231,4660,6,601
231,4650,2,607
231,4670,0,606
231,4650,3,604
231,4660,3,602
231,4670,1,603
231,4130,0,321
231,4330,1,317
231,4330,0,315
231,3030,1,104
231,3400,2,111
231,4000,7,301
231,4350,1,314
232,3800,0,129
232,3030,0,107
232,3000,0,103
232,3810,0,112
232,3210,1,117
232,3200,0,116
232,3210,1,106
232,3410,3,100
232,3400,0,120
232,3410,3,110
232,4341,1,364
232,4100,0,306
232,4100,0,301
232,4100,0,313
232,4000,8,305
232,4350,1,300
232,4686,0,757
232,4664,0,756
232,4941,0,190
232,4667,0,316
232,4652,0,322
232,4674,0,318
232,4656,0,309
232,4653,0,317
232,4654,0,315
232,4654,0,755
232,4663,0,758
232,4657,0,760
232,4669,0,750
232,4659,0,759
232,4651,0,754
232,4671,0,753
232,4677,0,761
232,4650,2,603
232,4650,4,607
232,4660,4,601
232,4670,1,602
232,4660,2,606
232,4670,4,604
232,4130,0,321
232,4330,1,320
232,4330,0,319
232,3810,0,104
232,3200,0,101
232,3790,0,310
232,4340,1,302
233,3000,1,127
233,3030,0,104
233,3800,0,120
233,3800,1,111
233,3210,2,107
233,3220,1,117
233,3220,1,116
233,3410,4,103
233,3410,3,100
233,3410,4,110
233,4341,1,360
233,4100,0,300
233,4100,0,306
233,4100,0,313
233,4000,8,301
233,4300,0,305
233,4681,0,757
233,4652,0,756
233,4943,0,190
233,4674,0,315
233,4654,0,320
233,4667,0,322
233,4663,0,318
233,4656,0,319
233,4664,0,316
233,4653,0,753
233,4667,0,760
233,4665,0,758
233,4657,0,750
233,4669,0,761
233,4662,0,754
233,4672,0,759
233,4655,0,755
233,4680,0,603
233,4670,2,601
233,4660,5,602
233,4660,2,607
233,4670,4,606
233,4650,5,604
233,4130,0,321
233,4330,1,317
233,4330,0,309
233,3030,0,101
233,3410,4,106
233,4500,0,314
233,4000,0,302
234,3000,0,122
234,3030,0,111
234,3800,1,116
234,3810,0,110
234,3210,2,117
234,3220,1,107
234,3210,2,104
234,3400,1,106
234,3420,0,101
234,3420,0,112
234,4501,0,351
234,4100,0,300
234,4100,0,306
234,4100,0,310
234,4000,0,313
234,4350,1,305
234,4691,0,757
234,4652,0,756
234,4943,0,190
234,4667,0,319
234,4663,0,315
234,4654,0,320
234,4674,0,322
234,4668,0,317
234,4656,0,309
234,4653,0,750
234,4664,0,758
234,4672,0,755
234,4655,0,760
234,4659,0,759
234,4671,0,754
234,4551,0,761
234,4677,0,753
234,4670,4,607
234,4650,4,602
234,4660,4,604
234,4650,5,606
234,4670,3,601
234,4660,6,603
234,4130,0,321
234,4330,0,318
234,4330,1,316
234,3810,0,103
234,3420,0,120
234,3790,0,314
234,4500,0,302
235,3000,1,126
235,3030,1,103
235,3810,1,113
235,3800,1,114
235,3220,1,111
235,3210,0,107
235,3200,0,109
235,3400,1,110
235,3410,2,120
235,3410,0,106
235,4302,0,358
235,4100,0,302
235,4100,0,310
235,4100,0,307
235,4000,3,314
235,4340,0,312
235,4653,0,753
235,4652,0,758
235,4666,0,763
235,4672,0,759
235,4671,0,760
235,4659,0,762
235,4665,0,754
235,4657,0,761
235,4601,0,639
235,4606,0,654
235,4602,0,636
235,4600,0,622
235,4605,0,660
235,4604,0,651
235,4603,0,655
235,4601,0,637
235,4603,0,640
235,4604,0,650
235,4600,0,643
235,4606,0,646
235,4601,0,645
235,4605,0,626
235,4601,0,657
235,4604,0,623
235,4604,0,656
235,4605,0,624
235,4600,0,644
235,4604,0,625
235,4604,0,634
235,4601,0,658
235,4606,0,621
235,4606,0,641
235,4604,0,659
235,4600,0,638
235,4606,0,647
235,4603,0,642
235,4670,4,603
235,4650,5,607
235,4660,4,601
235,4670,1,605
235,4660,2,604
235,4650,2,606
235,3400,1,112
235,3410,0,116
235,3410,2,117
235,3790,0,306
235,4500,0,313
236,3800,0,123
236,3000,1,109
236,3030,1,107
236,3810,1,112
236,3220,0,110
236,3200,1,103
236,3210,1,113
236,3410,0,111
236,3400,0,108
236,3410,4,106
236,4341,1,352
236,4100,0,310
236,4100,0,313
236,4100,0,308
236,4000,1,314
236,4340,1,306
236,4668,0,760
236,4674,0,762
236,4653,0,758
236,4662,0,761
236,4551,0,763
236,4651,0,753
236,4669,0,759
236,4671,0,754
236,4650,4,607
236,4660,3,605
236,4650,2,604
236,4670,4,606
236,4670,0,601
236,4660,5,603
236,4940,0,717
236,3030,1,117
236,3800,0,116
236,3400,0,114
236,3790,0,307
236,4000,6,312
237,3810,1,123
237,3000,0,110
237,3030,0,113
237,3800,0,114
237,3210,0,106
237,3200,1,117
237,3220,1,116
237,3400,0,103
237,3430,0,112
237,3410,4,109
237,4302,0,352
237,4100,0,310
237,4100,0,307
237,4100,0,313
237,4000,5,308
237,4300,0,306
237,4652,0,761
237,4664,0,758
237,4658,0,753
237,4662,0,763
237,4665,0,760
237,4655,0,754
237,4671,0,759
237,4657,0,762
237,4680,2,607
237,4650,5,601
237,4670,4,605
237,4660,3,604
237,4660,5,606
237,4670,3,603
237,3200,1,108
237,3200,1,107
237,3430,0,111
237,4500,0,314
237,4350,1,312
238,3800,1,126
238,3000,0,113
238,3000,1,120
238,3800,0,107
238,3200,1,114
238,3210,0,112
238,3210,2,106
238,3400,0,110
238,3400,3,116
238,3410,1,103
238,4341,1,358
238,4100,0,312
238,4100,0,310
238,4100,0,306
238,4000,8,307
238,4350,1,302
238,4667,0,753
238,4653,0,763
238,4666,0,760
238,4659,0,762
238,4671,0,754
238,4655,0,759
238,4657,0,761
238,4669,0,758
238,4680,2,607
238,4670,1,603
238,4660,4,601
238,4660,3,605
238,4670,0,604
238,4650,5,606
238,3800,0,111
238,3200,1,109
238,3210,2,117
238,3790,0,313
238,4500,0,314
239,3000,1,126
239,3030,1,120
239,3800,0,103
239,3810,0,114
239,3220,1,110
239,3210,1,112
239,3200,0,107
239,3420,0,113
239,3430,0,117
239,3400,0,116
239,4401,0,358
239,4100,0,310
239,4100,0,302
239,4100,0,307
239,4000,3,313
239,4300,0,312
239,4663,0,754
239,4664,0,759
239,4667,0,760
239,4551,0,753
239,4657,0,761
239,4662,0,762
239,4672,0,758
239,4677,0,763
239,4555,0,585
239,4555,0,590
239,4555,0,596
239,4555,0,588
239,4555,0,587
239,4555,0,581
239,4555,0,589
239,4555,0,595
239,4660,2,603
239,4660,5,607
239,4670,2,601
239,4650,3,605
239,4650,4,604
239,4670,4,606
239,3000,1,109
239,3220,1,106
239,3210,1,111
239,3790,0,314
239,4300,1,306
240,3800,0,127
240,3030,0,100
240,3000,0,117
240,3810,1,120
240,3210,1,113
240,3220,0,107
240,3200,1,116
240,3400,2,111
240,3410,0,104
240,3410,4,103
240,3410,4,101
240,4301,0,360
240,4100,0,307
240,4100,0,301
240,4100,0,308
240,4500,0,314
240,4000,8,305
240,4300,1,300
240,4300,0,306
240,4686,0,757
240,4653,0,756
240,4943,0,190
240,4666,0,753
240,4664,0,761
240,4668,0,750
240,4674,0,762
240,4659,0,758
240,4671,0,760
240,4662,0,755
240,4677,0,763
240,4551,0,754
240,4669,0,759
240,4555,0,585
240,4555,0,586
240,4555,0,589
240,4555,0,580
240,4555,0,588
240,4555,0,587
240,4555,0,581
240,4555,0,582
240,4650,3,601
240,4670,4,606
240,4660,3,604
240,4660,4,602
240,4650,2,605
240,4670,2,607
240,4660,6,603
240,3000,0,114
240,3800,0,109
240,3400,2,106
240,3400,2,110
240,3400,2,108
240,3790,0,302
240,4300,0,313
240,4300,1,312
241,3800,1,121
241,3030,0,110
241,3030,1,113
241,3810,0,104
241,3220,1,111
241,3200,1,120
241,3200,0,108
241,3400,1,106
241,3410,2,109
241,3410,4,100
241,3400,1,117
241,4401,0,350
241,4100,0,308
241,4100,0,307
241,4100,0,310
241,4500,0,314
241,4000,4,301
241,4300,0,312
241,4340,1,306
241,4691,0,757
241,4664,0,756
241,4942,0,190
241,4656,0,754
241,4654,0,750
241,4666,0,760
241,4667,0,763
241,4672,0,762
241,4671,0,759
241,4551,0,753
241,4677,0,755
241,4662,0,761
241,4655,0,758
241,4660,6,603
241,4660,5,601
241,4650,2,607
241,4660,3,605
241,4650,4,602
241,4670,4,604
241,4670,0,606
241,4940,0,711
241,3030,1,112
241,3030,0,103
241,3220,1,107
241,3220,1,116
241,3400,1,114
241,3790,0,305
241,4500,0,302
241,4000,1,313
242,2110,0,112
242,3030,1,122
242,3030,0,117
242,3810,0,113
242,3800,1,116
242,3210,1,111
242,3220,0,106
242,3220,1,101
242,3410,2,114
242,3400,3,120
242,3420,0,108
242,3400,3,110
242,4301,0,351
242,4100,0,308
242,4100,0,313
242,4100,0,310
242,4500,0,305
242,4000,6,302
242,4300,1,306
242,4340,1,307
242,4688,0,757
242,4663,0,756
242,4943,0,190
242,4654,0,755
242,4652,0,754
242,4674,0,763
242,4664,0,759
242,4665,0,760
242,4551,0,762
242,4655,0,753
242,4662,0,758
242,4671,0,750
242,4677,0,761
242,4650,4,604
242,4670,3,605
242,4660,6,601
242,4650,2,602
242,4660,2,606
242,4670,4,607
242,4660,5,603
242,3030,0,103
242,3030,0,104
242,3810,0,107
242,3400,3,109
242,3790,0,312
242,4500,0,314
242,4000,9,300
243,3030,1,121
243,3030,0,112
243,3810,1,110
243,3810,0,116
243,3210,1,117
243,3200,0,104
243,3200,1,114
243,3410,1,109
243,3430,0,107
243,3410,3,113
243,3430,0,103
243,4302,0,350
243,4100,0,314
243,4100,0,306
243,4100,0,305
243,4500,0,310
243,4000,4,313
243,4340,1,302
243,4350,1,308
243,4688,0,757
243,4654,0,756
243,4943,0,190
243,4652,0,750
243,4656,0,759
243,4663,0,754
243,4658,0,763
243,4657,0,760
243,4669,0,755
243,4665,0,753
243,4651,0,758
243,4655,0,762
243,4671,0,761
243,4670,0,603
243,4650,5,607
243,4670,4,601
243,4660,3,605
243,4660,6,606
243,4660,2,604
243,4650,3,602
243,3030,1,108
243,3810,0,100
243,3200,1,120
243,3210,1,106
243,3410,1,111
243,4500,0,307
243,4000,7,301
243,4350,1,312
244,3030,0,126
244,3030,1,113
244,3800,1,101
244,3810,1,109
244,3220,1,117
244,3210,2,120
244,3220,0,116
244,3400,3,111
244,3420,0,100
244,3410,4,103
244,3410,4,107
244,4401,0,358
244,4100,0,306
244,4100,0,312
244,4100,0,307
244,4500,0,301
244,4000,7,305
244,4340,0,302
244,4300,1,310
244,4688,0,757
244,4674,0,756
244,4943,0,190
244,4656,0,759
244,4668,0,762
244,4666,0,750
244,4667,0,754
244,4671,0,761
244,4677,0,758
244,4657,0,753
244,4551,0,763
244,4651,0,755
244,4665,0,760
244,4670,3,601
244,4650,3,607
244,4660,5,604
244,4650,4,606
244,4660,4,602
244,4660,2,605
244,4670,4,603
244,3210,2,104
244,3220,0,106
244,3420,0,110
244,3410,4,112
244,3410,4,114
244,4500,0,314
244,4300,1,313
244,4300,1,300
245,3030,0,121
245,3000,1,112
245,3800,0,107
245,3810,0,108
245,3220,1,114
245,3220,0,110
245,3210,0,104
245,3400,3,109
245,3430,0,117
245,3410,1,100
245,3410,1,120
245,4101,0,350
245,4100,0,312
245,4100,0,302
245,4100,0,308
245,4500,0,314
245,4000,7,313
245,4300,0,305
245,4300,1,301
245,4687,0,757
245,4668,0,756
245,4942,0,190
245,4674,0,754
245,4653,0,761
245,4667,0,763
245,4663,0,750
245,4657,0,755
245,4655,0,760
245,4651,0,753
245,4662,0,762
245,4551,0,758
245,4671,0,759
245,4552,0,567
245,4552,0,565
245,4552,0,563
245,4552,0,570
245,4552,0,568
245,4552,0,566
245,4552,0,569
245,4552,0,560
245,4660,5,601
245,4660,4,603
245,4650,5,605
245,4670,0,607
245,4650,2,604
245,4670,1,602
245,4660,3,606
245,3030,0,103
245,3000,1,116
245,3430,0,106
245,3410,1,113
245,3400,3,111
245,4000,3,310
245,4000,6,306
245,4300,1,307
246,3030,0,126
246,3000,1,104
246,3810,0,103
246,3800,0,111
246,3210,0,110
246,3200,0,112
246,3210,2,107
246,3400,2,113
246,3410,0,100
246,3400,0,114
246,3410,0,106
246,4302,0,358
246,4100,0,310
246,4100,0,312
246,4100,0,305
246,4500,0,300
246,4000,0,306
246,4340,0,302
246,4300,1,314
246,4691,0,757
246,4663,0,756
246,4941,0,190
246,4654,0,755
246,4668,0,763
246,4667,0,754
246,4652,0,761
246,4677,0,762
246,4672,0,750
246,4659,0,759
246,4551,0,760
246,4671,0,753
246,4651,0,758
246,4660,2,602
246,4670,1,601
246,4660,3,607
246,4650,4,606
246,4650,5,605
246,4670,0,604
246,4660,4,603
246,3000,1,109
246,3210,2,116
246,3210,0,101
246,3210,0,117
246,3410,0,120
246,3790,0,307
246,4300,1,313
246,4300,1,301
247,3000,0,126
247,3000,1,103
247,3800,0,100
247,3810,0,111
247,3200,1,109
247,3210,1,106
247,3200,0,120
247,3430,0,112
247,3410,3,113
247,3410,4,116
247,3410,4,107
247,4501,0,358
247,4100,0,302
247,4100,0,300
247,4100,0,312
247,4500,0,314
247,4000,7,306
247,4300,0,313
247,4300,1,310
247,4682,0,757
247,4667,0,756
247,4941,0,190
247,4664,0,760
247,4663,0,753
247,4654,0,758
247,4653,0,762
247,4551,0,761
247,4655,0,750
247,4657,0,754
247,4671,0,763
247,4662,0,759
247,4672,0,755
247,4660,4,602
247,4660,3,601
247,4670,2,604
247,4650,3,606
247,4670,0,607
247,4660,5,605
247,4650,4,603
247,3210,1,104
247,3410,3,101
247,3430,0,110
247,3410,4,117
247,3410,3,114
247,4500,0,307
247,4000,8,301
247,4300,1,305
248,3030,1,126
248,3000,0,106
248,3800,0,117
248,3800,1,120
248,3220,0,104
248,3210,0,107
248,3200,0,113
248,3400,0,114
248,3430,0,100
248,3410,1,103
248,3400,0,110
248,4101,0,358
248,4100,0,300
248,4100,0,302
248,4100,0,307
248,4500,0,312
248,4000,3,305
248,4350,1,301
248,4340,1,314
248,4688,0,757
248,4663,0,756
248,4941,0,190
248,4656,0,755
248,4666,0,760
248,4653,0,754
248,4668,0,763
248,4669,0,762
248,4672,0,761
248,4657,0,758
248,4655,0,753
248,4662,0,750
248,4671,0,759
248,4660,6,603
248,4670,2,607
248,4670,1,605
248,4660,5,601
248,4650,5,604
248,4650,2,602
248,4660,2,606
248,4940,0,710
248,3000,0,112
248,3410,1,101
248,3430,0,116
248,3430,0,109
248,3430,0,111
248,3790,0,306
248,4000,0,313
248,4340,1,310
249,3810,1,129
249,3000,1,107
249,3030,1,110
249,3810,0,106
249,3210,1,113
249,3200,0,117
249,3210,0,114
249,3410,0,116
249,3410,2,120
249,3400,0,108
249,3400,0,100
249,4401,0,364
249,4100,0,310
249,4100,0,300
249,4100,0,305
249,4500,0,308
249,4000,0,306
249,4340,1,313
249,4340,0,301
249,4681,0,757
249,4674,0,756
249,4941,0,190
249,4666,0,761
249,4668,0,758
249,4664,0,750
249,4656,0,762
249,4672,0,760
249,4671,0,754
249,4657,0,763
249,4651,0,759
249,4662,0,755
249,4677,0,753
249,4555,0,580
249,4555,0,589
249,4555,0,584
249,4555,0,588
249,4555,0,587
249,4555,0,581
249,4555,0,585
249,4555,0,582
249,4660,4,602
249,4670,0,601
249,4660,5,606
249,4650,4,605
249,4670,3,607
249,4650,2,604
249,4660,6,603
249,3000,1,104
249,3000,1,101
249,3810,1,112
249,3210,0,103
249,3200,0,109
249,4500,0,307
249,4000,9,312
249,4340,1,302
250,3030,0,128
250,3030,1,106
250,3800,0,109
250,3810,0,103
250,3220,1,113
250,3200,1,116
250,3210,0,104
250,3410,1,107
250,3430,0,117
250,3420,0,100
250,3410,1,108
250,4341,1,362
250,4100,0,302
250,4100,0,300
250,4100,0,313
250,4500,0,308
250,4000,9,306
250,4340,0,307
250,4300,0,310
250,4687,0,757
250,4674,0,756
250,4942,0,190
250,4666,0,762
250,4658,0,761
250,4663,0,755
250,4664,0,754
250,4669,0,758
250,4551,0,753
250,4655,0,760
250,4671,0,750
250,4665,0,763
250,4677,0,759
250,4660,5,601
250,4650,3,604
250,4670,1,602
250,4660,2,607
250,4670,2,606
250,4660,6,605
250,4650,2,603
250,3030,1,120
250,3800,0,101
250,3420,0,111
250,3420,0,112
250,3430,0,110
250,3790,0,305
250,4500,0,301
250,4000,8,314
251,3000,1,128
251,3030,1,106
251,3800,1,113
251,3810,1,109
251,3220,0,120
251,3220,1,108
251,3200,1,110
251,3410,4,103
251,3400,3,104
251,3410,1,101
251,3410,4,116
251,4302,0,362
251,4100,0,301
251,4100,0,307
251,4100,0,310
251,4500,0,300
251,4000,4,305
251,4350,1,302
251,4340,0,313
251,4686,0,757
251,4668,0,756
251,4942,0,190
251,4653,0,758
251,4664,0,755
251,4667,0,753
251,4656,0,763
251,4662,0,750
251,4657,0,760
251,4672,0,759
251,4671,0,762
251,4665,0,754
251,4669,0,761
251,4660,6,601
251,4670,4,606
251,4650,4,604
251,4650,3,605
251,4660,5,607
251,4660,2,602
251,4670,2,603
251,3030,1,111
251,3800,1,117
251,3200,1,112
251,3400,3,107
251,3410,4,100
251,4340,0,308
251,4340,0,314
251,4350,1,306
252,3000,1,128
252,3030,1,104
252,3810,1,109
252,3810,0,112
252,3220,0,110
252,3200,1,103
252,3210,0,116
252,3420,0,100
252,3410,3,113
252,3400,2,120
252,3420,0,111
252,4301,0,362
252,4100,0,307
252,4100,0,314
252,4100,0,301
252,4500,0,313
252,4000,5,305
252,4300,0,310
252,4350,1,302
252,4682,0,757
252,4674,0,756
252,4943,0,190
252,4664,0,763
252,4663,0,760
252,4666,0,754
252,4668,0,755
252,4659,0,759
252,4551,0,762
252,4672,0,753
252,4657,0,750
252,4662,0,758
252,4669,0,761
252,4552,0,567
252,4552,0,568
252,4552,0,566
252,4552,0,561
252,4552,0,569
252,4552,0,560
252,4552,0,563
252,4552,0,562
252,4680,2,606
252,4650,2,603
252,4670,3,601
252,4650,3,605
252,4660,5,607
252,4670,2,602
252,4660,3,604
252,3030,1,107
252,3000,1,101
252,3200,1,108
252,3210,0,106
252,3790,0,306
252,4500,0,308
252,4000,6,300
252,2150,0,117
253,3800,1,122
253,3000,1,110
253,3030,0,101
253,3810,1,113
253,3220,0,116
253,3200,0,112
253,3210,2,104
253,3420,0,109
253,3410,1,107
253,3400,2,117
253,3400,2,103
253,4302,0,351
253,4100,0,302
253,4100,0,305
253,4100,0,314
253,4500,0,300
253,4000,7,307
253,4340,1,306
253,4340,0,310
253,4691,0,757
253,4667,0,756
253,4942,0,190
253,4658,0,753
253,4666,0,759
253,4652,0,755
253,4664,0,762
253,4669,0,750
253,4655,0,763
253,4677,0,754
253,4662,0,761
253,4672,0,758
253,4551,0,760
253,4680,1,606
253,4660,3,601
253,4650,5,607
253,4650,4,603
253,4660,2,605
253,4670,4,602
253,4670,3,604
253,3000,1,106
253,3000,1,114
253,3220,0,120
253,3200,0,111
253,3420,0,108
253,3790,0,312
253,4500,0,308
253,4000,9,313
254,3810,0,128
254,3030,0,106
254,3000,1,112
254,3810,1,109
254,3210,1,104
254,3210,2,117
254,3220,1,101
254,3410,1,103
254,3410,0,113
254,3400,3,111
254,3410,0,107
254,4341,1,352
254,4100,0,308
254,4100,0,313
254,4100,0,301
254,4500,0,314
254,4000,2,307
254,4340,0,306
254,4300,1,305
254,4687,0,757
254,4653,0,756
254,4942,0,190
254,4663,0,758
254,4654,0,761
254,4652,0,762
254,4668,0,753
254,4551,0,763
254,4651,0,759
254,4669,0,755
254,4655,0,754
254,4672,0,760
254,4662,0,750
254,4680,0,606
254,4670,0,604
254,4660,4,601
254,4650,5,607
254,4660,3,605
254,4650,2,602
254,4670,1,603
254,3030,0,100
254,3810,1,120
254,3220,1,116
254,3400,3,110
254,3400,3,108
254,4500,0,300
254,4000,1,312
254,4000,9,310
255,3800,1,127
255,3000,1,103
255,3030,1,117
255,3810,1,113
255,3220,0,116
255,3210,0,107
255,3220,1,110
255,3410,4,109
255,3400,0,101
255,3420,0,106
255,3400,0,111
255,4401,0,360
255,4100,0,306
255,4100,0,308
255,4100,0,312
255,4500,0,307
255,4000,8,302
255,4300,1,300
255,4340,0,313
255,4687,0,757
255,4674,0,756
255,4941,0,190
255,4654,0,760
255,4667,0,758
255,4666,0,763
255,4658,0,755
255,4672,0,754
255,4655,0,762
255,4677,0,761
255,4651,0,750
255,4669,0,753
255,4671,0,759
255,4552,0,568
255,4552,0,562
255,4552,0,569
255,4552,0,561
255,4552,0,560
255,4552,0,567
255,4552,0,566
255,4552,0,565
255,4660,4,605
255,4650,5,606
255,4670,1,607
255,4660,5,602
255,4670,0,604
255,4650,4,601
255,4660,3,603
255,3030,1,108
255,3030,1,100
255,3800,1,104
255,3220,1,114
255,3220,1,120
255,4500,0,301
255,4000,6,305
255,4300,1,314
256,3800,1,123
256,3030,0,116
256,3000,0,107
256,3810,0,103
256,3220,0,114
256,3210,2,117
256,3210,1,104
256,3410,3,110
256,3420,0,108
256,3400,0,106
256,3400,0,101
256,4401,0,352
256,4100,0,310
256,4100,0,300
256,4100,0,308
256,4500,0,306
256,4000,0,313
256,4340,1,305
256,4300,1,314
256,4687,0,757
256,4653,0,756
256,4941,0,190
256,4658,0,753
256,4652,0,763
256,4668,0,761
256,4674,0,750
256,4672,0,759
256,4662,0,755
256,4655,0,762
256,4669,0,754
256,4651,0,760
256,4657,0,758
256,4680,2,603
256,4660,4,604
256,4650,4,607
256,4670,1,601
256,4670,3,606
256,4650,2,605
256,4660,2,602
256,3000,0,100
256,3000,0,112
256,3810,0,109
256,3220,0,113
256,3420,0,111
256,3790,0,301
256,4300,1,312
256,4340,1,307
257,3810,1,125
257,3030,1,117
257,3030,0,107
257,3810,0,104
257,3210,0,106
257,3220,0,111
257,3210,1,109
257,3400,3,100
257,3420,0,116
257,3400,0,110
257,3400,3,112
257,4301,0,357
257,4100,0,313
257,4100,0,302
257,4100,0,305
257,4500,0,314
257,4000,6,312
257,4350,1,300
257,4340,0,306
257,4686,0,757
257,4674,0,756
257,4943,0,190
257,4658,0,754
257,4652,0,762
257,4667,0,755
257,4653,0,759
257,4662,0,758
257,4665,0,750
257,4672,0,760
257,4651,0,763
257,4659,0,753
257,4671,0,761
257,4552,0,562
257,4552,0,567
257,4552,0,568
257,4552,0,569
257,4552,0,560
257,4552,0,565
257,4552,0,564
257,4552,0,561
257,4680,1,601
257,4660,5,606
257,4670,2,607
257,4650,4,605
257,4660,3,604
257,4670,0,602
257,4650,2,603
257,3030,0,114
257,3030,1,113
257,3210,1,120
257,3400,3,103
257,3400,3,101
257,4340,0,310
257,4350,1,308
257,4340,0,301
258,3000,1,124
258,3030,1,114
258,3800,0,100
258,3800,1,110
258,3220,0,107
258,3220,1,113
258,3210,2,116
258,3420,0,106
258,3400,3,112
258,3400,2,109
258,3400,2,104
258,4302,0,356
258,4100,0,302
258,4100,0,310
258,4100,0,300
258,4500,0,314
258,4000,2,313
258,4300,0,307
258,4300,1,312
258,4686,0,757
258,4674,0,756
258,4942,0,190
258,4666,0,762
258,4664,0,759
258,4658,0,750
258,4656,0,753
258,4677,0,758
258,4657,0,763
258,4669,0,760
258,4651,0,755
258,4662,0,761
258,4672,0,754
258,4660,4,604
258,4660,5,602
258,4670,2,607
258,4660,3,605
258,4650,3,601
258,4670,0,606
258,4650,2,603
258,3000,1,117
258,3220,1,103
258,3400,3,101
258,3400,3,111
258,3400,3,108
258,4000,5,308
258,4300,1,301
258,4300,0,305
259,2080,0,109
259,3800,0,124
259,3030,1,114
259,3000,0,110
259,3800,1,113
259,3220,0,106
259,3210,0,116
259,3200,0,117
259,3400,1,101
259,3410,2,107
259,3410,4,103
259,3400,1,104
259,4302,0,356
259,4100,0,313
259,4100,0,307
259,4100,0,302
259,4500,0,300
259,4000,2,301
259,4350,1,312
259,4340,1,310
259,4687,0,757
259,4667,0,756
259,4941,0,190
259,4674,0,755
259,4551,0,760
259,4652,0,753
259,4666,0,762
259,4671,0,763
259,4655,0,759
259,4659,0,754
259,4669,0,750
259,4658,0,761
259,4657,0,758
259,4660,2,605
259,4650,4,606
259,4660,3,607
259,4650,5,601
259,4670,2,604
259,4670,3,602
259,4660,5,603
259,4940,0,711
259,3030,1,112
259,3030,1,100
259,3200,0,108
259,3200,0,111
259,3790,0,305
259,4350,1,308
259,4340,1,314
260,3030,1,128
260,3000,1,112
260,3800,0,104
260,3810,0,101
260,3220,0,113
260,3210,2,111
260,3210,2,109
260,3400,3,117
260,3430,0,108
260,3400,3,100
260,4341,0,362
260,4100,0,301
260,4100,0,308
260,4100,0,307
260,4000,6,314
260,4340,0,310
260,4300,1,313
260,4682,0,757
260,4656,0,756
260,4943,0,190
260,4667,0,761
260,4664,0,763
260,4666,0,755
260,4671,0,762
260,4677,0,750
260,4665,0,760
260,4552,0,566
260,4552,0,567
260,4552,0,563
260,4552,0,573
260,4552,0,568
260,4552,0,569
260,4552,0,562
260,4552,0,564
260,4660,3,607
260,4670,1,605
260,4660,5,602
260,4650,2,606
260,3000,1,116
260,3800,0,110
260,4300,1,305
260,4340,0,300
261,3030,0,126
261,3030,1,104
261,3810,1,110
261,3810,0,100
261,3200,0,112
261,3210,1,116
261,3200,0,113
261,3410,3,114
261,3400,0,117
261,3410,3,101
261,4302,0,358
261,4100,0,305
261,4100,0,301
261,4100,0,312
261,4000,2,314
261,4300,1,313
261,4300,0,300
261,4688,0,757
261,4664,0,756
261,4942,0,190
261,4658,0,755
261,4666,0,761
261,4653,0,762
261,4669,0,763
261,4657,0,750
261,4665,0,760
261,4650,5,606
261,4660,4,607
261,4660,5,605
261,4670,1,602
261,3410,3,109
261,3400,0,111
261,3790,0,310
261,4000,9,307
262,3800,0,127
262,3000,0,108
262,3030,0,114
262,3800,1,109
262,3200,1,117
262,3210,1,104
262,3200,1,101
262,3400,1,110
262,3400,0,113
262,3400,0,100
262,4301,1,360
262,4100,0,314
262,4100,0,305
262,4100,0,300
262,4000,6,313
262,4350,1,312
262,4340,1,301
262,4695,0,757
262,4666,0,756
262,4943,0,190
262,4667,0,762
262,4654,0,755
262,4663,0,761
262,4657,0,760
262,4659,0,763
262,4551,0,750
262,4555,0,588
262,4555,0,582
262,4555,0,590
262,4555,0,580
262,4555,0,587
262,4555,0,593
262,4555,0,583
262,4555,0,589
262,4650,5,602
262,4660,4,605
262,4660,2,607
262,4670,1,606
262,3200,1,116
262,3400,0,111
262,4500,0,308
262,4350,1,307
263,3810,0,128
263,3030,1,110
263,3000,0,113
263,3800,1,112
263,3200,1,101
263,3220,1,109
263,3200,1,104
263,3410,0,116
263,3400,1,117
263,3400,1,100
263,4301,0,362
263,4100,0,301
263,4100,0,307
263,4100,0,313
263,4000,4,300
263,4300,1,305
263,4300,0,314
263,4686,0,757
263,4674,0,756
263,4941,0,190
263,4668,0,750
263,4666,0,761
263,4654,0,762
263,4551,0,763
263,4672,0,755
263,4659,0,760
263,4650,5,605
263,4660,5,607
263,4670,1,602
263,4660,6,606
263,4940,0,712
263,3030,1,111
263,3800,1,108
263,3790,0,308
263,4500,0,310
264,3030,1,129
264,3000,1,112
264,3810,0,117
264,3800,1,116
264,3200,1,108
264,3210,2,114
264,3210,2,101
264,3410,2,104
264,3410,4,113
264,3410,4,110
264,4501,0,364
264,4100,0,313
264,4100,0,307
264,4100,0,308
264,4000,7,301
264,4340,0,310
264,4300,1,300
264,4691,0,757
264,4668,0,756
264,4942,0,190
264,4663,0,755
264,4653,0,760
264,4654,0,763
264,4551,0,762
264,4669,0,750
264,4672,0,761
264,4680,1,606
264,4660,3,605
264,4650,4,607
264,4670,2,602
264,4940,0,716
264,3410,2,100
264,3410,4,109
264,4340,0,312
264,4300,1,305
265,3810,1,123
265,3030,0,109
265,3030,1,104
265,3800,1,103
265,3200,0,116
265,3210,1,117
265,3410,1,114
265,3410,4,113
265,3410,4,100
265,4401,0,352
265,4100,0,308
265,4100,0,313
265,4100,0,301
265,4000,6,300
265,4340,1,314
265,4340,0,307
265,4687,0,757
265,4654,0,756
265,4942,0,190
265,4653,0,750
265,4674,0,763
265,4663,0,753
265,4671,0,762
265,4551,0,754
265,4659,0,755
265,4650,4,607
265,4670,1,602
265,4660,3,605
265,4660,4,601
265,3030,0,101
265,3800,1,108
265,4500,0,312
265,4000,8,305
266,3000,0,122
266,3030,0,120
266,3800,1,113
266,3800,0,117
266,3200,1,103
266,3210,2,101
266,3420,0,108
266,3410,0,116
266,3420,0,104
266,4341,1,351
266,4100,0,312
266,4100,0,300
266,4100,0,308
266,4000,6,314
266,4340,0,307
266,4300,0,302
266,4691,0,757
266,4664,0,756
266,4942,0,190
266,4652,0,753
266,4658,0,763
266,4667,0,755
266,4659,0,754
266,4669,0,750
266,4651,0,762
266,4552,0,564
266,4552,0,561
266,4552,0,570
266,4552,0,560
266,4552,0,568
266,4552,0,574
266,4552,0,562
266,4552,0,563
266,4680,2,607
266,4650,4,601
266,4660,4,605
266,4670,3,602
266,3800,1,114
266,3210,2,109
266,3790,0,313
266,4300,0,305
267,2140,0,116
267,3030,0,123
267,3000,0,108
267,3800,1,114
267,3800,0,100
267,3210,0,109
267,3200,0,103
267,3410,0,117
267,3410,2,104
267,3410,2,113
267,4101,0,352
267,4100,0,308
267,4100,0,312
267,4100,0,305
267,4000,0,301
267,4300,1,314
267,4350,1,300
267,4686,0,757
267,4668,0,756
267,4941,0,190
267,4652,0,750
267,4663,0,763
267,4656,0,754
267,4671,0,753
267,4677,0,762
267,4659,0,755
267,4650,3,602
267,4660,2,605
267,4670,1,607
267,4660,5,601
267,3000,0,101
267,4000,7,307
267,4300,1,313
268,3810,0,129
268,3030,0,117
268,3030,1,116
268,3800,1,100
268,3200,0,108
268,3210,0,120
268,3400,0,113
268,3420,0,109
268,3400,0,104
268,4101,0,364
268,4100,0,308
268,4100,0,301
268,4100,0,312
268,4000,4,307
268,4300,1,305
268,4340,1,313
268,4682,0,757
268,4656,0,756
268,4941,0,190
268,4653,0,754
268,4666,0,763
268,4668,0,755
268,4662,0,762
268,4665,0,750
268,4551,0,753
268,4650,3,602
268,4670,2,607
268,4660,5,601
268,4660,4,605
268,3030,0,101
268,3800,1,114
268,3400,0,103
268,3790,0,302
268,4500,0,300
269,3000,0,123
269,3000,1,100
269,3800,1,108
269,3800,0,101
269,3200,1,104
269,3220,1,116
269,3400,0,117
269,3400,3,109
269,3400,3,103
269,4301,1,352
269,4100,0,312
269,4100,0,301
269,4100,0,305
269,4000,3,300
269,4300,0,313
269,4300,1,307
269,4681,0,757
269,4656,0,756
269,4943,0,190
269,4666,0,750
269,4654,0,762
269,4668,0,753
269,4669,0,754
269,4659,0,763
269,4671,0,755
269,4680,0,607
269,4650,3,605
269,4660,2,602
269,4670,1,601
269,4940,0,712
269,3800,1,114
269,3200,1,113
269,3790,0,314
269,4000,0,308
270,3810,0,124
270,3030,0,106
270,3030,1,112
270,3810,1,116
270,3200,1,117
270,3200,0,100
270,3200,1,103
270,3400,0,111
270,3430,0,107
270,3430,0,101
270,4302,0,356
270,4100,0,314
270,4100,0,305
270,4100,0,301
270,4000,8,310
270,4350,1,302
270,4682,0,757
270,4652,0,756
270,4941,0,190
270,4664,0,317
270,4667,0,320
270,4652,0,322
270,4656,0,309
270,4653,0,319
270,4666,0,315
270,4663,0,758
270,4674,0,761
270,4665,0,759
270,4657,0,753
270,4655,0,760
270,4671,0,755
270,4672,0,754
270,4659,0,750
270,4680,2,603
270,4670,4,604
270,4650,5,607
270,4670,1,602
270,4660,3,601
270,4660,4,606
270,4130,0,321
270,4330,0,316
270,4330,1,318
270,3810,0,110
270,3200,0,104
270,3790,0,313
270,4500,0,300
271,3800,1,122
271,3030,0,106
271,3000,1,110
271,3810,0,107
271,3210,1,101
271,3210,0,117
271,3210,1,103
271,3410,3,112
271,3430,0,116
271,3410,3,120
271,4401,0,351
271,4100,0,302
271,4100,0,300
271,4100,0,313
271,4000,9,314
271,4340,0,305
271,4682,0,757
271,4652,0,756
271,4941,0,190
271,4663,0,315
271,4656,0,318
271,4666,0,316
271,4667,0,322
271,4674,0,309
271,4653,0,319
271,4666,0,750
271,4654,0,759
271,4551,0,760
271,4671,0,758
271,4657,0,755
271,4665,0,753
271,4655,0,754
271,4659,0,761
271,4680,2,603
271,4670,4,601
271,4650,5,604
271,4660,3,607
271,4660,2,606
271,4670,3,602
271,4130,0,321
271,4330,0,320
271,4330,1,317
271,3030,0,104
271,3410,3,111
271,4500,0,310
271,4000,4,306
272,3810,1,127
272,3030,1,116
272,3000,0,101
272,3810,0,107
272,3220,1,104
272,3210,2,106
272,3220,1,117
272,3420,0,120
272,3430,0,110
272,3430,0,100
272,4302,0,360
272,4100,0,301
272,4100,0,314
272,4100,0,306
272,4000,3,305
272,4340,1,302
272,4686,0,757
272,4653,0,756
272,4942,0,190
272,4666,0,322
272,4668,0,319
272,4667,0,317
272,4664,0,318
272,4663,0,315
272,4654,0,309
272,4657,0,760
272,4674,0,754
272,4658,0,750
272,4659,0,761
272,4551,0,753
272,4677,0,758
272,4672,0,755
272,4662,0,759
272,4555,0,588
272,4555,0,592
272,4555,0,583
272,4555,0,591
272,4555,0,587
272,4555,0,585
272,4555,0,584
272,4555,0,582
272,4650,4,602
272,4650,2,601
272,4670,1,606
272,4660,5,604
272,4670,4,607
272,4660,6,603
272,4130,0,321
272,4330,1,320
272,4330,0,316
272,3220,1,103
272,3420,0,111
272,4500,0,313
272,4000,4,300
273,2090,0,111
273,3800,1,124
273,3000,1,100
273,3030,0,103
273,3810,1,117
273,3200,0,116
273,3210,0,106
273,3210,0,112
273,3410,3,101
273,3400,0,107
273,3410,3,110
273,4301,1,356
273,4100,0,310
273,4100,0,313
273,4100,0,302
273,4000,3,314
273,4340,1,301
273,4687,0,757
273,4654,0,756
273,4941,0,190
273,4664,0,320
273,4668,0,315
273,4666,0,316
273,4674,0,319
273,4667,0,322
273,4653,0,317
273,4653,0,753
273,4667,0,759
273,4671,0,760
273,4662,0,755
273,4651,0,758
273,4665,0,750
273,4669,0,761
273,4659,0,754
273,4660,4,606
273,4660,3,607
273,4650,3,604
273,4650,4,601
273,4670,2,602
273,4670,4,603
273,4130,0,321
273,4330,1,309
273,4330,0,318
273,4940,0,710
273,3800,1,104
273,4500,0,300
273,4000,9,305
274,3810,0,123
274,3030,0,104
274,3030,1,101
274,3800,0,116
274,3220,0,110
274,3210,2,103
274,3210,2,107
274,3410,4,100
274,3420,0,112
274,3420,0,106
274,4302,0,352
274,4100,0,310
274,4100,0,306
274,4100,0,300
274,4000,5,313
274,4340,1,305
274,4688,0,757
274,4663,0,756
274,4942,0,190
274,4656,0,317
274,4653,0,322
274,4654,0,320
274,4667,0,318
274,4663,0,309
274,4652,0,319
274,4674,0,760
274,4666,0,753
274,4665,0,761
274,4671,0,758
274,4651,0,750
274,4672,0,754
274,4669,0,755
274,4655,0,759
274,4670,1,601
274,4660,4,604
274,4670,2,602
274,4650,4,607
274,4660,6,606
274,4650,2,603
274,4130,0,321
274,4330,0,316
274,4330,1,315
274,3210,2,117
274,3420,0,111
274,4350,1,314
274,4350,1,301
275,3000,0,128
275,3000,1,106
275,3810,1,112
275,3810,0,109
275,3210,0,103
275,3210,2,111
275,3200,1,108
275,3400,0,107
275,3420,0,117
275,3400,2,116
275,4101,0,362
275,4100,0,308
275,4100,0,307
275,4100,0,306
275,4000,2,302
275,4350,1,313
275,4663,0,761
275,4654,0,763
275,4666,0,754
275,4659,0,760
275,4657,0,758
275,4651,0,762
275,4665,0,753
275,4677,0,759
275,4552,0,576
275,4552,0,567
275,4552,0,565
275,4552,0,569
275,4552,0,568
275,4552,0,561
275,4552,0,577
275,4552,0,570
275,4670,4,606
275,4660,2,604
275,4670,1,607
275,4650,5,601
275,4650,3,605
275,4660,5,603
275,3810,0,120
275,3210,0,113
275,3210,2,110
275,4300,1,310
275,4300,1,314
276,3030,0,123
276,3030,1,113
276,3800,1,116
276,3810,0,106
276,3220,1,103
276,3210,0,111
276,3200,0,108
276,3400,0,110
276,3400,1,112
276,3410,3,107
276,4401,0,352
276,4100,0,306
276,4100,0,312
276,4100,0,310
276,4000,1,314
276,4300,0,307
276,4663,0,754
276,4658,0,759
276,4654,0,763
276,4651,0,753
276,4655,0,762
276,4662,0,760
276,4671,0,758
276,4672,0,761
276,4660,6,606
276,4650,3,605
276,4660,5,601
276,4670,0,604
276,4670,1,607
276,4650,4,603
276,4940,0,717
276,3030,0,117
276,3800,1,109
276,3400,1,114
276,4350,1,308
276,4300,0,313
277,3810,1,126
277,3000,1,103
277,3030,1,109
277,3800,1,117
277,3220,1,110
277,3210,2,106
277,3210,1,116
277,3400,3,107
277,3420,0,112
277,3410,2,114
277,4101,0,358
277,4100,0,312
277,4100,0,307
277,4100,0,302
277,4000,0,310
277,4300,0,313
277,4666,0,753
277,4656,0,760
277,4674,0,762
277,4657,0,761
277,4671,0,754
277,4551,0,763
277,4665,0,759
277,4669,0,758
277,4660,5,607
277,4660,4,604
277,4670,4,605
277,4650,5,606
277,4670,0,601
277,4650,3,603
277,3030,1,111
277,3210,2,120
277,3220,1,113
277,3790,0,306
277,4500,0,314
278,2140,0,116
278,3030,1,128
278,3000,0,106
278,3810,0,110
278,3810,1,113
278,3220,0,111
278,3210,0,107
278,3200,0,103
278,3420,0,117
278,3400,0,108
278,3410,2,120
278,4341,0,362
278,4100,0,313
278,4100,0,302
278,4100,0,307
278,4000,1,308
278,4340,1,310
278,4668,0,759
278,4654,0,763
278,4666,0,754
278,4662,0,758
278,4672,0,761
278,4551,0,753
278,4677,0,762
278,4657,0,760
278,4680,1,607
278,4650,2,605
278,4660,4,603
278,4670,1,601
278,4670,0,606
278,4660,6,604
278,3000,0,109
278,3810,1,112
278,4500,0,306
278,4000,3,314
279,3800,1,127
279,3030,1,114
279,3030,0,108
279,3810,1,113
279,3210,2,106
279,3200,0,120
279,3220,1,116
279,3430,0,117
279,3410,4,109
279,3400,0,103
279,4341,0,360
279,4100,0,314
279,4100,0,306
279,4100,0,307
279,4000,8,302
279,4300,1,312
279,4674,0,763
279,4652,0,754
279,4668,0,760
279,4677,0,761
279,4671,0,762
279,4651,0,758
279,4665,0,753
279,4551,0,759
279,4680,0,603
279,4660,5,606
279,4660,2,607
279,4670,1,601
279,4670,4,604
279,4650,2,605
279,3400,0,107
279,3400,0,111
279,3430,0,110
279,3790,0,308
279,4340,1,313
280,3030,1,126
280,3000,0,111
280,3800,1,103
280,3810,0,112
280,3200,1,116
280,3220,0,106
280,3220,1,120
280,3400,3,101
280,3410,3,114
280,3400,1,107
280,3400,3,104
280,4341,0,358
280,4100,0,313
280,4100,0,310
280,4100,0,305
280,4500,0,312
280,4000,2,306
280,4300,1,302
280,4300,0,307
280,4681,0,757
280,4653,0,756
280,4941,0,190
280,4664,0,755
280,4668,0,763
280,4667,0,760
280,4654,0,758
280,4665,0,761
280,4651,0,750
280,4659,0,754
280,4677,0,762
280,4655,0,759
280,4669,0,753
280,4660,3,607
280,4660,4,606
280,4660,5,604
280,4670,3,605
280,4670,4,601
280,4650,3,602
280,4650,5,603
280,3030,1,109
280,3030,1,113
280,3810,0,100
280,3400,3,117
280,3400,1,110
280,3790,0,300
280,4500,0,301
280,4000,9,314
281,3000,0,124
281,3000,1,103
281,3800,1,107
281,3810,0,111
281,3220,0,112
281,3220,1,108
281,3210,0,110
281,3430,0,104
281,3410,0,114
281,3410,4,101
281,3410,4,106
281,4341,1,356
281,4100,0,313
281,4100,0,300
281,4100,0,308
281,4500,0,314
281,4000,0,310
281,4350,1,302
281,4340,1,307
281,4686,0,757
281,4663,0,756
281,4942,0,190
281,4654,0,750
281,4656,0,754
281,4664,0,759
281,4652,0,762
281,4657,0,755
281,4677,0,761
281,4669,0,763
281,4659,0,753
281,4672,0,758
281,4671,0,760
281,4660,5,603
281,4650,5,601
281,4660,6,605
281,4660,4,607
281,4670,3,604
281,4650,3,602
281,4670,4,606
281,3000,1,109
281,3000,0,117
281,3810,0,100
281,3410,4,113
281,3410,0,116
281,4500,0,305
281,4000,2,312
281,4000,5,301
282,3800,0,128
282,3030,0,107
282,3000,1,101
282,3810,0,108
282,3220,0,106
282,3200,0,110
282,3200,1,112
282,3400,3,109
282,3410,2,111
282,3410,0,113
282,3410,0,120
282,4302,0,362
282,4100,0,302
282,4100,0,300
282,4100,0,308
282,4500,0,313
282,4000,4,306
282,4340,1,305
282,4350,1,310
282,4687,0,757
282,4666,0,756
282,4941,0,190
282,4668,0,763
282,4667,0,759
282,4664,0,750
282,4663,0,753
282,4669,0,755
282,4672,0,761
282,4662,0,758
282,4657,0,762
282,4651,0,754
282,4659,0,760
282,4660,2,602
282,4670,4,605
282,4670,2,604
282,4660,3,601
282,4650,4,606
282,4650,2,607
282,4660,5,603
282,3000,1,103
282,3810,0,100
282,3200,0,116
282,3200,1,104
282,3200,0,117
282,4500,0,301
282,4000,3,307
282,4350,1,314
283,3800,1,127
283,3030,1,106
283,3000,0,109
283,3810,0,108
283,3210,2,113
283,3220,1,111
283,3210,1,107
283,3410,4,103
283,3400,1,116
283,3400,0,101
283,3400,0,110
283,4301,0,360
283,4100,0,302
283,4100,0,300
283,4100,0,312
283,4500,0,306
283,4000,8,314
283,4350,1,305
283,4340,0,313
283,4682,0,757
283,4652,0,756
283,4942,0,190
283,4653,0,750
283,4663,0,760
283,4664,0,754
283,4654,0,759
283,4669,0,762
283,4671,0,761
283,4677,0,755
283,4659,0,753
283,4551,0,758
283,4662,0,763
283,4650,3,602
283,4660,6,604
283,4670,3,601
283,4660,3,606
283,4660,2,607
283,4670,2,605
283,4650,4,603
283,3030,1,100
283,3000,0,117
283,3800,1,114
283,3400,0,104
283,3400,0,120
283,3790,0,307
283,4500,0,301
283,4350,1,308
284,3800,1,121
284,3030,0,114
284,3000,0,113
284,3810,0,106
284,3210,0,109
284,3210,1,107
284,3220,0,104
284,3410,4,111
284,3410,3,120
284,3410,2,100
284,3410,2,108
284,4501,0,350
284,4100,0,310
284,4100,0,314
284,4100,0,307
284,4500,0,306
284,4000,7,302
284,4300,0,301
284,4300,1,312
284,4691,0,757
284,4666,0,756
284,4942,0,190
284,4654,0,762
284,4664,0,755
284,4663,0,760
284,4652,0,759
284,4662,0,750
284,4651,0,763
284,4655,0,754
284,4669,0,761
284,4551,0,758
284,4677,0,753
284,4680,2,603
284,4670,4,606
284,4660,5,602
284,4660,6,604
284,4670,3,607
284,4650,4,601
284,4650,2,605
284,3030,0,112
284,3810,0,116
284,3410,3,110
284,3410,2,103
284,3410,2,117
284,4500,0,308
284,4000,0,313
284,4000,4,305
285,3030,1,126
285,3000,1,113
285,3800,1,110
285,3810,0,112
285,3200,1,117
285,3220,0,120
285,3200,0,100
285,3410,3,116
285,3400,1,104
285,3410,1,106
285,3410,3,101
285,4302,0,358
285,4100,0,314
285,4100,0,300
285,4100,0,302
285,4500,0,301
285,4000,3,305
285,4300,1,310
285,4300,0,312
285,4691,0,757
285,4654,0,756
285,4941,0,190
285,4653,0,750
285,4664,0,762
285,4666,0,753
285,4656,0,761
285,4669,0,759
285,4672,0,763
285,4651,0,754
285,4677,0,760
285,4657,0,755
285,4662,0,758
285,4553,0,528
285,4553,0,527
285,4553,0,525
285,4553,0,522
285,4553,0,530
285,4553,0,520
285,4553,0,529
285,4553,0,523
285,4660,3,603
285,4660,5,607
285,4660,4,605
285,4670,1,601
285,4650,3,602
285,4670,0,604
285,4650,5,606
285,3000,1,111
285,3200,1,109
285,3200,0,107
285,3410,1,103
285,3400,1,114
285,4000,1,306
285,4000,8,313
285,4300,0,307
286,3800,1,128
286,3030,1,103
286,3030,0,117
286,3800,0,110
286,3200,1,116
286,3220,0,107
286,3220,1,100
286,3410,3,108
286,3410,0,101
286,3400,0,111
286,3400,0,106
286,4341,0,362
286,4100,0,313
286,4100,0,307
286,4100,0,310
286,4500,0,308
286,4000,6,300
286,4350,1,306
286,4340,0,301
286,4695,0,757
286,4652,0,756
286,4942,0,190
286,4666,0,760
286,4658,0,759
286,4664,0,750
286,4653,0,754
286,4655,0,753
286,4551,0,762
286,4677,0,761
286,4665,0,758
286,4662,0,755
286,4659,0,763
286,4660,5,605
286,4650,4,603
286,4670,4,601
286,4660,6,607
286,4670,0,606
286,4650,2,602
286,4660,3,604
286,4940,0,711
286,3030,0,113
286,3030,1,104
286,3800,0,112
286,3220,0,120
286,3410,3,109
286,3790,0,314
286,4350,1,305
286,4350,1,302
287,3030,1,126
287,3000,0,117
287,3810,1,107
287,3800,0,113
287,3220,0,111
287,3200,1,100
287,3210,0,106
287,3420,0,120
287,3410,4,104
287,3410,2,110
287,3420,0,116
287,4101,0,358
287,4100,0,314
287,4100,0,300
287,4100,0,310
287,4500,0,313
287,4000,7,307
287,4340,0,312
287,4300,1,301
287,4691,0,757
287,4653,0,756
287,4942,0,190
287,4674,0,761
287,4666,0,758
287,4664,0,753
287,4663,0,762
287,4662,0,763
287,4655,0,755
287,4672,0,759
287,4657,0,760
287,4551,0,754
287,4677,0,750
287,4678,0,547
287,4678,0,544
287,4678,0,541
287,4678,0,548
287,4678,0,543
287,4678,0,550
287,4678,0,549
287,4678,0,542
287,4670,1,601
287,4670,3,607
287,4660,6,606
287,4650,2,604
287,4660,3,605
287,4660,2,602
287,4650,3,603
287,4940,0,712
287,3220,0,109
287,3220,0,103
287,3220,0,112
287,3420,0,101
287,3410,2,114
287,4340,0,305
287,4300,1,306
287,4300,1,302
288,3000,1,123
288,3000,0,103
288,3800,1,114
288,3800,0,101
288,3220,0,109
288,3210,2,100
288,3200,0,108
288,3400,1,110
288,3400,2,113
288,3430,0,106
288,3430,0,116
288,4101,0,352
288,4100,0,308
288,4100,0,300
288,4100,0,310
288,4500,0,301
288,4000,7,307
288,4340,0,314
288,4340,1,306
288,4681,0,757
288,4663,0,756
288,4942,0,190
288,4654,0,755
288,4656,0,753
288,4658,0,758
288,4666,0,763
288,4671,0,760
288,4669,0,762
288,4657,0,759
288,4672,0,754
288,4662,0,750
288,4659,0,761
288,4678,0,547
288,4678,0,540
288,4678,0,549
288,4678,0,546
288,4678,0,541
288,4678,0,548
288,4678,0,544
288,4678,0,550
288,4660,4,601
288,4670,2,606
288,4650,2,605
288,4660,6,607
288,4660,2,604
288,4670,1,602
288,4650,5,603
288,4940,0,715
288,3000,0,111
288,3000,1,104
288,3430,0,112
288,3430,0,107
288,3430,0,117
288,4500,0,312
288,4000,6,313
288,4000,4,305
289,3030,1,121
289,3000,0,117
289,3810,1,112
289,3800,1,110
289,3220,0,104
289,3200,1,116
289,3210,1,106
289,3400,1,107
289,3400,0,100
289,3400,3,114
289,3400,0,113
289,4401,0,350
289,4100,0,313
289,4100,0,301
289,4100,0,306
289,4500,0,310
289,4000,3,314
289,4350,1,302
289,4300,0,307
289,4681,0,757
289,4666,0,756
289,4942,0,190
289,4654,0,755
289,4674,0,761
289,4668,0,762
289,4658,0,758
289,4651,0,754
289,4677,0,750
289,4671,0,760
289,4672,0,763
289,4669,0,759
289,4662,0,753
289,4680,0,601
289,4670,1,604
289,4660,2,606
289,4650,2,607
289,4660,6,602
289,4670,3,605
289,4650,4,603
289,4940,0,718
289,3800,1,120
289,3400,1,103
289,3400,3,108
289,3400,1,109
289,3400,0,111
289,3790,0,312
289,4000,7,305
289,4350,1,308
290,3800,1,125
290,3030,1,100
290,3000,1,111
290,3810,0,106
290,3200,1,114
290,3220,1,103
290,3210,1,101
290,3420,0,113
290,3410,1,116
290,3410,3,112
290,3410,1,107
290,4341,0,357
290,4100,0,308
290,4100,0,310
290,4100,0,312
290,4500,0,305
290,4000,9,314
290,4300,1,302
290,4340,0,313
290,4682,0,757
290,4656,0,756
290,4941,0,190
290,4664,0,759
290,4658,0,750
290,4668,0,753
290,4654,0,760
290,4672,0,754
290,4551,0,755
290,4657,0,763
290,4659,0,761
290,4677,0,762
290,4655,0,758
290,4650,5,606
290,4670,1,605
290,4660,4,601
290,4670,3,602
290,4660,3,607
290,4650,2,604
290,4660,2,603
290,3030,1,120
290,3210,1,117
290,3210,1,104
290,3220,1,110
290,3410,3,109
290,3790,0,306
290,4300,1,300
290,4340,0,301
291,3000,0,121
291,3030,0,111
291,3810,1,104
291,3800,0,109
291,3220,1,112
291,3210,0,113
291,3200,0,120
291,3400,3,114
291,3430,0,117
291,3410,4,107
291,3430,0,103
291,4301,1,350
291,4100,0,305
291,4100,0,301
291,4100,0,308
291,4500,0,307
291,4000,5,302
291,4340,1,313
291,4300,1,310
291,4691,0,757
291,4668,0,756
291,4943,0,190
291,4667,0,753
291,4653,0,759
291,4674,0,755
291,4656,0,763
291,4651,0,762
291,4671,0,750
291,4672,0,760
291,4677,0,758
291,4657,0,754
291,4669,0,761
291,4680,0,603
291,4660,5,607
291,4650,3,602
291,4670,2,604
291,4660,2,605
291,4670,0,606
291,4650,5,601
291,3030,0,100
291,3430,0,108
291,3430,0,116
291,3430,0,106
291,3400,3,110
291,3790,0,314
291,4500,0,306
291,4340,1,312
292,3030,0,127
292,3000,0,114
292,3810,1,108
292,3800,1,110
292,3210,0,101
292,3220,0,109
292,3200,1,106
292,3410,0,104
292,3410,4,117
292,3410,1,107
292,3410,0,113
292,4501,0,360
292,4100,0,305
292,4100,0,306
292,4100,0,313
292,4500,0,301
292,4000,3,312
292,4340,1,300
292,4300,0,307
292,4695,0,757
292,4668,0,756
292,4941,0,190
292,4666,0,754
292,4667,0,750
292,4663,0,759
292,4658,0,762
292,4662,0,758
292,4665,0,763
292,4655,0,755
292,4651,0,760
292,4671,0,753
292,4659,0,761
292,4552,0,567
292,4552,0,565
292,4552,0,568
292,4552,0,570
292,4552,0,563
292,4552,0,562
292,4552,0,569
292,4552,0,561
292,4680,2,601
292,4650,5,607
292,4650,3,604
292,4670,2,602
292,4660,6,606
292,4670,3,605
292,4660,3,603
292,4940,0,711
292,3030,0,103
292,3000,0,100
292,3800,1,120
292,3220,0,111
292,3200,1,116
292,4000,5,302
292,4300,0,308
292,4300,0,314
293,3030,0,123
293,3000,1,112
293,3800,0,107
293,3810,0,117
293,3200,0,104
293,3210,2,101
293,3210,0,110
293,3410,2,113
293,3400,0,116
293,3410,1,106
293,3410,1,108
293,4301,1,352
293,4100,0,313
293,4100,0,308
293,4100,0,310
293,4500,0,307
293,4000,6,305
293,4340,0,301
293,4300,1,306
293,4687,0,757
293,4652,0,756
293,4942,0,190
293,4668,0,755
293,4658,0,758
293,4664,0,760
293,4666,0,753
293,4551,0,754
293,4665,0,759
293,4671,0,762
293,4677,0,750
293,4657,0,761
293,4669,0,763
293,4552,0,568
293,4552,0,563
293,4552,0,566
293,4552,0,565
293,4552,0,569
293,4552,0,567
293,4552,0,560
293,4552,0,570
293,4660,4,601
293,4670,4,605
293,4660,3,603
293,4650,2,607
293,4660,5,606
293,4670,3,604
293,4650,5,602
293,3030,0,100
293,3210,0,114
293,3210,2,103
293,3410,1,111
293,3410,1,109
293,4500,0,300
293,4000,9,312
293,4340,0,314
294,3030,0,129
294,3000,0,120
294,3800,1,116
294,3810,0,104
294,3200,1,117
294,3210,1,101
294,3200,0,113
294,3400,1,100
294,3410,4,106
294,3430,0,109
294,3400,1,112
294,4101,0,364
294,4100,0,302
294,4100,0,312
294,4100,0,307
294,4500,0,305
294,4000,9,301
294,4340,1,313
294,4300,0,300
294,4686,0,757
294,4667,0,756
294,4941,0,190
294,4656,0,753
294,4653,0,758
294,4674,0,763
294,4652,0,750
294,4677,0,761
294,4669,0,762
294,4662,0,755
294,4665,0,754
294,4551,0,760
294,4671,0,759
294,4670,4,607
294,4670,0,604
294,4660,4,606
294,4650,3,601
294,4650,4,605
294,4660,6,602
294,4660,2,603
294,3200,0,114
294,3410,4,107
294,3400,1,108
294,3430,0,103
294,3400,1,110
294,3790,0,310
294,4000,0,306
294,4300,0,308
295,3000,0,122
295,3030,1,116
295,3800,1,106
295,3800,0,114
295,3210,2,111
295,3210,0,103
295,3200,0,104
295,3400,2,110
295,3430,0,107
295,3400,3,101
295,3400,2,112
295,4401,0,351
295,4100,0,305
295,4100,0,308
295,4100,0,302
295,4500,0,314
295,4000,9,312
295,4340,0,306
295,4300,0,307
295,4682,0,757
295,4663,0,756
295,4942,0,190
295,4656,0,763
295,4653,0,754
295,4667,0,755
295,4668,0,761
295,4671,0,758
295,4669,0,753
295,4662,0,762
295,4677,0,760
295,4655,0,750
295,4659,0,759
295,4555,0,580
295,4555,0,588
295,4555,0,589
295,4555,0,581
295,4555,0,582
295,4555,0,587
295,4555,0,586
295,4555,0,583
295,4660,3,605
295,4670,4,602
295,4650,5,601
295,4660,5,606
295,4670,0,604
295,4660,4,607
295,4650,4,603
295,3800,1,120
295,3430,0,113
295,3430,0,108
295,3400,2,109
295,3400,2,117
295,4500,0,310
295,4340,0,313
295,4300,0,300
296,3000,0,127
296,3030,1,111
296,3810,1,103
296,3800,1,101
296,3220,0,113
296,3220,1,100
296,3200,1,106
296,3410,3,104
296,3410,2,109
296,3410,0,107
296,3410,0,117
296,4401,0,360
296,4100,0,312
296,4100,0,306
296,4100,0,305
296,4500,0,301
296,4000,8,313
296,4300,0,314
296,4300,1,307
296,4681,0,757
296,4654,0,756
296,4941,0,190
296,4658,0,759
296,4652,0,750
296,4667,0,760
296,4663,0,753
296,4655,0,762
296,4665,0,758
296,4671,0,761
296,4669,0,755
296,4651,0,763
296,4659,0,754
296,4553,0,528
296,4553,0,520
296,4553,0,522
296,4553,0,521
296,4553,0,527
296,4553,0,529
296,4553,0,526
296,4553,0,524
296,4650,2,603
296,4670,1,601
296,4650,5,607
296,4660,2,605
296,4670,2,606
296,4660,6,602
296,4660,5,604
296,4940,0,712
296,3030,1,120
296,3000,0,108
296,3810,1,116
296,3220,0,114
296,3200,1,110
296,3790,0,302
296,4500,0,308
296,4300,1,300
297,3030,0,122
297,3000,0,120
297,3800,1,103
297,3810,0,110
297,3210,2,106
297,3200,1,114
297,3220,1,108
297,3400,3,116
297,3430,0,104
297,3410,0,112
297,3400,3,107
297,4301,1,351
297,4100,0,313
297,4100,0,310
297,4100,0,302
297,4500,0,300
297,4000,3,307
297,4340,0,306
297,4300,0,312
297,4687,0,757
297,4652,0,756
297,4941,0,190
297,4667,0,758
297,4658,0,763
297,4653,0,760
297,4664,0,755
297,4551,0,753
297,4665,0,762
297,4657,0,761
297,4669,0,750
297,4659,0,759
297,4672,0,754
297,4660,5,603
297,4670,2,605
297,4670,1,601
297,4660,3,607
297,4650,2,602
297,4650,5,606
297,4660,6,604
297,4940,0,710
297,3220,1,117
297,3410,0,101
297,3400,3,113
297,3410,0,111
297,3410,0,109
297,4500,0,305
297,4000,9,314
297,4000,6,308
298,3810,1,124
298,3000,1,107
298,3000,0,114
298,3800,0,117
298,3200,0,116
298,3200,1,112
298,3210,1,104
298,3410,1,109
298,3400,1,101
298,3410,3,113
298,3410,3,103
298,4302,0,356
298,4100,0,301
298,4100,0,308
298,4100,0,307
298,4500,0,314
298,4000,5,312
298,4340,1,310
298,4300,0,302
298,4682,0,757
298,4667,0,756
298,4942,0,190
298,4663,0,758
298,4674,0,760
298,4658,0,762
298,4654,0,753
298,4655,0,755
298,4672,0,754
298,4665,0,763
298,4671,0,759
298,4669,0,750
298,4551,0,761
298,4555,0,583
298,4555,0,587
298,4555,0,588
298,4555,0,584
298,4555,0,590
298,4555,0,581
298,4555,0,586
298,4555,0,589
298,4670,4,602
298,4650,2,601
298,4670,0,605
298,4660,2,606
298,4660,3,607
298,4650,4,604
298,4660,6,603
298,3000,0,110
298,3000,1,108
298,3210,1,106
298,3200,0,100
298,3200,0,111
298,3790,0,305
298,4300,0,300
298,4340,1,313
299,3000,0,127
299,3000,1,107
299,3810,1,108
299,3800,0,100
299,3210,2,103
299,3220,0,109
299,3210,0,111
299,3430,0,106
299,3410,0,110
299,3410,2,120
299,3410,0,104
299,4301,1,360
299,4100,0,314
299,4100,0,305
299,4100,0,302
299,4500,0,308
299,4000,0,312
299,4340,0,306
299,4340,1,300
299,4681,0,757
299,4668,0,756
299,4942,0,190
299,4666,0,753
299,4653,0,760
299,4674,0,763
299,4664,0,755
299,4651,0,761
299,4665,0,754
299,4672,0,762
299,4677,0,750
299,4662,0,758
299,4657,0,759
299,4650,2,607
299,4670,0,602
299,4670,4,604
299,4650,4,601
299,4660,5,606
299,4660,4,605
299,4660,2,603
299,3000,0,114
299,3800,0,117
299,3210,0,113
299,3210,2,101
299,3210,0,116
299,4340,0,307
299,4340,1,313
299,4340,1,301
300,3030,0,129
300,3000,0,117
300,3810,0,100
300,3800,1,110
300,3220,1,109
300,3210,1,104
300,3210,1,113
300,3410,4,112
300,3400,2,114
300,3400,2,101
300,4341,0,364
300,4100,0,300
300,4100,0,305
300,4100,0,313
300,4000,2,301
300,4340,0,312
300,4300,1,307
300,4688,0,757
300,4667,0,756
300,4942,0,190
300,4663,0,750
300,4656,0,762
300,4652,0,761
300,4655,0,755
300,4672,0,760
300,4669,0,763
300,4553,0,528
300,4553,0,529
300,4553,0,522
300,4553,0,527
300,4553,0,533
300,4553,0,520
300,4553,0,523
300,4553,0,524
300,4680,1,607
300,4670,2,605
300,4650,5,606
300,4660,4,602
300,4940,0,717
300,3030,0,116
300,3800,1,108
300,4500,0,310
300,4000,3,308
301,3030,1,125
301,3000,0,110
301,3800,1,109
301,3810,1,100
301,3220,1,117
301,3220,0,116
301,3220,1,104
301,3410,1,101
301,3400,1,111
301,3410,1,113
301,4341,0,357
301,4100,0,310
301,4100,0,301
301,4100,0,313
301,4000,9,312
301,4300,0,305
301,4340,1,314
301,4682,0,757
301,4674,0,756
301,4942,0,190
301,4664,0,750
301,4667,0,760
301,4668,0,762
301,4677,0,763
301,4665,0,761
301,4659,0,755
301,4680,1,607
301,4660,5,602
301,4670,0,606
301,4650,4,605
301,3810,1,112
301,3410,1,114
301,4000,7,308
301,4340,1,300
302,3810,0,125
302,3030,0,114
302,3000,1,117
302,3800,0,100
302,3210,1,109
302,3220,1,112
302,3220,1,101
302,3410,3,110
302,3430,0,104
302,3430,0,116
302,4341,0,357
302,4100,0,305
302,4100,0,301
302,4100,0,314
302,4000,9,313
302,4300,0,300
302,4300,1,310
302,4687,0,757
302,4654,0,756
302,4942,0,190
302,4652,0,762
302,4666,0,750
302,4667,0,760
302,4551,0,763
302,4671,0,761
302,4659,0,755
302,4552,0,566
302,4552,0,573
302,4552,0,560
302,4552,0,568
302,4552,0,567
302,4552,0,569
302,4552,0,563
302,4552,0,562
302,4670,3,607
302,4650,4,605
302,4660,4,602
302,4660,5,606
302,3430,0,113
302,3430,0,111
302,4000,2,308
302,4300,1,312
303,3810,0,125
303,3030,1,100
303,3030,0,113
303,3800,1,111
303,3200,1,104
303,3210,0,112
303,3210,0,109
303,3430,0,114
303,3410,0,101
303,3430,0,117
303,4341,0,357
303,4100,0,305
303,4100,0,314
303,4100,0,301
303,4000,5,308
303,4300,0,300
303,4300,1,312
303,4695,0,757
303,4664,0,756
303,4942,0,190
303,4652,0,755
303,4666,0,760
303,4656,0,763
303,4672,0,762
303,4677,0,761
303,4655,0,750
303,4660,2,602
303,4650,3,607
303,4660,3,606
303,4670,1,605
303,3430,0,110
303,3430,0,116
303,4500,0,310
303,4300,1,313
304,3030,1,127
304,3000,0,109
304,3810,1,117
304,3800,1,114
304,3210,2,104
304,3210,0,116
304,3210,0,101
304,3420,0,108
304,3410,1,110
304,3420,0,100
304,4501,0,360
304,4100,0,307
304,4100,0,301
304,4100,0,308
304,4000,3,300
304,4340,1,305
304,4350,1,313
304,4682,0,757
304,4653,0,756
304,4941,0,190
304,4656,0,761
304,4658,0,763
304,4664,0,755
304,4551,0,762
304,4671,0,760
304,4662,0,750
304,4650,4,607
304,4660,2,605
304,4660,5,602
304,4670,1,606
304,3000,0,113
304,3420,0,111
304,4340,1,314
304,4340,1,312
305,3030,1,121
305,3030,0,117
305,3810,0,108
305,3800,0,100
305,3210,0,120
305,3220,0,113
305,3400,0,104
305,3400,1,109
305,3400,0,103
305,4501,0,350
305,4100,0,313
305,4100,0,305
305,4100,0,301
305,4000,3,312
305,4340,1,302
305,4350,1,307
305,4691,0,757
305,4653,0,756
305,4941,0,190
305,4667,0,755
305,4652,0,753
305,4651,0,762
305,4551,0,750
305,4654,0,754
305,4662,0,763
305,4660,3,605
305,4660,5,601
305,4670,3,602
305,4650,3,607
305,4940,0,715
305,3030,1,114
305,3400,1,116
305,3790,0,308
305,4000,9,314
306,3000,1,129
306,3030,0,116
306,3810,0,103
306,3810,1,113
306,3210,0,104
306,3200,0,117
306,3410,4,100
306,3400,2,109
306,3400,2,120
306,4341,1,364
306,4100,0,305
306,4100,0,300
306,4100,0,313
306,4000,0,301
306,4350,1,308
306,4340,1,302
306,4691,0,757
306,4664,0,756
306,4941,0,190
306,4667,0,762
306,4666,0,755
306,4653,0,753
306,4677,0,763
306,4651,0,750
306,4672,0,754
306,4553,0,524
306,4553,0,529
306,4553,0,534
306,4553,0,528
306,4553,0,520
306,4553,0,521
306,4553,0,522
306,4553,0,530
306,4680,2,607
306,4650,4,605
306,4660,6,602
306,4670,2,601
306,4940,0,716
306,3030,0,108
306,3200,0,114
306,3410,4,101
306,4500,0,307
306,4000,4,312
307,3030,0,125
307,3000,1,109
307,3810,1,114
307,3800,0,113
307,3210,1,103
307,3210,0,100
307,3410,4,120
307,3400,0,104
307,3400,0,117
307,4301,1,357
307,4100,0,305
307,4100,0,314
307,4100,0,302
307,4000,3,308
307,4340,1,301
307,4300,0,312
307,4695,0,757
307,4666,0,756
307,4942,0,190
307,4668,0,755
307,4667,0,753
307,4654,0,763
307,4662,0,762
307,4671,0,754
307,4672,0,750
307,4650,2,602
307,4660,5,605
307,4670,4,601
307,4660,3,607
307,3030,0,101
307,3400,0,116
307,4340,1,313
307,4300,0,300
308,3810,0,126
308,3030,0,100
308,3000,1,120
308,3810,1,114
308,3220,1,116
308,3210,1,103
308,3410,3,113
308,3410,1,109
308,3410,3,117
308,4341,0,358
308,4100,0,313
308,4100,0,302
308,4100,0,307
308,4000,9,301
308,4340,1,300
308,4340,0,312
308,4687,0,757
308,4666,0,756
308,4942,0,190
308,4658,0,762
308,4663,0,750
308,4653,0,754
308,4551,0,763
308,4657,0,753
308,4671,0,755
308,4660,3,602
308,4670,3,607
308,4660,4,601
308,4650,2,605
308,3810,0,101
308,3220,1,104
308,4500,0,314
308,4340,0,305
309,3810,1,123
309,3030,1,116
309,3030,0,101
309,3810,0,114
309,3200,0,100
309,3200,1,113
309,3410,2,104
309,3410,1,109
309,3410,2,117
309,4101,0,352
309,4100,0,308
309,4100,0,313
309,4100,0,301
309,4000,8,305
309,4350,1,300
309,4340,1,307
309,4691,0,757
309,4666,0,756
309,4941,0,190
309,4654,0,755
309,4664,0,763
309,4668,0,754
309,4651,0,762
309,4672,0,750
309,4659,0,753
309,4678,0,541
309,4678,0,549
309,4678,0,554
309,4678,0,542
309,4678,0,540
309,4678,0,548
309,4678,0,546
309,4678,0,544
309,4680,0,601
309,4660,3,602
309,4670,4,605
309,4650,4,607
309,4940,0,712
309,3030,0,108
309,3200,0,103
309,3790,0,314
309,4350,1,312
310,3810,1,129
310,3000,1,117
310,3030,0,103
310,3810,0,107
310,3210,2,110
310,3220,1,112
310,3220,1,100
310,3410,4,106
310,3400,3,104
310,3400,3,120
310,4341,1,364
310,4100,0,302
310,4100,0,310
310,4100,0,313
310,4000,3,301
310,4340,0,305
310,4695,0,757
310,4654,0,756
310,4942,0,190
310,4652,0,319
310,4674,0,317
310,4664,0,322
310,4667,0,309
310,4663,0,320
310,4666,0,315
310,4653,0,750
310,4656,0,754
310,4662,0,761
310,4659,0,753
310,4671,0,755
310,4655,0,758
310,4651,0,760
310,4551,0,759
310,4670,2,604
310,4650,4,607
310,4650,2,606
310,4670,3,602
310,4660,3,601
310,4660,6,603
310,4130,0,321
310,4330,0,318
310,4330,1,316
310,3030,0,116
310,3810,1,101
310,4000,5,306
310,4300,0,300
310,4940,0,717
311,3810,1,123
311,3000,0,103
311,3000,1,116
311,3810,0,106
311,3200,1,104
311,3210,2,112
311,3200,1,101
311,3400,1,100
311,3420,0,107
311,3420,0,117
311,4101,0,352
311,4100,0,300
311,4100,0,313
311,4100,0,306
311,4000,9,314
311,4340,1,310
311,4681,0,757
311,4656,0,756
311,4943,0,190
311,4668,0,322
311,4664,0,318
311,4652,0,309
311,4667,0,316
311,4653,0,319
311,4666,0,317
311,4654,0,755
311,4663,0,753
311,4665,0,750
311,4662,0,761
311,4657,0,758
311,4651,0,754
311,4672,0,760
311,4669,0,759
311,4660,6,601
311,4660,2,604
311,4670,3,607
311,4670,0,602
311,4650,3,606
311,4650,5,603
311,4130,0,321
311,4330,1,320
311,4330,0,315
311,3810,0,110
311,3400,1,111
311,4500,0,305
311,4000,8,301
312,3030,0,123
312,3030,1,111
312,3800,0,103
312,3810,1,100
312,3200,0,107
312,3210,0,101
312,3210,0,116
312,3430,0,112
312,3400,3,106
312,3400,3,110
312,4401,0,352
312,4100,0,313
312,4100,0,310
312,4100,0,305
312,4000,4,314
312,4300,1,300
312,4686,0,757
312,4663,0,756
312,4941,0,190
312,4653,0,315
312,4668,0,319
312,4654,0,318
312,4666,0,320
312,4663,0,322
312,4664,0,316
312,4656,0,754
312,4667,0,759
312,4669,0,758
312,4551,0,753
312,4672,0,760
312,4662,0,750
312,4665,0,755
312,4651,0,761
312,4555,0,580
312,4555,0,585
312,4555,0,592
312,4555,0,587
312,4555,0,582
312,4555,0,588
312,4555,0,583
312,4555,0,591
312,4670,0,602
312,4650,5,606
312,4670,1,601
312,4660,2,604
312,4650,4,607
312,4660,6,603
312,4130,0,321
312,4330,1,317
312,4330,0,309
312,3030,1,104
312,3430,0,117
312,4000,0,301
312,4300,0,306
313,3800,1,127
313,3000,0,110
313,3030,0,116
313,3810,0,103
313,3210,2,107
313,3200,1,117
313,3200,1,100
313,3400,3,120
313,3410,3,104
313,3400,3,111
313,4401,0,360
313,4100,0,313
313,4100,0,301
313,4100,0,306
313,4000,6,314
313,4350,1,305
313,4687,0,757
313,4674,0,756
313,4941,0,190
313,4666,0,316
313,4664,0,322
313,4667,0,309
313,4663,0,315
313,4653,0,317
313,4652,0,318
313,4654,0,761
313,4658,0,750
313,4677,0,758
313,4671,0,753
313,4551,0,755
313,4665,0,760
313,4657,0,754
313,4659,0,759
313,4678,0,541
313,4678,0,547
313,4678,0,548
313,4678,0,551
313,4678,0,540
313,4678,0,552
313,4678,0,544
313,4678,0,542
313,4660,4,606
313,4670,3,604
313,4670,1,607
313,4660,5,602
313,4650,4,601
313,4650,5,603
313,4130,0,321
313,4330,0,319
313,4330,1,320
313,3000,0,106
313,3200,1,101
313,4000,4,300
313,4300,0,302
314,3000,1,122
314,3030,0,106
314,3810,1,116
314,3810,0,120
314,3200,1,103
314,3210,2,101
314,3200,1,112
314,3430,0,117
314,3410,0,104
314,3430,0,107
314,4302,0,351
314,4100,0,314
314,4100,0,306
314,4100,0,300
314,4000,6,305
314,4340,1,313
314,4682,0,757
314,4652,0,756
314,4943,0,190
314,4666,0,322
314,4656,0,318
314,4654,0,315
314,4667,0,319
314,4663,0,320
314,4674,0,317
314,4664,0,754
314,4654,0,761
314,4659,0,753
314,4662,0,750
314,4671,0,758
314,4657,0,760
314,4551,0,755
314,4655,0,759
314,4680,0,607
314,4660,6,606
314,4670,3,604
314,4670,2,601
314,4660,2,602
314,4650,2,603
314,4130,0,321
314,4330,1,309
314,4330,0,316
314,3000,1,110
314,3200,1,111
314,3790,0,302
314,4300,0,310
315,3030,1,128
315,3000,1,108
315,3800,0,112
315,3810,0,110
315,3200,0,120
315,3210,0,117
315,3220,1,109
315,3410,0,113
315,3420,0,107
315,3410,4,103
315,4301,1,362
315,4100,0,310
315,4100,0,302
315,4100,0,314
315,4000,2,308
315,4300,1,306
315,4663,0,760
315,4654,0,763
315,4652,0,754
315,4659,0,753
315,4677,0,762
315,4651,0,761
315,4665,0,758
315,4671,0,759
315,4680,2,607
315,4650,4,601
315,4670,3,606
315,4660,3,604
315,4660,4,605
315,4670,0,603
315,3030,1,111
315,3810,0,106
315,3220,1,116
315,4000,7,313
315,4350,1,307
316,3000,0,128
316,3000,1,103
316,3810,0,108
316,3810,1,106
316,3210,2,116
316,3200,0,112
316,3220,1,113
316,3420,0,109
316,3410,2,111
316,3430,0,107
316,4501,0,362
316,4100,0,313
316,4100,0,308
316,4100,0,307
316,4000,7,302
316,4300,0,310
316,4668,0,763
316,4654,0,754
316,4664,0,761
316,4657,0,753
316,4671,0,759
316,4662,0,760
316,4551,0,762
316,4655,0,758
316,4552,0,576
316,4552,0,565
316,4552,0,569
316,4552,0,567
316,4552,0,568
316,4552,0,561
316,4552,0,577
316,4552,0,570
316,4670,0,601
316,4660,3,606
316,4660,6,604
316,4670,3,607
316,4650,4,605
316,4650,5,603
316,3000,1,110
316,3810,1,120
316,3410,2,117
316,4500,0,306
316,4000,5,314
317,3810,1,129
317,3030,0,106
317,3000,1,113
317,3800,1,116
317,3200,1,120
317,3210,0,114
317,3220,0,108
317,3420,0,107
317,3410,0,109
317,3400,3,112
317,4301,0,364
317,4100,0,310
317,4100,0,302
317,4100,0,313
317,4000,4,312
317,4300,0,307
317,4674,0,753
317,4652,0,760
317,4663,0,762
317,4551,0,759
317,4657,0,754
317,4659,0,763
317,4662,0,761
317,4651,0,758
317,4650,3,601
317,4650,5,603
317,4660,4,607
317,4670,1,605
317,4670,4,604
317,4660,2,606
317,4940,0,713
317,3030,0,117
317,3810,1,103
317,3400,3,110
317,3790,0,308
317,4500,0,306
318,3000,1,127
318,3030,0,114
318,3800,1,116
318,3810,1,103
318,3210,1,110
318,3200,0,113
318,3220,0,107
318,3410,3,109
318,3420,0,120
318,3400,0,117
318,4341,1,360
318,4100,0,312
318,4100,0,307
318,4100,0,306
318,4000,6,313
318,4300,1,302
318,4668,0,760
318,4653,0,759
318,4667,0,753
318,4671,0,761
318,4655,0,754
318,4677,0,763
318,4662,0,762
318,4651,0,758
318,4650,4,604
318,4660,5,606
318,4650,3,607
318,4670,0,601
318,4670,1,605
318,4660,6,603
318,3810,1,108
318,3220,0,111
318,3420,0,106
318,3790,0,308
318,4000,0,314
319,3800,0,129
319,3030,0,112
319,3000,0,110
319,3810,0,117
319,3220,0,109
319,3210,0,103
319,3210,2,113
319,3400,0,120
319,3400,1,108
319,3410,2,114
319,4501,0,364
319,4100,0,306
319,4100,0,313
319,4100,0,310
319,4000,8,312
319,4340,0,302
319,4666,0,758
319,4656,0,760
319,4668,0,753
319,4672,0,762
319,4665,0,761
319,4651,0,754
319,4655,0,759
319,4669,0,763
319,4555,0,596
319,4555,0,581
319,4555,0,588
319,4555,0,589
319,4555,0,587
319,4555,0,590
319,4555,0,585
319,4555,0,595
319,4670,3,603
319,4650,5,607
319,4650,3,605
319,4660,5,601
319,4660,2,606
319,4670,4,604
319,3000,0,116
319,3220,0,107
319,3210,2,106
319,3790,0,308
319,4300,1,307
1000,3810,1,2124
1000,5002,0,2103
1000,5003,0,2104
1000,5002,0,2116
1000,3800,0,2100
1000,5011,3,2117
1000,5011,6,2107
1000,5010,0,2101
1000,5010,0,2113
1000,3410,1,2106
1000,3410,0,2110
1000,3420,0,2112
1000,3410,1,2108
1000,4301,1,2356
1000,4100,0,2301
1000,4100,0,2314
1000,4100,0,2310
1000,4500,0,2313
1000,4000,9,2300
1000,4300,0,2302
1000,4300,1,2305
1000,4682,0,2757
1000,4654,0,2756
1000,4941,0,2190
1000,4668,0,2760
1000,4664,0,2763
1000,4663,0,2753
1000,4653,0,2755
1000,4659,0,2761
1000,4657,0,2759
1000,4551,0,2750
1000,4669,0,2754
1000,4665,0,2762
1000,4672,0,2758
1000,5305,0,2524
1000,5305,0,2530
1000,5305,0,2527
1000,5305,0,2528
1000,5305,0,2521
1000,5305,0,2523
1000,5305,0,2525
1000,5305,0,2529
1000,4670,3,2603
1000,4650,2,2605
1000,4650,3,2604
1000,4670,2,2606
1000,4660,2,2601
1000,4660,3,2607
1000,4660,5,2602
1000,4940,0,2712
1000,5003,0,2111
1000,5003,0,2109
1000,3800,0,2114
1000,3790,0,2307
1000,4000,0,2308
1000,4000,7,2312
1000,5305,0,2526
1000,5305,0,2520
1001,3800,1,2128
1001,5000,1,2108
1001,5005,0,2106
1001,5005,0,2101
1001,3810,1,2116
1001,5011,4,2107
1001,5010,0,2109
1001,5010,2,2100
1001,5011,4,2113
1001,3400,1,2117
1001,3420,0,2120
1001,3400,2,2110
1001,3420,0,2103
1001,4302,0,2362
1001,4100,0,2313
1001,4100,0,2300
1001,4100,0,2305
1001,4500,0,2308
1001,4000,7,2310
1001,4340,1,2306
1001,4340,0,2301
1001,4686,0,2757
1001,4668,0,2756
1001,4941,0,2190
1001,4666,0,2755
1001,4663,0,2760
1001,4656,0,2758
1001,4652,0,2750
1001,4672,0,2753
1001,4659,0,2763
1001,4657,0,2754
1001,4669,0,2759
1001,4671,0,2761
1001,4551,0,2762
1001,4650,4,2607
1001,4660,2,2604
1001,4670,2,2602
1001,4650,2,2601
1001,4660,5,2605
1001,4670,1,2606
1001,4660,4,2603
1001,4940,0,2714
1001,5000,1,2111
1001,3400,1,2104
1001,3420,0,2112
1001,4340,1,2302
1001,4340,0,2314
1001,4340,1,2307
1002,3810,0,2121
1002,5005,0,2116
1002,5003,0,2103
1002,5003,0,2104
1002,3810,1,2113
1002,5010,0,2108
1002,5011,4,2106
1002,5011,2,2120
1002,5011,4,2110
1002,3430,0,2107
1002,3410,1,2100
1002,3400,0,2114
1002,3400,0,2111
1002,4301,1,2350
1002,4100,0,2310
1002,4100,0,2308
1002,4100,0,2301
1002,4500,0,2306
1002,4000,1,2313
1002,4350,1,2312
1002,4340,0,2305
1002,4681,0,2757
1002,4674,0,2756
1002,4943,0,2190
1002,4663,0,2755
1002,4652,0,2754
1002,4667,0,2762
1002,4654,0,2760
1002,4651,0,2763
1002,4657,0,2753
1002,4672,0,2761
1002,4669,0,2759
1002,4671,0,2750
1002,4665,0,2758
1002,5305,0,2525
1002,5305,0,2530
1002,5305,0,2521
1002,5305,0,2523
1002,5305,0,2529
1002,5305,0,2527
1002,5305,0,2524
1002,5305,0,2528
1002,4660,4,2602
1002,4650,3,2607
1002,4650,4,2601
1002,4660,5,2605
1002,4660,2,2604
1002,4670,2,2606
1002,4670,0,2603
1002,4940,0,2711
1002,3810,1,2117
1002,3400,0,2112
1002,3430,0,2109
1002,4000,9,2302
1002,4350,1,2307
1002,4350,1,2314
1002,5305,0,2522
1002,5305,0,2526
1003,3800,1,2127
1003,5005,0,2117
1003,5001,1,2106
1003,5001,1,2113
1003,3810,1,2101
1003,5010,3,2100
1003,5010,2,2103
1003,5011,6,2114
1003,5010,3,2111
1003,3410,1,2116
1003,3410,3,2104
1003,3410,0,2108
1003,3410,1,2120
1003,4302,0,2360
1003,4100,0,2312
1003,4100,0,2307
1003,4100,0,2300
1003,4500,0,2302
1003,4000,0,2306
1003,4300,0,2308
1003,4300,1,2305
1003,4682,0,2757
1003,4667,0,2756
1003,4941,0,2190
1003,4666,0,2754
1003,4664,0,2759
1003,4652,0,2753
1003,4668,0,2755
1003,4662,0,2762
1003,4659,0,2761
1003,4665,0,2750
1003,4657,0,2760
1003,4669,0,2758
1003,4672,0,2763
1003,4660,4,2604
1003,4660,6,2606
1003,4670,0,2605
1003,4660,3,2603
1003,4650,4,2601
1003,4670,1,2607
1003,4650,3,2602
1003,5001,1,2110
1003,5001,1,2109
1003,5011,6,2107
1003,3790,0,2301
1003,4500,0,2314
1003,4000,3,2313
1004,3810,1,2124
1004,5002,0,2117
1004,5004,0,2104
1004,5002,0,2107
1004,3800,0,2113
1004,5010,3,2108
1004,5010,2,2111
1004,5010,4,2109
1004,5010,2,2106
1004,3220,0,2112
1004,3210,1,2101
1004,3200,0,2116
1004,3220,0,2110
1004,4301,1,2356
1004,4100,0,2307
1004,4100,0,2310
1004,4100,0,2314
1004,4500,0,2313
1004,4000,2,2301
1004,4340,1,2308
1004,4340,0,2312
1004,4688,0,2757
1004,4653,0,2756
1004,4943,0,2190
1004,4668,0,2763
1004,4663,0,2761
1004,4652,0,2760
1004,4666,0,2759
1004,4672,0,2753
1004,4651,0,2762
1004,4665,0,2755
1004,4671,0,2750
1004,4657,0,2758
1004,4669,0,2754
1004,4680,0,2601
1004,4650,2,2602
1004,4660,4,2606
1004,4650,3,2605
1004,4670,2,2607
1004,4660,5,2604
1004,4670,1,2603
1004,5002,0,2103
1004,5002,0,2114
1004,3810,1,2100
1004,4500,0,2302
1004,4000,6,2305
1004,4340,0,2300
1005,5242,0,1107
1005,5257,0,1110
1005,5246,0,1108
1005,5252,0,1109
1005,5357,0,1142
1005,4910,2,1114
1005,4850,2,1115
1005,4860,2,1116
1005,4917,2,1111
1005,4780,2,1112
1005,4880,2,1113
1005,4669,0,1162
1005,4662,0,1155
1005,4677,0,1164
1005,4665,0,1158
1005,4659,0,1160
1005,4657,0,1156
1005,4671,0,1161
1005,4667,0,1163
1005,4668,0,1159
1005,4664,0,1157
1005,4663,0,1165
1005,5100,0,1150
1005,5100,0,1153
1005,4654,0,1103
1005,5382,0,1136
1005,5110,1,1152
1005,5105,0,1151
1005,5399,0,1210
1006,5240,0,1107
1006,5257,0,1110
1006,5246,0,1108
1006,5252,0,1109
1006,5354,0,1142
1006,4930,2,1114
1006,4850,2,1115
1006,4924,2,1116
1006,4910,2,1111
1006,4928,2,1112
1006,4830,2,1113
1006,4665,0,1164
1006,4655,0,1161
1006,4672,0,1155
1006,4651,0,1158
1006,4671,0,1160
1006,4657,0,1162
1006,4669,0,1165
1006,4664,0,1157
1006,4667,0,1159
1006,4663,0,1163
1006,4666,0,1156
1006,5100,0,1152
1006,5100,0,1153
1006,4654,0,1103
1006,5382,0,1136
1006,5110,8,1150
1006,5105,0,1151
1006,5399,0,1211
1007,5240,0,1107
1007,5257,0,1110
1007,5246,0,1108
1007,5252,0,1109
1007,5354,0,1142
1007,4927,2,1114
1007,4880,2,1115
1007,4926,2,1116
1007,4928,2,1111
1007,4860,2,1112
1007,4921,2,1113
1007,4672,0,1164
1007,4665,0,1155
1007,4669,0,1157
1007,4655,0,1158
1007,4651,0,1160
1007,4551,0,1163
1007,4677,0,1161
1007,4663,0,1159
1007,4668,0,1162
1007,4666,0,1165
1007,4654,0,1156
1007,5100,0,1153
1007,5100,0,1150
1007,5110,0,1152
1007,4667,0,1103
1007,5380,0,1136
1007,5105,0,1151
1008,5242,0,1107
1008,5257,0,1110
1008,5245,0,1108
1008,5252,0,1109
1008,5357,0,1142
1008,4928,2,1114
1008,4918,2,1115
1008,4925,2,1116
1008,4927,2,1111
1008,4990,2,1112
1008,4880,2,1113
1008,4659,0,1160
1008,4671,0,1155
1008,4677,0,1158
1008,4669,0,1162
1008,4665,0,1164
1008,4657,0,1163
1008,4655,0,1161
1008,4654,0,1157
1008,4652,0,1159
1008,4664,0,1165
1008,4667,0,1156
1008,5100,0,1151
1008,5100,0,1153
1008,5110,1,1152
1008,4674,0,1103
1008,5382,0,1136
1008,5115,0,1150
1008,5399,0,1210
1009,5242,0,1107
1009,5255,0,1110
1009,5246,0,1108
1009,5252,0,1109
1009,5357,0,1142
1009,4917,2,1114
1009,4840,2,1115
1009,4918,2,1116
1009,4927,2,1111
1009,4880,2,1112
1009,4921,2,1113
1009,4659,0,1164
1009,4657,0,1160
1009,4669,0,1156
1009,4665,0,1158
1009,4551,0,1165
1009,4655,0,1155
1009,4672,0,1159
1009,4663,0,1157
1009,4652,0,1163
1009,4654,0,1161
1009,4667,0,1162
1009,5100,0,1153
1009,5100,0,1151
1009,4656,0,1103
1009,5380,0,1136
1009,5110,9,1152
1009,5105,0,1150
1010,3810,1,2123
1010,5002,0,2101
1010,5006,0,2110
1010,5006,0,2106
1010,3800,1,2103
1010,5011,2,2117
1010,5011,4,2104
1010,5011,3,2107
1010,5011,3,2113
1010,3200,1,2100
1010,3220,1,2111
1010,3210,1,2108
1010,3200,1,2114
1010,4301,1,2352
1010,4100,0,2308
1010,4100,0,2307
1010,4100,0,2313
1010,4500,0,2300
1010,4000,6,2305
1010,4300,1,2314
1010,4300,0,2301
1010,4687,0,2757
1010,4653,0,2756
1010,4941,0,2190
1010,4658,0,2762
1010,4654,0,2758
1010,4674,0,2755
1010,4667,0,2760
1010,4672,0,2753
1010,4669,0,2759
1010,4677,0,2754
1010,4671,0,2761
1010,4665,0,2750
1010,4662,0,2763
1010,5305,0,2530
1010,5305,0,2524
1010,5305,0,2525
1010,5305,0,2527
1010,5305,0,2528
1010,5305,0,2520
1010,5305,0,2521
1010,5305,0,2526
1010,4670,3,2607
1010,4670,0,2603
1010,4660,4,2601
1010,4660,3,2605
1010,4650,4,2604
1010,4660,5,2606
1010,4650,3,2602
1010,3810,1,2116
1010,5011,2,2109
1010,3200,1,2112
1010,4000,7,2310
1010,4300,0,2306
1010,4300,1,2312
1010,5305,0,2529
1010,5305,0,2522
1011,3800,1,2128
1011,5002,0,2100
1011,5000,1,2107
1011,5000,1,2112
1011,3800,0,2103
1011,5011,2,2101
1011,5010,0,2104
1011,5010,3,2111
1011,5011,2,2116
1011,3410,0,2120
1011,3410,3,2109
1011,3400,1,2117
1011,3410,0,2110
1011,4341,0,2362
1011,4100,0,2307
1011,4100,0,2313
1011,4100,0,2310
1011,4500,0,2314
1011,4000,3,2302
1011,4300,0,2301
1011,4300,1,2308
1011,4688,0,2757
1011,4674,0,2756
1011,4941,0,2190
1011,4666,0,2758
1011,4652,0,2753
1011,4656,0,2759
1011,4664,0,2763
1011,4669,0,2754
1011,4651,0,2760
1011,4551,0,2762
1011,4672,0,2750
1011,4671,0,2755
1011,4657,0,2761
1011,5300,0,2527
1011,5300,0,2524
1011,5300,0,2529
1011,5300,0,2528
1011,5300,0,2523
1011,5300,0,2526
1011,5300,0,2521
1011,5300,0,2530
1011,4660,5,2601
1011,4670,3,2607
1011,4650,5,2606
1011,4670,1,2604
1011,4660,4,2603
1011,4650,4,2605
1011,4660,2,2602
1011,5002,0,2113
1011,5000,1,2108
1011,5011,2,2106
1011,4500,0,2306
1011,4000,7,2305
1011,4300,0,2300
1011,5300,0,2525
1011,5300,0,2520
1012,3000,1,2123
1012,5000,1,2110
1012,5001,1,2103
1012,5001,1,2107
1012,3030,1,2113
1012,5011,4,2106
1012,5010,0,2100
1012,5011,2,2114
1012,5011,4,2108
1012,3210,0,2101
1012,3210,2,2112
1012,3220,0,2116
1012,3220,0,2104
1012,4302,0,2352
1012,4100,0,2308
1012,4100,0,2312
1012,4100,0,2310
1012,4500,0,2307
1012,4000,1,2314
1012,4300,1,2305
1012,4300,0,2301
1012,4681,0,2757
1012,4656,0,2756
1012,4941,0,2190
1012,4664,0,2750
1012,4668,0,2754
1012,4663,0,2763
1012,4653,0,2761
1012,4671,0,2762
1012,4659,0,2755
1012,4665,0,2759
1012,4677,0,2758
1012,4651,0,2760
1012,4669,0,2753
1012,5300,0,2526
1012,5300,0,2523
1012,5300,0,2529
1012,5300,0,2528
1012,5300,0,2530
1012,5300,0,2525
1012,5300,0,2527
1012,5300,0,2521
1012,4660,6,2601
1012,4660,5,2602
1012,4650,2,2604
1012,4660,4,2607
1012,4670,3,2605
1012,4650,4,2606
1012,4670,1,2603
1012,5000,1,2117
1012,5011,2,2111
1012,5011,2,2109
1012,4000,4,2300
1012,4000,7,2306
1012,4300,1,2313
1012,5300,0,2524
1012,5300,0,2520
1013,3810,1,2124
1013,5005,0,2113
1013,5000,1,2108
1013,5000,1,2109
1013,3800,1,2110
1013,5010,3,2111
1013,5011,4,2106
1013,5010,0,2114
1013,5010,3,2100
1013,3200,1,2104
1013,3210,2,2101
1013,3200,0,2116
1013,3210,2,2103
1013,4301,1,2356
1013,4100,0,2314
1013,4100,0,2302
1013,4100,0,2312
1013,4500,0,2301
1013,4000,8,2308
1013,4300,0,2313
1013,4340,1,2300
1013,4686,0,2757
1013,4667,0,2756
1013,4942,0,2190
1013,4664,0,2753
1013,4674,0,2758
1013,4668,0,2763
1013,4656,0,2760
1013,4669,0,2759
1013,4672,0,2755
1013,4671,0,2761
1013,4551,0,2762
1013,4665,0,2750
1013,4651,0,2754
1013,4650,4,2604
1013,4650,2,2606
1013,4660,5,2607
1013,4660,2,2603
1013,4670,3,2601
1013,4660,6,2605
1013,4670,1,2602
1013,5005,0,2117
1013,3800,1,2107
1013,5011,4,2112
1013,3790,0,2310
1013,4000,0,2307
1013,4000,5,2305
1014,3000,0,2122
1014,5006,0,2107
1014,5002,0,2113
1014,5002,0,2104
1014,3030,0,2120
1014,5010,4,2101
1014,5011,3,2111
1014,5010,0,2109
1014,5011,3,2108
1014,3210,0,2103
1014,3210,1,2114
1014,3220,0,2110
1014,3210,0,2117
1014,4301,1,2351
1014,4100,0,2313
1014,4100,0,2305
1014,4100,0,2306
1014,4500,0,2302
1014,4000,7,2308
1014,4340,0,2307
1014,4300,0,2300
1014,4691,0,2757
1014,4654,0,2756
1014,4942,0,2190
1014,4664,0,2759
1014,4668,0,2762
1014,4652,0,2755
1014,4663,0,2760
1014,4672,0,2758
1014,4651,0,2763
1014,4655,0,2761
1014,4657,0,2750
1014,4671,0,2753
1014,4659,0,2754
1014,4680,0,2603
1014,4650,3,2607
1014,4660,2,2604
1014,4670,2,2605
1014,4660,6,2602
1014,4650,5,2601
1014,4670,0,2606
1014,5006,0,2112
1014,3000,0,2106
1014,5011,3,2116
1014,3790,0,2314
1014,4500,0,2312
1014,4000,1,2310
1015,5242,0,1107
1015,5257,0,1110
1015,5246,0,1108
1015,5252,0,1109
1015,5354,0,1142
1015,4927,2,1114
1015,4923,2,1115
1015,4918,2,1116
1015,4990,2,1111
1015,4917,2,1112
1015,4921,2,1113
1015,4665,0,1159
1015,4551,0,1162
1015,4671,0,1158
1015,4672,0,1165
1015,4651,0,1163
1015,4655,0,1164
1015,4657,0,1160
1015,4654,0,1155
1015,4656,0,1157
1015,4652,0,1156
1015,4664,0,1161
1015,5100,0,1151
1015,5100,0,1152
1015,4653,0,1103
1015,5382,0,1136
1015,4940,0,1174
1015,5110,4,1150
1015,5105,0,1153
1015,5399,0,1212
1016,5240,0,1107
1016,5257,0,1110
1016,5245,0,1108
1016,5252,0,1109
1016,5357,0,1142
1016,4930,2,1114
1016,4926,2,1115
1016,4923,2,1116
1016,4910,2,1111
1016,4917,2,1112
1016,4850,2,1113
1016,4672,0,1164
1016,4655,0,1163
1016,4671,0,1155
1016,4657,0,1158
1016,4669,0,1160
1016,4665,0,1157
1016,4662,0,1162
1016,4667,0,1159
1016,4668,0,1156
1016,4656,0,1165
1016,4663,0,1161
1016,5100,0,1152
1016,5100,0,1150
1016,4653,0,1103
1016,5382,0,1136
1016,5110,7,1153
1016,5115,0,1151
1016,5399,0,1212
1017,5240,0,1107
1017,5257,0,1110
1017,5245,0,1108
1017,5252,0,1109
1017,5357,0,1142
1017,4990,2,1114
1017,4927,2,1115
1017,4924,2,1116
1017,4930,2,1111
1017,4917,2,1112
1017,4830,2,1113
1017,4677,0,1157
1017,4671,0,1165
1017,4655,0,1163
1017,4651,0,1159
1017,4551,0,1158
1017,4669,0,1160
1017,4665,0,1156
1017,4667,0,1161
1017,4654,0,1164
1017,4668,0,1155
1017,4652,0,1162
1017,5100,0,1153
1017,5100,0,1152
1017,5110,2,1150
1017,4674,0,1103
1017,5380,0,1136
1017,5115,0,1151
1017,5399,0,1210
1018,5242,0,1107
1018,5255,0,1110
1018,5246,0,1108
1018,5252,0,1109
1018,5354,0,1142
1018,4930,2,1114
1018,4920,2,1115
1018,4880,2,1116
1018,4990,2,1111
1018,4928,2,1112
1018,4921,2,1113
1018,4669,0,1155
1018,4677,0,1161
1018,4551,0,1160
1018,4655,0,1158
1018,4672,0,1164
1018,4671,0,1163
1018,4657,0,1159
1018,4653,0,1157
1018,4652,0,1165
1018,4667,0,1156
1018,4664,0,1162
1018,5100,0,1151
1018,5100,0,1153
1018,4654,0,1103
1018,5380,0,1136
1018,5110,7,1150
1018,5105,0,1152
1018,5399,0,1212
1019,5240,0,1107
1019,5257,0,1110
1019,5246,0,1108
1019,5252,0,1109
1019,5354,0,1142
1019,4928,2,1114
1019,4920,2,1115
1019,4880,2,1116
1019,4910,2,1111
1019,4850,2,1112
1019,4840,2,1113
1019,4677,0,1155
1019,4659,0,1163
1019,4551,0,1157
1019,4655,0,1158
1019,4657,0,1159
1019,4651,0,1162
1019,4669,0,1164
1019,4668,0,1161
1019,4656,0,1160
1019,4674,0,1165
1019,4663,0,1156
1019,5100,0,1151
1019,5100,0,1153
1019,4654,0,1103
1019,5380,0,1136
1019,5110,6,1152
1019,5115,0,1150
1020,3800,1,2129
1020,5006,0,2108
1020,5005,0,2106
1020,5005,0,2110
1020,3810,0,2100
1020,5010,2,2120
1020,5010,0,2116
1020,5011,4,2117
1020,5011,4,2104
1020,3410,2,2112
1020,3410,4,2113
1020,3400,2,2114
1020,3410,4,2103
1020,4401,0,2364
1020,4100,0,2301
1020,4100,0,2306
1020,4100,0,2302
1020,4500,0,2300
1020,4000,4,2312
1020,4300,1,2308
1020,4300,0,2305
1020,4688,0,2757
1020,4654,0,2756
1020,4943,0,2190
1020,4653,0,2755
1020,4664,0,2754
1020,4666,0,2760
1020,4674,0,2763
1020,4669,0,2750
1020,4677,0,2758
1020,4665,0,2762
1020,4671,0,2759
1020,4551,0,2761
1020,4662,0,2753
1020,4680,2,2603
1020,4670,1,2604
1020,4660,3,2601
1020,4670,3,2605
1020,4650,5,2602
1020,4650,2,2607
1020,4660,2,2606
1020,5005,0,2109
1020,5006,0,2101
1020,5011,4,2107
1020,4500,0,2310
1020,4000,5,2313
1020,4000,0,2307
1021,3000,0,2121
1021,5005,0,2100
1021,5006,0,2114
1021,5006,0,2120
1021,3030,0,2104
1021,5011,6,2107
1021,5011,4,2110
1021,5010,4,2108
1021,5011,4,2112
1021,3220,1,2117
1021,3200,1,2113
1021,3200,0,2103
1021,3200,1,2106
1021,4101,0,2350
1021,4100,0,2310
1021,4100,0,2308
1021,4100,0,2314
1021,4500,0,2313
1021,4000,0,2312
1021,4340,0,2301
1021,4300,0,2305
1021,4686,0,2757
1021,4652,0,2756
1021,4943,0,2190
1021,4674,0,2762
1021,4658,0,2754
1021,4656,0,2755
1021,4664,0,2750
1021,4669,0,2761
1021,4677,0,2763
1021,4671,0,2759
1021,4662,0,2753
1021,4551,0,2760
1021,4659,0,2758
1021,5305,0,2529
1021,5305,0,2522
1021,5305,0,2525
1021,5305,0,2528
1021,5305,0,2521
1021,5305,0,2523
1021,5305,0,2524
1021,5305,0,2530
1021,4660,6,2607
1021,4660,5,2603
1021,4650,3,2606
1021,4650,5,2601
1021,4670,4,2605
1021,4670,3,2604
1021,4660,2,2602
1021,3000,0,2111
1021,5011,6,2109
1021,3200,1,2116
1021,3790,0,2307
1021,4500,0,2302
1021,4340,0,2306
1021,5305,0,2527
1021,5305,0,2520
1022,3030,0,2124
1022,5006,0,2114
1022,5002,0,2111
1022,5002,0,2112
1022,3000,0,2106
1022,5011,3,2101
1022,5011,2,2109
1022,5010,4,2110
1022,5011,3,2107
1022,3200,1,2117
1022,3200,0,2116
1022,3210,2,2113
1022,3200,0,2108
1022,4101,0,2356
1022,4100,0,2312
1022,4100,0,2313
1022,4100,0,2310
1022,4500,0,2314
1022,4000,2,2307
1022,4340,1,2301
1022,4350,1,2308
1022,4687,0,2757
1022,4654,0,2756
1022,4941,0,2190
1022,4667,0,2761
1022,4653,0,2750
1022,4666,0,2755
1022,4674,0,2753
1022,4677,0,2762
1022,4657,0,2760
1022,4655,0,2758
1022,4672,0,2759
1022,4671,0,2763
1022,4659,0,2754
1022,4650,2,2602
1022,4660,6,2604
1022,4660,2,2607
1022,4660,5,2601
1022,4650,5,2606
1022,4670,2,2605
1022,4670,4,2603
1022,5006,0,2103
1022,5002,0,2100
1022,3200,0,2104
1022,3790,0,2305
1022,4500,0,2300
1022,4000,6,2302
1023,3810,0,2121
1023,5002,0,2110
1023,5004,0,2104
1023,5004,0,2116
1023,3800,1,2103
1023,5010,4,2120
1023,5010,3,2109
1023,5011,3,2113
1023,5010,3,2117
1023,3400,0,2107
1023,3410,2,2108
1023,3400,1,2114
1023,3400,0,2112
1023,4101,0,2350
1023,4100,0,2314
1023,4100,0,2306
1023,4100,0,2307
1023,4500,0,2312
1023,4000,4,2302
1023,4340,0,2310
1023,4340,1,2308
1023,4682,0,2757
1023,4667,0,2756
1023,4942,0,2190
1023,4656,0,2754
1023,4668,0,2760
1023,4666,0,2755
1023,4654,0,2753
1023,4551,0,2750
1023,4669,0,2758
1023,4671,0,2761
1023,4659,0,2759
1023,4665,0,2762
1023,4677,0,2763
1023,5305,0,2522
1023,5305,0,2528
1023,5305,0,2524
1023,5305,0,2527
1023,5305,0,2523
1023,5305,0,2521
1023,5305,0,2525
1023,5305,0,2530
1023,4650,2,2606
1023,4660,6,2604
1023,4660,4,2607
1023,4670,4,2603
1023,4670,1,2601
1023,4650,4,2605
1023,4660,3,2602
1023,3810,0,2106
1023,5010,4,2100
1023,3400,1,2111
1023,3790,0,2313
1023,4000,9,2305
1023,4000,0,2301
1023,5305,0,2529
1023,5305,0,2520
1024,3000,1,2123
1024,5001,1,2111
1024,5000,1,2108
1024,5001,1,2114
1024,3030,1,2106
1024,5010,2,2116
1024,5010,3,2110
1024,5011,4,2103
1024,5010,2,2101
1024,3220,0,2104
1024,3200,0,2107
1024,3210,0,2117
1024,3200,0,2109
1024,4501,0,2352
1024,4100,0,2306
1024,4100,0,2301
1024,4100,0,2307
1024,4500,0,2313
1024,4000,0,2305
1024,4350,1,2312
1024,4340,1,2310
1024,4681,0,2757
1024,4663,0,2756
1024,4942,0,2190
1024,4666,0,2763
1024,4653,0,2755
1024,4668,0,2760
1024,4654,0,2750
1024,4651,0,2753
1024,4677,0,2762
1024,4662,0,2754
1024,4671,0,2761
1024,4669,0,2759
1024,4659,0,2758
1024,5300,0,2520
1024,5300,0,2526
1024,5300,0,2524
1024,5300,0,2530
1024,5300,0,2527
1024,5300,0,2528
1024,5300,0,2525
1024,5300,0,2521
1024,4650,3,2605
1024,4670,2,2601
1024,4660,3,2604
1024,4660,6,2606
1024,4670,1,2602
1024,4650,2,2607
1024,4660,4,2603
1024,4940,0,2713
1024,5001,1,2100
1024,3030,1,2113
1024,5010,3,2112
1024,4340,1,2308
1024,4340,1,2314
1024,4340,1,2300
1024,5300,0,2529
1024,5300,0,2522
1025,5240,0,1107
1025,5255,0,1110
1025,5246,0,1108
1025,5252,0,1109
1025,5357,0,1142
1025,4927,2,1114
1025,4921,2,1115
1025,4880,2,1116
1025,4929,2,1111
1025,4830,2,1112
1025,4918,2,1113
1025,4651,0,1163
1025,4665,0,1160
1025,4671,0,1165
1025,4662,0,1157
1025,4672,0,1164
1025,4657,0,1158
1025,4669,0,1162
1025,4664,0,1159
1025,4654,0,1156
1025,4653,0,1161
1025,4656,0,1155
1025,5100,0,1150
1025,5100,0,1153
1025,5110,3,1151
1025,4663,0,1103
1025,5382,0,1136
1025,5115,0,1152
1025,5399,0,1212
1026,5242,0,1107
1026,5257,0,1110
1026,5246,0,1108
1026,5250,0,1109
1026,5357,0,1142
1026,4910,2,1114
1026,4923,2,1115
1026,4925,2,1116
1026,4928,2,1111
1026,4920,2,1112
1026,4860,2,1113
1026,4651,0,1157
1026,4657,0,1160
1026,4655,0,1158
1026,4677,0,1163
1026,4672,0,1164
1026,4659,0,1155
1026,4665,0,1156
1026,4654,0,1159
1026,4663,0,1162
1026,4667,0,1165
1026,4666,0,1161
1026,5100,0,1150
1026,5100,0,1153
1026,4674,0,1103
1026,5382,0,1136
1026,5110,7,1152
1026,5115,0,1151
1027,5242,0,1107
1027,5257,0,1110
1027,5245,0,1108
1027,5250,0,1109
1027,5354,0,1142
1027,4910,2,1114
1027,4850,2,1115
1027,4926,2,1116
1027,4790,2,1111
1027,4925,2,1112
1027,4920,2,1113
1027,4659,0,1162
1027,4665,0,1165
1027,4651,0,1159
1027,4657,0,1158
1027,4662,0,1163
1027,4655,0,1156
1027,4669,0,1157
1027,4667,0,1161
1027,4666,0,1155
1027,4674,0,1160
1027,4656,0,1164
1027,5100,0,1152
1027,5100,0,1150
1027,5110,4,1153
1027,4653,0,1103
1027,5380,0,1136
1027,4940,0,1176
1027,5105,0,1151
1027,5399,0,1213
1028,5240,0,1107
1028,5257,0,1110
1028,5245,0,1108
1028,5250,0,1109
1028,5357,0,1142
1028,4929,2,1114
1028,4860,2,1115
1028,4921,2,1116
1028,4928,2,1111
1028,4810,2,1112
1028,4925,2,1113
1028,4651,0,1163
1028,4665,0,1164
1028,4672,0,1165
1028,4659,0,1158
1028,4551,0,1157
1028,4657,0,1160
1028,4655,0,1155
1028,4663,0,1161
1028,4667,0,1159
1028,4664,0,1162
1028,4666,0,1156
1028,5100,0,1153
1028,5100,0,1151
1028,4652,0,1103
1028,5382,0,1136
1028,4940,0,1172
1028,5110,6,1150
1028,5115,0,1152
1028,5399,0,1213
1029,5242,0,1107
1029,5255,0,1110
1029,5245,0,1108
1029,5250,0,1109
1029,5354,0,1142
1029,4930,2,1114
1029,4924,2,1115
1029,4920,2,1116
1029,4990,2,1111
1029,4917,2,1112
1029,4840,2,1113
1029,4655,0,1163
1029,4669,0,1157
1029,4662,0,1159
1029,4671,0,1158
1029,4665,0,1155
1029,4551,0,1160
1029,4651,0,1161
1029,4664,0,1165
1029,4666,0,1156
1029,4652,0,1164
1029,4654,0,1162
1029,5100,0,1153
1029,5100,0,1150
1029,4653,0,1103
1029,5380,0,1136
1029,4940,0,1173
1029,5105,0,1152
1029,5110,5,1151
1030,3810,1,2129
1030,5005,0,2117
1030,5003,0,2103
1030,5003,0,2110
1030,3810,0,2107
1030,5011,2,2104
1030,5010,4,2101
1030,5010,2,2108
1030,5011,2,2106
1030,3210,1,2109
1030,3200,0,2100
1030,3200,1,2112
1030,3200,1,2113
1030,4101,0,2364
1030,4100,0,2307
1030,4100,0,2306
1030,4100,0,2300
1030,4500,0,2312
1030,4000,1,2302
1030,4340,0,2310
1030,4350,1,2305
1030,4687,0,2757
1030,4653,0,2756
1030,4942,0,2190
1030,4658,0,2763
1030,4654,0,2754
1030,4652,0,2760
1030,4674,0,2753
1030,4655,0,2750
1030,4662,0,2759
1030,4671,0,2761
1030,4659,0,2762
1030,4651,0,2755
1030,4657,0,2758
1030,4660,6,2602
1030,4650,2,2601
1030,4660,2,2607
1030,4660,4,2605
1030,4670,1,2606
1030,4650,3,2604
1030,4670,0,2603
1030,5003,0,2120
1030,5011,2,2114
1030,5011,2,2116
1030,4500,0,2313
1030,4340,0,2301
1030,4350,1,2308
1031,3800,1,2124
1031,5002,0,2107
1031,5001,1,2100
1031,5002,0,2117
1031,3810,0,2101
1031,5010,0,2114
1031,5011,2,2112
1031,5010,3,2111
1031,5011,2,2103
1031,3400,2,2116
1031,3410,3,2108
1031,3410,4,2110
1031,3400,2,2106
1031,4401,0,2356
1031,4100,0,2313
1031,4100,0,2302
1031,4100,0,2308
1031,4500,0,2310
1031,4000,4,2312
1031,4340,1,2300
1031,4300,0,2301
1031,4682,0,2757
1031,4674,0,2756
1031,4941,0,2190
1031,4664,0,2755
1031,4653,0,2760
1031,4666,0,2762
1031,4668,0,2753
1031,4671,0,2763
1031,4659,0,2754
1031,4662,0,2761
1031,4672,0,2759
1031,4677,0,2750
1031,4657,0,2758
1031,4680,1,2607
1031,4660,5,2603
1031,4670,4,2606
1031,4650,2,2601
1031,4660,2,2604
1031,4650,3,2605
1031,4670,1,2602
1031,5010,3,2104
1031,3410,4,2113
1031,3400,2,2109
1031,3790,0,2314
1031,4000,5,2307
1031,4000,0,2305
1032,3810,1,2121
1032,5004,0,2111
1032,5006,0,2108
1032,5004,0,2114
1032,3800,1,2112
1032,5010,3,2106
1032,5011,2,2103
1032,5011,3,2109
1032,5011,2,2120
1032,3210,1,2100
1032,3200,0,2117
1032,3210,0,2116
1032,3200,0,2110
1032,4341,1,2350
1032,4100,0,2310
1032,4100,0,2312
1032,4100,0,2308
1032,4500,0,2305
1032,4000,9,2313
1032,4340,1,2314
1032,4300,1,2301
1032,4691,0,2757
1032,4663,0,2756
1032,4943,0,2190
1032,4666,0,2754
1032,4654,0,2750
1032,4668,0,2762
1032,4667,0,2755
1032,4659,0,2763
1032,4551,0,2759
1032,4657,0,2761
1032,4669,0,2758
1032,4672,0,2760
1032,4662,0,2753
1032,4680,0,2606
1032,4670,2,2607
1032,4670,0,2601
1032,4660,6,2603
1032,4650,5,2605
1032,4650,4,2604
1032,4660,5,2602
1032,5004,0,2107
1032,5004,0,2104
1032,3800,1,2113
1032,3790,0,2302
1032,4500,0,2306
1032,4000,2,2307
1033,3030,0,2121
1033,5006,0,2117
1033,5001,1,2107
1033,5001,1,2116
1033,3000,1,2110
1033,5010,2,2112
1033,5011,2,2113
1033,5010,4,2106
1033,5010,4,2114
1033,3400,2,2120
1033,3410,1,2108
1033,3410,3,2100
1033,3410,1,2109
1033,4101,0,2350
1033,4100,0,2312
1033,4100,0,2305
1033,4100,0,2301
1033,4500,0,2308
1033,4000,3,2314
1033,4300,0,2307
1033,4350,1,2313
1033,4682,0,2757
1033,4668,0,2756
1033,4941,0,2190
1033,4667,0,2761
1033,4654,0,2754
1033,4653,0,2755
1033,4663,0,2750
1033,4655,0,2758
1033,4662,0,2763
1033,4657,0,2760
1033,4665,0,2753
1033,4677,0,2759
1033,4669,0,2762
1033,5305,0,2528
1033,5305,0,2522
1033,5305,0,2530
1033,5305,0,2529
1033,5305,0,2525
1033,5305,0,2521
1033,5305,0,2523
1033,5305,0,2527
1033,4670,3,2605
1033,4660,2,2604
1033,4660,4,2601
1033,4650,5,2607
1033,4660,3,2606
1033,4670,0,2602
1033,4650,4,2603
1033,4940,0,2718
1033,5006,0,2104
1033,3030,0,2103
1033,5010,4,2111
1033,4350,1,2306
1033,4350,1,2310
1033,4350,1,2302
1033,5305,0,2524
1033,5305,0,2520
1034,3030,1,2121
1034,5000,1,2109
1034,5002,0,2111
1034,5002,0,2107
1034,3030,0,2100
1034,5010,2,2120
1034,5010,3,2106
1034,5011,3,2117
1034,5010,2,2113
1034,3400,2,2116
1034,3410,2,2110
1034,3410,0,2112
1034,3410,0,2103
1034,4501,0,2350
1034,4100,0,2314
1034,4100,0,2301
1034,4100,0,2302
1034,4500,0,2313
1034,4000,4,2306
1034,4340,0,2305
1034,4350,1,2310
1034,4691,0,2757
1034,4667,0,2756
1034,4943,0,2190
1034,4668,0,2754
1034,4674,0,2750
1034,4652,0,2755
1034,4653,0,2759
1034,4659,0,2760
1034,4662,0,2763
1034,4655,0,2753
1034,4669,0,2761
1034,4651,0,2758
1034,4551,0,2762
1034,4650,3,2604
1034,4660,3,2602
1034,4650,5,2605
1034,4670,0,2607
1034,4660,6,2601
1034,4660,5,2606
1034,4670,4,2603
1034,5000,1,2104
1034,5000,1,2108
1034,3400,2,2114
1034,4000,5,2308
1034,4000,3,2307
1034,4340,0,2312
1035,5242,0,1107
1035,5255,0,1110
1035,5246,0,1108
1035,5252,0,1109
1035,5357,0,1142
1035,4930,2,1114
1035,4929,2,1115
1035,4920,2,1116
1035,4928,2,1111
1035,4921,2,1112
1035,4926,2,1113
1035,4665,0,1165
1035,4671,0,1159
1035,4672,0,1162
1035,4655,0,1158
1035,4551,0,1161
1035,4669,0,1157
1035,4657,0,1164
1035,4653,0,1163
1035,4666,0,1155
1035,4652,0,1160
1035,4667,0,1156
1035,5100,0,1153
1035,5100,0,1152
1035,4664,0,1103
1035,5382,0,1136
1035,4940,0,1172
1035,5110,8,1151
1035,5115,0,1150
1035,5399,0,1212
1036,5242,0,1107
1036,5257,0,1110
1036,5245,0,1108
1036,5250,0,1109
1036,5354,0,1142
1036,4990,2,1114
1036,4860,2,1115
1036,4923,2,1116
1036,4800,2,1111
1036,4910,2,1112
1036,4918,2,1113
1036,4669,0,1163
1036,4655,0,1158
1036,4672,0,1165
1036,4651,0,1157
1036,4657,0,1164
1036,4659,0,1160
1036,4551,0,1161
1036,4654,0,1156
1036,4674,0,1159
1036,4656,0,1155
1036,4664,0,1162
1036,5100,0,1153
1036,5100,0,1152
1036,5110,6,1151
1036,5110,7,1150
1036,4667,0,1103
1036,5380,0,1136
1037,5242,0,1107
1037,5255,0,1110
1037,5246,0,1108
1037,5252,0,1109
1037,5357,0,1142
1037,4928,2,1114
1037,4924,2,1115
1037,4925,2,1116
1037,4917,2,1111
1037,4830,2,1112
1037,4921,2,1113
1037,4665,0,1159
1037,4551,0,1158
1037,4651,0,1155
1037,4655,0,1161
1037,4677,0,1164
1037,4671,0,1162
1037,4672,0,1163
1037,4652,0,1156
1037,4663,0,1165
1037,4666,0,1160
1037,4654,0,1157
1037,5100,0,1150
1037,5100,0,1153
1037,5110,8,1152
1037,5110,9,1151
1037,4664,0,1103
1037,5380,0,1136
1037,4940,0,1172
1038,5240,0,1107
1038,5255,0,1110
1038,5246,0,1108
1038,5250,0,1109
1038,5354,0,1142
1038,4929,2,1114
1038,4928,2,1115
1038,4860,2,1116
1038,4780,2,1111
1038,4840,2,1112
1038,4926,2,1113
1038,4659,0,1157
1038,4657,0,1164
1038,4669,0,1158
1038,4655,0,1163
1038,4671,0,1155
1038,4651,0,1160
1038,4551,0,1165
1038,4656,0,1159
1038,4654,0,1162
1038,4668,0,1156
1038,4674,0,1161
1038,5100,0,1153
1038,5100,0,1150
1038,5110,0,1152
1038,4663,0,1103
1038,5382,0,1136
1038,5115,0,1151
1039,5240,0,1107
1039,5257,0,1110
1039,5246,0,1108
1039,5252,0,1109
1039,5354,0,1142
1039,4929,2,1114
1039,4920,2,1115
1039,4926,2,1116
1039,4790,2,1111
1039,4918,2,1112
1039,4850,2,1113
1039,4655,0,1161
1039,4659,0,1155
1039,4665,0,1159
1039,4551,0,1158
1039,4651,0,1157
1039,4672,0,1164
1039,4657,0,1156
1039,4653,0,1162
1039,4663,0,1160
1039,4674,0,1165
1039,4667,0,1163
1039,5100,0,1150
1039,5100,0,1153
1039,5115,0,1151
1039,4666,0,1103
1039,5380,0,1136
1039,5110,3,1152
1039,5399,0,1210
1040,3800,1,2129
1040,5000,1,2106
1040,5005,0,2110
1040,5000,1,2116
1040,3810,0,2104
1040,5011,6,2113
1040,5011,2,2114
1040,5011,4,2120
1040,5011,4,2107
1040,3200,0,2103
1040,3210,2,2117
1040,3210,1,2100
1040,3200,0,2109
1040,4301,1,2364
1040,4100,0,2312
1040,4100,0,2307
1040,4100,0,2300
1040,4500,0,2310
1040,4000,7,2306
1040,4300,0,2305
1040,4340,1,2302
1040,4695,0,2757
1040,4663,0,2756
1040,4942,0,2190
1040,4653,0,2761
1040,4664,0,2763
1040,4668,0,2758
1040,4658,0,2753
1040,4657,0,2760
1040,4665,0,2750
1040,4672,0,2759
1040,4671,0,2762
1040,4651,0,2755
1040,4655,0,2754
1040,5300,0,2528
1040,5300,0,2522
1040,5300,0,2524
1040,5300,0,2530
1040,5300,0,2523
1040,5300,0,2525
1040,5300,0,2521
1040,5300,0,2527
1040,4670,4,2605
1040,4670,3,2606
1040,4660,5,2604
1040,4650,3,2601
1040,4650,2,2602
1040,4660,6,2607
1040,4660,3,2603
1040,5000,1,2101
1040,5000,1,2108
1040,5011,6,2112
1040,3790,0,2301
1040,4340,1,2308
1040,4340,1,2313
1040,5300,0,2529
1040,5300,0,2520
1041,3810,1,2121
1041,5005,0,2114
1041,5002,0,2120
1041,5005,0,2108
1041,3810,0,2109
1041,5011,3,2113
1041,5010,3,2110
1041,5010,2,2104
1041,5011,3,2106
1041,3210,0,2100
1041,3220,0,2111
1041,3200,0,2103
1041,3220,0,2112
1041,4301,1,2350
1041,4100,0,2301
1041,4100,0,2314
1041,4100,0,2308
1041,4500,0,2302
1041,4000,2,2310
1041,4300,1,2305
1041,4340,0,2306
1041,4681,0,2757
1041,4654,0,2756
1041,4943,0,2190
1041,4652,0,2760
1041,4658,0,2762
1041,4666,0,2761
1041,4663,0,2758
1041,4662,0,2763
1041,4677,0,2754
1041,4671,0,2755
1041,4657,0,2759
1041,4672,0,2750
1041,4651,0,2753
1041,4680,0,2607
1041,4670,4,2606
1041,4650,3,2605
1041,4650,2,2604
1041,4670,2,2602
1041,4660,6,2601
1041,4660,5,2603
1041,5005,0,2107
1041,5005,0,2117
1041,3810,0,2116
1041,3790,0,2312
1041,4500,0,2313
1041,4300,1,2307
1042,3810,0,2122
1042,5003,0,2113
1042,5001,1,2111
1042,5001,1,2101
1042,3800,0,2120
1042,5010,3,2108
1042,5011,4,2104
1042,5011,6,2106
1042,5011,6,2103
1042,3400,2,2110
1042,3430,0,2117
1042,3420,0,2114
1042,3420,0,2107
1042,4101,0,2351
1042,4100,0,2310
1042,4100,0,2300
1042,4100,0,2307
1042,4500,0,2314
1042,4000,9,2313
1042,4350,1,2302
1042,4340,1,2305
1042,4695,0,2757
1042,4664,0,2756
1042,4942,0,2190
1042,4666,0,2760
1042,4663,0,2761
1042,4653,0,2759
1042,4674,0,2750
1042,4677,0,2762
1042,4651,0,2758
1042,4662,0,2755
1042,4551,0,2753
1042,4672,0,2763
1042,4665,0,2754
1042,4650,2,2604
1042,4670,1,2603
1042,4650,5,2605
1042,4660,5,2606
1042,4670,2,2601
1042,4660,3,2607
1042,4660,6,2602
1042,3810,0,2109
1042,3430,0,2112
1042,3400,2,2116
1042,3790,0,2306
1042,4000,5,2312
1042,4000,6,2308
1043,3800,0,2122
1043,5005,0,2109
1043,5002,0,2103
1043,5005,0,2110
1043,3810,0,2107
1043,5010,0,2116
1043,5011,6,2120
1043,5011,4,2108
1043,5010,0,2117
1043,3220,1,2101
1043,3200,0,2113
1043,3210,2,2104
1043,3210,2,2112
1043,4341,0,2351
1043,4100,0,2307
1043,4100,0,2313
1043,4100,0,2308
1043,4500,0,2306
1043,4000,7,2302
1043,4300,1,2314
1043,4340,1,2305
1043,4695,0,2757
1043,4668,0,2756
1043,4941,0,2190
1043,4666,0,2755
1043,4654,0,2758
1043,4656,0,2753
1043,4664,0,2762
1043,4662,0,2761
1043,4677,0,2754
1043,4659,0,2763
1043,4651,0,2750
1043,4665,0,2760
1043,4551,0,2759
1043,4660,5,2606
1043,4670,4,2605
1043,4660,2,2607
1043,4650,2,2601
1043,4650,3,2604
1043,4660,4,2602
1043,4670,1,2603
1043,5005,0,2106
1043,5005,0,2111
1043,3800,0,2114
1043,4000,4,2312
1043,4340,1,2310
1043,4340,1,2300
1044,3810,0,2125
1044,5002,0,2111
1044,5001,1,2103
1044,5001,1,2120
1044,3800,1,2110
1044,5010,2,2112
1044,5011,3,2107
1044,5010,3,2101
1044,5011,3,2109
1044,3210,2,2114
1044,3220,0,2100
1044,3210,1,2113
1044,3210,1,2117
1044,4301,1,2357
1044,4100,0,2310
1044,4100,0,2313
1044,4100,0,2301
1044,4500,0,2308
1044,4000,0,2302
1044,4340,0,2306
1044,4340,1,2312
1044,4681,0,2757
1044,4664,0,2756
1044,4942,0,2190
1044,4667,0,2758
1044,4653,0,2762
1044,4654,0,2750
1044,4666,0,2760
1044,4662,0,2763
1044,4665,0,2753
1044,4669,0,2761
1044,4672,0,2755
1044,4677,0,2759
1044,4651,0,2754
1044,4670,1,2602
1044,4660,4,2606
1044,4650,3,2601
1044,4660,3,2607
1044,4650,2,2605
1044,4670,0,2604
1044,4660,6,2603
1044,5011,3,2116
1044,5011,3,2104
1044,3220,0,2106
1044,4000,7,2300
1044,4340,0,2314
1044,4340,0,2305
1045,5242,0,1107
1045,5255,0,1110
1045,5245,0,1108
1045,5252,0,1109
1045,5357,0,1142
1045,4929,2,1114
1045,4927,2,1115
1045,4860,2,1116
1045,4928,2,1111
1045,4926,2,1112
1045,4924,2,1113
1045,4669,0,1165
1045,4657,0,1156
1045,4551,0,1160
1045,4672,0,1164
1045,4655,0,1158
1045,4659,0,1157
1045,4651,0,1163
1045,4666,0,1162
1045,4652,0,1159
1045,4668,0,1155
1045,4654,0,1161
1045,5100,0,1150
1045,5100,0,1153
1045,4664,0,1103
1045,5382,0,1136
1045,5110,1,1152
1045,5115,0,1151
1046,5242,0,1107
1046,5255,0,1110
1046,5245,0,1108
1046,5250,0,1109
1046,5354,0,1142
1046,4990,2,1114
1046,4840,2,1115
1046,4850,2,1116
1046,4929,2,1111
1046,4917,2,1112
1046,4926,2,1113
1046,4672,0,1161
1046,4651,0,1165
1046,4657,0,1164
1046,4662,0,1158
1046,4659,0,1160
1046,4671,0,1162
1046,4669,0,1157
1046,4664,0,1159
1046,4674,0,1155
1046,4656,0,1163
1046,4667,0,1156
1046,5100,0,1152
1046,5100,0,1151
1046,4654,0,1103
1046,5382,0,1136
1046,5110,1,1150
1046,5115,0,1153
1047,5240,0,1107
1047,5257,0,1110
1047,5246,0,1108
1047,5250,0,1109
1047,5354,0,1142
1047,4929,2,1114
1047,4920,2,1115
1047,4830,2,1116
1047,4928,2,1111
1047,4927,2,1112
1047,4925,2,1113
1047,4651,0,1155
1047,4671,0,1161
1047,4669,0,1160
1047,4665,0,1158
1047,4655,0,1164
1047,4551,0,1157
1047,4657,0,1163
1047,4667,0,1159
1047,4656,0,1162
1047,4668,0,1165
1047,4666,0,1156
1047,5100,0,1153
1047,5100,0,1151
1047,5110,2,1150
1047,5110,3,1152
1047,4654,0,1103
1047,5380,0,1136
1047,5399,0,1213
1048,5242,0,1107
1048,5257,0,1110
1048,5246,0,1108
1048,5250,0,1109
1048,5357,0,1142
1048,4927,2,1114
1048,4850,2,1115
1048,4923,2,1116
1048,4990,2,1111
1048,4830,2,1112
1048,4918,2,1113
1048,4657,0,1163
1048,4551,0,1159
1048,4655,0,1155
1048,4672,0,1158
1048,4671,0,1157
1048,4662,0,1161
1048,4677,0,1160
1048,4667,0,1164
1048,4656,0,1156
1048,4654,0,1165
1048,4666,0,1162
1048,5100,0,1150
1048,5100,0,1153
1048,5105,1,1152
1048,4664,0,1103
1048,5380,0,1136
1048,5110,2,1151
1048,5399,0,1210
1049,5242,0,1107
1049,5255,0,1110
1049,5245,0,1108
1049,5252,0,1109
1049,5357,0,1142
1049,4929,2,1114
1049,4927,2,1115
1049,4924,2,1116
1049,4790,2,1111
1049,4880,2,1112
1049,4850,2,1113
1049,4662,0,1164
1049,4669,0,1158
1049,4671,0,1163
1049,4657,0,1155
1049,4672,0,1160
1049,4651,0,1157
1049,4551,0,1156
1049,4667,0,1165
1049,4653,0,1159
1049,4664,0,1162
1049,4674,0,1161
1049,5100,0,1150
1049,5100,0,1152
1049,4654,0,1103
1049,5382,0,1136
1049,5110,3,1153
1049,5115,0,1151
1050,3030,0,2128
1050,5003,0,2113
1050,5004,0,2107
1050,5004,0,2120
1050,3000,0,2100
1050,5010,3,2108
1050,5011,4,2106
1050,5010,4,2109
1050,5010,3,2116
1050,3410,4,2104
1050,3430,0,2110
1050,3400,2,2103
1050,3410,4,2112
1050,4101,0,2362
1050,4100,0,2300
1050,4100,0,2313
1050,4100,0,2307
1050,4500,0,2314
1050,4000,2,2301
1050,4300,0,2310
1050,4350,1,2302
1050,4695,0,2757
1050,4666,0,2756
1050,4942,0,2190
1050,4667,0,2754
1050,4663,0,2753
1050,4664,0,2760
1050,4656,0,2763
1050,4657,0,2755
1050,4551,0,2750
1050,4677,0,2762
1050,4671,0,2759
1050,4651,0,2761
1050,4665,0,2758
1050,5300,0,2526
1050,5300,0,2523
1050,5300,0,2525
1050,5300,0,2528
1050,5300,0,2521
1050,5300,0,2530
1050,5300,0,2524
1050,5300,0,2527
1050,4660,6,2607
1050,4650,5,2601
1050,4650,2,2605
1050,4670,3,2603
1050,4670,4,2606
1050,4660,5,2604
1050,4660,4,2602
1050,5004,0,2111
1050,5003,0,2117
1050,5010,3,2101
1050,4000,4,2305
1050,4350,1,2308
1050,4350,1,2306
1050,5300,0,2529
1050,5300,0,2520
1051,3000,0,2122
1051,5001,1,2110
1051,5003,0,2106
1051,5003,0,2109
1051,3000,1,2116
1051,5010,2,2108
1051,5010,3,2104
1051,5011,3,2117
1051,5010,3,2114
1051,3400,0,2101
1051,3410,0,2111
1051,3410,2,2107
1051,3410,0,2112
1051,4301,0,2351
1051,4100,0,2305
1051,4100,0,2314
1051,4100,0,2302
1051,4500,0,2306
1051,4000,9,2307
1051,4300,0,2310
1051,4350,1,2308
1051,4682,0,2757
1051,4663,0,2756
1051,4943,0,2190
1051,4664,0,2759
1051,4653,0,2762
1051,4667,0,2755
1051,4668,0,2760
1051,4659,0,2753
1051,4551,0,2754
1051,4657,0,2763
1051,4665,0,2750
1051,4671,0,2761
1051,4669,0,2758
1051,4680,2,2607
1051,4660,2,2605
1051,4670,4,2602
1051,4660,3,2601
1051,4650,4,2606
1051,4670,3,2604
1051,4650,3,2603
1051,5001,1,2103
1051,5001,1,2120
1051,3000,0,2113
1051,4500,0,2313
1051,4300,0,2300
1051,4350,1,2312
1052,3030,0,2125
1052,5005,0,2113
1052,5004,0,2116
1052,5004,0,2112
1052,3000,1,2114
1052,5010,0,2111
1052,5011,4,2120
1052,5010,4,2100
1052,5010,0,2106
1052,3220,1,2107
1052,3220,0,2101
1052,3200,1,2110
1052,3220,1,2104
1052,4101,0,2357
1052,4100,0,2301
1052,4100,0,2313
1052,4100,0,2305
1052,4500,0,2302
1052,4000,2,2308
1052,4340,0,2314
1052,4340,1,2310
1052,4682,0,2757
1052,4654,0,2756
1052,4943,0,2190
1052,4674,0,2760
1052,4667,0,2762
1052,4666,0,2755
1052,4658,0,2758
1052,4655,0,2754
1052,4662,0,2750
1052,4677,0,2763
1052,4551,0,2759
1052,4657,0,2761
1052,4669,0,2753
1052,4660,4,2603
1052,4660,5,2605
1052,4660,3,2606
1052,4670,1,2607
1052,4650,5,2601
1052,4650,3,2604
1052,4670,0,2602
1052,5004,0,2109
1052,3200,1,2103
1052,3220,1,2117
1052,3790,0,2306
1052,4500,0,2312
1052,4000,3,2300
1053,3800,0,2128
1053,5002,0,2112
1053,5000,1,2103
1053,5002,0,2113
1053,3810,0,2111
1053,5011,6,2106
1053,5011,3,2110
1053,5010,2,2120
1053,5011,6,2117
1053,3220,1,2100
1053,3210,0,2107
1053,3200,0,2108
1053,3200,0,2109
1053,4501,0,2362
1053,4100,0,2305
1053,4100,0,2308
1053,4100,0,2314
1053,4500,0,2306
1053,4000,6,2313
1053,4340,1,2310
1053,4350,1,2307
1053,4695,0,2757
1053,4653,0,2756
1053,4942,0,2190
1053,4658,0,2754
1053,4674,0,2760
1053,4668,0,2755
1053,4654,0,2761
1053,4671,0,2750
1053,4651,0,2763
1053,4659,0,2758
1053,4655,0,2759
1053,4672,0,2753
1053,4551,0,2762
1053,4670,3,2605
1053,4660,4,2603
1053,4660,6,2604
1053,4650,2,2601
1053,4660,5,2606
1053,4670,0,2607
1053,4650,5,2602
1053,4940,0,2711
1053,5000,1,2116
1053,5002,0,2104
1053,3800,0,2101
1053,4000,7,2300
1053,4000,2,2301
1053,4350,1,2302
1054,3030,0,2127
1054,5006,0,2114
1054,5005,0,2110
1054,5006,0,2120
1054,3000,0,2116
1054,5011,3,2113
1054,5010,3,2109
1054,5010,0,2111
1054,5011,3,2104
1054,3400,1,2101
1054,3410,1,2117
1054,3410,4,2108
1054,3410,4,2107
1054,4301,0,2360
1054,4100,0,2306
1054,4100,0,2314
1054,4100,0,2300
1054,4500,0,2308
1054,4000,7,2313
1054,4350,1,2312
1054,4300,0,2307
1054,4686,0,2757
1054,4656,0,2756
1054,4941,0,2190
1054,4653,0,2753
1054,4667,0,2762
1054,4666,0,2761
1054,4658,0,2759
1054,4669,0,2755
1054,4662,0,2758
1054,4665,0,2750
1054,4677,0,2760
1054,4551,0,2763
1054,4672,0,2754
1054,4650,3,2601
1054,4660,4,2603
1054,4670,3,2607
1054,4660,6,2604
1054,4660,2,2606
1054,4670,1,2605
1054,4650,4,2602
1054,5005,0,2103
1054,5011,3,2106
1054,3410,1,2100
1054,4000,0,2305
1054,4000,4,2301
1054,4350,1,2302
1055,5240,0,1107
1055,5257,0,1110
1055,5245,0,1108
1055,5252,0,1109
1055,5357,0,1142
1055,4929,2,1114
1055,4924,2,1115
1055,4840,2,1116
1055,4810,2,1111
1055,4830,2,1112
1055,4850,2,1113
1055,4655,0,1163
1055,4672,0,1157
1055,4671,0,1160
1055,4659,0,1155
1055,4665,0,1164
1055,4551,0,1158
1055,4669,0,1156
1055,4664,0,1162
1055,4663,0,1159
1055,4653,0,1165
1055,4674,0,1161
1055,5100,0,1153
1055,5100,0,1152
1055,5110,4,1151
1055,4654,0,1103
1055,5380,0,1136
1055,5105,0,1150
1055,5399,0,1213
1056,5240,0,1107
1056,5257,0,1110
1056,5246,0,1108
1056,5252,0,1109
1056,5357,0,1142
1056,4928,2,1114
1056,4918,2,1115
1056,4860,2,1116
1056,4800,2,1111
1056,4923,2,1112
1056,4840,2,1113
1056,4659,0,1155
1056,4651,0,1160
1056,4665,0,1164
1056,4655,0,1163
1056,4671,0,1157
1056,4677,0,1158
1056,4672,0,1159
1056,4656,0,1161
1056,4666,0,1165
1056,4667,0,1156
1056,4654,0,1162
1056,5115,0,1152
1056,5100,0,1151
1056,5100,0,1153
1056,4652,0,1103
1056,5380,0,1136
1056,4940,0,1170
1056,5110,7,1150
1056,5399,0,1211
1057,5240,0,1107
1057,5257,0,1110
1057,5246,0,1108
1057,5250,0,1109
1057,5354,0,1142
1057,4927,2,1114
1057,4850,2,1115
1057,4925,2,1116
1057,4910,2,1111
1057,4917,2,1112
1057,4920,2,1113
1057,4651,0,1160
1057,4672,0,1158
1057,4665,0,1157
1057,4662,0,1164
1057,4659,0,1165
1057,4551,0,1163
1057,4655,0,1161
1057,4656,0,1159
1057,4674,0,1162
1057,4663,0,1155
1057,4664,0,1156
1057,5100,0,1152
1057,5100,0,1151
1057,5105,1,1150
1057,4667,0,1103
1057,5380,0,1136
1057,5110,4,1153
1058,5242,0,1107
1058,5255,0,1110
1058,5245,0,1108
1058,5252,0,1109
1058,5354,0,1142
1058,4990,2,1114
1058,4920,2,1115
1058,4923,2,1116
1058,4790,2,1111
1058,4850,2,1112
1058,4880,2,1113
1058,4655,0,1156
1058,4665,0,1165
1058,4551,0,1158
1058,4662,0,1159
1058,4669,0,1163
1058,4657,0,1160
1058,4651,0,1157
1058,4653,0,1161
1058,4664,0,1164
1058,4652,0,1155
1058,4654,0,1162
1058,5100,0,1152
1058,5100,0,1153
1058,5110,5,1151
1058,5110,6,1150
1058,4668,0,1103
1058,5382,0,1136
1058,5399,0,1211
1059,5240,0,1107
1059,5255,0,1110
1059,5246,0,1108
1059,5252,0,1109
1059,5354,0,1142
1059,4927,2,1114
1059,4928,2,1115
1059,4920,2,1116
1059,4930,2,1111
1059,4830,2,1112
1059,4918,2,1113
1059,4677,0,1159
1059,4671,0,1155
1059,4672,0,1158
1059,4665,0,1163
1059,4657,0,1157
1059,4651,0,1161
1059,4551,0,1156
1059,4654,0,1165
1059,4674,0,1164
1059,4666,0,1162
1059,4667,0,1160
1059,5100,0,1153
1059,5100,0,1151
1059,5110,7,1150
1059,4656,0,1103
1059,5382,0,1136
1059,5105,0,1152
1060,3800,0,2126
1060,5005,0,2116
1060,5000,1,2109
1060,5005,0,2110
1060,3800,1,2113
1060,5011,2,2103
1060,5010,2,2120
1060,5011,6,2112
1060,5011,2,2114
1060,3210,1,2117
1060,3200,1,2100
1060,3200,0,2107
1060,3200,1,2106
1060,4401,0,2358
1060,4100,0,2302
1060,4100,0,2310
1060,4100,0,2305
1060,4500,0,2314
1060,4000,6,2313
1060,4340,0,2312
1060,4300,0,2301
1060,4687,0,2757
1060,4653,0,2756
1060,4942,0,2190
1060,4654,0,2759
1060,4664,0,2760
1060,4667,0,2750
1060,4668,0,2755
1060,4659,0,2758
1060,4665,0,2762
1060,4651,0,2761
1060,4662,0,2753
1060,4677,0,2754
1060,4655,0,2763
1060,4660,6,2607
1060,4670,4,2602
1060,4660,3,2604
1060,4650,2,2601
1060,4650,3,2605
1060,4660,4,2606
1060,4670,2,2603
1060,4940,0,2717
1060,3800,0,2111
1060,3210,1,2104
1060,3210,1,2101
1060,3790,0,2300
1060,4500,0,2307
1060,4300,0,2306
1061,3800,1,2128
1061,5004,0,2109
1061,5002,0,2113
1061,5004,0,2108
1061,3810,0,2120
1061,5010,0,2116
1061,5010,3,2107
1061,5011,2,2100
1061,5010,0,2103
1061,3200,0,2104
1061,3210,1,2112
1061,3220,1,2106
1061,3220,1,2110
1061,4341,1,2362
1061,4100,0,2302
1061,4100,0,2314
1061,4100,0,2301
1061,4500,0,2305
1061,4000,0,2310
1061,4300,0,2307
1061,4340,1,2300
1061,4688,0,2757
1061,4656,0,2756
1061,4941,0,2190
1061,4668,0,2758
1061,4653,0,2755
1061,4654,0,2762
1061,4667,0,2753
1061,4671,0,2761
1061,4672,0,2750
1061,4677,0,2754
1061,4657,0,2763
1061,4655,0,2759
1061,4665,0,2760
1061,5300,0,2530
1061,5300,0,2526
1061,5300,0,2524
1061,5300,0,2529
1061,5300,0,2528
1061,5300,0,2521
1061,5300,0,2520
1061,5300,0,2525
1061,4660,4,2602
1061,4650,5,2605
1061,4660,6,2606
1061,4660,5,2604
1061,4670,3,2601
1061,4670,4,2607
1061,4650,2,2603
1061,3810,0,2111
1061,5011,2,2117
1061,3210,1,2101
1061,4500,0,2313
1061,4000,6,2308
1061,4340,1,2306
1061,5300,0,2527
1061,5300,0,2522
1062,3000,0,2124
1062,5004,0,2103
1062,5003,0,2112
1062,5003,0,2111
1062,3030,1,2100
1062,5011,3,2114
1062,5010,0,2106
1062,5010,2,2110
1062,5011,3,2117
1062,3400,2,2109
1062,3410,3,2113
1062,3410,2,2101
1062,3410,2,2116
1062,4101,0,2356
1062,4100,0,2307
1062,4100,0,2300
1062,4100,0,2310
1062,4500,0,2308
1062,4000,6,2301
1062,4340,1,2313
1062,4300,0,2305
1062,4681,0,2757
1062,4656,0,2756
1062,4943,0,2190
1062,4652,0,2758
1062,4654,0,2761
1062,4666,0,2753
1062,4674,0,2762
1062,4677,0,2755
1062,4669,0,2763
1062,4651,0,2760
1062,4662,0,2754
1062,4659,0,2759
1062,4665,0,2750
1062,4670,4,2604
1062,4660,4,2601
1062,4650,4,2605
1062,4660,6,2606
1062,4670,0,2607
1062,4650,5,2603
1062,4660,3,2602
1062,5011,3,2104
1062,3400,2,2107
1062,3400,2,2108
1062,4000,0,2314
1062,4340,1,2302
1062,4340,1,2312
1063,3810,0,2129
1063,5001,1,2117
1063,5000,1,2100
1063,5000,1,2110
1063,3800,0,2103
1063,5011,4,2120
1063,5010,2,2108
1063,5010,4,2109
1063,5011,4,2116
1063,3220,1,2106
1063,3210,1,2112
1063,3210,2,2104
1063,3220,1,2101
1063,4301,0,2364
1063,4100,0,2305
1063,4100,0,2302
1063,4100,0,2313
1063,4500,0,2307
1063,4000,0,2300
1063,4340,1,2312
1063,4340,0,2308
1063,4688,0,2757
1063,4667,0,2756
1063,4943,0,2190
1063,4652,0,2763
1063,4666,0,2761
1063,4674,0,2759
1063,4654,0,2750
1063,4662,0,2754
1063,4672,0,2762
1063,4677,0,2760
1063,4551,0,2755
1063,4671,0,2753
1063,4651,0,2758
1063,4660,3,2601
1063,4670,3,2605
1063,4660,5,2602
1063,4650,4,2606
1063,4660,6,2604
1063,4650,2,2607
1063,4670,1,2603
1063,5000,1,2107
1063,5000,1,2113
1063,3810,0,2114
1063,3790,0,2310
1063,4000,2,2306
1063,4000,6,2301
1064,3000,1,2126
1064,5006,0,2116
1064,5000,1,2112
1064,5006,0,2103
1064,3030,0,2101
1064,5011,3,2110
1064,5010,2,2120
1064,5011,6,2107
1064,5011,3,2114
1064,3210,0,2106
1064,3210,2,2113
1064,3200,1,2109
1064,3210,2,2111
1064,4302,0,2358
1064,4100,0,2306
1064,4100,0,2301
1064,4100,0,2313
1064,4500,0,2305
1064,4000,8,2310
1064,4340,0,2312
1064,4340,1,2300
1064,4688,0,2757
1064,4668,0,2756
1064,4941,0,2190
1064,4663,0,2750
1064,4658,0,2763
1064,4674,0,2758
1064,4666,0,2753
1064,4665,0,2759
1064,4677,0,2754
1064,4662,0,2762
1064,4655,0,2760
1064,4672,0,2761
1064,4651,0,2755
1064,4670,4,2605
1064,4660,3,2603
1064,4660,4,2606
1064,4670,3,2601
1064,4660,5,2607
1064,4650,2,2604
1064,4650,3,2602
1064,5000,1,2104
1064,5011,6,2100
1064,3200,1,2117
1064,3790,0,2307
1064,4000,6,2302
1064,4340,0,2314
1065,5242,0,1107
1065,5255,0,1110
1065,5245,0,1108
1065,5252,0,1109
1065,5357,0,1142
1065,4929,2,1114
1065,4920,2,1115
1065,4860,2,1116
1065,4927,2,1111
1065,4923,2,1112
1065,4918,2,1113
1065,4651,0,1158
1065,4551,0,1163
1065,4672,0,1159
1065,4659,0,1165
1065,4657,0,1157
1065,4665,0,1161
1065,4671,0,1162
1065,4654,0,1160
1065,4664,0,1156
1065,4667,0,1164
1065,4674,0,1155
1065,5100,0,1151
1065,5100,0,1153
1065,5110,8,1150
1065,4652,0,1103
1065,5382,0,1136
1065,5115,0,1152
1065,5399,0,1212
1066,5240,0,1107
1066,5255,0,1110
1066,5246,0,1108
1066,5250,0,1109
1066,5357,0,1142
1066,4927,2,1114
1066,4860,2,1115
1066,4921,2,1116
1066,4810,2,1111
1066,4926,2,1112
1066,4850,2,1113
1066,4651,0,1161
1066,4671,0,1164
1066,4551,0,1155
1066,4657,0,1158
1066,4677,0,1160
1066,4672,0,1162
1066,4662,0,1165
1066,4664,0,1163
1066,4666,0,1159
1066,4656,0,1157
1066,4654,0,1156
1066,5100,0,1152
1066,5100,0,1150
1066,5110,9,1151
1066,4668,0,1103
1066,5382,0,1136
1066,5105,0,1153
1066,5399,0,1213
1067,5242,0,1107
1067,5255,0,1110
1067,5246,0,1108
1067,5252,0,1109
1067,5357,0,1142
1067,4917,2,1114
1067,4918,2,1115
1067,4830,2,1116
1067,4930,2,1111
1067,4927,2,1112
1067,4920,2,1113
1067,4669,0,1157
1067,4657,0,1159
1067,4665,0,1158
1067,4671,0,1155
1067,4672,0,1163
1067,4551,0,1165
1067,4655,0,1160
1067,4654,0,1162
1067,4656,0,1164
1067,4663,0,1156
1067,4653,0,1161
1067,5100,0,1152
1067,5100,0,1151
1067,4674,0,1103
1067,5380,0,1136
1067,5110,0,1150
1067,5115,0,1153
1067,5399,0,1210
1068,5242,0,1107
1068,5255,0,1110
1068,5246,0,1108
1068,5252,0,1109
1068,5354,0,1142
1068,4927,2,1114
1068,4929,2,1115
1068,4840,2,1116
1068,4910,2,1111
1068,4917,2,1112
1068,4924,2,1113
1068,4657,0,1165
1068,4672,0,1158
1068,4662,0,1159
1068,4671,0,1163
1068,4651,0,1157
1068,4669,0,1164
1068,4659,0,1156
1068,4674,0,1155
1068,4667,0,1162
1068,4663,0,1160
1068,4664,0,1161
1068,5100,0,1150
1068,5100,0,1152
1068,4653,0,1103
1068,5382,0,1136
1068,5105,0,1151
1068,5110,0,1153
1069,5242,0,1107
1069,5255,0,1110
1069,5246,0,1108
1069,5250,0,1109
1069,5354,0,1142
1069,4927,2,1114
1069,4990,2,1115
1069,4926,2,1116
1069,4810,2,1111
1069,4923,2,1112
1069,4840,2,1113
1069,4669,0,1155
1069,4671,0,1163
1069,4665,0,1164
1069,4551,0,1157
1069,4651,0,1160
1069,4659,0,1158
1069,4677,0,1156
1069,4674,0,1159
1069,4656,0,1165
1069,4653,0,1161
1069,4668,0,1162
1069,5100,0,1151
1069,5100,0,1153
1069,5110,1,1152
1069,4667,0,1103
1069,5380,0,1136
1069,5115,0,1150
1070,3800,0,2127
1070,5002,0,2116
1070,5004,0,2113
1070,5002,0,2101
1070,3800,1,2110
1070,5011,6,2104
1070,5010,0,2114
1070,5010,3,2111
1070,5010,3,2103
1070,3410,2,2108
1070,3410,4,2107
1070,3400,0,2100
1070,3400,0,2117
1070,4301,0,2360
1070,4100,0,2302
1070,4100,0,2307
1070,4100,0,2300
1070,4500,0,2313
1070,4000,2,2301
1070,4340,1,2306
1070,4340,0,2314
1070,4695,0,2757
1070,4664,0,2756
1070,4943,0,2190
1070,4656,0,2762
1070,4666,0,2760
1070,4658,0,2758
1070,4674,0,2761
1070,4551,0,2763
1070,4671,0,2755
1070,4672,0,2759
1070,4659,0,2750
1070,4662,0,2753
1070,4651,0,2754
1070,5300,0,2528
1070,5300,0,2520
1070,5300,0,2529
1070,5300,0,2522
1070,5300,0,2530
1070,5300,0,2527
1070,5300,0,2521
1070,5300,0,2525
1070,4660,4,2605
1070,4670,3,2601
1070,4660,5,2604
1070,4660,2,2607
1070,4650,2,2602
1070,4670,2,2606
1070,4650,3,2603
1070,5010,3,2120
1070,3410,4,2109
1070,3400,0,2106
1070,3790,0,2308
1070,4500,0,2305
1070,4000,5,2312
1070,5300,0,2524
1070,5300,0,2523
1071,3800,0,2124
1071,5006,0,2106
1071,5000,1,2108
1071,5006,0,2111
1071,3810,1,2112
1071,5010,4,2100
1071,5010,0,2109
1071,5011,6,2116
1071,5010,4,2107
1071,3200,1,2101
1071,3220,1,2117
1071,3210,2,2104
1071,3210,2,2113
1071,4341,1,2356
1071,4100,0,2301
1071,4100,0,2308
1071,4100,0,2314
1071,4500,0,2310
1071,4000,8,2307
1071,4300,1,2300
1071,4350,1,2302
1071,4682,0,2757
1071,4664,0,2756
1071,4943,0,2190
1071,4668,0,2761
1071,4656,0,2754
1071,4666,0,2750
1071,4663,0,2759
1071,4659,0,2760
1071,4655,0,2763
1071,4672,0,2753
1071,4665,0,2755
1071,4657,0,2758
1071,4669,0,2762
1071,4680,0,2606
1071,4670,0,2601
1071,4660,6,2602
1071,4650,2,2607
1071,4650,4,2605
1071,4660,4,2604
1071,4670,3,2603
1071,5000,1,2114
1071,5006,0,2103
1071,3800,0,2110
1071,4500,0,2312
1071,4000,1,2305
1071,4300,1,2313
1072,3810,0,2126
1072,5001,1,2100
1072,5005,0,2103
1072,5005,0,2107
1072,3810,1,2112
1072,5010,3,2110
1072,5010,4,2113
1072,5011,6,2116
1072,5010,4,2106
1072,3200,0,2117
1072,3220,1,2109
1072,3210,1,2120
1072,3210,1,2104
1072,4501,0,2358
1072,4100,0,2301
1072,4100,0,2300
1072,4100,0,2305
1072,4500,0,2306
1072,4000,6,2312
1072,4340,0,2302
1072,4300,1,2310
1072,4681,0,2757
1072,4656,0,2756
1072,4941,0,2190
1072,4666,0,2758
1072,4668,0,2755
1072,4674,0,2760
1072,4652,0,2753
1072,4659,0,2762
1072,4665,0,2761
1072,4655,0,2750
1072,4671,0,2754
1072,4657,0,2759
1072,4651,0,2763
1072,5305,0,2527
1072,5305,0,2522
1072,5305,0,2521
1072,5305,0,2525
1072,5305,0,2523
1072,5305,0,2530
1072,5305,0,2528
1072,5305,0,2529
1072,4680,2,2606
1072,4650,3,2601
1072,4670,1,2602
1072,4660,2,2605
1072,4660,4,2604
1072,4670,3,2607
1072,4650,4,2603
1072,3220,1,2101
1072,3220,1,2114
1072,3200,0,2111
1072,3790,0,2313
1072,4000,0,2314
1072,4000,2,2307
1072,5305,0,2524
1072,5305,0,2526
1073,3800,0,2129
1073,5006,0,2100
1073,5004,0,2109
1073,5004,0,2107
1073,3810,1,2101
1073,5011,2,2106
1073,5011,3,2112
1073,5011,6,2114
1073,5011,2,2110
1073,3210,2,2117
1073,3210,0,2104
1073,3200,1,2113
1073,3200,1,2120
1073,4301,0,2364
1073,4100,0,2301
1073,4100,0,2307
1073,4100,0,2305
1073,4500,0,2306
1073,4000,4,2313
1073,4340,0,2312
1073,4300,1,2300
1073,4681,0,2757
1073,4674,0,2756
1073,4943,0,2190
1073,4663,0,2760
1073,4658,0,2753
1073,4654,0,2750
1073,4667,0,2754
1073,4657,0,2763
1073,4669,0,2759
1073,4671,0,2761
1073,4659,0,2758
1073,4665,0,2755
1073,4655,0,2762
1073,4670,2,2605
1073,4670,1,2604
1073,4650,4,2603
1073,4660,4,2601
1073,4660,5,2607
1073,4650,5,2606
1073,4660,3,2602
1073,3800,0,2108
1073,5011,3,2103
1073,3210,0,2116
1073,4500,0,2308
1073,4000,5,2302
1073,4300,1,2310
1074,3800,0,2127
1074,5006,0,2104
1074,5001,1,2106
1074,5001,1,2108
1074,3810,0,2120
1074,5010,3,2117
1074,5011,3,2103
1074,5011,6,2101
1074,5010,3,2113
1074,3410,1,2107
1074,3400,2,2110
1074,3410,0,2116
1074,3410,0,2109
1074,4501,0,2360
1074,4100,0,2312
1074,4100,0,2301
1074,4100,0,2307
1074,4500,0,2306
1074,4000,3,2308
1074,4300,1,2314
1074,4340,0,2302
1074,4687,0,2757
1074,4668,0,2756
1074,4941,0,2190
1074,4658,0,2754
1074,4663,0,2762
1074,4654,0,2750
1074,4667,0,2753
1074,4669,0,2758
1074,4651,0,2755
1074,4657,0,2761
1074,4662,0,2760
1074,4671,0,2763
1074,4551,0,2759
1074,4680,0,2601
1074,4650,2,2604
1074,4660,3,2602
1074,4660,4,2607
1074,4670,0,2605
1074,4650,5,2606
1074,4670,4,2603
1074,5001,1,2111
1074,5006,0,2114
1074,3800,0,2100
1074,3790,0,2300
1074,4500,0,2305
1074,4000,6,2313
1075,5242,0,1107
1075,5255,0,1110
1075,5246,0,1108
1075,5252,0,1109
1075,5354,0,1142
1075,4917,2,1114
1075,4918,2,1115
1075,4926,2,1116
1075,4930,2,1111
1075,4910,2,1112
1075,4923,2,1113
1075,4669,0,1158
1075,4662,0,1159
1075,4657,0,1161
1075,4551,0,1155
1075,4672,0,1165
1075,4655,0,1163
1075,4671,0,1162
1075,4656,0,1156
1075,4664,0,1164
1075,4667,0,1160
1075,4653,0,1157
1075,5100,0,1150
1075,5100,0,1153
1075,5115,0,1152
1075,4663,0,1103
1075,5382,0,1136
1075,5110,5,1151
1076,5242,0,1107
1076,5257,0,1110
1076,5245,0,1108
1076,5250,0,1109
1076,5354,0,1142
1076,4930,2,1114
1076,4921,2,1115
1076,4920,2,1116
1076,4790,2,1111
1076,4928,2,1112
1076,4840,2,1113
1076,4665,0,1155
1076,4672,0,1157
1076,4551,0,1164
1076,4655,0,1158
1076,4651,0,1160
1076,4671,0,1163
1076,4677,0,1162
1076,4656,0,1161
1076,4653,0,1159
1076,4652,0,1165
1076,4667,0,1156
1076,5100,0,1151
1076,5100,0,1152
1076,5110,2,1153
1076,4654,0,1103
1076,5380,0,1136
1076,5105,0,1150
1077,5240,0,1107
1077,5257,0,1110
1077,5246,0,1108
1077,5250,0,1109
1077,5357,0,1142
1077,4990,2,1114
1077,4840,2,1115
1077,4830,2,1116
1077,4810,2,1111
1077,4924,2,1112
1077,4860,2,1113
1077,4672,0,1156
1077,4657,0,1159
1077,4677,0,1165
1077,4669,0,1158
1077,4551,0,1155
1077,4651,0,1162
1077,4665,0,1164
1077,4674,0,1163
1077,4667,0,1160
1077,4664,0,1157
1077,4654,0,1161
1077,5100,0,1150
1077,5100,0,1152
1077,4668,0,1103
1077,5380,0,1136
1077,5110,3,1151
1077,5115,0,1153
1078,5240,0,1107
1078,5255,0,1110
1078,5245,0,1108
1078,5250,0,1109
1078,5354,0,1142
1078,4927,2,1114
1078,4910,2,1115
1078,4921,2,1116
1078,4929,2,1111
1078,4917,2,1112
1078,4880,2,1113
1078,4665,0,1164
1078,4655,0,1160
1078,4671,0,1165
1078,4657,0,1156
1078,4662,0,1158
1078,4669,0,1155
1078,4672,0,1159
1078,4654,0,1163
1078,4663,0,1157
1078,4667,0,1162
1078,4664,0,1161
1078,5100,0,1152
1078,5100,0,1150
1078,4653,0,1103
1078,5380,0,1136
1078,5110,9,1151
1078,5105,0,1153
1078,5399,0,1211
1079,5242,0,1107
1079,5255,0,1110
1079,5245,0,1108
1079,5250,0,1109
1079,5357,0,1142
1079,4927,2,1114
1079,4920,2,1115
1079,4925,2,1116
1079,4929,2,1111
1079,4930,2,1112
1079,4850,2,1113
1079,4651,0,1164
1079,4551,0,1158
1079,4671,0,1163
1079,4672,0,1155
1079,4662,0,1160
1079,4665,0,1157
1079,4669,0,1162
1079,4668,0,1159
1079,4652,0,1161
1079,4663,0,1165
1079,4653,0,1156
1079,5100,0,1152
1079,5100,0,1151
1079,5110,4,1153
1079,4667,0,1103
1079,5382,0,1136
1079,5115,0,1150
1079,5399,0,1211
1080,3030,1,2128
1080,5006,0,2108
1080,5004,0,2100
1080,5004,0,2110
1080,3030,0,2109
1080,5010,3,2101
1080,5010,4,2106
1080,5011,6,2104
1080,5010,3,2116
1080,3220,1,2113
1080,3210,0,2120
1080,3220,0,2112
1080,3220,1,2107
1080,4401,0,2362
1080,4100,0,2307
1080,4100,0,2313
1080,4100,0,2306
1080,4500,0,2310
1080,4000,3,2305
1080,4300,1,2308
1080,4340,0,2300
1080,4688,0,2757
1080,4664,0,2756
1080,4941,0,2190
1080,4668,0,2762
1080,4674,0,2750
1080,4653,0,2754
1080,4666,0,2759
1080,4672,0,2755
1080,4551,0,2753
1080,4671,0,2758
1080,4665,0,2761
1080,4655,0,2763
1080,4677,0,2760
1080,4680,1,2601
1080,4670,3,2603
1080,4660,4,2607
1080,4650,2,2604
1080,4670,1,2605
1080,4660,6,2606
1080,4650,5,2602
1080,4940,0,2716
1080,5004,0,2103
1080,3220,0,2111
1080,3210,0,2117
1080,3790,0,2301
1080,4500,0,2302
1080,4000,2,2314
1081,3000,0,2121
1081,5006,0,2104
1081,5002,0,2120
1081,5006,0,2110
1081,3030,1,2108
1081,5010,4,2106
1081,5011,4,2109
1081,5010,2,2111
1081,5011,4,2112
1081,3410,3,2116
1081,3430,0,2103
1081,3400,2,2107
1081,3410,3,2100
1081,4341,0,2350
1081,4100,0,2312
1081,4100,0,2313
1081,4100,0,2305
1081,4500,0,2301
1081,4000,9,2302
1081,4340,1,2314
1081,4350,1,2308
1081,4682,0,2757
1081,4668,0,2756
1081,4943,0,2190
1081,4663,0,2754
1081,4666,0,2750
1081,4664,0,2763
1081,4654,0,2753
1081,4657,0,2758
1081,4669,0,2760
1081,4659,0,2761
1081,4672,0,2755
1081,4677,0,2762
1081,4662,0,2759
1081,5300,0,2523
1081,5300,0,2525
1081,5300,0,2524
1081,5300,0,2529
1081,5300,0,2530
1081,5300,0,2527
1081,5300,0,2526
1081,5300,0,2521
1081,4660,2,2606
1081,4660,4,2604
1081,4650,3,2603
1081,4660,3,2605
1081,4670,4,2601
1081,4670,1,2607
1081,4650,4,2602
1081,4940,0,2717
1081,5006,0,2113
1081,5002,0,2117
1081,5010,4,2114
1081,4340,1,2310
1081,4350,1,2307
1081,4350,1,2306
1081,5300,0,2528
1081,5300,0,2520
1082,3000,0,2127
1082,5000,1,2101
1082,5006,0,2104
1082,5000,1,2117
1082,3000,1,2114
1082,5010,4,2111
1082,5010,3,2109
1082,5010,2,2107
1082,5010,2,2108
1082,3210,2,2110
1082,3200,0,2100
1082,3220,0,2103
1082,3200,0,2106
1082,4301,0,2360
1082,4100,0,2302
1082,4100,0,2312
1082,4100,0,2314
1082,4500,0,2307
1082,4000,6,2301
1082,4350,1,2308
1082,4340,1,2300
1082,4682,0,2757
1082,4674,0,2756
1082,4943,0,2190
1082,4658,0,2753
1082,4653,0,2760
1082,4663,0,2754
1082,4666,0,2762
1082,4669,0,2750
1082,4672,0,2763
1082,4659,0,2758
1082,4671,0,2761
1082,4662,0,2759
1082,4551,0,2755
1082,5300,0,2530
1082,5300,0,2527
1082,5300,0,2529
1082,5300,0,2522
1082,5300,0,2528
1082,5300,0,2521
1082,5300,0,2520
1082,5300,0,2525
1082,4650,2,2606
1082,4670,0,2607
1082,4660,4,2602
1082,4670,3,2601
1082,4660,6,2605
1082,4650,5,2604
1082,4660,2,2603
1082,3000,0,2120
1082,5010,4,2116
1082,5010,3,2113
1082,4500,0,2313
1082,4000,5,2305
1082,4350,1,2306
1082,5300,0,2524
1082,5300,0,2526
1083,3800,0,2128
1083,5001,1,2100
1083,5006,0,2110
1083,5001,1,2113
1083,3810,1,2104
1083,5010,4,2117
1083,5011,3,2107
1083,5010,3,2103
1083,5011,3,2101
1083,3400,2,2112
1083,3400,0,2111
1083,3410,3,2116
1083,3400,0,2108
1083,4341,0,2362
1083,4100,0,2314
1083,4100,0,2308
1083,4100,0,2300
1083,4500,0,2306
1083,4000,0,2301
1083,4340,1,2302
1083,4300,1,2307
1083,4695,0,2757
1083,4664,0,2756
1083,4943,0,2190
1083,4656,0,2755
1083,4666,0,2758
1083,4653,0,2753
1083,4654,0,2763
1083,4657,0,2761
1083,4662,0,2750
1083,4551,0,2759
1083,4651,0,2762
1083,4665,0,2760
1083,4671,0,2754
1083,4680,2,2601
1083,4670,2,2605
1083,4670,3,2602
1083,4650,5,2607
1083,4660,5,2606
1083,4660,3,2604
1083,4650,3,2603
1083,5001,1,2106
1083,5001,1,2109
1083,3800,0,2120
1083,3790,0,2305
1083,4500,0,2310
1083,4300,1,2313
1084,3810,0,2123
1084,5000,1,2103
1084,5003,0,2110
1084,5000,1,2106
1084,3800,1,2104
1084,5010,3,2107
1084,5011,3,2116
1084,5011,4,2100
1084,5011,3,2113
1084,3220,1,2111
1084,3210,2,2109
1084,3200,0,2112
1084,3200,0,2101
1084,4341,0,2352
1084,4100,0,2308
1084,4100,0,2307
1084,4100,0,2305
1084,4500,0,2306
1084,4000,2,2300
1084,4350,1,2313
1084,4300,1,2301
1084,4682,0,2757
1084,4668,0,2756
1084,4943,0,2190
1084,4667,0,2761
1084,4654,0,2760
1084,4663,0,2758
1084,4652,0,2755
1084,4672,0,2759
1084,4657,0,2753
1084,4551,0,2762
1084,4659,0,2750
1084,4662,0,2754
1084,4677,0,2763
1084,4680,1,2606
1084,4650,4,2601
1084,4660,4,2602
1084,4650,3,2604
1084,4670,0,2605
1084,4660,5,2607
1084,4670,3,2603
1084,5000,1,2117
1084,5003,0,2108
1084,3810,0,2114
1084,4000,5,2310
1084,4300,1,2312
1084,4350,1,2314
1085,3800,0,2123
1085,5000,1,2106
1085,5001,1,2103
1085,5001,1,2116
1085,3800,1,2104
1085,5011,3,2109
1085,5010,0,2110
1085,5010,3,2100
1085,5010,0,2112
1085,3400,3,2113
1085,3410,1,2107
1085,3400,2,2101
1085,3400,2,2108
1085,4101,0,2352
1085,4100,0,2305
1085,4100,0,2300
1085,4100,0,2306
1085,4500,0,2314
1085,4000,0,2308
1085,4340,1,2310
1085,4350,1,2312
1085,4688,0,2757
1085,4674,0,2756
1085,4941,0,2190
1085,4664,0,2761
1085,4656,0,2750
1085,4668,0,2762
1085,4654,0,2754
1085,4677,0,2763
1085,4655,0,2753
1085,4657,0,2759
1085,4671,0,2758
1085,4669,0,2755
1085,4551,0,2760
1085,4670,4,2601
1085,4650,4,2606
1085,4660,2,2603
1085,4650,3,2604
1085,4660,5,2605
1085,4670,2,2607
1085,4660,3,2602
1085,4940,0,2714
1085,5001,1,2111
1085,3800,1,2114
1085,5010,3,2117
1085,4340,1,2301
1085,4350,1,2313
1085,4350,1,2307
1086,3030,1,2126
1086,5000,1,2120
1086,5004,0,2103
1086,5004,0,2109
1086,3000,1,2117
1086,5011,4,2116
1086,5010,3,2101
1086,5011,3,2107
1086,5010,3,2111
1086,3210,1,2104
1086,3220,1,2112
1086,3200,0,2110
1086,3200,0,2106
1086,4301,0,2358
1086,4100,0,2310
1086,4100,0,2314
1086,4100,0,2302
1086,4500,0,2305
1086,4000,1,2312
1086,4340,0,2306
1086,4340,1,2301
1086,4682,0,2757
1086,4668,0,2756
1086,4943,0,2190
1086,4654,0,2760
1086,4667,0,2753
1086,4663,0,2750
1086,4656,0,2759
1086,4665,0,2763
1086,4551,0,2755
1086,4677,0,2758
1086,4669,0,2761
1086,4662,0,2754
1086,4671,0,2762
1086,5300,0,2523
1086,5300,0,2529
1086,5300,0,2521
1086,5300,0,2528
1086,5300,0,2527
1086,5300,0,2522
1086,5300,0,2524
1086,5300,0,2525
1086,4660,3,2602
1086,4660,5,2605
1086,4670,3,2607
1086,4650,4,2606
1086,4660,4,2604
1086,4670,4,2601
1086,4650,2,2603
1086,4940,0,2713
1086,5004,0,2113
1086,5011,4,2114
1086,3210,1,2100
1086,4340,0,2307
1086,4340,0,2300
1086,4340,0,2313
1086,5300,0,2530
1086,5300,0,2526
1087,3030,1,2126
1087,5002,0,2100
1087,5004,0,2107
1087,5004,0,2110
1087,3000,0,2112
1087,5010,2,2114
1087,5011,4,2103
1087,5011,2,2106
1087,5010,2,2111
1087,3220,1,2109
1087,3200,1,2117
1087,3210,0,2120
1087,3220,1,2113
1087,4341,1,2358
1087,4100,0,2310
1087,4100,0,2313
1087,4100,0,2305
1087,4500,0,2312
1087,4000,0,2307
1087,4340,0,2302
1087,4350,1,2306
1087,4695,0,2757
1087,4664,0,2756
1087,4943,0,2190
1087,4668,0,2755
1087,4667,0,2754
1087,4658,0,2753
1087,4652,0,2762
1087,4651,0,2763
1087,4662,0,2750
1087,4655,0,2758
1087,4551,0,2759
1087,4677,0,2760
1087,4671,0,2761
1087,4680,0,2606
1087,4650,4,2601
1087,4670,2,2604
1087,4660,3,2605
1087,4670,3,2602
1087,4660,4,2607
1087,4650,3,2603
1087,4940,0,2714
1087,3000,0,2116
1087,3210,0,2104
1087,3200,1,2101
1087,4500,0,2300
1087,4340,0,2314
1087,4350,1,2301
1088,3810,1,2121
1088,5006,0,2114
1088,5001,1,2111
1088,5001,1,2108
1088,3800,1,2116
1088,5010,2,2117
1088,5010,4,2100
1088,5011,2,2106
1088,5010,4,2113
1088,3430,0,2120
1088,3410,2,2110
1088,3410,4,2104
1088,3430,0,2112
1088,4101,0,2350
1088,4100,0,2308
1088,4100,0,2306
1088,4100,0,2301
1088,4500,0,2305
1088,4000,0,2313
1088,4340,0,2314
1088,4350,1,2310
1088,4682,0,2757
1088,4667,0,2756
1088,4942,0,2190
1088,4658,0,2755
1088,4664,0,2759
1088,4668,0,2761
1088,4656,0,2760
1088,4677,0,2762
1088,4659,0,2750
1088,4671,0,2753
1088,4551,0,2758
1088,4662,0,2754
1088,4665,0,2763
1088,5300,0,2524
1088,5300,0,2529
1088,5300,0,2526
1088,5300,0,2528
1088,5300,0,2527
1088,5300,0,2520
1088,5300,0,2525
1088,5300,0,2530
1088,4670,2,2601
1088,4670,1,2607
1088,4660,5,2602
1088,4660,3,2606
1088,4660,4,2605
1088,4650,3,2604
1088,4650,5,2603
1088,5001,1,2107
1088,3410,4,2109
1088,3430,0,2103
1088,4000,3,2302
1088,4000,9,2307
1088,4350,1,2312
1088,5300,0,2521
1088,5300,0,2522
1089,3000,1,2126
1089,5000,1,2103
1089,5004,0,2117
1089,5004,0,2109
1089,3030,1,2101
1089,5010,4,2100
1089,5011,3,2113
1089,5010,0,2110
1089,5010,4,2116
1089,3410,3,2107
1089,3410,2,2112
1089,3430,0,2104
1089,3410,3,2111
1089,4301,1,2358
1089,4100,0,2314
1089,4100,0,2300
1089,4100,0,2307
1089,4500,0,2312
1089,4000,6,2310
1089,4340,1,2301
1089,4300,0,2313
1089,4695,0,2757
1089,4653,0,2756
1089,4942,0,2190
1089,4668,0,2750
1089,4674,0,2754
1089,4652,0,2753
1089,4666,0,2761
1089,4551,0,2763
1089,4662,0,2759
1089,4672,0,2760
1089,4677,0,2755
1089,4655,0,2758
1089,4651,0,2762
1089,5305,0,2523
1089,5305,0,2521
1089,5305,0,2524
1089,5305,0,2526
1089,5305,0,2530
1089,5305,0,2525
1089,5305,0,2528
1089,5305,0,2529
1089,4680,0,2606
1089,4650,4,2602
1089,4660,3,2605
1089,4650,3,2604
1089,4670,3,2601
1089,4670,4,2607
1089,4660,4,2603
1089,4940,0,2715
1089,5000,1,2106
1089,5010,0,2120
1089,3410,2,2114
1089,4500,0,2305
1089,4000,7,2306
1089,4000,3,2302
1089,5305,0,2527
1089,5305,0,2522
1090,3810,1,2122
1090,5000,1,2103
1090,5004,0,2112
1090,5000,1,2109
1090,3800,0,2110
1090,5010,2,2107
1090,5010,3,2116
1090,5010,4,2101
1090,5010,3,2104
1090,3410,2,2117
1090,3420,0,2114
1090,3400,3,2113
1090,3400,3,2120
1090,4501,0,2351
1090,4100,0,2312
1090,4100,0,2313
1090,4100,0,2310
1090,4500,0,2308
1090,4000,6,2305
1090,4300,0,2314
1090,4350,1,2306
1090,4687,0,2757
1090,4653,0,2756
1090,4941,0,2190
1090,4664,0,2754
1090,4674,0,2761
1090,4666,0,2750
1090,4663,0,2753
1090,4672,0,2762
1090,4671,0,2760
1090,4662,0,2755
1090,4677,0,2758
1090,4657,0,2759
1090,4669,0,2763
1090,4660,5,2606
1090,4660,6,2602
1090,4670,0,2604
1090,4650,5,2601
1090,4660,4,2607
1090,4650,4,2605
1090,4670,4,2603
1090,4940,0,2712
1090,5000,1,2106
1090,3810,1,2108
1090,3410,2,2111
1090,4500,0,2302
1090,4000,9,2307
1090,4350,1,2300
1091,3030,1,2127
1091,5006,0,2111
1091,5000,1,2101
1091,5000,1,2107
1091,3000,0,2109
1091,5011,4,2117
1091,5010,4,2120
1091,5010,2,2106
1091,5010,4,2116
1091,3410,4,2103
1091,3410,3,2104
1091,3400,2,2110
1091,3410,3,2114
1091,4341,1,2360
1091,4100,0,2305
1091,4100,0,2312
1091,4100,0,2307
1091,4500,0,2313
1091,4000,8,2300
1091,4340,1,2302
1091,4300,1,2306
1091,4691,0,2757
1091,4653,0,2756
1091,4941,0,2190
1091,4666,0,2758
1091,4652,0,2759
1091,4664,0,2762
1091,4654,0,2753
1091,4677,0,2754
1091,4657,0,2750
1091,4671,0,2755
1091,4672,0,2763
1091,4551,0,2760
1091,4655,0,2761
1091,4660,2,2606
1091,4650,4,2601
1091,4650,2,2603
1091,4660,3,2607
1091,4670,2,2605
1091,4670,3,2604
1091,4660,5,2602
1091,5006,0,2113
1091,5010,2,2100
1091,3400,2,2108
1091,3790,0,2314
1091,4000,7,2308
1091,4340,1,2301
1092,3800,0,2123
1092,5005,0,2116
1092,5001,1,2101
1092,5001,1,2113
1092,3800,1,2114
1092,5010,2,2103
1092,5010,0,2100
1092,5010,3,2111
1092,5010,3,2109
1092,3210,2,2108
1092,3210,1,2117
1092,3220,1,2104
1092,3210,1,2106
1092,4101,0,2352
1092,4100,0,2310
1092,4100,0,2306
1092,4100,0,2308
1092,4500,0,2313
1092,4000,9,2300
1092,4300,0,2305
1092,4350,1,2301
1092,4687,0,2757
1092,4667,0,2756
1092,4941,0,2190
1092,4654,0,2753
1092,4652,0,2750
1092,4664,0,2763
1092,4668,0,2755
1092,4677,0,2762
1092,4669,0,2760
1092,4657,0,2758
1092,4671,0,2761
1092,4655,0,2759
1092,4662,0,2754
1092,5300,0,2530
1092,5300,0,2522
1092,5300,0,2527
1092,5300,0,2528
1092,5300,0,2521
1092,5300,0,2523
1092,5300,0,2529
1092,5300,0,2524
1092,4650,4,2607
1092,4660,2,2602
1092,4670,1,2601
1092,4660,3,2605
1092,4670,0,2606
1092,4660,4,2604
1092,4650,2,2603
1092,4940,0,2710
1092,5001,1,2112
1092,3800,0,2107
1092,5010,3,2110
1092,4000,4,2312
1092,4000,2,2314
1092,4350,1,2307
1092,5300,0,2525
1092,5300,0,2526
1093,2050,0,2106
1093,3030,1,2124
1093,5005,0,2100
1093,5000,1,2111
1093,5005,0,2109
1093,3000,1,2116
1093,5010,4,2117
1093,5010,2,2110
1093,5010,3,2101
1093,5010,2,2114
1093,3410,0,2107
1093,3410,3,2104
1093,3400,1,2103
1093,3400,1,2113
1093,4501,0,2356
1093,4100,0,2314
1093,4100,0,2302
1093,4100,0,2312
1093,4500,0,2301
1093,4000,8,2307
1093,4350,1,2310
1093,4300,0,2300
1093,4691,0,2757
1093,4654,0,2756
1093,4942,0,2190
1093,4656,0,2760
1093,4674,0,2759
1093,4667,0,2762
1093,4652,0,2755
1093,4662,0,2758
1093,4551,0,2753
1093,4655,0,2750
1093,4651,0,2763
1093,4669,0,2761
1093,4677,0,2754
1093,4660,3,2602
1093,4650,5,2605
1093,4670,4,2607
1093,4660,2,2604
1093,4670,3,2606
1093,4660,6,2601
1093,4650,2,2603
1093,5000,1,2108
1093,3400,1,2112
1093,3790,0,2308
1093,4500,0,2305
1093,4000,5,2313
1094,3810,1,2123
1094,5001,1,2111
1094,5002,0,2100
1094,5001,1,2116
1094,3810,0,2110
1094,5011,3,2106
1094,5011,2,2104
1094,5010,3,2108
1094,5011,3,2101
1094,3400,0,2117
1094,3400,2,2113
1094,3400,3,2114
1094,3400,2,2107
1094,4401,0,2352
1094,4100,0,2306
1094,4100,0,2313
1094,4100,0,2300
1094,4500,0,2307
1094,4000,1,2310
1094,4300,0,2301
1094,4300,1,2305
1094,4681,0,2757
1094,4667,0,2756
1094,4941,0,2190
1094,4652,0,2763
1094,4668,0,2754
1094,4656,0,2755
1094,4666,0,2759
1094,4669,0,2762
1094,4665,0,2758
1094,4657,0,2760
1094,4651,0,2761
1094,4672,0,2750
1094,4662,0,2753
1094,5305,0,2526
1094,5305,0,2524
1094,5305,0,2529
1094,5305,0,2520
1094,5305,0,2525
1094,5305,0,2527
1094,5305,0,2530
1094,5305,0,2521
1094,4660,6,2605
1094,4660,4,2602
1094,4650,3,2607
1094,4650,2,2601
1094,4660,2,2606
1094,4670,1,2604
1094,4670,3,2603
1094,4940,0,2713
1094,3810,0,2109
1094,3400,0,2103
1094,3400,0,2112
1094,4000,4,2314
1094,4300,0,2308
1094,4300,0,2312
1094,5305,0,2528
1094,5305,0,2522
1095,3810,1,2126
1095,5003,0,2107
1095,5000,1,2101
1095,5000,1,2113
1095,3800,0,2111
1095,5011,6,2104
1095,5011,2,2117
1095,5010,0,2114
1095,5011,2,2120
1095,3210,2,2103
1095,3220,1,2100
1095,3200,0,2110
1095,3210,2,2116
1095,4501,0,2358
1095,4100,0,2307
1095,4100,0,2300
1095,4100,0,2302
1095,4500,0,2306
1095,4000,5,2305
1095,4300,1,2314
1095,4350,1,2310
1095,4691,0,2757
1095,4667,0,2756
1095,4941,0,2190
1095,4658,0,2762
1095,4653,0,2758
1095,4666,0,2755
1095,4654,0,2750
1095,4677,0,2760
1095,4551,0,2759
1095,4662,0,2761
1095,4657,0,2753
1095,4669,0,2754
1095,4671,0,2763
1095,5305,0,2522
1095,5305,0,2521
1095,5305,0,2525
1095,5305,0,2520
1095,5305,0,2529
1095,5305,0,2524
1095,5305,0,2528
1095,5305,0,2527
1095,4660,6,2605
1095,4660,5,2604
1095,4650,2,2601
1095,4670,2,2602
1095,4650,5,2606
1095,4670,4,2607
1095,4660,3,2603
1095,5003,0,2109
1095,5010,0,2106
1095,3220,1,2112
1095,3790,0,2312
1095,4500,0,2313
1095,4000,1,2301
1095,5305,0,2530
1095,5305,0,2523
1096,2040,0,2104
1096,3800,0,2126
1096,5005,0,2114
1096,5001,1,2111
1096,5005,0,2107
1096,3810,1,2109
1096,5010,0,2116
1096,5010,4,2120
1096,5010,3,2110
1096,5010,3,2112
1096,3220,1,2117
1096,3200,1,2103
1096,3210,1,2113
1096,3220,1,2101
1096,4101,0,2358
1096,4100,0,2314
1096,4100,0,2301
1096,4100,0,2306
1096,4500,0,2305
1096,4000,3,2302
1096,4340,0,2312
1096,4300,1,2313
1096,4687,0,2757
1096,4653,0,2756
1096,4942,0,2190
1096,4667,0,2755
1096,4654,0,2750
1096,4663,0,2753
1096,4674,0,2758
1096,4651,0,2754
1096,4665,0,2763
1096,4671,0,2760
1096,4672,0,2759
1096,4662,0,2761
1096,4659,0,2762
1096,4680,2,2603
1096,4660,5,2606
1096,4670,2,2602
1096,4670,1,2604
1096,4650,3,2607
1096,4660,6,2605
1096,4650,5,2601
1096,4940,0,2713
1096,5005,0,2100
1096,5010,4,2106
1096,4500,0,2300
1096,4000,8,2310
1096,4340,0,2307
1097,3810,0,2121
1097,5001,1,2107
1097,5003,0,2109
1097,5001,1,2110
1097,3800,1,2111
1097,5010,3,2100
1097,5010,2,2108
1097,5010,0,2116
1097,5010,0,2117
1097,3210,2,2103
1097,3210,1,2113
1097,3200,0,2112
1097,3210,2,2114
1097,4401,0,2350
1097,4100,0,2305
1097,4100,0,2314
1097,4100,0,2307
1097,4500,0,2310
1097,4000,7,2308
1097,4300,1,2301
1097,4340,1,2313
1097,4691,0,2757
1097,4656,0,2756
1097,4943,0,2190
1097,4658,0,2759
1097,4663,0,2763
1097,4652,0,2753
1097,4654,0,2760
1097,4651,0,2750
1097,4659,0,2762
1097,4657,0,2758
1097,4662,0,2761
1097,4655,0,2755
1097,4551,0,2754
1097,4660,2,2607
1097,4670,1,2606
1097,4650,4,2602
1097,4650,5,2601
1097,4670,4,2605
1097,4660,6,2604
1097,4660,4,2603
1097,5001,1,2120
1097,3810,0,2104
1097,5010,0,2106
1097,4500,0,2312
1097,4300,1,2302
1097,4340,1,2306
1098,3800,0,2122
1098,5003,0,2112
1098,5000,1,2101
1098,5000,1,2104
1098,3810,0,2113
1098,5010,3,2108
1098,5011,2,2111
1098,5011,6,2120
1098,5010,3,2116
1098,3420,0,2117
1098,3400,2,2106
1098,3410,2,2103
1098,3410,2,2109
1098,4401,0,2351
1098,4100,0,2310
1098,4100,0,2312
1098,4100,0,2313
1098,4500,0,2307
1098,4000,5,2302
1098,4340,1,2314
1098,4350,1,2306
1098,4681,0,2757
1098,4656,0,2756
1098,4941,0,2190
1098,4666,0,2761
1098,4663,0,2763
1098,4652,0,2753
1098,4668,0,2754
1098,4669,0,2759
1098,4677,0,2750
1098,4659,0,2758
1098,4671,0,2755
1098,4655,0,2760
1098,4662,0,2762
1098,5300,0,2526
1098,5300,0,2530
1098,5300,0,2523
1098,5300,0,2527
1098,5300,0,2521
1098,5300,0,2528
1098,5300,0,2524
1098,5300,0,2525
1098,4660,2,2601
1098,4670,4,2602
1098,4660,4,2604
1098,4650,3,2606
1098,4650,4,2605
1098,4670,0,2607
1098,4660,6,2603
1098,4940,0,2716
1098,5003,0,2110
1098,5000,1,2114
1098,5011,2,2107
1098,3790,0,2305
1098,4500,0,2308
1098,4000,3,2300
1098,5300,0,2529
1098,5300,0,2520
1099,3810,0,2127
1099,5006,0,2113
1099,5003,0,2111
1099,5003,0,2106
1099,3800,0,2100
1099,5010,3,2107
1099,5010,0,2114
1099,5011,2,2101
1099,5010,0,2110
1099,3410,4,2104
1099,3400,3,2120
1099,3400,2,2108
1099,3400,3,2116
1099,4401,0,2360
1099,4100,0,2300
1099,4100,0,2312
1099,4100,0,2307
1099,4500,0,2301
1099,4000,1,2314
1099,4300,1,2313
1099,4300,0,2306
1099,4686,0,2757
1099,4663,0,2756
1099,4942,0,2190
1099,4666,0,2763
1099,4674,0,2754
1099,4654,0,2753
1099,4668,0,2761
1099,4659,0,2762
1099,4551,0,2759
1099,4657,0,2760
1099,4672,0,2755
1099,4669,0,2750
1099,4671,0,2758
1099,4670,3,2604
1099,4660,4,2601
1099,4650,4,2602
1099,4670,1,2606
1099,4650,2,2607
1099,4660,3,2605
1099,4660,6,2603
1099,4940,0,2710
1099,5006,0,2109
1099,5010,0,2103
1099,5010,0,2117
1099,4500,0,2302
1099,4000,9,2308
1099,4000,7,2305
1100,3030,0,2121
1100,5003,0,2117
1100,5006,0,2108
1100,3030,1,2109
1100,5010,0,2104
1100,5010,2,2116
1100,5010,2,2111
1100,3400,1,2110
1100,3400,0,2100
1100,3400,1,2113
1100,4301,1,2350
1100,4100,0,2312
1100,4100,0,2305
1100,4100,0,2308
1100,4000,8,2310
1100,4350,1,2313
1100,4300,0,2301
1100,4687,0,2757
1100,4654,0,2756
1100,4943,0,2190
1100,4663,0,2763
1100,4653,0,2761
1100,4668,0,2750
1100,4655,0,2755
1100,4677,0,2762
1100,4671,0,2760
1100,4606,0,2643
1100,4600,0,2630
1100,4605,0,2658
1100,4604,0,2649
1100,4602,0,2629
1100,4603,0,2616
1100,4601,0,2651
1100,4602,0,2620
1100,4600,0,2653
1100,4605,0,2661
1100,4602,0,2656
1100,4606,0,2640
1100,4600,0,2650
1100,4606,0,2645
1100,4603,0,2641
1100,4602,0,2648
1100,4602,0,2652
1100,4602,0,2631
1100,4606,0,2662
1100,4604,0,2657
1100,4601,0,2647
1100,4604,0,2615
1100,4601,0,2618
1100,4602,0,2619
1100,4600,0,2644
1100,4600,0,2646
1100,4601,0,2628
1100,4603,0,2659
1100,4603,0,2642
1100,4606,0,2632
1100,4606,0,2617
1100,4605,0,2654
1100,4680,0,2607
1100,4650,5,2606
1100,4670,3,2602
1100,4660,4,2605
1100,4940,0,2716
1100,3400,1,2114
1100,3400,1,2112
1100,4500,0,2307
1100,4000,4,2314
1101,3030,0,2125
1101,5001,1,2112
1101,5006,0,2104
1101,3000,1,2111
1101,5011,2,2110
1101,5011,4,2116
1101,5011,2,2100
1101,3200,0,2114
1101,3210,0,2101
1101,3200,0,2113
1101,4401,0,2357
1101,4100,0,2312
1101,4100,0,2301
1101,4100,0,2314
1101,4000,8,2300
1101,4340,1,2308
1101,4300,1,2313
1101,4681,0,2757
1101,4654,0,2756
1101,4941,0,2190
1101,4658,0,2763
1101,4653,0,2755
1101,4663,0,2750
1101,4662,0,2760
1101,4657,0,2761
1101,4671,0,2762
1101,5300,0,2523
1101,5300,0,2533
1101,5300,0,2522
1101,5300,0,2529
1101,5300,0,2527
1101,5300,0,2530
1101,5300,0,2528
1101,5300,0,2520
1101,4680,0,2606
1101,4670,1,2607
1101,4660,2,2605
1101,4650,3,2602
1101,4940,0,2712
1101,5001,1,2109
1101,3200,0,2117
1101,3790,0,2310
1101,4500,0,2305
1101,5300,0,2524
1101,5300,0,2526
1102,3800,0,2122
1102,5001,1,2110
1102,5005,0,2116
1102,3810,1,2101
1102,5010,3,2113
1102,5011,2,2112
1102,5010,3,2108
1102,3410,4,2111
1102,3430,0,2114
1102,3410,4,2104
1102,4302,0,2351
1102,4100,0,2308
1102,4100,0,2300
1102,4100,0,2310
1102,4000,9,2314
1102,4300,0,2305
1102,4300,1,2313
1102,4686,0,2757
1102,4653,0,2756
1102,4943,0,2190
1102,4664,0,2762
1102,4656,0,2750
1102,4667,0,2760
1102,4551,0,2755
1102,4659,0,2763
1102,4657,0,2761
1102,4660,6,2605
1102,4670,2,2602
1102,4660,5,2606
1102,4650,5,2607
1102,4940,0,2710
1102,5005,0,2109
1102,3430,0,2117
1102,3790,0,2307
1102,4500,0,2312
1103,3800,0,2121
1103,5003,0,2100
1103,5005,0,2109
1103,3800,1,2113
1103,5010,3,2114
1103,5010,2,2111
1103,5010,2,2112
1103,3200,0,2104
1103,3210,1,2116
1103,3210,1,2117
1103,4501,0,2350
1103,4100,0,2305
1103,4100,0,2307
1103,4100,0,2301
1103,4000,8,2312
1103,4350,1,2314
1103,4300,1,2310
1103,4682,0,2757
1103,4652,0,2756
1103,4943,0,2190
1103,4664,0,2763
1103,4674,0,2750
1103,4668,0,2755
1103,4662,0,2760
1103,4665,0,2762
1103,4671,0,2761
1103,4660,5,2602
1103,4660,6,2606
1103,4670,0,2607
1103,4650,3,2605
1103,4940,0,2717
1103,3200,0,2108
1103,3210,1,2110
1103,4300,1,2308
1103,4300,1,2313
1104,3000,1,2126
1104,5003,0,2113
1104,5002,0,2104
1104,3030,1,2101
1104,5010,2,2114
1104,5011,2,2110
1104,5010,2,2117
1104,3220,0,2111
1104,3200,1,2116
1104,3220,0,2112
1104,4302,0,2358
1104,4100,0,2312
1104,4100,0,2310
1104,4100,0,2314
1104,4000,6,2313
1104,4340,0,2300
1104,4340,1,2305
1104,4681,0,2757
1104,4666,0,2756
1104,4942,0,2190
1104,4652,0,2761
1104,4658,0,2762
1104,4656,0,2760
1104,4672,0,2750
1104,4659,0,2755
1104,4651,0,2763
1104,4660,3,2607
1104,4660,4,2605
1104,4670,2,2602
1104,4650,2,2606
1104,3000,1,2109
1104,5010,2,2100
1104,4500,0,2307
1104,4000,8,2301
1105,3810,0,2126
1105,5003,0,2116
1105,5004,0,2100
1105,3800,1,2101
1105,5010,2,2104
1105,5011,4,2114
1105,5010,2,2120
1105,3410,1,2117
1105,3430,0,2113
1105,4101,0,2358
1105,4100,0,2314
1105,4100,0,2307
1105,4100,0,2300
1105,4000,7,2302
1105,4300,0,2305
1105,4340,0,2313
1105,4695,0,2757
1105,4667,0,2756
1105,4942,0,2190
1105,4666,0,2753
1105,4654,0,2750
1105,4674,0,2755
1105,4551,0,2762
1105,4657,0,2754
1105,4677,0,2763
1105,5300,0,2522
1105,5300,0,2528
1105,5300,0,2520
1105,5300,0,2529
1105,5300,0,2530
1105,5300,0,2521
1105,5300,0,2534
1105,5300,0,2524
1105,4670,3,2602
1105,4660,2,2605
1105,4650,4,2601
1105,4660,3,2607
1105,4940,0,2715
1105,5003,0,2109
1105,3800,1,2103
1105,3790,0,2301
1105,4500,0,2312
1105,5300,0,2523
1105,5300,0,2526
1106,3810,0,2129
1106,5000,1,2101
1106,5001,1,2104
1106,3800,1,2100
1106,5010,3,2114
1106,5011,6,2117
1106,5010,3,2103
1106,3210,2,2108
1106,3210,0,2113
1106,4302,0,2364
1106,4100,0,2300
1106,4100,0,2301
1106,4100,0,2313
1106,4000,8,2302
1106,4300,1,2307
1106,4350,1,2305
1106,4681,0,2757
1106,4668,0,2756
1106,4942,0,2190
1106,4653,0,2754
1106,4654,0,2763
1106,4663,0,2753
1106,4672,0,2750
1106,4651,0,2755
1106,4671,0,2762
1106,4650,4,2605
1106,4660,5,2602
1106,4660,6,2607
1106,4670,1,2601
1106,5001,1,2116
1106,3800,1,2120
1106,3790,0,2312
1106,4500,0,2308
1106,2080,0,2109
1107,3800,0,2121
1107,5005,0,2100
1107,5000,1,2103
1107,3800,1,2114
1107,5010,3,2120
1107,5011,6,2116
1107,5010,3,2104
1107,3400,1,2117
1107,3410,1,2113
1107,4301,0,2350
1107,4100,0,2301
1107,4100,0,2314
1107,4100,0,2307
1107,4000,3,2312
1107,4340,1,2308
1107,4300,0,2305
1107,4681,0,2757
1107,4652,0,2756
1107,4943,0,2190
1107,4663,0,2755
1107,4667,0,2762
1107,4658,0,2750
1107,4672,0,2753
1107,4671,0,2763
1107,4651,0,2754
1107,5305,0,2524
1107,5305,0,2521
1107,5305,0,2530
1107,5305,0,2520
1107,5305,0,2534
1107,5305,0,2522
1107,5305,0,2529
1107,5305,0,2528
1107,4670,0,2607
1107,4660,5,2605
1107,4660,2,2601
1107,4650,5,2602
1107,5005,0,2108
1107,3400,1,2109
1107,4000,6,2302
1107,4300,0,2313
1107,5305,0,2523
1107,5305,0,2526
1108,3000,0,2122
1108,5005,0,2114
1108,5002,0,2101
1108,3030,1,2108
1108,5011,6,2113
1108,5010,3,2104
1108,5011,6,2120
1108,3220,0,2117
1108,3210,0,2103
1108,4301,1,2351
1108,4100,0,2314
1108,4100,0,2305
1108,4100,0,2308
1108,4000,2,2302
1108,4340,0,2312
1108,4340,1,2307
1108,4682,0,2757
1108,4674,0,2756
1108,4941,0,2190
1108,4652,0,2755
1108,4653,0,2753
1108,4656,0,2762
1108,4551,0,2754
1108,4659,0,2750
1108,4669,0,2763
1108,4680,0,2607
1108,4660,3,2605
1108,4670,3,2602
1108,4650,2,2601
1108,4940,0,2714
1108,3220,0,2109
1108,3210,0,2116
1108,4000,7,2300
1108,4340,0,2313
1109,2080,0,2109
1109,3810,0,2125
1109,5002,0,2116
1109,5005,0,2120
1109,3810,1,2114
1109,5010,0,2100
1109,5011,6,2113
1109,5010,0,2103
1109,3200,1,2101
1109,3210,2,2104
1109,4301,0,2357
1109,4100,0,2312
1109,4100,0,2300
1109,4100,0,2308
1109,4000,3,2313
1109,4340,1,2302
1109,4340,0,2314
1109,4682,0,2757
1109,4653,0,2756
1109,4942,0,2190
1109,4664,0,2755
1109,4652,0,2763
1109,4666,0,2750
1109,4551,0,2753
1109,4659,0,2754
1109,4655,0,2762
1109,4660,2,2605
1109,4650,2,2607
1109,4670,3,2602
1109,4660,6,2601
1109,5002,0,2117
1109,4500,0,2305
1109,4340,0,2301
1110,3800,1,2127
1110,5006,0,2103
1110,5001,1,2110
1110,3810,0,2104
1110,5010,0,2107
1110,5010,3,2101
1110,5010,0,2111
1110,3210,0,2117
1110,3220,0,2120
1110,3220,0,2106
1110,4101,0,2360
1110,4100,0,2313
1110,4100,0,2306
1110,4100,0,2300
1110,4000,5,2301
1110,4300,1,2302
1110,4691,0,2757
1110,4664,0,2756
1110,4942,0,2190
1110,4668,0,2315
1110,4654,0,2309
1110,4653,0,2322
1110,4667,0,2320
1110,4666,0,2318
1110,4658,0,2319
1110,4652,0,2761
1110,4663,0,2750
1110,4657,0,2760
1110,4551,0,2754
1110,4677,0,2753
1110,4659,0,2759
1110,4662,0,2755
1110,4669,0,2758
1110,5305,0,2531
1110,5305,0,2521
1110,5305,0,2525
1110,5305,0,2524
1110,5305,0,2532
1110,5305,0,2528
1110,5305,0,2527
1110,5305,0,2522
1110,4680,0,2606
1110,4660,6,2602
1110,4670,3,2601
1110,4650,4,2604
1110,4670,4,2607
1110,4660,4,2603
1110,4130,0,2321
1110,4330,0,2317
1110,4330,1,2316
1110,5010,0,2116
1110,3220,0,2100
1110,4500,0,2305
1110,4350,1,2314
1110,5305,0,2523
1110,5305,0,2520
1111,3800,0,2127
1111,5005,0,2101
1111,5002,0,2104
1111,3800,1,2107
1111,5010,4,2110
1111,5011,4,2117
1111,5010,4,2116
1111,3220,0,2100
1111,3220,1,2106
1111,3220,0,2103
1111,4301,0,2360
1111,4100,0,2305
1111,4100,0,2301
1111,4100,0,2300
1111,4000,3,2313
1111,4350,1,2306
1111,4687,0,2757
1111,4668,0,2756
1111,4942,0,2190
1111,4664,0,2309
1111,4666,0,2315
1111,4663,0,2320
1111,4658,0,2322
1111,4654,0,2319
1111,4667,0,2318
1111,4674,0,2750
1111,4652,0,2760
1111,4551,0,2758
1111,4659,0,2755
1111,4662,0,2753
1111,4671,0,2761
1111,4665,0,2759
1111,4677,0,2754
1111,5300,0,2528
1111,5300,0,2524
1111,5300,0,2521
1111,5300,0,2527
1111,5300,0,2525
1111,5300,0,2532
1111,5300,0,2520
1111,5300,0,2522
1111,4670,2,2601
1111,4670,1,2607
1111,4650,2,2602
1111,4660,2,2606
1111,4660,3,2604
1111,4650,3,2603
1111,4130,0,2321
1111,4330,0,2317
1111,4330,1,2316
1111,4940,0,2710
1111,5005,0,2111
1111,5011,4,2120
1111,4000,7,2302
1111,4340,0,2314
1111,5300,0,2531
1111,5300,0,2523
1112,3800,0,2122
1112,5003,0,2106
1112,5005,0,2110
1112,3800,1,2107
1112,5011,2,2111
1112,5010,2,2101
1112,5010,2,2103
1112,3220,1,2120
1112,3200,1,2116
1112,3200,1,2104
1112,4301,0,2351
1112,4100,0,2306
1112,4100,0,2300
1112,4100,0,2305
1112,4000,2,2310
1112,4300,0,2302
1112,4686,0,2757
1112,4652,0,2756
1112,4941,0,2190
1112,4666,0,2316
1112,4653,0,2320
1112,4668,0,2322
1112,4656,0,2315
1112,4664,0,2317
1112,4658,0,2318
1112,4663,0,2754
1112,4654,0,2750
1112,4672,0,2760
1112,4662,0,2753
1112,4551,0,2758
1112,4671,0,2761
1112,4677,0,2755
1112,4651,0,2759
1112,4670,3,2604
1112,4650,3,2602
1112,4650,4,2601
1112,4660,3,2606
1112,4660,6,2607
1112,4670,0,2603
1112,4130,0,2321
1112,4330,0,2309
1112,4330,1,2319
1112,3800,1,2112
1112,5010,2,2117
1112,3790,0,2314
1112,4000,3,2313
1113,3000,1,2121
1113,5003,0,2104
1113,5000,1,2116
1113,3030,0,2117
1113,5011,4,2111
1113,5010,4,2103
1113,5011,4,2100
1113,3420,0,2120
1113,3400,2,2107
1113,3420,0,2110
1113,4302,0,2350
1113,4100,0,2302
1113,4100,0,2314
1113,4100,0,2306
1113,4000,0,2310
1113,4340,1,2301
1113,4686,0,2757
1113,4664,0,2756
1113,4943,0,2190
1113,4663,0,2315
1113,4654,0,2320
1113,4656,0,2316
1113,4653,0,2322
1113,4667,0,2317
1113,4666,0,2318
1113,4652,0,2753
1113,4674,0,2754
1113,4662,0,2761
1113,4672,0,2759
1113,4659,0,2750
1113,4651,0,2755
1113,4677,0,2758
1113,4657,0,2760
1113,4680,0,2601
1113,4670,0,2607
1113,4660,6,2603
1113,4660,3,2604
1113,4670,3,2606
1113,4650,4,2602
1113,4130,0,2321
1113,4330,1,2309
1113,4330,0,2319
1113,4940,0,2712
1113,5003,0,2106
1113,5010,4,2112
1113,4500,0,2313
1113,4000,8,2305
1114,2050,0,2106
1114,3030,1,2121
1114,5003,0,2110
1114,5001,1,2117
1114,3000,0,2112
1114,5011,4,2103
1114,5010,2,2111
1114,5011,4,2107
1114,3400,0,2104
1114,3410,3,2116
1114,3410,3,2120
1114,4341,1,2350
1114,4100,0,2302
1114,4100,0,2313
1114,4100,0,2305
1114,4000,3,2301
1114,4340,0,2310
1114,4687,0,2757
1114,4668,0,2756
1114,4942,0,2190
1114,4664,0,2317
1114,4663,0,2319
1114,4666,0,2315
1114,4652,0,2322
1114,4653,0,2320
1114,4667,0,2316
1114,4674,0,2761
1114,4654,0,2760
1114,4655,0,2750
1114,4677,0,2755
1114,4672,0,2758
1114,4551,0,2753
1114,4657,0,2759
1114,4651,0,2754
1114,4670,1,2603
1114,4660,5,2604
1114,4650,5,2601
1114,4660,6,2606
1114,4670,0,2607
1114,4650,2,2602
1114,4130,0,2321
1114,4330,0,2318
1114,4330,1,2309
1114,4940,0,2711
1114,3410,3,2100
1114,4500,0,2306
1114,4000,7,2314
1115,5240,0,1107
1115,5257,0,1110
1115,5246,0,1108
1115,5252,0,1109
1115,5354,0,1142
1115,4927,2,1114
1115,4921,2,1115
1115,4925,2,1116
1115,4800,2,1111
1115,4917,2,1112
1115,4918,2,1113
1115,4551,0,1161
1115,4672,0,1164
1115,4665,0,1165
1115,4657,0,1160
1115,4659,0,1158
1115,4677,0,1157
1115,4655,0,1163
1115,4663,0,1159
1115,4664,0,1162
1115,4654,0,1155
1115,4653,0,1156
1115,5100,0,1150
1115,5100,0,1153
1115,5110,5,1151
1115,5110,6,1152
1115,4652,0,1103
1115,5380,0,1136
1115,4940,0,1175
1115,5399,0,1210
1116,5242,0,1107
1116,5257,0,1110
1116,5245,0,1108
1116,5250,0,1109
1116,5357,0,1142
1116,4930,2,1114
1116,4921,2,1115
1116,4926,2,1116
1116,4927,2,1111
1116,4920,2,1112
1116,4840,2,1113
1116,4671,0,1165
1116,4657,0,1160
1116,4669,0,1163
1116,4551,0,1157
1116,4677,0,1164
1116,4655,0,1158
1116,4665,0,1161
1116,4667,0,1159
1116,4664,0,1162
1116,4652,0,1155
1116,4656,0,1156
1116,5100,0,1150
1116,5100,0,1153
1116,4653,0,1103
1116,5380,0,1136
1116,5110,0,1151
1116,5115,0,1152
1116,5399,0,1213
1117,5242,0,1107
1117,5257,0,1110
1117,5246,0,1108
1117,5250,0,1109
1117,5354,0,1142
1117,4927,2,1114
1117,4930,2,1115
1117,4850,2,1116
1117,4928,2,1111
1117,4925,2,1112
1117,4923,2,1113
1117,4651,0,1155
1117,4657,0,1160
1117,4665,0,1158
1117,4551,0,1161
1117,4677,0,1164
1117,4672,0,1163
1117,4669,0,1157
1117,4663,0,1159
1117,4656,0,1165
1117,4664,0,1156
1117,4667,0,1162
1117,5100,0,1152
1117,5100,0,1153
1117,5105,1,1150
1117,4666,0,1103
1117,5380,0,1136
1117,4940,0,1171
1117,5110,8,1151
1117,5399,0,1211
1118,5240,0,1107
1118,5257,0,1110
1118,5246,0,1108
1118,5250,0,1109
1118,5357,0,1142
1118,4917,2,1114
1118,4924,2,1115
1118,4880,2,1116
1118,4910,2,1111
1118,4780,2,1112
1118,4840,2,1113
1118,4651,0,1157
1118,4662,0,1155
1118,4677,0,1164
1118,4657,0,1158
1118,4671,0,1163
1118,4672,0,1160
1118,4665,0,1162
1118,4667,0,1161
1118,4664,0,1159
1118,4653,0,1165
1118,4663,0,1156
1118,5100,0,1152
1118,5100,0,1151
1118,4652,0,1103
1118,5380,0,1136
1118,4940,0,1173
1118,5105,0,1150
1118,5110,7,1153
1119,5240,0,1107
1119,5255,0,1110
1119,5246,0,1108
1119,5252,0,1109
1119,5357,0,1142
1119,4929,2,1114
1119,4924,2,1115
1119,4830,2,1116
1119,4917,2,1111
1119,4810,2,1112
1119,4880,2,1113
1119,4669,0,1162
1119,4551,0,1155
1119,4671,0,1160
1119,4665,0,1164
1119,4659,0,1158
1119,4662,0,1161
1119,4655,0,1156
1119,4663,0,1165
1119,4668,0,1159
1119,4664,0,1157
1119,4652,0,1163
1119,5100,0,1152
1119,5100,0,1150
1119,4667,0,1103
1119,5380,0,1136
1119,4940,0,1176
1119,5110,8,1151
1119,5105,0,1153
1120,5240,0,1107
1120,5257,0,1110
1120,5245,0,1108
1120,5250,0,1109
1120,5357,0,1142
1120,4990,2,1114
1120,4921,2,1115
1120,4830,2,1116
1120,4930,2,1111
1120,4880,2,1112
1120,4923,2,1113
1120,4672,0,1164
1120,4655,0,1162
1120,4665,0,1155
1120,4651,0,1158
1120,4657,0,1160
1120,4551,0,1161
1120,4669,0,1157
1120,4667,0,1159
1120,4668,0,1156
1120,4666,0,1165
1120,4664,0,1163
1120,5100,0,1152
1120,5100,0,1150
1120,4656,0,1103
1120,5382,0,1136
1120,4940,0,1170
1120,5110,1,1153
1120,5105,0,1151
1120,5399,0,1211
1121,5240,0,1107
1121,5255,0,1110
1121,5246,0,1108
1121,5250,0,1109
1121,5357,0,1142
1121,4929,2,1114
1121,4918,2,1115
1121,4830,2,1116
1121,4990,2,1111
1121,4917,2,1112
1121,4923,2,1113
1121,4669,0,1165
1121,4655,0,1160
1121,4657,0,1157
1121,4659,0,1163
1121,4551,0,1158
1121,4662,0,1164
1121,4651,0,1161
1121,4674,0,1156
1121,4654,0,1159
1121,4667,0,1162
1121,4652,0,1155
1121,5100,0,1151
1121,5100,0,1152
1121,5110,8,1153
1121,4653,0,1103
1121,5382,0,1136
1121,5115,0,1150
1122,5242,0,1107
1122,5257,0,1110
1122,5246,0,1108
1122,5252,0,1109
1122,5354,0,1142
1122,4929,2,1114
1122,4927,2,1115
1122,4923,2,1116
1122,4917,2,1111
1122,4990,2,1112
1122,4840,2,1113
1122,4671,0,1157
1122,4551,0,1165
1122,4665,0,1160
1122,4662,0,1164
1122,4672,0,1158
1122,4659,0,1163
1122,4669,0,1155
1122,4668,0,1162
1122,4664,0,1159
1122,4656,0,1161
1122,4674,0,1156
1122,5100,0,1152
1122,5100,0,1150
1122,5110,9,1151
1122,5115,0,1153
1122,4653,0,1103
1122,5382,0,1136
1123,5240,0,1107
1123,5257,0,1110
1123,5246,0,1108
1123,5252,0,1109
1123,5357,0,1142
1123,4910,2,1114
1123,4918,2,1115
1123,4926,2,1116
1123,4929,2,1111
1123,4880,2,1112
1123,4920,2,1113
1123,4659,0,1159
1123,4657,0,1161
1123,4665,0,1165
1123,4669,0,1158
1123,4671,0,1156
1123,4551,0,1163
1123,4651,0,1164
1123,4652,0,1157
1123,4674,0,1160
1123,4654,0,1155
1123,4667,0,1162
1123,5100,0,1153
1123,5100,0,1151
1123,4653,0,1103
1123,5380,0,1136
1123,5110,2,1152
1123,5105,0,1150
1124,5240,0,1107
1124,5257,0,1110
1124,5246,0,1108
1124,5252,0,1109
1124,5357,0,1142
1124,4928,2,1114
1124,4918,2,1115
1124,4840,2,1116
1124,4910,2,1111
1124,4921,2,1112
1124,4850,2,1113
1124,4657,0,1159
1124,4655,0,1161
1124,4551,0,1155
1124,4677,0,1158
1124,4659,0,1160
1124,4672,0,1165
1124,4671,0,1163
1124,4656,0,1164
1124,4663,0,1162
1124,4654,0,1156
1124,4653,0,1157
1124,5100,0,1151
1124,5100,0,1152
1124,4667,0,1103
1124,5380,0,1136
1124,4940,0,1170
1124,5110,9,1150
1124,5115,0,1153
1125,5240,0,1107
1125,5257,0,1110
1125,5245,0,1108
1125,5252,0,1109
1125,5357,0,1142
1125,4917,2,1114
1125,4840,2,1115
1125,4923,2,1116
1125,4810,2,1111
1125,4918,2,1112
1125,4860,2,1113
1125,4662,0,1156
1125,4659,0,1165
1125,4665,0,1158
1125,4672,0,1164
1125,4671,0,1160
1125,4551,0,1162
1125,4669,0,1163
1125,4664,0,1155
1125,4653,0,1157
1125,4674,0,1159
1125,4663,0,1161
1125,5100,0,1152
1125,5100,0,1150
1125,4656,0,1103
1125,5382,0,1136
1125,4940,0,1175
1125,5110,5,1153
1125,5105,0,1151
1125,5399,0,1211
1126,5240,0,1107
1126,5255,0,1110
1126,5245,0,1108
1126,5252,0,1109
1126,5357,0,1142
1126,4928,2,1114
1126,4920,2,1115
1126,4923,2,1116
1126,4910,2,1111
1126,4780,2,1112
1126,4840,2,1113
1126,4659,0,1162
1126,4551,0,1158
1126,4655,0,1164
1126,4669,0,1160
1126,4671,0,1155
1126,4677,0,1157
1126,4651,0,1165
1126,4663,0,1159
1126,4666,0,1156
1126,4652,0,1163
1126,4674,0,1161
1126,5100,0,1152
1126,5100,0,1153
1126,4656,0,1103
1126,5380,0,1136
1126,5110,0,1151
1126,5115,0,1150
1127,5240,0,1107
1127,5257,0,1110
1127,5245,0,1108
1127,5250,0,1109
1127,5354,0,1142
1127,4910,2,1114
1127,4928,2,1115
1127,4923,2,1116
1127,4790,2,1111
1127,4920,2,1112
1127,4860,2,1113
1127,4677,0,1160
1127,4669,0,1157
1127,4672,0,1165
1127,4671,0,1158
1127,4551,0,1163
1127,4657,0,1164
1127,4665,0,1156
1127,4668,0,1162
1127,4656,0,1155
1127,4664,0,1159
1127,4663,0,1161
1127,5100,0,1150
1127,5100,0,1152
1127,5110,1,1151
1127,4674,0,1103
1127,5382,0,1136
1127,5105,0,1153
1127,5399,0,1211
1128,5242,0,1107
1128,5257,0,1110
1128,5246,0,1108
1128,5252,0,1109
1128,5354,0,1142
1128,4928,2,1114
1128,4927,2,1115
1128,4924,2,1116
1128,4910,2,1111
1128,4920,2,1112
1128,4923,2,1113
1128,4669,0,1165
1128,4551,0,1159
1128,4671,0,1156
1128,4672,0,1158
1128,4665,0,1155
1128,4659,0,1164
1128,4677,0,1163
1128,4667,0,1161
1128,4654,0,1160
1128,4653,0,1157
1128,4666,0,1162
1128,5100,0,1151
1128,5100,0,1153
1128,5115,0,1152
1128,4663,0,1103
1128,5382,0,1136
1128,5110,9,1150
1128,5399,0,1210
1129,5242,0,1107
1129,5257,0,1110
1129,5245,0,1108
1129,5252,0,1109
1129,5354,0,1142
1129,4910,2,1114
1129,4850,2,1115
1129,4840,2,1116
1129,4780,2,1111
1129,4923,2,1112
1129,4926,2,1113
1129,4551,0,1156
1129,4659,0,1165
1129,4669,0,1159
1129,4672,0,1158
1129,4665,0,1160
1129,4655,0,1162
1129,4677,0,1164
1129,4664,0,1161
1129,4674,0,1155
1129,4654,0,1157
1129,4656,0,1163
1129,5100,0,1153
1129,5100,0,1151
1129,5110,2,1150
1129,5105,1,1152
1129,4668,0,1103
1129,5382,0,1136
1130,5242,0,1107
1130,5257,0,1110
1130,5245,0,1108
1130,5250,0,1109
1130,5354,0,1142
1130,4910,2,1114
1130,4923,2,1115
1130,4860,2,1116
1130,4930,2,1111
1130,4810,2,1112
1130,4830,2,1113
1130,4665,0,1159
1130,4671,0,1155
1130,4672,0,1158
1130,4655,0,1162
1130,4657,0,1164
1130,4677,0,1157
1130,4662,0,1160
1130,4668,0,1163
1130,4653,0,1165
1130,4667,0,1156
1130,4663,0,1161
1130,5100,0,1153
1130,5100,0,1150
1130,5115,0,1152
1130,4652,0,1103
1130,5382,0,1136
1130,4940,0,1171
1130,5110,3,1151
1131,5242,0,1107
1131,5257,0,1110
1131,5246,0,1108
1131,5252,0,1109
1131,5354,0,1142
1131,4928,2,1114
1131,4917,2,1115
1131,4923,2,1116
1131,4990,2,1111
1131,4927,2,1112
1131,4918,2,1113
1131,4655,0,1157
1131,4677,0,1155
1131,4551,0,1160
1131,4671,0,1163
1131,4659,0,1164
1131,4669,0,1158
1131,4672,0,1156
1131,4664,0,1162
1131,4654,0,1159
1131,4667,0,1165
1131,4674,0,1161
1131,5100,0,1153
1131,5100,0,1152
1131,4653,0,1103
1131,5380,0,1136
1131,4940,0,1174
1131,5110,0,1150
1131,5115,0,1151
1131,5399,0,1212
1132,5240,0,1107
1132,5257,0,1110
1132,5246,0,1108
1132,5250,0,1109
1132,5354,0,1142
1132,4927,2,1114
1132,4990,2,1115
1132,4880,2,1116
1132,4930,2,1111
1132,4925,2,1112
1132,4924,2,1113
1132,4672,0,1155
1132,4651,0,1158
1132,4655,0,1164
1132,4677,0,1157
1132,4671,0,1163
1132,4669,0,1160
1132,4657,0,1159
1132,4666,0,1161
1132,4667,0,1165
1132,4674,0,1156
1132,4664,0,1162
1132,5100,0,1152
1132,5100,0,1150
1132,5110,3,1153
1132,4668,0,1103
1132,5382,0,1136
1132,5105,0,1151
1132,5399,0,1213
1133,5240,0,1107
1133,5257,0,1110
1133,5245,0,1108
1133,5252,0,1109
1133,5357,0,1142
1133,4929,2,1114
1133,4924,2,1115
1133,4918,2,1116
1133,4990,2,1111
1133,4917,2,1112
1133,4925,2,1113
1133,4672,0,1164
1133,4651,0,1160
1133,4662,0,1163
1133,4655,0,1157
1133,4665,0,1155
1133,4659,0,1158
1133,4551,0,1156
1133,4674,0,1162
1133,4664,0,1159
1133,4652,0,1165
1133,4653,0,1161
1133,5100,0,1150
1133,5100,0,1152
1133,5110,4,1153
1133,4667,0,1103
1133,5380,0,1136
1133,4940,0,1173
1133,5105,0,1151
1133,5399,0,1213
1134,5242,0,1107
1134,5257,0,1110
1134,5246,0,1108
1134,5252,0,1109
1134,5354,0,1142
1134,4929,2,1114
1134,4910,2,1115
1134,4921,2,1116
1134,4810,2,1111
1134,4920,2,1112
1134,4840,2,1113
1134,4551,0,1163
1134,4671,0,1160
1134,4655,0,1165
1134,4659,0,1158
1134,4669,0,1164
1134,4665,0,1157
1134,4672,0,1156
1134,4654,0,1162
1134,4653,0,1155
1134,4664,0,1159
1134,4652,0,1161
1134,5100,0,1150
1134,5100,0,1152
1134,4668,0,1103
1134,5382,0,1136
1134,4940,0,1171
1134,5110,1,1153
1134,5105,0,1151
1134,5399,0,1211
1135,3000,0,2125
1135,5006,0,2103
1135,5000,1,2109
1135,3030,1,2116
1135,5011,2,2113
1135,5011,6,2106
1135,5011,4,2111
1135,5011,6,2112
1135,3410,1,2117
1135,3400,0,2120
1135,3400,3,2110
1135,4341,0,2357
1135,4100,0,2302
1135,4100,0,2308
1135,4100,0,2313
1135,4000,0,2312
1135,4350,1,2310
1135,4667,0,2760
1135,4654,0,2754
1135,4658,0,2763
1135,4669,0,2759
1135,4665,0,2753
1135,4677,0,2758
1135,4655,0,2762
1135,4657,0,2761
1135,5300,0,2535
1135,5300,0,2521
1135,5300,0,2530
1135,5300,0,2527
1135,5300,0,2528
1135,5300,0,2525
1135,5300,0,2529
1135,5300,0,2536
1135,4680,0,2603
1135,4670,2,2607
1135,4650,4,2601
1135,4660,5,2604
1135,4660,6,2605
1135,4670,3,2606
1135,4940,0,2714
1135,3000,0,2107
1135,5011,2,2114
1135,4300,0,2314
1135,4300,0,2306
1136,3810,0,2123
1136,5006,0,2116
1136,5002,0,2113
1136,3800,1,2109
1136,5010,2,2103
1136,5011,3,2107
1136,5010,4,2110
1136,5011,3,2117
1136,3220,1,2111
1136,3210,1,2106
1136,3210,2,2108
1136,4301,0,2352
1136,4100,0,2314
1136,4100,0,2306
1136,4100,0,2312
1136,4000,6,2310
1136,4340,0,2307
1136,4668,0,2763
1136,4674,0,2758
1136,4666,0,2759
1136,4651,0,2753
1136,4662,0,2761
1136,4665,0,2762
1136,4655,0,2760
1136,4671,0,2754
1136,4660,6,2606
1136,4660,2,2607
1136,4650,3,2601
1136,4650,4,2603
1136,4670,0,2605
1136,4670,4,2604
1136,5006,0,2112
1136,3800,1,2114
1136,3790,0,2308
1136,4000,1,2313
1137,3810,1,2128
1137,5001,1,2109
1137,5002,0,2110
1137,3800,0,2103
1137,5011,3,2113
1137,5011,6,2111
1137,5010,0,2107
1137,5010,0,2112
1137,3400,3,2106
1137,3400,0,2116
1137,3410,4,2120
1137,4341,0,2362
1137,4100,0,2302
1137,4100,0,2307
1137,4100,0,2308
1137,4000,2,2306
1137,4300,0,2310
1137,4667,0,2753
1137,4674,0,2754
1137,4668,0,2762
1137,4672,0,2760
1137,4657,0,2761
1137,4659,0,2758
1137,4662,0,2763
1137,4651,0,2759
1137,4650,3,2601
1137,4660,4,2606
1137,4670,4,2607
1137,4670,1,2605
1137,4660,3,2604
1137,4650,2,2603
1137,4940,0,2718
1137,3810,1,2108
1137,5010,0,2117
1137,3790,0,2314
1137,4500,0,2313
1138,3800,0,2129
1138,5001,1,2117
1138,5005,0,2103
1138,3810,1,2120
1138,5010,0,2116
1138,5011,2,2109
1138,5010,3,2108
1138,5010,3,2113
1138,3410,1,2112
1138,3400,3,2110
1138,3410,0,2114
1138,4101,0,2364
1138,4100,0,2307
1138,4100,0,2313
1138,4100,0,2306
1138,4000,6,2312
1138,4340,0,2308
1138,4668,0,2759
1138,4654,0,2761
1138,4652,0,2753
1138,4665,0,2760
1138,4672,0,2754
1138,4659,0,2762
1138,4651,0,2763
1138,4657,0,2758
1138,5305,0,2525
1138,5305,0,2530
1138,5305,0,2521
1138,5305,0,2535
1138,5305,0,2527
1138,5305,0,2528
1138,5305,0,2529
1138,5305,0,2536
1138,4680,0,2606
1138,4670,1,2601
1138,4670,4,2604
1138,4660,2,2605
1138,4650,4,2603
1138,4660,3,2607
1138,4940,0,2714
1138,3800,0,2107
1138,3400,3,2106
1138,3790,0,2310
1138,4500,0,2302
1139,3800,0,2129
1139,5003,0,2117
1139,5001,1,2113
1139,3800,1,2116
1139,5010,3,2110
1139,5010,4,2112
1139,5011,4,2107
1139,5011,4,2120
1139,3410,0,2106
1139,3410,4,2108
1139,3400,2,2114
1139,4090,5,2310
1139,4301,1,2364
1139,4100,0,2312
1139,4100,0,2307
1139,4100,0,2308
1139,4000,3,2313
1139,4300,1,2306
1139,4656,0,2754
1139,4664,0,2759
1139,4666,0,2753
1139,4669,0,2760
1139,4672,0,2758
1139,4657,0,2763
1139,4677,0,2761
1139,4662,0,2762
1139,4650,4,2603
1139,4670,2,2607
1139,4670,3,2605
1139,4660,6,2601
1139,4660,2,2604
1139,4650,3,2606
1139,5010,3,2103
1139,5011,4,2109
1139,4500,0,2302
1140,3810,1,2125
1140,5004,0,2117
1140,5003,0,2110
1140,5003,0,2106
1140,3810,0,2114
1140,5010,3,2113
1140,5010,2,2103
1140,5010,4,2116
1140,5010,3,2107
1140,3210,1,2109
1140,3210,2,2104
1140,3200,0,2111
1140,3210,1,2120
1140,4301,0,2357
1140,4100,0,2301
1140,4100,0,2305
1140,4100,0,2308
1140,4500,0,2312
1140,4000,0,2314
1140,4340,1,2306
1140,4350,1,2310
1140,4686,0,2757
1140,4667,0,2756
1140,4943,0,2190
1140,4663,0,2762
1140,4654,0,2761
1140,4664,0,2758
1140,4658,0,2759
1140,4669,0,2754
1140,4671,0,2753
1140,4665,0,2750
1140,4677,0,2760
1140,4551,0,2755
1140,4659,0,2763
1140,4553,0,2524
1140,4553,0,2528
1140,4553,0,2521
1140,4553,0,2523
1140,4553,0,2527
1140,4553,0,2526
1140,4553,0,2529
1140,4553,0,2525
1140,4660,3,2602
1140,4660,5,2604
1140,4660,4,2607
1140,4650,2,2601
1140,4670,1,2606
1140,4650,4,2605
1140,4670,2,2603
1140,3810,1,2112
1140,3210,1,2100
1140,3790,0,2300
1140,4350,1,2302
1140,4340,1,2313
1140,2000,0,2101
1141,3800,1,2125
1141,5001,1,2109
1141,5000,1,2113
1141,5001,1,2116
1141,3800,0,2111
1141,5010,4,2114
1141,5011,3,2101
1141,5011,4,2103
1141,5011,3,2110
1141,3410,0,2104
1141,3410,2,2112
1141,3400,2,2106
1141,3410,2,2120
1141,4341,0,2357
1141,4100,0,2308
1141,4100,0,2312
1141,4100,0,2301
1141,4500,0,2314
1141,4000,0,2313
1141,4340,0,2300
1141,4300,0,2302
1141,4695,0,2757
1141,4667,0,2756
1141,4942,0,2190
1141,4656,0,2755
1141,4666,0,2754
1141,4664,0,2759
1141,4674,0,2753
1141,4659,0,2762
1141,4651,0,2758
1141,4657,0,2750
1141,4662,0,2761
1141,4671,0,2760
1141,4672,0,2763
1141,4680,0,2603
1141,4650,4,2601
1141,4660,4,2602
1141,4650,5,2605
1141,4670,2,2607
1141,4670,0,2604
1141,4660,6,2606
1141,5001,1,2100
1141,5001,1,2117
1141,5010,4,2107
1141,4340,0,2310
1141,4300,0,2305
1141,4340,0,2306
1142,3030,1,2122
1142,5001,1,2110
1142,5003,0,2101
1142,5001,1,2107
1142,3000,1,2104
1142,5010,0,2103
1142,5010,4,2114
1142,5011,4,2111
1142,5010,0,2108
1142,3210,0,2120
1142,3210,1,2117
1142,3200,1,2109
1142,3200,1,2113
1142,4301,1,2351
1142,4100,0,2307
1142,4100,0,2302
1142,4100,0,2308
1142,4500,0,2305
1142,4000,2,2300
1142,4350,1,2314
1142,4340,0,2312
1142,4695,0,2757
1142,4656,0,2756
1142,4943,0,2190
1142,4668,0,2753
1142,4667,0,2750
1142,4653,0,2762
1142,4663,0,2761
1142,4671,0,2759
1142,4657,0,2763
1142,4672,0,2760
1142,4665,0,2755
1142,4659,0,2754
1142,4677,0,2758
1142,4660,5,2605
1142,4650,3,2604
1142,4660,6,2603
1142,4670,4,2607
1142,4670,2,2601
1142,4650,5,2606
1142,4660,3,2602
1142,5003,0,2112
1142,5003,0,2116
1142,3000,1,2106
1142,4500,0,2313
1142,4350,1,2306
1142,4350,1,2310
1143,3000,0,2125
1143,5005,0,2120
1143,5006,0,2110
1143,5006,0,2114
1143,3000,1,2106
1143,5011,6,2107
1143,5010,4,2104
1143,5011,3,2111
1143,5011,3,2103
1143,3420,0,2100
1143,3400,0,2116
1143,3410,3,2113
1143,3410,3,2112
1143,4302,0,2357
1143,4100,0,2301
1143,4100,0,2310
1143,4100,0,2300
1143,4500,0,2308
1143,4000,3,2312
1143,4340,1,2305
1143,4340,0,2306
1143,4681,0,2757
1143,4674,0,2756
1143,4942,0,2190
1143,4664,0,2753
1143,4658,0,2755
1143,4663,0,2758
1143,4654,0,2760
1143,4659,0,2763
1143,4662,0,2761
1143,4677,0,2759
1143,4672,0,2750
1143,4669,0,2754
1143,4671,0,2762
1143,4660,2,2606
1143,4660,4,2605
1143,4650,2,2602
1143,4670,2,2601
1143,4660,5,2607
1143,4670,3,2604
1143,4650,4,2603
1143,5005,0,2117
1143,3400,0,2109
1143,3420,0,2101
1143,4340,0,2302
1143,4340,0,2313
1143,4340,1,2314
1144,3800,0,2124
1144,5006,0,2111
1144,5001,1,2101
1144,5001,1,2112
1144,3800,1,2103
1144,5010,0,2100
1144,5011,3,2107
1144,5011,2,2114
1144,5011,3,2110
1144,3400,3,2109
1144,3400,1,2116
1144,3410,2,2113
1144,3400,3,2108
1144,4341,1,2356
1144,4100,0,2305
1144,4100,0,2310
1144,4100,0,2308
1144,4500,0,2313
1144,4000,8,2301
1144,4340,1,2300
1144,4340,0,2307
1144,4695,0,2757
1144,4664,0,2756
1144,4942,0,2190
1144,4654,0,2760
1144,4652,0,2761
1144,4666,0,2753
1144,4656,0,2763
1144,4657,0,2759
1144,4672,0,2750
1144,4671,0,2755
1144,4551,0,2754
1144,4659,0,2762
1144,4655,0,2758
1144,4660,5,2603
1144,4670,3,2607
1144,4650,5,2604
1144,4670,0,2601
1144,4650,3,2606
1144,4660,2,2605
1144,4660,4,2602
1144,5001,1,2104
1144,5010,0,2117
1144,5011,2,2106
1144,4000,4,2314
1144,4000,2,2302
1144,4340,0,2312
1145,3810,1,2129
1145,5004,0,2110
1145,5006,0,2108
1145,5006,0,2113
1145,3810,0,2117
1145,5011,3,2103
1145,5011,6,2120
1145,5010,0,2104
1145,5010,0,2112
1145,3400,1,2116
1145,3400,0,2106
1145,3400,3,2109
1145,3400,3,2101
1145,4341,1,2364
1145,4100,0,2301
1145,4100,0,2307
1145,4100,0,2305
1145,4500,0,2310
1145,4000,7,2308
1145,4340,0,2300
1145,4340,1,2313
1145,4681,0,2757
1145,4664,0,2756
1145,4941,0,2190
1145,4654,0,2761
1145,4668,0,2760
1145,4652,0,2762
1145,4658,0,2758
1145,4669,0,2750
1145,4672,0,2763
1145,4659,0,2759
1145,4665,0,2755
1145,4677,0,2753
1145,4655,0,2754
1145,4680,1,2607
1145,4660,3,2603
1145,4670,0,2605
1145,4660,4,2601
1145,4650,3,2606
1145,4650,2,2604
1145,4670,3,2602
1145,5004,0,2100
1145,5006,0,2114
1145,3810,0,2107
1145,4500,0,2302
1145,4000,0,2312
1145,4340,0,2306
1146,3800,1,2128
1146,5001,1,2111
1146,5000,1,2106
1146,5001,1,2120
1146,3800,0,2110
1146,5011,4,2108
1146,5011,3,2116
1146,5010,4,2117
1146,5010,4,2103
1146,3200,0,2101
1146,3220,0,2112
1146,3200,1,2113
1146,3200,1,2104
1146,4501,0,2362
1146,4100,0,2301
1146,4100,0,2314
1146,4100,0,2306
1146,4500,0,2310
1146,4000,9,2308
1146,4300,0,2313
1146,4340,0,2305
1146,4681,0,2757
1146,4663,0,2756
1146,4943,0,2190
1146,4667,0,2761
1146,4666,0,2755
1146,4674,0,2754
1146,4658,0,2762
1146,4657,0,2759
1146,4677,0,2758
1146,4671,0,2753
1146,4659,0,2750
1146,4669,0,2760
1146,4655,0,2763
1146,5305,0,2521
1146,5305,0,2524
1146,5305,0,2530
1146,5305,0,2529
1146,5305,0,2522
1146,5305,0,2527
1146,5305,0,2523
1146,5305,0,2525
1146,4650,3,2605
1146,4660,4,2603
1146,4670,0,2606
1146,4650,2,2607
1146,4660,2,2604
1146,4660,3,2601
1146,4670,4,2602
1146,5000,1,2100
1146,5000,1,2109
1146,5011,3,2107
1146,4500,0,2307
1146,4000,6,2300
1146,4300,0,2302
1146,5305,0,2528
1146,5305,0,2526
1147,3810,0,2126
1147,5000,1,2113
1147,5003,0,2116
1147,5003,0,2106
1147,3800,1,2112
1147,5010,3,2110
1147,5010,2,2114
1147,5011,6,2104
1147,5010,2,2117
1147,3410,2,2103
1147,3400,3,2120
1147,3410,1,2111
1147,3400,3,2109
1147,4101,0,2358
1147,4100,0,2307
1147,4100,0,2300
1147,4100,0,2314
1147,4500,0,2312
1147,4000,8,2301
1147,4300,1,2305
1147,4300,0,2306
1147,4686,0,2757
1147,4674,0,2756
1147,4941,0,2190
1147,4652,0,2760
1147,4666,0,2763
1147,4656,0,2753
1147,4653,0,2758
1147,4665,0,2759
1147,4551,0,2754
1147,4677,0,2755
1147,4651,0,2750
1147,4657,0,2761
1147,4662,0,2762
1147,4660,6,2602
1147,4650,5,2606
1147,4660,2,2607
1147,4650,2,2601
1147,4660,3,2604
1147,4670,3,2605
1147,4670,1,2603
1147,5003,0,2101
1147,5000,1,2107
1147,5010,3,2100
1147,4500,0,2302
1147,4000,5,2313
1147,4300,1,2310
1148,3000,0,2129
1148,5002,0,2112
1148,5001,1,2108
1148,5002,0,2110
1148,3030,1,2104
1148,5010,4,2106
1148,5011,2,2114
1148,5010,0,2103
1148,5010,4,2113
1148,3200,0,2101
1148,3210,2,2109
1148,3210,1,2117
1148,3210,1,2116
1148,4301,0,2364
1148,4100,0,2308
1148,4100,0,2313
1148,4100,0,2305
1148,4500,0,2301
1148,4000,9,2307
1148,4300,1,2300
1148,4350,1,2310
1148,4682,0,2757
1148,4652,0,2756
1148,4943,0,2190
1148,4656,0,2761
1148,4658,0,2759
1148,4653,0,2760
1148,4664,0,2754
1148,4655,0,2750
1148,4677,0,2763
1148,4659,0,2753
1148,4672,0,2758
1148,4662,0,2755
1148,4551,0,2762
1148,4555,0,2581
1148,4555,0,2582
1148,4555,0,2587
1148,4555,0,2585
1148,4555,0,2588
1148,4555,0,2580
1148,4555,0,2590
1148,4555,0,2589
1148,4680,1,2601
1148,4660,4,2607
1148,4670,0,2605
1148,4650,5,2602
1148,4670,3,2606
1148,4650,2,2604
1148,4660,5,2603
1148,5001,1,2120
1148,3030,1,2107
1148,5010,4,2100
1148,4500,0,2312
1148,4000,1,2306
1148,4300,1,2302
1149,3800,0,2129
1149,5006,0,2106
1149,5000,1,2104
1149,5000,1,2114
1149,3810,1,2108
1149,5010,0,2112
1149,5011,3,2113
1149,5010,2,2100
1149,5010,2,2110
1149,3220,1,2117
1149,3220,0,2120
1149,3210,0,2107
1149,3210,0,2103
1149,4401,0,2364
1149,4100,0,2307
1149,4100,0,2312
1149,4100,0,2305
1149,4500,0,2300
1149,4000,2,2310
1149,4300,0,2308
1149,4340,1,2302
1149,4682,0,2757
1149,4654,0,2756
1149,4941,0,2190
1149,4658,0,2761
1149,4664,0,2753
1149,4666,0,2760
1149,4656,0,2750
1149,4657,0,2762
1149,4677,0,2758
1149,4672,0,2755
1149,4659,0,2759
1149,4665,0,2754
1149,4662,0,2763
1149,5305,0,2529
1149,5305,0,2528
1149,5305,0,2522
1149,5305,0,2523
1149,5305,0,2524
1149,5305,0,2530
1149,5305,0,2521
1149,5305,0,2525
1149,4660,6,2605
1149,4650,5,2603
1149,4660,3,2604
1149,4660,4,2607
1149,4670,3,2601
1149,4670,2,2606
1149,4650,4,2602
1149,3800,0,2109
1149,5011,3,2116
1149,3210,0,2101
1149,4000,7,2306
1149,4340,1,2301
1149,4300,0,2313
1149,5305,0,2527
1149,5305,0,2520
1150,3000,0,2125
1150,5002,0,2112
1150,5005,0,2120
1150,5005,0,2114
1150,3030,1,2110
1150,5010,4,2113
1150,5011,4,2104
1150,5011,2,2111
1150,5011,2,2116
1150,3200,0,2109
1150,3220,0,2100
1150,3220,1,2103
1150,3200,0,2107
1150,4401,0,2357
1150,4100,0,2314
1150,4100,0,2312
1150,4100,0,2310
1150,4500,0,2306
1150,4000,4,2308
1150,4340,1,2300
1150,4300,1,2313
1150,4682,0,2757
1150,4668,0,2756
1150,4941,0,2190
1150,4653,0,2759
1150,4674,0,2753
1150,4658,0,2754
1150,4667,0,2755
1150,4657,0,2758
1150,4551,0,2760
1150,4669,0,2763
1150,4677,0,2750
1150,4655,0,2761
1150,4672,0,2762
1150,4650,5,2606
1150,4660,4,2605
1150,4660,2,2607
1150,4670,2,2604
1150,4650,2,2602
1150,4660,6,2601
1150,4670,4,2603
1150,5002,0,2106
1150,5002,0,2101
1150,3000,0,2117
1150,4500,0,2305
1150,4340,1,2301
1150,4340,1,2302
1151,3800,0,2127
1151,5003,0,2110
1151,5002,0,2113
1151,5003,0,2100
1151,3810,0,2111
1151,5010,0,2107
1151,5010,3,2108
1151,5010,4,2103
1151,5010,3,2114
1151,3220,1,2101
1151,3210,0,2109
1151,3220,0,2104
1151,3210,0,2106
1151,4401,0,2360
1151,4100,0,2313
1151,4100,0,2301
1151,4100,0,2300
1151,4500,0,2305
1151,4000,0,2302
1151,4300,1,2314
1151,4350,1,2307
1151,4688,0,2757
1151,4668,0,2756
1151,4942,0,2190
1151,4666,0,2760
1151,4652,0,2754
1151,4664,0,2762
1151,4667,0,2753
1151,4551,0,2755
1151,4677,0,2750
1151,4655,0,2759
1151,4672,0,2758
1151,4671,0,2763
1151,4657,0,2761
1151,4670,2,2602
1151,4660,2,2607
1151,4660,5,2601
1151,4660,6,2604
1151,4650,3,2606
1151,4650,5,2605
1151,4670,3,2603
1151,4940,0,2713
1151,5003,0,2116
1151,3810,0,2120
1151,3210,0,2117
1151,4350,1,2306
1151,4350,1,2312
1151,4300,1,2308
1152,3810,0,2122
1152,5006,0,2109
1152,5003,0,2116
1152,5006,0,2117
1152,3800,1,2111
1152,5010,0,2106
1152,5010,2,2112
1152,5011,2,2108
1152,5010,2,2103
1152,3400,0,2120
1152,3400,1,2104
1152,3410,1,2114
1152,3400,1,2110
1152,4301,1,2351
1152,4100,0,2307
1152,4100,0,2310
1152,4100,0,2313
1152,4500,0,2306
1152,4000,7,2312
1152,4300,1,2302
1152,4300,0,2308
1152,4682,0,2757
1152,4654,0,2756
1152,4941,0,2190
1152,4653,0,2760
1152,4668,0,2759
1152,4664,0,2758
1152,4658,0,2763
1152,4662,0,2762
1152,4659,0,2753
1152,4669,0,2761
1152,4672,0,2750
1152,4657,0,2754
1152,4665,0,2755
1152,4678,0,2541
1152,4678,0,2540
1152,4678,0,2542
1152,4678,0,2547
1152,4678,0,2544
1152,4678,0,2545
1152,4678,0,2548
1152,4678,0,2549
1152,4650,3,2607
1152,4660,4,2606
1152,4670,0,2604
1152,4650,2,2603
1152,4670,1,2601
1152,4660,2,2605
1152,4660,5,2602
1152,4940,0,2714
1152,5003,0,2101
1152,5003,0,2113
1152,5011,2,2107
1152,4300,1,2314
1152,4300,0,2300
1152,4300,1,2305
1153,3000,0,2123
1153,5000,1,2107
1153,5005,0,2103
1153,5000,1,2101
1153,3000,1,2111
1153,5010,2,2100
1153,5011,4,2116
1153,5011,6,2109
1153,5011,4,2106
1153,3400,1,2117
1153,3400,3,2108
1153,3410,1,2110
1153,3400,3,2104
1153,4302,0,2352
1153,4100,0,2308
1153,4100,0,2306
1153,4100,0,2312
1153,4500,0,2300
1153,4000,0,2307
1153,4350,1,2313
1153,4340,0,2310
1153,4688,0,2757
1153,4666,0,2756
1153,4942,0,2190
1153,4663,0,2750
1153,4664,0,2758
1153,4658,0,2753
1153,4667,0,2762
1153,4669,0,2754
1153,4657,0,2759
1153,4672,0,2761
1153,4651,0,2763
1153,4551,0,2755
1153,4662,0,2760
1153,4670,1,2606
1153,4660,2,2602
1153,4670,2,2604
1153,4660,4,2605
1153,4650,3,2607
1153,4650,2,2601
1153,4660,5,2603
1153,4940,0,2715
1153,5000,1,2112
1153,3410,1,2113
1153,3400,1,2114
1153,4000,4,2305
1153,4000,1,2301
1153,4340,0,2314
1154,3030,1,2125
1154,5002,0,2109
1154,5004,0,2104
1154,5004,0,2112
1154,3000,1,2114
1154,5011,2,2116
1154,5011,4,2117
1154,5010,4,2103
1154,5010,4,2106
1154,3220,1,2110
1154,3210,1,2101
1154,3210,0,2107
1154,3220,1,2113
1154,4302,0,2357
1154,4100,0,2301
1154,4100,0,2306
1154,4100,0,2313
1154,4500,0,2308
1154,4000,6,2300
1154,4340,1,2302
1154,4300,1,2314
1154,4695,0,2757
1154,4664,0,2756
1154,4943,0,2190
1154,4652,0,2755
1154,4656,0,2762
1154,4653,0,2761
1154,4663,0,2758
1154,4672,0,2750
1154,4665,0,2760
1154,4651,0,2763
1154,4662,0,2753
1154,4659,0,2759
1154,4657,0,2754
1154,4552,0,2569
1154,4552,0,2570
1154,4552,0,2561
1154,4552,0,2565
1154,4552,0,2562
1154,4552,0,2567
1154,4552,0,2563
1154,4552,0,2568
1154,4650,5,2602
1154,4650,3,2604
1154,4660,5,2606
1154,4670,3,2607
1154,4670,0,2605
1154,4660,3,2601
1154,4660,4,2603
1154,4940,0,2714
1154,3030,1,2100
1154,5010,4,2120
1154,5011,2,2111
1154,4000,9,2305
1154,4000,3,2312
1154,4300,1,2310
1155,3030,0,2127
1155,5006,0,2117
1155,5001,1,2110
1155,5001,1,2116
1155,3000,0,2107
1155,5010,3,2103
1155,5011,3,2106
1155,5010,0,2108
1155,5010,3,2101
1155,3220,1,2120
1155,3210,0,2111
1155,3210,2,2104
1155,3210,2,2113
1155,4341,1,2360
1155,4100,0,2305
1155,4100,0,2301
1155,4100,0,2300
1155,4500,0,2306
1155,4000,7,2302
1155,4350,1,2312
1155,4300,1,2307
1155,4686,0,2757
1155,4674,0,2756
1155,4943,0,2190
1155,4664,0,2755
1155,4658,0,2762
1155,4652,0,2753
1155,4653,0,2759
1155,4657,0,2750
1155,4669,0,2763
1155,4651,0,2760
1155,4662,0,2761
1155,4665,0,2758
1155,4677,0,2754
1155,5300,0,2529
1155,5300,0,2520
1155,5300,0,2526
1155,5300,0,2521
1155,5300,0,2525
1155,5300,0,2528
1155,5300,0,2527
1155,5300,0,2530
1155,4660,4,2601
1155,4650,4,2604
1155,4660,6,2603
1155,4650,2,2607
1155,4670,1,2605
1155,4670,3,2606
1155,4660,5,2602
1155,4940,0,2712
1155,5001,1,2109
1155,5001,1,2100
1155,3000,0,2114
1155,3790,0,2313
1155,4000,0,2314
1155,4000,2,2308
1155,5300,0,2524
1155,5300,0,2522
1156,3810,0,2124
1156,5006,0,2107
1156,5001,1,2117
1156,5001,1,2103
1156,3810,1,2100
1156,5010,2,2116
1156,5011,3,2106
1156,5011,4,2101
1156,5011,4,2113
1156,3220,0,2104
1156,3210,1,2112
1156,3200,0,2108
1156,3220,0,2114
1156,4341,1,2356
1156,4100,0,2310
1156,4100,0,2312
1156,4100,0,2305
1156,4500,0,2307
1156,4000,9,2302
1156,4340,0,2314
1156,4300,0,2300
1156,4695,0,2757
1156,4668,0,2756
1156,4943,0,2190
1156,4663,0,2754
1156,4664,0,2759
1156,4674,0,2755
1156,4667,0,2762
1156,4655,0,2750
1156,4551,0,2760
1156,4659,0,2761
1156,4677,0,2753
1156,4665,0,2758
1156,4671,0,2763
1156,4670,1,2601
1156,4660,4,2602
1156,4650,3,2604
1156,4660,5,2605
1156,4650,5,2606
1156,4670,2,2607
1156,4660,2,2603
1156,4940,0,2712
1156,5001,1,2110
1156,5001,1,2109
1156,5011,3,2111
1156,4000,3,2313
1156,4000,2,2308
1156,4340,0,2301
1157,3800,0,2128
1157,5000,1,2111
1157,5003,0,2112
1157,5000,1,2104
1157,3810,1,2110
1157,5010,2,2109
1157,5011,3,2107
1157,5011,2,2120
1157,5010,2,2108
1157,3410,3,2103
1157,3410,0,2100
1157,3430,0,2106
1157,3410,0,2116
1157,4501,0,2362
1157,4100,0,2301
1157,4100,0,2313
1157,4100,0,2310
1157,4500,0,2305
1157,4000,7,2300
1157,4340,1,2306
1157,4350,1,2307
1157,4695,0,2757
1157,4674,0,2756
1157,4943,0,2190
1157,4664,0,2761
1157,4663,0,2758
1157,4658,0,2759
1157,4654,0,2763
1157,4657,0,2755
1157,4651,0,2762
1157,4659,0,2753
1157,4662,0,2750
1157,4655,0,2754
1157,4671,0,2760
1157,4680,2,2606
1157,4660,2,2607
1157,4650,3,2603
1157,4670,4,2605
1157,4650,2,2601
1157,4670,0,2604
1157,4660,4,2602
1157,4940,0,2711
1157,3810,1,2113
1157,5010,2,2117
1157,3430,0,2101
1157,4500,0,2302
1157,4340,1,2314
1157,4340,1,2308
1158,3800,1,2125
1158,5004,0,2112
1158,5003,0,2107
1158,5003,0,2103
1158,3810,0,2120
1158,5010,4,2110
1158,5010,0,2104
1158,5010,2,2109
1158,5010,4,2117
1158,3210,2,2100
1158,3200,1,2116
1158,3220,0,2106
1158,3200,1,2113
1158,4501,0,2357
1158,4100,0,2300
1158,4100,0,2306
1158,4100,0,2312
1158,4500,0,2313
1158,4000,2,2314
1158,4340,0,2301
1158,4340,1,2305
1158,4686,0,2757
1158,4654,0,2756
1158,4942,0,2190
1158,4666,0,2760
1158,4664,0,2754
1158,4668,0,2761
1158,4663,0,2750
1158,4671,0,2753
1158,4672,0,2762
1158,4651,0,2759
1158,4677,0,2755
1158,4662,0,2758
1158,4551,0,2763
1158,4680,1,2607
1158,4650,5,2604
1158,4660,5,2606
1158,4670,0,2601
1158,4660,6,2605
1158,4650,2,2602
1158,4670,4,2603
1158,5010,2,2101
1158,5010,2,2114
1158,3200,1,2111
1158,3790,0,2302
1158,4500,0,2308
1158,4340,0,2310
1159,3800,1,2125
1159,5005,0,2116
1159,5004,0,2112
1159,5005,0,2104
1159,3800,0,2106
1159,5010,3,2117
1159,5011,4,2103
1159,5010,4,2107
1159,5011,4,2120
1159,3410,4,2114
1159,3410,3,2111
1159,3410,0,2100
1159,3410,0,2113
1159,4301,1,2357
1159,4100,0,2310
1159,4100,0,2302
1159,4100,0,2306
1159,4500,0,2313
1159,4000,4,2301
1159,4300,0,2314
1159,4350,1,2308
1159,4681,0,2757
1159,4668,0,2756
1159,4943,0,2190
1159,4674,0,2761
1159,4667,0,2758
1159,4653,0,2753
1159,4656,0,2762
1159,4672,0,2763
1159,4651,0,2750
1159,4677,0,2760
1159,4662,0,2754
1159,4657,0,2755
1159,4665,0,2759
1159,5300,0,2520
1159,5300,0,2527
1159,5300,0,2524
1159,5300,0,2521
1159,5300,0,2522
1159,5300,0,2530
1159,5300,0,2528
1159,5300,0,2529
1159,4660,3,2602
1159,4660,2,2604
1159,4670,3,2605
1159,4670,4,2607
1159,4650,3,2606
1159,4650,2,2601
1159,4660,6,2603
1159,5011,4,2109
1159,5010,4,2110
1159,3410,0,2101
1159,3790,0,2300
1159,4000,5,2305
1159,4000,0,2312
1159,5300,0,2525
1159,5300,0,2526
1160,3000,0,2122
1160,5006,0,2104
1160,5003,0,2101
1160,3000,1,2116
1160,5010,3,2117
1160,5010,4,2113
1160,5010,3,2110
1160,3420,0,2112
1160,3410,2,2108
1160,3420,0,2114
1160,4401,0,2351
1160,4100,0,2310
1160,4100,0,2308
1160,4100,0,2314
1160,4000,3,2300
1160,4300,1,2305
1160,4340,1,2307
1160,4688,0,2757
1160,4656,0,2756
1160,4943,0,2190
1160,4652,0,2763
1160,4667,0,2755
1160,4653,0,2750
1160,4669,0,2762
1160,4665,0,2761
1160,4672,0,2760
1160,4555,0,2587
1160,4555,0,2588
1160,4555,0,2589
1160,4555,0,2584
1160,4555,0,2590
1160,4555,0,2583
1160,4555,0,2582
1160,4555,0,2586
1160,4650,5,2602
1160,4660,4,2606
1160,4670,2,2605
1160,4660,6,2607
1160,3000,1,2109
1160,5010,3,2111
1160,3790,0,2312
1160,4500,0,2313
1161,3810,1,2122
1161,5004,0,2112
1161,5002,0,2111
1161,3800,0,2104
1161,5011,4,2113
1161,5011,6,2108
1161,5011,6,2116
1161,3400,2,2110
1161,3400,0,2117
1161,3400,0,2109
1161,4101,0,2351
1161,4100,0,2314
1161,4100,0,2310
1161,4100,0,2300
1161,4000,7,2313
1161,4300,1,2312
1161,4340,1,2308
1161,4687,0,2757
1161,4652,0,2756
1161,4941,0,2190
1161,4663,0,2762
1161,4667,0,2750
1161,4666,0,2761
1161,4651,0,2755
1161,4677,0,2763
1161,4655,0,2760
1161,4678,0,2553
1161,4678,0,2543
1161,4678,0,2542
1161,4678,0,2549
1161,4678,0,2547
1161,4678,0,2550
1161,4678,0,2548
1161,4678,0,2546
1161,4650,5,2602
1161,4670,4,2607
1161,4660,4,2606
1161,4660,3,2605
1161,5002,0,2114
1161,3400,0,2101
1161,3790,0,2305
1161,4500,0,2307
1162,3000,1,2122
1162,5005,0,2111
1162,5003,0,2114
1162,3030,1,2110
1162,5011,3,2104
1162,5010,2,2112
1162,5010,2,2108
1162,3200,0,2117
1162,3200,1,2109
1162,3200,0,2116
1162,4341,1,2351
1162,4100,0,2308
1162,4100,0,2314
1162,4100,0,2312
1162,4000,3,2310
1162,4340,0,2305
1162,4300,0,2313
1162,4686,0,2757
1162,4654,0,2756
1162,4941,0,2190
1162,4656,0,2760
1162,4668,0,2761
1162,4666,0,2763
1162,4657,0,2762
1162,4672,0,2755
1162,4651,0,2750
1162,4650,3,2602
1162,4660,2,2605
1162,4660,5,2607
1162,4670,4,2606
1162,5005,0,2101
1162,3030,1,2113
1162,3790,0,2307
1162,4000,2,2300
1163,3810,0,2125
1163,5003,0,2110
1163,5006,0,2104
1163,3800,1,2113
1163,5010,3,2101
1163,5010,0,2111
1163,5010,0,2109
1163,3410,0,2114
1163,3420,0,2100
1163,3420,0,2117
1163,4341,0,2357
1163,4100,0,2308
1163,4100,0,2305
1163,4100,0,2314
1163,4000,7,2310
1163,4350,1,2313
1163,4300,1,2300
1163,4695,0,2757
1163,4652,0,2756
1163,4942,0,2190
1163,4674,0,2760
1163,4668,0,2763
1163,4658,0,2750
1163,4657,0,2762
1163,4551,0,2761
1163,4671,0,2755
1163,4680,1,2607
1163,4670,3,2602
1163,4660,3,2605
1163,4650,3,2606
1163,4940,0,2718
1163,5003,0,2116
1163,5010,0,2112
1163,4500,0,2301
1163,4350,1,2312
1164,3800,0,2127
1164,5002,0,2117
1164,5001,1,2108
1164,3800,1,2116
1164,5010,3,2110
1164,5011,4,2104
1164,5011,4,2113
1164,3220,1,2109
1164,3210,2,2101
1164,3210,2,2111
1164,4101,0,2360
1164,4100,0,2305
1164,4100,0,2301
1164,4100,0,2313
1164,4000,9,2307
1164,4340,0,2300
1164,4340,1,2312
1164,4681,0,2757
1164,4652,0,2756
1164,4941,0,2190
1164,4666,0,2760
1164,4654,0,2750
1164,4664,0,2762
1164,4669,0,2761
1164,4665,0,2763
1164,4672,0,2755
1164,4660,2,2606
1164,4650,2,2602
1164,4660,4,2607
1164,4670,0,2605
1164,3800,0,2100
1164,5010,3,2114
1164,4500,0,2314
1164,4340,1,2308
1165,3800,0,2121
1165,5003,0,2113
1165,5002,0,2103
1165,3800,1,2114
1165,5011,3,2100
1165,5011,2,2116
1165,5011,3,2109
1165,3200,0,2108
1165,3210,1,2120
1165,4301,1,2350
1165,4100,0,2305
1165,4100,0,2308
1165,4100,0,2313
1165,4000,0,2302
1165,4340,1,2301
1165,4300,1,2307
1165,4681,0,2757
1165,4674,0,2756
1165,4941,0,2190
1165,4664,0,2762
1165,4656,0,2754
1165,4654,0,2750
1165,4669,0,2763
1165,4657,0,2755
1165,4672,0,2753
1165,4650,2,2607
1165,4670,3,2601
1165,4660,2,2605
1165,4660,5,2602
1165,5003,0,2104
1165,5011,3,2117
1165,3790,0,2314
1165,4300,1,2312
1166,3030,0,2125
1166,5001,1,2116
1166,5003,0,2109
1166,3000,1,2114
1166,5011,3,2117
1166,5011,4,2104
1166,5011,3,2101
1166,3430,0,2113
1166,3420,0,2100
1166,4341,1,2357
1166,4100,0,2313
1166,4100,0,2302
1166,4100,0,2300
1166,4000,5,2308
1166,4300,1,2305
1166,4300,0,2301
1166,4686,0,2757
1166,4652,0,2756
1166,4942,0,2190
1166,4668,0,2754
1166,4674,0,2755
1166,4656,0,2753
1166,4657,0,2762
1166,4672,0,2750
1166,4662,0,2763
1166,4552,0,2563
1166,4552,0,2562
1166,4552,0,2569
1166,4552,0,2564
1166,4552,0,2561
1166,4552,0,2568
1166,4552,0,2570
1166,4552,0,2574
1166,4660,5,2607
1166,4660,6,2605
1166,4650,4,2602
1166,4670,4,2601
1166,3430,0,2120
1166,3430,0,2103
1166,4500,0,2312
1166,4300,0,2314
1167,3030,0,2123
1167,5002,0,2116
1167,5001,1,2104
1167,3000,1,2117
1167,5010,2,2114
1167,5011,6,2108
1167,5010,2,2100
1167,3430,0,2103
1167,3400,0,2113
1167,4501,0,2352
1167,4100,0,2314
1167,4100,0,2300
1167,4100,0,2312
1167,4000,0,2305
1167,4300,1,2307
1167,4340,1,2308
1167,4682,0,2757
1167,4652,0,2756
1167,4941,0,2190
1167,4653,0,2753
1167,4656,0,2754
1167,4666,0,2755
1167,4672,0,2763
1167,4671,0,2750
1167,4677,0,2762
1167,5305,0,2530
1167,5305,0,2521
1167,5305,0,2534
1167,5305,0,2520
1167,5305,0,2529
1167,5305,0,2526
1167,5305,0,2528
1167,5305,0,2524
1167,4660,5,2601
1167,4660,6,2605
1167,4650,2,2607
1167,4670,3,2602
1167,5001,1,2109
1167,5010,2,2101
1167,3790,0,2313
1167,4500,0,2301
1167,5305,0,2522
1167,5305,0,2523
1168,3000,1,2122
1168,5003,0,2108
1168,5006,0,2114
1168,3030,0,2103
1168,5010,3,2113
1168,5011,2,2117
1168,5010,3,2116
1168,3410,2,2120
1168,3430,0,2109
1168,4302,0,2351
1168,4100,0,2307
1168,4100,0,2312
1168,4100,0,2313
1168,4000,3,2314
1168,4350,1,2300
1168,4300,1,2302
1168,4688,0,2757
1168,4668,0,2756
1168,4941,0,2190
1168,4666,0,2763
1168,4667,0,2755
1168,4652,0,2753
1168,4657,0,2754
1168,4655,0,2750
1168,4551,0,2762
1168,4680,2,2601
1168,4650,5,2602
1168,4670,4,2605
1168,4660,5,2607
1168,5006,0,2104
1168,3000,1,2101
1168,3790,0,2308
1168,4500,0,2305
1169,3810,0,2126
1169,5006,0,2120
1169,5000,1,2104
1169,3800,0,2101
1169,5011,6,2116
1169,5010,0,2113
1169,5011,6,2103
1169,3410,4,2117
1169,3400,3,2114
1169,4341,1,2358
1169,4100,0,2301
1169,4100,0,2302
1169,4100,0,2307
1169,4000,4,2314
1169,4340,0,2305
1169,4300,0,2312
1169,4695,0,2757
1169,4674,0,2756
1169,4942,0,2190
1169,4652,0,2755
1169,4664,0,2750
1169,4666,0,2762
1169,4657,0,2763
1169,4677,0,2753
1169,4662,0,2754
1169,4650,5,2602
1169,4660,6,2607
1169,4660,2,2601
1169,4670,4,2605
1169,4940,0,2716
1169,3810,0,2109
1169,3410,4,2100
1169,4500,0,2300
1169,4000,2,2313
1170,3810,0,2124
1170,5006,0,2107
1170,5005,0,2117
1170,3800,0,2101
1170,5011,4,2110
1170,5011,6,2106
1170,5011,4,2103
1170,3220,0,2111
1170,3200,0,2100
1170,3220,0,2112
1170,4501,0,2356
1170,4100,0,2301
1170,4100,0,2300
1170,4100,0,2313
1170,4000,9,2314
1170,4300,0,2302
1170,4686,0,2757
1170,4664,0,2756
1170,4943,0,2190
1170,4674,0,2320
1170,4653,0,2322
1170,4654,0,2316
1170,4656,0,2315
1170,4658,0,2318
1170,4668,0,2309
1170,4667,0,2750
1170,4652,0,2759
1170,4657,0,2758
1170,4671,0,2753
1170,4651,0,2761
1170,4672,0,2760
1170,4662,0,2755
1170,4665,0,2754
1170,4650,3,2602
1170,4670,1,2606
1170,4650,5,2604
1170,4660,6,2607
1170,4670,0,2601
1170,4660,4,2603
1170,4130,0,2321
1170,4330,1,2317
1170,4330,0,2319
1170,5011,4,2116
1170,3200,0,2104
1170,4340,0,2305
1170,4340,0,2310
1171,3800,0,2124
1171,5004,0,2100
1171,5005,0,2116
1171,3810,0,2111
1171,5010,4,2106
1171,5011,4,2103
1171,5011,4,2110
1171,3220,1,2112
1171,3200,0,2107
1171,3220,1,2101
1171,4301,0,2356
1171,4100,0,2313
1171,4100,0,2301
1171,4100,0,2302
1171,4000,4,2314
1171,4350,1,2300
1171,4682,0,2757
1171,4674,0,2756
1171,4943,0,2190
1171,4658,0,2319
1171,4667,0,2317
1171,4664,0,2322
1171,4668,0,2315
1171,4653,0,2318
1171,4656,0,2316
1171,4666,0,2760
1171,4663,0,2758
1171,4551,0,2754
1171,4677,0,2761
1171,4672,0,2750
1171,4657,0,2753
1171,4662,0,2759
1171,4669,0,2755
1171,4553,0,2524
1171,4553,0,2531
1171,4553,0,2525
1171,4553,0,2523
1171,4553,0,2528
1171,4553,0,2532
1171,4553,0,2521
1171,4553,0,2522
1171,4670,4,2602
1171,4670,0,2606
1171,4650,2,2607
1171,4660,3,2601
1171,4650,5,2604
1171,4660,2,2603
1171,4130,0,2321
1171,4330,0,2309
1171,4330,1,2320
1171,5004,0,2117
1171,3220,1,2104
1171,3790,0,2305
1171,4500,0,2310
1172,3030,1,2129
1172,5004,0,2112
1172,5005,0,2103
1172,3000,0,2110
1172,5011,3,2106
1172,5011,2,2117
1172,5011,2,2101
1172,3220,0,2100
1172,3210,2,2107
1172,3210,2,2116
1172,4301,0,2364
1172,4100,0,2305
1172,4100,0,2310
1172,4100,0,2306
1172,4000,0,2300
1172,4340,1,2313
1172,4687,0,2757
1172,4664,0,2756
1172,4941,0,2190
1172,4668,0,2322
1172,4654,0,2319
1172,4674,0,2317
1172,4663,0,2315
1172,4652,0,2309
1172,4658,0,2320
1172,4666,0,2761
1172,4667,0,2758
1172,4651,0,2760
1172,4659,0,2759
1172,4669,0,2753
1172,4671,0,2754
1172,4672,0,2755
1172,4655,0,2750
1172,5305,0,2528
1172,5305,0,2523
1172,5305,0,2532
1172,5305,0,2521
1172,5305,0,2522
1172,5305,0,2524
1172,5305,0,2525
1172,5305,0,2527
1172,4650,3,2602
1172,4670,0,2607
1172,4670,3,2601
1172,4660,6,2604
1172,4660,3,2606
1172,4650,5,2603
1172,4130,0,2321
1172,4330,0,2316
1172,4330,1,2318
1172,5004,0,2120
1172,3210,2,2104
1172,3790,0,2302
1172,4500,0,2301
1172,5305,0,2531
1172,5305,0,2520
1173,3030,0,2124
1173,5000,1,2103
1173,5002,0,2106
1173,3030,1,2107
1173,5010,2,2101
1173,5010,0,2111
1173,5010,0,2116
1173,3410,2,2112
1173,3410,0,2104
1173,3410,2,2110
1173,4301,1,2356
1173,4100,0,2310
1173,4100,0,2305
1173,4100,0,2300
1173,4000,3,2302
1173,4340,1,2313
1173,4682,0,2757
1173,4656,0,2756
1173,4941,0,2190
1173,4652,0,2320
1173,4653,0,2315
1173,4668,0,2322
1173,4663,0,2316
1173,4674,0,2309
1173,4666,0,2317
1173,4658,0,2753
1173,4654,0,2760
1173,4677,0,2750
1173,4659,0,2761
1173,4672,0,2755
1173,4669,0,2759
1173,4655,0,2758
1173,4657,0,2754
1173,4650,5,2604
1173,4660,5,2607
1173,4660,4,2603
1173,4670,0,2606
1173,4650,2,2601
1173,4670,1,2602
1173,4130,0,2321
1173,4330,0,2318
1173,4330,1,2319
1173,4940,0,2717
1173,5002,0,2100
1173,3030,0,2117
1173,3790,0,2314
1173,4500,0,2301
1174,3800,1,2129
1174,5004,0,2101
1174,5000,1,2112
1174,3810,1,2103
1174,5011,3,2116
1174,5010,0,2106
1174,5010,0,2117
1174,3220,1,2107
1174,3200,1,2110
1174,3200,1,2104
1174,4302,0,2364
1174,4100,0,2306
1174,4100,0,2305
1174,4100,0,2302
1174,4000,2,2301
1174,4340,1,2310
1174,4682,0,2757
1174,4654,0,2756
1174,4941,0,2190
1174,4674,0,2317
1174,4663,0,2319
1174,4666,0,2322
1174,4652,0,2315
1174,4653,0,2318
1174,4667,0,2316
1174,4668,0,2759
1174,4656,0,2760
1174,4662,0,2755
1174,4665,0,2750
1174,4659,0,2758
1174,4671,0,2761
1174,4672,0,2753
1174,4655,0,2754
1174,4660,5,2607
1174,4660,4,2604
1174,4650,3,2601
1174,4670,3,2603
1174,4650,4,2606
1174,4670,1,2602
1174,4130,0,2321
1174,4330,0,2320
1174,4330,1,2309
1174,3800,1,2120
1174,3200,1,2100
1174,3790,0,2313
1174,4350,1,2300
1175,5242,0,1107
1175,5257,0,1110
1175,5245,0,1108
1175,5252,0,1109
1175,5357,0,1142
1175,4917,2,1114
1175,4840,2,1115
1175,4925,2,1116
1175,4930,2,1111
1175,4920,2,1112
1175,4850,2,1113
1175,4662,0,1164
1175,4672,0,1157
1175,4669,0,1165
1175,4657,0,1160
1175,4677,0,1163
1175,4671,0,1158
1175,4551,0,1161
1175,4656,0,1156
1175,4663,0,1159
1175,4667,0,1162
1175,4674,0,1155
1175,5100,0,1151
1175,5100,0,1153
1175,4668,0,1103
1175,5382,0,1136
1175,4940,0,1171
1175,5110,8,1150
1175,5115,0,1152
1176,5240,0,1107
1176,5255,0,1110
1176,5245,0,1108
1176,5252,0,1109
1176,5357,0,1142
1176,4990,2,1114
1176,4918,2,1115
1176,4926,2,1116
1176,4927,2,1111
1176,4928,2,1112
1176,4923,2,1113
1176,4659,0,1157
1176,4657,0,1165
1176,4655,0,1158
1176,4665,0,1160
1176,4669,0,1164
1176,4671,0,1163
1176,4551,0,1155
1176,4654,0,1162
1176,4666,0,1159
1176,4656,0,1161
1176,4674,0,1156
1176,5100,0,1153
1176,5100,0,1152
1176,5110,5,1151
1176,4652,0,1103
1176,5380,0,1136
1176,5115,0,1150
1177,5242,0,1107
1177,5257,0,1110
1177,5246,0,1108
1177,5252,0,1109
1177,5354,0,1142
1177,4910,2,1114
1177,4926,2,1115
1177,4924,2,1116
1177,4928,2,1111
1177,4918,2,1112
1177,4923,2,1113
1177,4659,0,1164
1177,4671,0,1158
1177,4672,0,1155
1177,4665,0,1160
1177,4651,0,1163
1177,4657,0,1157
1177,4551,0,1159
1177,4663,0,1165
1177,4674,0,1162
1177,4666,0,1156
1177,4664,0,1161
1177,5100,0,1153
1177,5100,0,1152
1177,4652,0,1103
1177,5380,0,1136
1177,5110,1,1151
1177,5115,0,1150
1178,5242,0,1107
1178,5255,0,1110
1178,5245,0,1108
1178,5252,0,1109
1178,5354,0,1142
1178,4910,2,1114
1178,4929,2,1115
1178,4920,2,1116
1178,4927,2,1111
1178,4917,2,1112
1178,4926,2,1113
1178,4672,0,1163
1178,4669,0,1157
1178,4662,0,1164
1178,4551,0,1158
1178,4659,0,1165
1178,4651,0,1160
1178,4657,0,1156
1178,4674,0,1162
1178,4664,0,1155
1178,4654,0,1159
1178,4652,0,1161
1178,5100,0,1150
1178,5100,0,1152
1178,4653,0,1103
1178,5380,0,1136
1178,5110,9,1153
1178,5105,0,1151
1179,5242,0,1107
1179,5257,0,1110
1179,5246,0,1108
1179,5252,0,1109
1179,5357,0,1142
1179,4929,2,1114
1179,4920,2,1115
1179,4918,2,1116
1179,4917,2,1111
1179,4910,2,1112
1179,4850,2,1113
1179,4657,0,1156
1179,4662,0,1164
1179,4659,0,1158
1179,4655,0,1165
1179,4651,0,1160
1179,4672,0,1161
1179,4671,0,1162
1179,4664,0,1163
1179,4663,0,1155
1179,4653,0,1157
1179,4674,0,1159
1179,5100,0,1150
1179,5100,0,1152
1179,5110,6,1151
1179,4656,0,1103
1179,5382,0,1136
1179,5115,0,1153
1179,5399,0,1211
1180,5240,0,1107
1180,5255,0,1110
1180,5245,0,1108
1180,5252,0,1109
1180,5354,0,1142
1180,4990,2,1114
1180,4930,2,1115
1180,4920,2,1116
1180,4780,2,1111
1180,4929,2,1112
1180,4926,2,1113
1180,4551,0,1160
1180,4655,0,1155
1180,4672,0,1162
1180,4657,0,1158
1180,4651,0,1164
1180,4662,0,1157
1180,4669,0,1159
1180,4654,0,1161
1180,4667,0,1165
1180,4656,0,1156
1180,4653,0,1163
1180,5100,0,1151
1180,5100,0,1152
1180,5110,7,1150
1180,4666,0,1103
1180,5382,0,1136
1180,5105,0,1153
1180,5399,0,1213
1181,5240,0,1107
1181,5255,0,1110
1181,5245,0,1108
1181,5252,0,1109
1181,5354,0,1142
1181,4927,2,1114
1181,4929,2,1115
1181,4860,2,1116
1181,4910,2,1111
1181,4990,2,1112
1181,4926,2,1113
1181,4659,0,1164
1181,4551,0,1157
1181,4672,0,1160
1181,4662,0,1165
1181,4665,0,1163
1181,4657,0,1158
1181,4671,0,1155
1181,4666,0,1159
1181,4668,0,1162
1181,4667,0,1156
1181,4664,0,1161
1181,5100,0,1153
1181,5100,0,1150
1181,5105,1,1152
1181,4674,0,1103
1181,5380,0,1136
1181,4940,0,1175
1181,5110,9,1151
1181,5399,0,1213
1182,5242,0,1107
1182,5257,0,1110
1182,5246,0,1108
1182,5252,0,1109
1182,5357,0,1142
1182,4990,2,1114
1182,4918,2,1115
1182,4920,2,1116
1182,4800,2,1111
1182,4917,2,1112
1182,4921,2,1113
1182,4659,0,1165
1182,4665,0,1160
1182,4655,0,1157
1182,4651,0,1158
1182,4669,0,1164
1182,4672,0,1163
1182,4677,0,1155
1182,4666,0,1159
1182,4654,0,1156
1182,4656,0,1162
1182,4664,0,1161
1182,5100,0,1153
1182,5100,0,1152
1182,5115,0,1151
1182,4652,0,1103
1182,5382,0,1136
1182,5110,2,1150
1183,5240,0,1107
1183,5255,0,1110
1183,5246,0,1108
1183,5252,0,1109
1183,5354,0,1142
1183,4930,2,1114
1183,4990,2,1115
1183,4860,2,1116
1183,4800,2,1111
1183,4921,2,1112
1183,4850,2,1113
1183,4677,0,1162
1183,4662,0,1165
1183,4655,0,1159
1183,4669,0,1158
1183,4657,0,1160
1183,4672,0,1163
1183,4671,0,1161
1183,4667,0,1155
1183,4654,0,1157
1183,4664,0,1164
1183,4656,0,1156
1183,5100,0,1152
1183,5100,0,1153
1183,5110,8,1150
1183,4666,0,1103
1183,5380,0,1136
1183,5115,0,1151
1184,5242,0,1107
1184,5255,0,1110
1184,5245,0,1108
1184,5250,0,1109
1184,5354,0,1142
1184,4929,2,1114
1184,4926,2,1115
1184,4921,2,1116
1184,4930,2,1111
1184,4880,2,1112
1184,4840,2,1113
1184,4662,0,1162
1184,4657,0,1159
1184,4672,0,1155
1184,4671,0,1158
1184,4669,0,1163
1184,4551,0,1160
1184,4651,0,1156
1184,4656,0,1161
1184,4666,0,1165
1184,4668,0,1164
1184,4653,0,1157
1184,5100,0,1153
1184,5100,0,1151
1184,4664,0,1103
1184,5382,0,1136
1184,4940,0,1172
1184,5110,8,1152
1184,5115,0,1150
1184,5399,0,1210
1185,5240,0,1107
1185,5255,0,1110
1185,5246,0,1108
1185,5250,0,1109
1185,5354,0,1142
1185,4990,2,1114
1185,4923,2,1115
1185,4860,2,1116
1185,4917,2,1111
1185,4790,2,1112
1185,4840,2,1113
1185,4659,0,1157
1185,4677,0,1164
1185,4669,0,1155
1185,4551,0,1158
1185,4665,0,1163
1185,4657,0,1160
1185,4662,0,1165
1185,4668,0,1156
1185,4667,0,1159
1185,4656,0,1162
1185,4652,0,1161
1185,5100,0,1152
1185,5100,0,1150
1185,4664,0,1103
1185,5380,0,1136
1185,5105,0,1153
1185,5110,9,1151
1185,5399,0,1211
1186,5242,0,1107
1186,5257,0,1110
1186,5246,0,1108
1186,5250,0,1109
1186,5354,0,1142
1186,4990,2,1114
1186,4926,2,1115
1186,4830,2,1116
1186,4910,2,1111
1186,4918,2,1112
1186,4840,2,1113
1186,4669,0,1165
1186,4651,0,1162
1186,4657,0,1159
1186,4551,0,1158
1186,4677,0,1156
1186,4662,0,1155
1186,4671,0,1163
1186,4674,0,1161
1186,4666,0,1164
1186,4664,0,1160
1186,4654,0,1157
1186,5100,0,1150
1186,5100,0,1153
1186,4656,0,1103
1186,5382,0,1136
1186,5110,9,1151
1186,5105,0,1152
1186,5399,0,1211
1187,5242,0,1107
1187,5255,0,1110
1187,5245,0,1108
1187,5252,0,1109
1187,5354,0,1142
1187,4928,2,1114
1187,4921,2,1115
1187,4850,2,1116
1187,4929,2,1111
1187,4990,2,1112
1187,4830,2,1113
1187,4551,0,1157
1187,4657,0,1155
1187,4651,0,1160
1187,4665,0,1158
1187,4655,0,1164
1187,4659,0,1163
1187,4671,0,1159
1187,4656,0,1156
1187,4666,0,1165
1187,4664,0,1161
1187,4668,0,1162
1187,5100,0,1151
1187,5100,0,1153
1187,5110,9,1152
1187,4667,0,1103
1187,5382,0,1136
1187,5115,0,1150
1187,5399,0,1213
1188,5240,0,1107
1188,5257,0,1110
1188,5246,0,1108
1188,5250,0,1109
1188,5357,0,1142
1188,4930,2,1114
1188,4921,2,1115
1188,4860,2,1116
1188,4929,2,1111
1188,4850,2,1112
1188,4923,2,1113
1188,4665,0,1158
1188,4551,0,1159
1188,4669,0,1162
1188,4672,0,1155
1188,4657,0,1165
1188,4662,0,1164
1188,4655,0,1161
1188,4668,0,1156
1188,4667,0,1160
1188,4656,0,1163
1188,4663,0,1157
1188,5100,0,1151
1188,5100,0,1152
1188,5110,0,1150
1188,5110,1,1153
1188,4654,0,1103
1188,5380,0,1136
1188,4940,0,1175
1188,5399,0,1212
1189,5240,0,1107
1189,5255,0,1110
1189,5246,0,1108
1189,5252,0,1109
1189,5357,0,1142
1189,4929,2,1114
1189,4850,2,1115
1189,4880,2,1116
1189,4930,2,1111
1189,4910,2,1112
1189,4926,2,1113
1189,4551,0,1156
1189,4669,0,1158
1189,4655,0,1164
1189,4672,0,1160
1189,4671,0,1165
1189,4662,0,1157
1189,4665,0,1159
1189,4654,0,1162
1189,4668,0,1155
1189,4667,0,1163
1189,4674,0,1161
1189,5100,0,1151
1189,5100,0,1152
1189,5110,2,1150
1189,5110,3,1153
1189,4656,0,1103
1189,5382,0,1136
1190,5240,0,1107
1190,5255,0,1110
1190,5246,0,1108
1190,5252,0,1109
1190,5357,0,1142
1190,4917,2,1114
1190,4880,2,1115
1190,4860,2,1116
1190,4927,2,1111
1190,4924,2,1112
1190,4830,2,1113
1190,4657,0,1158
1190,4671,0,1164
1190,4665,0,1165
1190,4672,0,1156
1190,4659,0,1160
1190,4655,0,1162
1190,4651,0,1155
1190,4664,0,1163
1190,4652,0,1159
1190,4663,0,1157
1190,4654,0,1161
1190,5100,0,1152
1190,5100,0,1150
1190,5110,4,1151
1190,4668,0,1103
1190,5382,0,1136
1190,4940,0,1176
1190,5105,0,1153
1190,5399,0,1211
1191,5242,0,1107
1191,5255,0,1110
1191,5246,0,1108
1191,5252,0,1109
1191,5354,0,1142
1191,4910,2,1114
1191,4840,2,1115
1191,4925,2,1116
1191,4917,2,1111
1191,4930,2,1112
1191,4918,2,1113
1191,4677,0,1163
1191,4662,0,1160
1191,4657,0,1155
1191,4671,0,1157
1191,4655,0,1158
1191,4551,0,1164
1191,4672,0,1159
1191,4667,0,1161
1191,4674,0,1165
1191,4654,0,1156
1191,4664,0,1162
1191,5100,0,1150
1191,5100,0,1152
1191,5110,5,1153
1191,4663,0,1103
1191,5380,0,1136
1191,5105,0,1151
1192,5240,0,1107
1192,5257,0,1110
1192,5246,0,1108
1192,5250,0,1109
1192,5357,0,1142
1192,4930,2,1114
1192,4929,2,1115
1192,4926,2,1116
1192,4917,2,1111
1192,4830,2,1112
1192,4921,2,1113
1192,4662,0,1163
1192,4655,0,1164
1192,4665,0,1158
1192,4657,0,1165
1192,4651,0,1157
1192,4551,0,1160
1192,4671,0,1159
1192,4653,0,1155
1192,4664,0,1162
1192,4668,0,1156
1192,4656,0,1161
1192,5100,0,1150
1192,5100,0,1153
1192,5110,6,1151
1192,4654,0,1103
1192,5380,0,1136
1192,5115,0,1152
1192,5399,0,1210
1193,5240,0,1107
1193,5255,0,1110
1193,5246,0,1108
1193,5252,0,1109
1193,5357,0,1142
1193,4910,2,1114
1193,4990,2,1115
1193,4830,2,1116
1193,4810,2,1111
1193,4924,2,1112
1193,4926,2,1113
1193,4669,0,1160
1193,4671,0,1162
1193,4651,0,1165
1193,4657,0,1164
1193,4659,0,1158
1193,4672,0,1155
1193,4665,0,1159
1193,4664,0,1157
1193,4652,0,1163
1193,4667,0,1161
1193,4654,0,1156
1193,5100,0,1150
1193,5100,0,1153
1193,5110,7,1151
1193,4668,0,1103
1193,5382,0,1136
1193,4940,0,1174
1193,5115,0,1152
1193,5399,0,1212
1194,5240,0,1107
1194,5255,0,1110
1194,5245,0,1108
1194,5252,0,1109
1194,5357,0,1142
1194,4927,2,1114
1194,4921,2,1115
1194,4925,2,1116
1194,4790,2,1111
1194,4840,2,1112
1194,4918,2,1113
1194,4657,0,1158
1194,4669,0,1161
1194,4655,0,1165
1194,4671,0,1160
1194,4659,0,1164
1194,4677,0,1159
1194,4665,0,1156
1194,4653,0,1157
1194,4667,0,1155
1194,4654,0,1163
1194,4664,0,1162
1194,5100,0,1151
1194,5100,0,1153
1194,5110,8,1150
1194,4663,0,1103
1194,5380,0,1136
1194,5105,0,1152
1195,3810,0,2124
1195,5002,0,2117
1195,5006,0,2106
1195,3800,0,2108
1195,5010,4,2116
1195,5011,2,2113
1195,5010,0,2109
1195,5010,0,2110
1195,3220,0,2107
1195,3210,1,2111
1195,3210,2,2114
1195,4301,1,2356
1195,4100,0,2310
1195,4100,0,2302
1195,4100,0,2307
1195,4000,6,2312
1195,4300,1,2308
1195,4667,0,2762
1195,4658,0,2753
1195,4654,0,2754
1195,4672,0,2759
1195,4659,0,2760
1195,4662,0,2758
1195,4669,0,2761
1195,4665,0,2763
1195,4650,4,2607
1195,4670,4,2606
1195,4660,5,2604
1195,4660,4,2603
1195,4650,5,2605
1195,4670,1,2601
1195,4940,0,2711
1195,5006,0,2103
1195,3810,0,2112
1195,3790,0,2313
1195,4000,2,2314
1196,3030,1,2123
1196,5001,1,2103
1196,5004,0,2109
1196,3000,0,2106
1196,5011,3,2108
1196,5011,6,2113
1196,5011,4,2107
1196,5011,3,2112
1196,3210,1,2110
1196,3210,0,2116
1196,3200,0,2117
1196,4302,0,2352
1196,4100,0,2312
1196,4100,0,2314
1196,4100,0,2307
1196,4000,9,2313
1196,4340,1,2310
1196,4654,0,2760
1196,4663,0,2759
1196,4658,0,2763
1196,4669,0,2762
1196,4651,0,2754
1196,4671,0,2753
1196,4659,0,2761
1196,4662,0,2758
1196,4678,0,2541
1196,4678,0,2548
1196,4678,0,2556
1196,4678,0,2550
1196,4678,0,2545
1196,4678,0,2547
1196,4678,0,2549
1196,4678,0,2555
1196,4650,4,2601
1196,4650,5,2606
1196,4670,3,2605
1196,4670,1,2607
1196,4660,3,2603
1196,4660,5,2604
1196,3000,0,2114
1196,5011,6,2111
1196,4300,0,2306
1196,4340,1,2308
1197,3800,1,2127
1197,5000,1,2117
1197,5003,0,2116
1197,3810,1,2114
1197,5011,2,2107
1197,5010,0,2111
1197,5010,2,2109
1197,5011,2,2103
1197,3410,1,2113
1197,3410,2,2120
1197,3420,0,2110
1197,4341,1,2360
1197,4100,0,2314
1197,4100,0,2308
1197,4100,0,2306
1197,4000,7,2312
1197,4300,1,2302
1197,4667,0,2754
1197,4656,0,2760
1197,4674,0,2753
1197,4671,0,2759
1197,4662,0,2762
1197,4657,0,2761
1197,4677,0,2758
1197,4651,0,2763
1197,4670,2,2601
1197,4650,5,2606
1197,4660,6,2604
1197,4660,5,2605
1197,4650,2,2607
1197,4670,1,2603
1197,3800,1,2106
1197,5011,2,2108
1197,3790,0,2307
1197,4000,3,2313
1198,3810,1,2125
1198,5004,0,2109
1198,5002,0,2106
1198,3800,1,2112
1198,5010,3,2110
1198,5011,3,2114
1198,5011,4,2113
1198,5011,4,2103
1198,3210,2,2117
1198,3220,1,2120
1198,3200,1,2107
1198,4501,0,2357
1198,4100,0,2314
1198,4100,0,2308
1198,4100,0,2306
1198,4000,6,2302
1198,4300,0,2312
1198,4663,0,2761
1198,4668,0,2762
1198,4674,0,2758
1198,4659,0,2753
1198,4677,0,2763
1198,4669,0,2760
1198,4655,0,2759
1198,4665,0,2754
1198,4680,1,2607
1198,4670,1,2606
1198,4670,2,2604
1198,4660,4,2601
1198,4660,5,2603
1198,4650,4,2605
1198,3800,1,2116
1198,5010,3,2111
1198,3790,0,2313
1198,4500,0,2310
1199,3800,1,2123
1199,5001,1,2111
1199,5006,0,2112
1199,3810,0,2109
1199,5010,3,2108
1199,5010,2,2113
1199,5011,2,2110
1199,5010,3,2116
1199,3400,0,2117
1199,3410,0,2107
1199,3410,1,2114
1199,4341,1,2352
1199,4100,0,2306
1199,4100,0,2314
1199,4100,0,2307
1199,4000,6,2308
1199,4350,1,2313
1199,4674,0,2753
1199,4663,0,2762
1199,4652,0,2754
1199,4672,0,2763
1199,4662,0,2758
1199,4671,0,2760
1199,4669,0,2761
1199,4651,0,2759
1199,5305,0,2530
1199,5305,0,2529
1199,5305,0,2525
1199,5305,0,2521
1199,5305,0,2527
1199,5305,0,2535
1199,5305,0,2528
1199,5305,0,2536
1199,4680,2,2601
1199,4650,3,2607
1199,4670,4,2604
1199,4660,6,2605
1199,4660,3,2606
1199,4670,2,2603
1199,3810,0,2103
1199,5010,2,2106
1199,4340,0,2310
1199,4340,0,2312
