ID,Name,unknown_0,patternId,modifierSet,modifier,eventFlag,patternSetId,targetBoss,rareMap,
0,[Gladius] Standard,1,0,0,10,7600,0,0,0
1,[Gladius] Standard,0,0,0,180,0,0,0,0
2,[Gladius] Standard,0,0,190,705,0,0,0,0
3,[Gladius] Standard,0,0,300,1102,0,0,0,0
4,[Gladius] Standard,0,0,310,1105,0,0,0,0
5,[Gladius] Standard,0,0,350,0,0,0,0,0
6,[Gladius] Standard,0,0,360,1304,0,0,0,0
7,[Gladius] Standard,0,0,800,0,8005,0,0,0
8,[Gladius] Standard,0,0,3030,801,7724,0,0,0
9,[Gladius] Standard,0,0,3600,1150,0,0,0,0
10,[Gladius] Standard,0,0,3700,0,0,0,0,0
11,[Gladius] Standard,1,0,99999,0,7535,0,0,0
12,[Gladius] Standard,0,1,0,10,7600,0,0,0
13,[Gladius] Standard,0,1,0,0,0,0,0,0
14,[Gladius] Standard,0,1,190,703,0,0,0,0
15,[Gladius] Standard,0,1,300,1102,0,0,0,0
16,[Gladius] Standard,0,1,310,1105,0,0,0,0
17,[Gladius] Standard,0,1,350,0,0,0,0,0
18,[Gladius] Standard,0,1,360,1304,0,0,0,0
19,[Gladius] Standard,0,1,800,0,8001,0,0,0
20,[Gladius] Standard,0,1,3700,1100,0,0,0,0
21,[Gladius] Standard,1,1,99999,0,7535,0,0,0
22,[Gladius] Standard,0,2,0,10,7600,0,0,0
23,[Gladius] Standard,0,2,0,0,0,0,0,0
24,[Gladius] Standard,0,2,190,701,0,0,0,0
25,[Gladius] Standard,0,2,300,1102,0,0,0,0
26,[Gladius] Standard,0,2,310,1105,0,0,0,0
27,[Gladius] Standard,0,2,350,0,0,0,0,0
28,[Gladius] Standard,0,2,360,1304,0,0,0,0
29,[Gladius] Standard,0,2,800,0,8002,0,0,0
30,[Gladius] Standard,0,2,3700,0,0,0,0,0
31,[Gladius] Standard,1,2,99999,0,7535,0,0,0
32,[Gladius] Standard,0,3,0,10,7600,0,0,0
33,[Gladius] Standard,0,3,0,0,0,0,0,0
34,[Gladius] Standard,0,3,190,708,0,0,0,0
35,[Gladius] Standard,0,3,300,1102,0,0,0,0
36,[Gladius] Standard,0,3,310,1105,0,0,0,0
37,[Gladius] Standard,0,3,350,0,0,0,0,0
38,[Gladius] Standard,0,3,360,1304,0,0,0,0
39,[Gladius] Standard,0,3,800,0,8005,0,0,0
40,[Gladius] Standard,0,3,3700,0,0,0,0,0
41,[Gladius] Standard,1,3,99999,0,7535,0,0,0
42,[Gladius] Standard,0,4,0,10,7600,0,0,0
43,[Gladius] Standard,0,4,0,180,0,0,0,0
44,[Gladius] Standard,0,4,190,704,0,0,0,0
45,[Gladius] Standard,0,4,300,1102,0,0,0,0
46,[Gladius] Standard,0,4,310,1105,0,0,0,0
47,[Gladius] Standard,0,4,350,0,0,0,0,0
48,[Gladius] Standard,0,4,360,1304,0,0,0,0
49,[Gladius] Standard,0,4,800,0,8000,0,0,0
50,[Gladius] Standard,0,4,3030,801,7724,0,0,0
51,[Gladius] Standard,0,4,3600,1150,0,0,0,0
52,[Gladius] Standard,0,4,3700,0,0,0,0,0
53,[Gladius] Standard,1,4,99999,0,7535,0,0,0
54,[Gladius] Standard,0,5,0,10,7600,0,0,0
55,[Gladius] Standard,0,5,0,180,0,0,0,0
56,[Gladius] Standard,0,5,190,705,0,0,0,0
57,[Gladius] Standard,0,5,300,1102,0,0,0,0
58,[Gladius] Standard,0,5,310,1105,0,0,0,0
59,[Gladius] Standard,0,5,350,0,0,0,0,0
60,[Gladius] Standard,0,5,360,1304,0,0,0,0
61,[Gladius] Standard,0,5,800,0,8005,0,0,0
62,[Gladius] Standard,0,5,3030,800,7704,0,0,0
63,[Gladius] Standard,0,5,3600,1150,0,0,0,0
64,[Gladius] Standard,0,5,3700,0,0,0,0,0
65,[Gladius] Standard,1,5,99999,0,7535,0,0,0
66,[Gladius] Standard,0,6,0,10,7600,0,0,0
67,[Gladius] Standard,0,6,0,0,0,0,0,0
68,[Gladius] Standard,0,6,190,703,0,0,0,0
69,[Gladius] Standard,0,6,300,1102,0,0,0,0
70,[Gladius] Standard,0,6,310,1105,0,0,0,0
71,[Gladius] Standard,0,6,350,1104,0,0,0,0
72,[Gladius] Standard,0,6,360,1303,0,0,0,0
73,[Gladius] Standard,0,6,800,0,8010,0,0,0
74,[Gladius] Standard,0,6,3700,0,0,0,0,0
75,[Gladius] Standard,1,6,99999,0,7535,0,0,0
76,[Gladius] Standard,0,7,0,10,7600,0,0,0
77,[Gladius] Standard,0,7,0,0,0,0,0,0
78,[Gladius] Standard,0,7,190,707,0,0,0,0
79,[Gladius] Standard,0,7,300,1102,0,0,0,0
80,[Gladius] Standard,0,7,310,1105,0,0,0,0
81,[Gladius] Standard,0,7,350,0,0,0,0,0
82,[Gladius] Standard,0,7,360,1304,0,0,0,0
83,[Gladius] Standard,0,7,800,0,8009,0,0,0
84,[Gladius] Standard,0,7,3700,0,0,0,0,0
85,[Gladius] Standard,1,7,99999,0,7535,0,0,0
86,[Gladius] Standard,0,8,0,10,7600,0,0,0
87,[Gladius] Standard,0,8,0,180,0,0,0,0
88,[Gladius] Standard,0,8,190,700,0,0,0,0
89,[Gladius] Standard,0,8,300,1101,0,0,0,0
90,[Gladius] Standard,0,8,310,1106,0,0,0,0
91,[Gladius] Standard,0,8,320,9000,0,0,0,0
92,[Gladius] Standard,0,8,350,0,0,0,0,0
93,[Gladius] Standard,0,8,360,1304,0,0,0,0
94,[Gladius] Standard,0,8,800,0,8008,0,0,0
95,[Gladius] Standard,0,8,3030,801,7724,0,0,0
96,[Gladius] Standard,0,8,3600,1150,0,0,0,0
97,[Gladius] Standard,0,8,3700,0,0,0,0,0
98,[Gladius] Standard,1,8,99999,0,7535,0,0,0
99,[Gladius] Standard,0,9,0,10,7600,0,0,0
100,[Gladius] Standard,0,9,0,0,0,0,0,0
101,[Gladius] Standard,0,9,190,705,0,0,0,0
102,[Gladius] Standard,0,9,300,1101,0,0,0,0
103,[Gladius] Standard,0,9,310,1106,0,0,0,0
104,[Gladius] Standard,0,9,320,9000,0,0,0,0
105,[Gladius] Standard,0,9,350,0,0,0,0,0
106,[Gladius] Standard,0,9,360,1304,0,0,0,0
107,[Gladius] Standard,0,9,800,0,8009,0,0,0
108,[Gladius] Standard,0,9,3700,0,0,0,0,0
109,[Gladius] Standard,1,9,99999,0,7535,0,0,0
110,[Gladius] Standard,0,10,0,10,7600,0,0,0
111,[Gladius] Standard,0,10,0,180,0,0,0,0
112,[Gladius] Standard,0,10,190,700,0,0,0,0
113,[Gladius] Standard,0,10,300,1102,0,0,0,0
114,[Gladius] Standard,0,10,310,1106,0,0,0,0
115,[Gladius] Standard,0,10,350,0,0,0,0,0
116,[Gladius] Standard,0,10,360,1304,0,0,0,0
117,[Gladius] Standard,0,10,800,0,8003,0,0,0
118,[Gladius] Standard,0,10,3030,801,7724,0,0,0
119,[Gladius] Standard,0,10,3600,1150,0,0,0,0
120,[Gladius] Standard,0,10,3700,0,0,0,0,0
121,[Gladius] Standard,1,10,99999,0,7535,0,0,0
122,[Gladius] Standard,0,11,0,10,7600,0,0,0
123,[Gladius] Standard,0,11,0,200,0,0,0,0
124,[Gladius] Standard,0,11,190,707,0,0,0,0
125,[Gladius] Standard,0,11,300,1102,0,0,0,0
126,[Gladius] Standard,0,11,310,1105,0,0,0,0
127,[Gladius] Standard,0,11,350,0,0,0,0,0
128,[Gladius] Standard,0,11,360,1304,0,0,0,0
129,[Gladius] Standard,0,11,800,0,8009,0,0,0
130,[Gladius] Standard,0,11,3010,801,7721,0,0,0
131,[Gladius] Standard,0,11,3700,0,0,0,0,0
132,[Gladius] Standard,1,11,99999,0,7535,0,0,0
133,[Gladius] Standard,0,12,0,10,7600,0,0,0
134,[Gladius] Standard,0,12,0,0,0,0,0,0
135,[Gladius] Standard,0,12,190,701,0,0,0,0
136,[Gladius] Standard,0,12,300,1102,0,0,0,0
137,[Gladius] Standard,0,12,310,1105,0,0,0,0
138,[Gladius] Standard,0,12,350,0,0,0,0,0
139,[Gladius] Standard,0,12,360,1304,0,0,0,0
140,[Gladius] Standard,0,12,800,0,8002,0,0,0
141,[Gladius] Standard,0,12,3700,0,0,0,0,0
142,[Gladius] Standard,1,12,99999,0,7535,0,0,0
143,[Gladius] Standard,0,13,0,10,7600,0,0,0
144,[Gladius] Standard,0,13,0,0,0,0,0,0
145,[Gladius] Standard,0,13,190,700,0,0,0,0
146,[Gladius] Standard,0,13,300,1102,0,0,0,0
147,[Gladius] Standard,0,13,310,1105,0,0,0,0
148,[Gladius] Standard,0,13,350,1104,0,0,0,0
149,[Gladius] Standard,0,13,360,1303,0,0,0,0
150,[Gladius] Standard,0,13,800,0,8007,0,0,0
151,[Gladius] Standard,0,13,3700,0,0,0,0,0
152,[Gladius] Standard,1,13,99999,0,7535,0,0,0
153,[Gladius] Standard,0,14,0,10,7600,0,0,0
154,[Gladius] Standard,0,14,0,0,0,0,0,0
155,[Gladius] Standard,0,14,190,700,0,0,0,0
156,[Gladius] Standard,0,14,300,1102,0,0,0,0
157,[Gladius] Standard,0,14,310,1105,0,0,0,0
158,[Gladius] Standard,0,14,350,0,0,0,0,0
159,[Gladius] Standard,0,14,360,1304,0,0,0,0
160,[Gladius] Standard,0,14,800,0,8010,0,0,0
161,[Gladius] Standard,0,14,3700,1100,0,0,0,0
162,[Gladius] Standard,1,14,99999,0,7535,0,0,0
163,[Gladius] Standard,0,15,0,10,7600,0,0,0
164,[Gladius] Standard,0,15,0,0,0,0,0,0
165,[Gladius] Standard,0,15,190,706,0,0,0,0
166,[Gladius] Standard,0,15,300,1102,0,0,0,0
167,[Gladius] Standard,0,15,310,1105,0,0,0,0
168,[Gladius] Standard,0,15,350,0,0,0,0,0
169,[Gladius] Standard,0,15,360,1304,0,0,0,0
170,[Gladius] Standard,0,15,800,0,8003,0,0,0
171,[Gladius] Standard,0,15,3700,0,0,0,0,0
172,[Gladius] Standard,1,15,99999,0,7535,0,0,0
173,[Gladius] Standard,0,16,0,10,7600,0,0,0
174,[Gladius] Standard,0,16,0,200,0,0,0,0
175,[Gladius] Standard,0,16,190,706,0,0,0,0
176,[Gladius] Standard,0,16,300,1101,0,0,0,0
177,[Gladius] Standard,0,16,310,1105,0,0,0,0
178,[Gladius] Standard,0,16,320,9000,0,0,0,0
179,[Gladius] Standard,0,16,350,0,0,0,0,0
180,[Gladius] Standard,0,16,360,1304,0,0,0,0
181,[Gladius] Standard,0,16,800,0,8005,0,0,0
182,[Gladius] Standard,0,16,3010,800,7701,0,0,0
183,[Gladius] Standard,0,16,3700,0,0,0,0,0
184,[Gladius] Standard,1,16,99999,0,7535,0,0,0
185,[Gladius] Standard,0,17,0,10,7600,0,0,0
186,[Gladius] Standard,0,17,0,0,0,0,0,0
187,[Gladius] Standard,0,17,190,708,0,0,0,0
188,[Gladius] Standard,0,17,300,1101,0,0,0,0
189,[Gladius] Standard,0,17,310,1105,0,0,0,0
190,[Gladius] Standard,0,17,320,9000,0,0,0,0
191,[Gladius] Standard,0,17,350,1104,0,0,0,0
192,[Gladius] Standard,0,17,360,1303,0,0,0,0
193,[Gladius] Standard,0,17,800,0,8002,0,0,0
194,[Gladius] Standard,0,17,3700,0,0,0,0,0
195,[Gladius] Standard,1,17,99999,0,7535,0,0,0
196,[Gladius] Standard,0,18,0,10,7600,0,0,0
197,[Gladius] Standard,0,18,0,200,0,0,0,0
198,[Gladius] Standard,0,18,190,703,0,0,0,0
199,[Gladius] Standard,0,18,300,1102,0,0,0,0
200,[Gladius] Standard,0,18,310,1105,0,0,0,0
201,[Gladius] Standard,0,18,350,1104,0,0,0,0
202,[Gladius] Standard,0,18,360,1303,0,0,0,0
203,[Gladius] Standard,0,18,800,0,8010,0,0,0
204,[Gladius] Standard,0,18,3010,800,7701,0,0,0
205,[Gladius] Standard,0,18,3700,0,0,0,0,0
206,[Gladius] Standard,1,18,99999,0,7535,0,0,0
207,[Gladius] Standard,0,19,0,10,7600,0,0,0
208,[Gladius] Standard,0,19,0,0,0,0,0,0
209,[Gladius] Standard,0,19,190,702,0,0,0,0
210,[Gladius] Standard,0,19,300,1101,0,0,0,0
211,[Gladius] Standard,0,19,310,1105,0,0,0,0
212,[Gladius] Standard,0,19,320,9000,0,0,0,0
213,[Gladius] Standard,0,19,350,0,0,0,0,0
214,[Gladius] Standard,0,19,360,1304,0,0,0,0
215,[Gladius] Standard,0,19,800,0,8009,0,0,0
216,[Gladius] Standard,0,19,3700,0,0,0,0,0
217,[Gladius] Standard,1,19,99999,0,7535,0,0,0
218,[Gladius] Mountaintops,0,20,0,11,7601,1,0,1
219,[Gladius] Mountaintops,0,20,0,180,0,1,0,1
220,[Gladius] Mountaintops,0,20,150,9002,0,1,0,1
221,[Gladius] Mountaintops,0,20,190,708,0,1,0,1
222,[Gladius] Mountaintops,0,20,300,1101,0,1,0,1
223,[Gladius] Mountaintops,0,20,310,1106,0,1,0,1
224,[Gladius] Mountaintops,0,20,320,9001,0,1,0,1
225,[Gladius] Mountaintops,0,20,350,0,0,1,0,1
226,[Gladius] Mountaintops,0,20,360,1301,0,1,0,1
227,[Gladius] Mountaintops,0,20,800,0,8008,1,0,1
228,[Gladius] Mountaintops,0,20,3030,801,7724,1,0,1
229,[Gladius] Mountaintops,0,20,3600,1151,0,1,0,1
230,[Gladius] Mountaintops,0,20,3700,1100,0,1,0,1
231,[Gladius] Mountaintops,1,20,99999,0,7535,1,0,1
232,[Gladius] Mountaintops,0,21,0,11,7601,1,0,1
233,[Gladius] Mountaintops,0,21,0,200,0,1,0,1
234,[Gladius] Mountaintops,0,21,150,9002,0,1,0,1
235,[Gladius] Mountaintops,0,21,190,704,0,1,0,1
236,[Gladius] Mountaintops,0,21,300,1101,0,1,0,1
237,[Gladius] Mountaintops,0,21,310,1105,0,1,0,1
238,[Gladius] Mountaintops,0,21,320,9001,0,1,0,1
239,[Gladius] Mountaintops,0,21,350,0,0,1,0,1
240,[Gladius] Mountaintops,0,21,360,1301,0,1,0,1
241,[Gladius] Mountaintops,0,21,800,0,8008,1,0,1
242,[Gladius] Mountaintops,0,21,3010,800,7701,1,0,1
243,[Gladius] Mountaintops,0,21,3700,0,0,1,0,1
244,[Gladius] Mountaintops,1,21,99999,0,7535,1,0,1
245,[Gladius] Mountaintops,0,22,0,11,7601,1,0,1
246,[Gladius] Mountaintops,0,22,0,0,0,1,0,1
247,[Gladius] Mountaintops,0,22,150,9002,0,1,0,1
248,[Gladius] Mountaintops,0,22,190,701,0,1,0,1
249,[Gladius] Mountaintops,0,22,300,1102,0,1,0,1
250,[Gladius] Mountaintops,0,22,310,1105,0,1,0,1
251,[Gladius] Mountaintops,0,22,350,0,0,1,0,1
252,[Gladius] Mountaintops,0,22,360,1301,0,1,0,1
253,[Gladius] Mountaintops,0,22,800,0,8010,1,0,1
254,[Gladius] Mountaintops,0,22,3700,0,0,1,0,1
255,[Gladius] Mountaintops,1,22,99999,0,7535,1,0,1
256,[Gladius] Mountaintops,0,23,0,11,7601,1,0,1
257,[Gladius] Mountaintops,0,23,0,0,0,1,0,1
258,[Gladius] Mountaintops,0,23,150,9002,0,1,0,1
259,[Gladius] Mountaintops,0,23,190,708,0,1,0,1
260,[Gladius] Mountaintops,0,23,300,1102,0,1,0,1
261,[Gladius] Mountaintops,0,23,310,1105,0,1,0,1
262,[Gladius] Mountaintops,0,23,350,1104,0,1,0,1
263,[Gladius] Mountaintops,0,23,360,1300,0,1,0,1
264,[Gladius] Mountaintops,0,23,800,0,8008,1,0,1
265,[Gladius] Mountaintops,0,23,3700,1100,0,1,0,1
266,[Gladius] Mountaintops,1,23,99999,0,7535,1,0,1
267,[Gladius] Mountaintops,0,24,0,11,7601,1,0,1
268,[Gladius] Mountaintops,0,24,0,0,0,1,0,1
269,[Gladius] Mountaintops,0,24,150,9002,0,1,0,1
270,[Gladius] Mountaintops,0,24,190,708,0,1,0,1
271,[Gladius] Mountaintops,0,24,300,1102,0,1,0,1
272,[Gladius] Mountaintops,0,24,310,1105,0,1,0,1
273,[Gladius] Mountaintops,0,24,350,0,0,1,0,1
274,[Gladius] Mountaintops,0,24,360,1300,0,1,0,1
275,[Gladius] Mountaintops,0,24,800,0,8011,1,0,1
276,[Gladius] Mountaintops,0,24,3700,0,0,1,0,1
277,[Gladius] Mountaintops,1,24,99999,0,7535,1,0,1
278,[Gladius] The Crater,0,25,0,12,7602,2,0,2
279,[Gladius] The Crater,0,25,0,0,0,2,0,2
280,[Gladius] The Crater,0,25,150,9002,0,2,0,2
281,[Gladius] The Crater,0,25,190,704,0,2,0,2
282,[Gladius] The Crater,0,25,300,1101,0,2,0,2
283,[Gladius] The Crater,0,25,310,1105,0,2,0,2
284,[Gladius] The Crater,0,25,320,9001,0,2,0,2
285,[Gladius] The Crater,0,25,350,0,0,2,0,2
286,[Gladius] The Crater,0,25,360,1301,0,2,0,2
287,[Gladius] The Crater,0,25,800,0,8010,2,0,2
288,[Gladius] The Crater,0,25,3700,0,0,2,0,2
289,[Gladius] The Crater,1,25,99999,0,7535,2,0,2
290,[Gladius] The Crater,0,26,0,12,7602,2,0,2
291,[Gladius] The Crater,0,26,0,0,0,2,0,2
292,[Gladius] The Crater,0,26,150,9002,0,2,0,2
293,[Gladius] The Crater,0,26,190,700,0,2,0,2
294,[Gladius] The Crater,0,26,300,1102,0,2,0,2
295,[Gladius] The Crater,0,26,310,1105,0,2,0,2
296,[Gladius] The Crater,0,26,350,0,0,2,0,2
297,[Gladius] The Crater,0,26,360,1301,0,2,0,2
298,[Gladius] The Crater,0,26,800,0,8004,2,0,2
299,[Gladius] The Crater,0,26,3700,1100,0,2,0,2
300,[Gladius] The Crater,1,26,99999,0,7535,2,0,2
301,[Gladius] The Crater,0,27,0,12,7602,2,0,2
302,[Gladius] The Crater,0,27,0,0,0,2,0,2
303,[Gladius] The Crater,0,27,150,9002,0,2,0,2
304,[Gladius] The Crater,0,27,190,705,0,2,0,2
305,[Gladius] The Crater,0,27,300,1101,0,2,0,2
306,[Gladius] The Crater,0,27,310,1105,0,2,0,2
307,[Gladius] The Crater,0,27,320,9001,0,2,0,2
308,[Gladius] The Crater,0,27,350,1104,0,2,0,2
309,[Gladius] The Crater,0,27,360,1300,0,2,0,2
310,[Gladius] The Crater,0,27,800,0,8004,2,0,2
311,[Gladius] The Crater,0,27,3700,0,0,2,0,2
312,[Gladius] The Crater,1,27,99999,0,7535,2,0,2
313,[Gladius] The Crater,0,28,0,12,7602,2,0,2
314,[Gladius] The Crater,0,28,0,180,0,2,0,2
315,[Gladius] The Crater,0,28,150,9002,0,2,0,2
316,[Gladius] The Crater,0,28,190,702,0,2,0,2
317,[Gladius] The Crater,0,28,300,1102,0,2,0,2
318,[Gladius] The Crater,0,28,310,1105,0,2,0,2
319,[Gladius] The Crater,0,28,350,0,0,2,0,2
320,[Gladius] The Crater,0,28,360,1301,0,2,0,2
321,[Gladius] The Crater,0,28,800,0,8008,2,0,2
322,[Gladius] The Crater,0,28,3030,801,7724,2,0,2
323,[Gladius] The Crater,0,28,3600,1152,0,2,0,2
324,[Gladius] The Crater,0,28,3700,0,0,2,0,2
325,[Gladius] The Crater,1,28,99999,0,7535,2,0,2
326,[Gladius] The Crater,0,29,0,12,7602,2,0,2
327,[Gladius] The Crater,0,29,0,200,0,2,0,2
328,[Gladius] The Crater,0,29,150,9002,0,2,0,2
329,[Gladius] The Crater,0,29,190,702,0,2,0,2
330,[Gladius] The Crater,0,29,300,1101,0,2,0,2
331,[Gladius] The Crater,0,29,310,1105,0,2,0,2
332,[Gladius] The Crater,0,29,320,9001,0,2,0,2
333,[Gladius] The Crater,0,29,350,0,0,2,0,2
334,[Gladius] The Crater,0,29,360,1300,0,2,0,2
335,[Gladius] The Crater,0,29,800,0,8010,2,0,2
336,[Gladius] The Crater,0,29,3010,800,7701,2,0,2
337,[Gladius] The Crater,0,29,3700,1100,0,2,0,2
338,[Gladius] The Crater,1,29,99999,0,7535,2,0,2
339,[Gladius] Rotted Woods,0,30,0,13,7603,3,0,3
340,[Gladius] Rotted Woods,0,30,0,0,0,3,0,3
341,[Gladius] Rotted Woods,0,30,150,9002,0,3,0,3
342,[Gladius] Rotted Woods,0,30,190,708,0,3,0,3
343,[Gladius] Rotted Woods,0,30,300,1101,0,3,0,3
344,[Gladius] Rotted Woods,0,30,310,1105,0,3,0,3
345,[Gladius] Rotted Woods,0,30,320,9001,0,3,0,3
346,[Gladius] Rotted Woods,0,30,350,1104,0,3,0,3
347,[Gladius] Rotted Woods,0,30,360,1302,0,3,0,3
348,[Gladius] Rotted Woods,0,30,500,0,1046300590,3,0,3
349,[Gladius] Rotted Woods,0,30,800,0,8005,3,0,3
350,[Gladius] Rotted Woods,0,30,3700,0,0,3,0,3
351,[Gladius] Rotted Woods,1,30,99999,0,7535,3,0,3
352,[Gladius] Rotted Woods,0,31,0,13,7603,3,0,3
353,[Gladius] Rotted Woods,0,31,0,0,0,3,0,3
354,[Gladius] Rotted Woods,0,31,150,9002,0,3,0,3
355,[Gladius] Rotted Woods,0,31,190,702,0,3,0,3
356,[Gladius] Rotted Woods,0,31,300,1101,0,3,0,3
357,[Gladius] Rotted Woods,0,31,310,1106,0,3,0,3
358,[Gladius] Rotted Woods,0,31,320,9001,0,3,0,3
359,[Gladius] Rotted Woods,0,31,350,0,0,3,0,3
360,[Gladius] Rotted Woods,0,31,360,1303,0,3,0,3
361,[Gladius] Rotted Woods,0,31,500,0,1057300590,3,0,3
362,[Gladius] Rotted Woods,0,31,800,0,8007,3,0,3
363,[Gladius] Rotted Woods,0,31,3700,0,0,3,0,3
364,[Gladius] Rotted Woods,1,31,99999,0,7535,3,0,3
365,[Gladius] Rotted Woods,0,32,0,13,7603,3,0,3
366,[Gladius] Rotted Woods,0,32,0,200,0,3,0,3
367,[Gladius] Rotted Woods,0,32,150,9002,0,3,0,3
368,[Gladius] Rotted Woods,0,32,190,708,0,3,0,3
369,[Gladius] Rotted Woods,0,32,300,1102,0,3,0,3
370,[Gladius] Rotted Woods,0,32,310,1105,0,3,0,3
371,[Gladius] Rotted Woods,0,32,350,0,0,3,0,3
372,[Gladius] Rotted Woods,0,32,360,1302,0,3,0,3
373,[Gladius] Rotted Woods,0,32,500,0,1047300590,3,0,3
374,[Gladius] Rotted Woods,0,32,800,0,8009,3,0,3
375,[Gladius] Rotted Woods,0,32,3010,801,7721,3,0,3
376,[Gladius] Rotted Woods,0,32,3700,0,0,3,0,3
377,[Gladius] Rotted Woods,1,32,99999,0,7535,3,0,3
378,[Gladius] Rotted Woods,0,33,0,13,7603,3,0,3
379,[Gladius] Rotted Woods,0,33,0,180,0,3,0,3
380,[Gladius] Rotted Woods,0,33,150,9002,0,3,0,3
381,[Gladius] Rotted Woods,0,33,190,708,0,3,0,3
382,[Gladius] Rotted Woods,0,33,300,1102,0,3,0,3
383,[Gladius] Rotted Woods,0,33,310,1105,0,3,0,3
384,[Gladius] Rotted Woods,0,33,350,0,0,3,0,3
385,[Gladius] Rotted Woods,0,33,360,1303,0,3,0,3
386,[Gladius] Rotted Woods,0,33,500,0,1046300590,3,0,3
387,[Gladius] Rotted Woods,0,33,800,0,8001,3,0,3
388,[Gladius] Rotted Woods,0,33,3030,801,7724,3,0,3
389,[Gladius] Rotted Woods,0,33,3600,1153,0,3,0,3
390,[Gladius] Rotted Woods,0,33,3700,0,0,3,0,3
391,[Gladius] Rotted Woods,1,33,99999,0,7535,3,0,3
392,[Gladius] Rotted Woods,0,34,0,13,7603,3,0,3
393,[Gladius] Rotted Woods,0,34,0,0,0,3,0,3
394,[Gladius] Rotted Woods,0,34,150,9002,0,3,0,3
395,[Gladius] Rotted Woods,0,34,190,701,0,3,0,3
396,[Gladius] Rotted Woods,0,34,300,1101,0,3,0,3
397,[Gladius] Rotted Woods,0,34,310,1105,0,3,0,3
398,[Gladius] Rotted Woods,0,34,320,9001,0,3,0,3
399,[Gladius] Rotted Woods,0,34,350,0,0,3,0,3
400,[Gladius] Rotted Woods,0,34,360,1303,0,3,0,3
401,[Gladius] Rotted Woods,0,34,500,0,1047300590,3,0,3
402,[Gladius] Rotted Woods,0,34,800,0,8002,3,0,3
403,[Gladius] Rotted Woods,0,34,3700,1100,0,3,0,3
404,[Gladius] Rotted Woods,1,34,99999,0,7535,3,0,3
405,[Gladius] Shrouded City,0,35,0,15,7605,5,0,5
406,[Gladius] Shrouded City,0,35,0,180,0,5,0,5
407,[Gladius] Shrouded City,0,35,150,9002,0,5,0,5
408,[Gladius] Shrouded City,0,35,190,703,0,5,0,5
409,[Gladius] Shrouded City,0,35,300,1101,0,5,0,5
410,[Gladius] Shrouded City,0,35,310,1105,0,5,0,5
411,[Gladius] Shrouded City,0,35,320,9001,0,5,0,5
412,[Gladius] Shrouded City,0,35,350,0,0,5,0,5
413,[Gladius] Shrouded City,0,35,360,1303,0,5,0,5
414,[Gladius] Shrouded City,0,35,800,0,8002,5,0,5
415,[Gladius] Shrouded City,0,35,3030,800,7704,5,0,5
416,[Gladius] Shrouded City,0,35,3600,1154,0,5,0,5
417,[Gladius] Shrouded City,0,35,3700,0,0,5,0,5
418,[Gladius] Shrouded City,1,35,99999,0,7535,5,0,5
419,[Gladius] Shrouded City,0,36,0,15,7605,5,0,5
420,[Gladius] Shrouded City,0,36,0,0,0,5,0,5
421,[Gladius] Shrouded City,0,36,150,9002,0,5,0,5
422,[Gladius] Shrouded City,0,36,190,706,0,5,0,5
423,[Gladius] Shrouded City,0,36,300,1101,0,5,0,5
424,[Gladius] Shrouded City,0,36,310,1105,0,5,0,5
425,[Gladius] Shrouded City,0,36,320,9001,0,5,0,5
426,[Gladius] Shrouded City,0,36,350,0,0,5,0,5
427,[Gladius] Shrouded City,0,36,360,1303,0,5,0,5
428,[Gladius] Shrouded City,0,36,800,0,8002,5,0,5
429,[Gladius] Shrouded City,0,36,3700,1100,0,5,0,5
430,[Gladius] Shrouded City,1,36,99999,0,7535,5,0,5
431,[Gladius] Shrouded City,0,37,0,15,7605,5,0,5
432,[Gladius] Shrouded City,0,37,0,200,0,5,0,5
433,[Gladius] Shrouded City,0,37,150,9002,0,5,0,5
434,[Gladius] Shrouded City,0,37,190,705,0,5,0,5
435,[Gladius] Shrouded City,0,37,300,1101,0,5,0,5
436,[Gladius] Shrouded City,0,37,310,1105,0,5,0,5
437,[Gladius] Shrouded City,0,37,320,9001,0,5,0,5
438,[Gladius] Shrouded City,0,37,350,1104,0,5,0,5
439,[Gladius] Shrouded City,0,37,360,1302,0,5,0,5
440,[Gladius] Shrouded City,0,37,800,0,8005,5,0,5
441,[Gladius] Shrouded City,0,37,3010,801,7721,5,0,5
442,[Gladius] Shrouded City,0,37,3700,0,0,5,0,5
443,[Gladius] Shrouded City,1,37,99999,0,7535,5,0,5
444,[Gladius] Shrouded City,0,38,0,15,7605,5,0,5
445,[Gladius] Shrouded City,0,38,0,0,0,5,0,5
446,[Gladius] Shrouded City,0,38,150,9002,0,5,0,5
447,[Gladius] Shrouded City,0,38,190,707,0,5,0,5
448,[Gladius] Shrouded City,0,38,300,1102,0,5,0,5
449,[Gladius] Shrouded City,0,38,310,1105,0,5,0,5
450,[Gladius] Shrouded City,0,38,350,0,0,5,0,5
451,[Gladius] Shrouded City,0,38,360,1303,0,5,0,5
452,[Gladius] Shrouded City,0,38,800,0,8001,5,0,5
453,[Gladius] Shrouded City,0,38,3700,0,0,5,0,5
454,[Gladius] Shrouded City,1,38,99999,0,7535,5,0,5
455,[Gladius] Shrouded City,0,39,0,15,7605,5,0,5
456,[Gladius] Shrouded City,0,39,0,0,0,5,0,5
457,[Gladius] Shrouded City,0,39,150,9002,0,5,0,5
458,[Gladius] Shrouded City,0,39,190,705,0,5,0,5
459,[Gladius] Shrouded City,0,39,300,1101,0,5,0,5
460,[Gladius] Shrouded City,0,39,310,1105,0,5,0,5
461,[Gladius] Shrouded City,0,39,320,9001,0,5,0,5
462,[Gladius] Shrouded City,0,39,350,0,0,5,0,5
463,[Gladius] Shrouded City,0,39,360,1303,0,5,0,5
464,[Gladius] Shrouded City,0,39,800,0,8005,5,0,5
465,[Gladius] Shrouded City,0,39,3700,0,0,5,0,5
466,[Gladius] Shrouded City,1,39,99999,0,7535,5,0,5
467,[Adel] Standard,0,40,0,10,7600,10,1,0
468,[Adel] Standard,0,40,0,0,0,10,1,0
469,[Adel] Standard,0,40,190,704,0,10,1,0
470,[Adel] Standard,0,40,300,1102,0,10,1,0
471,[Adel] Standard,0,40,310,1105,0,10,1,0
472,[Adel] Standard,0,40,350,0,0,10,1,0
473,[Adel] Standard,0,40,360,1304,0,10,1,0
474,[Adel] Standard,0,40,800,0,8006,10,1,0
475,[Adel] Standard,0,40,3700,0,0,10,1,0
476,[Adel] Standard,0,41,0,10,7600,10,1,0
477,[Adel] Standard,0,41,0,0,0,10,1,0
478,[Adel] Standard,0,41,190,702,0,10,1,0
479,[Adel] Standard,0,41,300,1101,0,10,1,0
480,[Adel] Standard,0,41,310,1105,0,10,1,0
481,[Adel] Standard,0,41,320,9000,0,10,1,0
482,[Adel] Standard,0,41,350,0,0,10,1,0
483,[Adel] Standard,0,41,360,1304,0,10,1,0
484,[Adel] Standard,0,41,800,0,8005,10,1,0
485,[Adel] Standard,0,41,3700,0,0,10,1,0
486,[Adel] Standard,0,42,0,10,7600,10,1,0
487,[Adel] Standard,0,42,0,0,0,10,1,0
488,[Adel] Standard,0,42,190,701,0,10,1,0
489,[Adel] Standard,0,42,300,1102,0,10,1,0
490,[Adel] Standard,0,42,310,1105,0,10,1,0
491,[Adel] Standard,0,42,350,1104,0,10,1,0
492,[Adel] Standard,0,42,360,1303,0,10,1,0
493,[Adel] Standard,0,42,800,0,8000,10,1,0
494,[Adel] Standard,0,42,3700,0,0,10,1,0
495,[Adel] Standard,0,43,0,10,7600,10,1,0
496,[Adel] Standard,0,43,0,604,8075,10,1,0
497,[Adel] Standard,0,43,190,708,0,10,1,0
498,[Adel] Standard,0,43,300,1101,0,10,1,0
499,[Adel] Standard,0,43,310,1105,0,10,1,0
500,[Adel] Standard,0,43,320,9000,0,10,1,0
501,[Adel] Standard,0,43,350,0,0,10,1,0
502,[Adel] Standard,0,43,360,1304,0,10,1,0
503,[Adel] Standard,0,43,800,0,8007,10,1,0
504,[Adel] Standard,0,43,3040,800,7705,10,1,0
505,[Adel] Standard,0,43,3100,220,0,10,1,0
506,[Adel] Standard,0,43,3700,0,0,10,1,0
507,[Adel] Standard,0,44,0,10,7600,10,1,0
508,[Adel] Standard,0,44,0,0,0,10,1,0
509,[Adel] Standard,0,44,190,708,0,10,1,0
510,[Adel] Standard,0,44,300,1102,0,10,1,0
511,[Adel] Standard,0,44,310,1105,0,10,1,0
512,[Adel] Standard,0,44,350,0,0,10,1,0
513,[Adel] Standard,0,44,360,1304,0,10,1,0
514,[Adel] Standard,0,44,800,0,8004,10,1,0
515,[Adel] Standard,0,44,3700,0,0,10,1,0
516,[Adel] Standard,0,45,0,10,7600,10,1,0
517,[Adel] Standard,0,45,0,604,8075,10,1,0
518,[Adel] Standard,0,45,190,704,0,10,1,0
519,[Adel] Standard,0,45,300,1101,0,10,1,0
520,[Adel] Standard,0,45,310,1105,0,10,1,0
521,[Adel] Standard,0,45,320,9000,0,10,1,0
522,[Adel] Standard,0,45,350,0,0,10,1,0
523,[Adel] Standard,0,45,360,1304,0,10,1,0
524,[Adel] Standard,0,45,800,0,8005,10,1,0
525,[Adel] Standard,0,45,3040,801,7725,10,1,0
526,[Adel] Standard,0,45,3100,220,0,10,1,0
527,[Adel] Standard,0,45,3700,0,0,10,1,0
528,[Adel] Standard,0,46,0,10,7600,10,1,0
529,[Adel] Standard,0,46,0,120,0,10,1,0
530,[Adel] Standard,0,46,190,704,0,10,1,0
531,[Adel] Standard,0,46,300,1102,0,10,1,0
532,[Adel] Standard,0,46,310,1105,0,10,1,0
533,[Adel] Standard,0,46,350,0,0,10,1,0
534,[Adel] Standard,0,46,360,1304,0,10,1,0
535,[Adel] Standard,0,46,800,0,8003,10,1,0
536,[Adel] Standard,0,46,3000,801,7720,10,1,0
537,[Adel] Standard,0,46,3700,1100,0,10,1,0
538,[Adel] Standard,0,47,0,10,7600,10,1,0
539,[Adel] Standard,0,47,0,120,0,10,1,0
540,[Adel] Standard,0,47,190,702,0,10,1,0
541,[Adel] Standard,0,47,300,1102,0,10,1,0
542,[Adel] Standard,0,47,310,1105,0,10,1,0
543,[Adel] Standard,0,47,350,0,0,10,1,0
544,[Adel] Standard,0,47,360,1304,0,10,1,0
545,[Adel] Standard,0,47,800,0,8008,10,1,0
546,[Adel] Standard,0,47,3000,801,7720,10,1,0
547,[Adel] Standard,0,47,3700,1100,0,10,1,0
548,[Adel] Standard,0,48,0,10,7600,10,1,0
549,[Adel] Standard,0,48,0,0,0,10,1,0
550,[Adel] Standard,0,48,190,703,0,10,1,0
551,[Adel] Standard,0,48,300,1102,0,10,1,0
552,[Adel] Standard,0,48,310,1105,0,10,1,0
553,[Adel] Standard,0,48,350,0,0,10,1,0
554,[Adel] Standard,0,48,360,1304,0,10,1,0
555,[Adel] Standard,0,48,800,0,8000,10,1,0
556,[Adel] Standard,0,48,3700,0,0,10,1,0
557,[Adel] Standard,0,49,0,10,7600,10,1,0
558,[Adel] Standard,0,49,0,0,0,10,1,0
559,[Adel] Standard,0,49,190,700,0,10,1,0
560,[Adel] Standard,0,49,300,1101,0,10,1,0
561,[Adel] Standard,0,49,310,1106,0,10,1,0
562,[Adel] Standard,0,49,320,9000,0,10,1,0
563,[Adel] Standard,0,49,350,0,0,10,1,0
564,[Adel] Standard,0,49,360,1304,0,10,1,0
565,[Adel] Standard,0,49,800,0,8005,10,1,0
566,[Adel] Standard,0,49,3700,0,0,10,1,0
567,[Adel] Standard,0,50,0,10,7600,10,1,0
568,[Adel] Standard,0,50,0,0,0,10,1,0
569,[Adel] Standard,0,50,190,707,0,10,1,0
570,[Adel] Standard,0,50,300,1101,0,10,1,0
571,[Adel] Standard,0,50,310,1105,0,10,1,0
572,[Adel] Standard,0,50,320,9000,0,10,1,0
573,[Adel] Standard,0,50,350,0,0,10,1,0
574,[Adel] Standard,0,50,360,1304,0,10,1,0
575,[Adel] Standard,0,50,800,0,8003,10,1,0
576,[Adel] Standard,0,50,3700,0,0,10,1,0
577,[Adel] Standard,0,51,0,10,7600,10,1,0
578,[Adel] Standard,0,51,0,0,0,10,1,0
579,[Adel] Standard,0,51,190,705,0,10,1,0
580,[Adel] Standard,0,51,300,1101,0,10,1,0
581,[Adel] Standard,0,51,310,1105,0,10,1,0
582,[Adel] Standard,0,51,320,9000,0,10,1,0
583,[Adel] Standard,0,51,350,0,0,10,1,0
584,[Adel] Standard,0,51,360,1304,0,10,1,0
585,[Adel] Standard,0,51,800,0,8002,10,1,0
586,[Adel] Standard,0,51,3700,0,0,10,1,0
587,[Adel] Standard,0,52,0,10,7600,10,1,0
588,[Adel] Standard,0,52,0,200,0,10,1,0
589,[Adel] Standard,0,52,190,707,0,10,1,0
590,[Adel] Standard,0,52,300,1102,0,10,1,0
591,[Adel] Standard,0,52,310,1105,0,10,1,0
592,[Adel] Standard,0,52,350,0,0,10,1,0
593,[Adel] Standard,0,52,360,1304,0,10,1,0
594,[Adel] Standard,0,52,800,0,8008,10,1,0
595,[Adel] Standard,0,52,3010,801,7721,10,1,0
596,[Adel] Standard,0,52,3700,0,0,10,1,0
597,[Adel] Standard,0,53,0,10,7600,10,1,0
598,[Adel] Standard,0,53,0,604,8075,10,1,0
599,[Adel] Standard,0,53,190,701,0,10,1,0
600,[Adel] Standard,0,53,300,1102,0,10,1,0
601,[Adel] Standard,0,53,310,1106,0,10,1,0
602,[Adel] Standard,0,53,350,1104,0,10,1,0
603,[Adel] Standard,0,53,360,1303,0,10,1,0
604,[Adel] Standard,0,53,800,0,8002,10,1,0
605,[Adel] Standard,0,53,3040,800,7705,10,1,0
606,[Adel] Standard,0,53,3100,220,0,10,1,0
607,[Adel] Standard,0,53,3700,0,0,10,1,0
608,[Adel] Standard,0,54,0,10,7600,10,1,0
609,[Adel] Standard,0,54,0,0,0,10,1,0
610,[Adel] Standard,0,54,190,706,0,10,1,0
611,[Adel] Standard,0,54,300,1101,0,10,1,0
612,[Adel] Standard,0,54,310,1106,0,10,1,0
613,[Adel] Standard,0,54,320,9000,0,10,1,0
614,[Adel] Standard,0,54,350,0,0,10,1,0
615,[Adel] Standard,0,54,360,1304,0,10,1,0
616,[Adel] Standard,0,54,800,0,8008,10,1,0
617,[Adel] Standard,0,54,3700,0,0,10,1,0
618,[Adel] Standard,0,55,0,10,7600,10,1,0
619,[Adel] Standard,0,55,0,0,0,10,1,0
620,[Adel] Standard,0,55,190,706,0,10,1,0
621,[Adel] Standard,0,55,300,1102,0,10,1,0
622,[Adel] Standard,0,55,310,1105,0,10,1,0
623,[Adel] Standard,0,55,350,1104,0,10,1,0
624,[Adel] Standard,0,55,360,1303,0,10,1,0
625,[Adel] Standard,0,55,800,0,8011,10,1,0
626,[Adel] Standard,0,55,3700,1100,0,10,1,0
627,[Adel] Standard,0,56,0,10,7600,10,1,0
628,[Adel] Standard,0,56,0,0,0,10,1,0
629,[Adel] Standard,0,56,190,707,0,10,1,0
630,[Adel] Standard,0,56,300,1102,0,10,1,0
631,[Adel] Standard,0,56,310,1105,0,10,1,0
632,[Adel] Standard,0,56,350,0,0,10,1,0
633,[Adel] Standard,0,56,360,1304,0,10,1,0
634,[Adel] Standard,0,56,800,0,8007,10,1,0
635,[Adel] Standard,0,56,3700,1100,0,10,1,0
636,[Adel] Standard,0,57,0,10,7600,10,1,0
637,[Adel] Standard,0,57,0,604,8075,10,1,0
638,[Adel] Standard,0,57,190,703,0,10,1,0
639,[Adel] Standard,0,57,300,1101,0,10,1,0
640,[Adel] Standard,0,57,310,1106,0,10,1,0
641,[Adel] Standard,0,57,320,9000,0,10,1,0
642,[Adel] Standard,0,57,350,1104,0,10,1,0
643,[Adel] Standard,0,57,360,1303,0,10,1,0
644,[Adel] Standard,0,57,800,0,8002,10,1,0
645,[Adel] Standard,0,57,3040,801,7725,10,1,0
646,[Adel] Standard,0,57,3100,220,0,10,1,0
647,[Adel] Standard,0,57,3700,0,0,10,1,0
648,[Adel] Standard,0,58,0,10,7600,10,1,0
649,[Adel] Standard,0,58,0,604,8075,10,1,0
650,[Adel] Standard,0,58,190,700,0,10,1,0
651,[Adel] Standard,0,58,300,1102,0,10,1,0
652,[Adel] Standard,0,58,310,1105,0,10,1,0
653,[Adel] Standard,0,58,350,1104,0,10,1,0
654,[Adel] Standard,0,58,360,1303,0,10,1,0
655,[Adel] Standard,0,58,800,0,8003,10,1,0
656,[Adel] Standard,0,58,3040,800,7705,10,1,0
657,[Adel] Standard,0,58,3100,220,0,10,1,0
658,[Adel] Standard,0,58,3700,0,0,10,1,0
659,[Adel] Standard,0,59,0,10,7600,10,1,0
660,[Adel] Standard,0,59,0,0,0,10,1,0
661,[Adel] Standard,0,59,190,708,0,10,1,0
662,[Adel] Standard,0,59,300,1101,0,10,1,0
663,[Adel] Standard,0,59,310,1105,0,10,1,0
664,[Adel] Standard,0,59,320,9000,0,10,1,0
665,[Adel] Standard,0,59,350,0,0,10,1,0
666,[Adel] Standard,0,59,360,1304,0,10,1,0
667,[Adel] Standard,0,59,800,0,8003,10,1,0
668,[Adel] Standard,0,59,3700,0,0,10,1,0
669,[Adel] Mountaintops,0,60,0,11,7601,11,1,1
670,[Adel] Mountaintops,0,60,0,0,0,11,1,1
671,[Adel] Mountaintops,0,60,150,9002,0,11,1,1
672,[Adel] Mountaintops,0,60,190,708,0,11,1,1
673,[Adel] Mountaintops,0,60,300,1101,0,11,1,1
674,[Adel] Mountaintops,0,60,310,1105,0,11,1,1
675,[Adel] Mountaintops,0,60,320,9001,0,11,1,1
676,[Adel] Mountaintops,0,60,350,0,0,11,1,1
677,[Adel] Mountaintops,0,60,360,1301,0,11,1,1
678,[Adel] Mountaintops,0,60,800,0,8004,11,1,1
679,[Adel] Mountaintops,0,60,3700,0,0,11,1,1
680,[Adel] Mountaintops,0,61,0,11,7601,11,1,1
681,[Adel] Mountaintops,0,61,0,200,0,11,1,1
682,[Adel] Mountaintops,0,61,150,9002,0,11,1,1
683,[Adel] Mountaintops,0,61,190,700,0,11,1,1
684,[Adel] Mountaintops,0,61,300,1102,0,11,1,1
685,[Adel] Mountaintops,0,61,310,1105,0,11,1,1
686,[Adel] Mountaintops,0,61,350,0,0,11,1,1
687,[Adel] Mountaintops,0,61,360,1301,0,11,1,1
688,[Adel] Mountaintops,0,61,800,0,8007,11,1,1
689,[Adel] Mountaintops,0,61,3010,800,7701,11,1,1
690,[Adel] Mountaintops,0,61,3700,0,0,11,1,1
691,[Adel] Mountaintops,0,62,0,11,7601,11,1,1
692,[Adel] Mountaintops,0,62,0,0,0,11,1,1
693,[Adel] Mountaintops,0,62,150,9002,0,11,1,1
694,[Adel] Mountaintops,0,62,190,708,0,11,1,1
695,[Adel] Mountaintops,0,62,300,1101,0,11,1,1
696,[Adel] Mountaintops,0,62,310,1105,0,11,1,1
697,[Adel] Mountaintops,0,62,320,9001,0,11,1,1
698,[Adel] Mountaintops,0,62,350,0,0,11,1,1
699,[Adel] Mountaintops,0,62,360,1301,0,11,1,1
700,[Adel] Mountaintops,0,62,800,0,8007,11,1,1
701,[Adel] Mountaintops,0,62,3700,1100,0,11,1,1
702,[Adel] Mountaintops,0,63,0,11,7601,11,1,1
703,[Adel] Mountaintops,0,63,0,604,8075,11,1,1
704,[Adel] Mountaintops,0,63,150,9002,0,11,1,1
705,[Adel] Mountaintops,0,63,190,705,0,11,1,1
706,[Adel] Mountaintops,0,63,300,1102,0,11,1,1
707,[Adel] Mountaintops,0,63,310,1105,0,11,1,1
708,[Adel] Mountaintops,0,63,350,0,0,11,1,1
709,[Adel] Mountaintops,0,63,360,1301,0,11,1,1
710,[Adel] Mountaintops,0,63,800,0,8007,11,1,1
711,[Adel] Mountaintops,0,63,3040,800,7705,11,1,1
712,[Adel] Mountaintops,0,63,3100,220,0,11,1,1
713,[Adel] Mountaintops,0,63,3700,0,0,11,1,1
714,[Adel] Mountaintops,0,64,0,11,7601,11,1,1
715,[Adel] Mountaintops,0,64,0,0,0,11,1,1
716,[Adel] Mountaintops,0,64,150,9002,0,11,1,1
717,[Adel] Mountaintops,0,64,190,707,0,11,1,1
718,[Adel] Mountaintops,0,64,300,1101,0,11,1,1
719,[Adel] Mountaintops,0,64,310,1106,0,11,1,1
720,[Adel] Mountaintops,0,64,320,9001,0,11,1,1
721,[Adel] Mountaintops,0,64,350,0,0,11,1,1
722,[Adel] Mountaintops,0,64,360,1301,0,11,1,1
723,[Adel] Mountaintops,0,64,800,0,8010,11,1,1
724,[Adel] Mountaintops,0,64,3700,0,0,11,1,1
725,[Adel] The Crater,0,65,0,12,7602,12,1,2
726,[Adel] The Crater,0,65,0,0,0,12,1,2
727,[Adel] The Crater,0,65,150,9002,0,12,1,2
728,[Adel] The Crater,0,65,190,705,0,12,1,2
729,[Adel] The Crater,0,65,300,1101,0,12,1,2
730,[Adel] The Crater,0,65,310,1105,0,12,1,2
731,[Adel] The Crater,0,65,320,9001,0,12,1,2
732,[Adel] The Crater,0,65,350,1104,0,12,1,2
733,[Adel] The Crater,0,65,360,1300,0,12,1,2
734,[Adel] The Crater,0,65,800,0,8001,12,1,2
735,[Adel] The Crater,0,65,3700,1100,0,12,1,2
736,[Adel] The Crater,0,66,0,12,7602,12,1,2
737,[Adel] The Crater,0,66,0,0,0,12,1,2
738,[Adel] The Crater,0,66,150,9002,0,12,1,2
739,[Adel] The Crater,0,66,190,704,0,12,1,2
740,[Adel] The Crater,0,66,300,1101,0,12,1,2
741,[Adel] The Crater,0,66,310,1105,0,12,1,2
742,[Adel] The Crater,0,66,320,9001,0,12,1,2
743,[Adel] The Crater,0,66,350,1104,0,12,1,2
744,[Adel] The Crater,0,66,360,1300,0,12,1,2
745,[Adel] The Crater,0,66,800,0,8011,12,1,2
746,[Adel] The Crater,0,66,3700,0,0,12,1,2
747,[Adel] The Crater,0,67,0,12,7602,12,1,2
748,[Adel] The Crater,0,67,0,604,8075,12,1,2
749,[Adel] The Crater,0,67,150,9002,0,12,1,2
750,[Adel] The Crater,0,67,190,705,0,12,1,2
751,[Adel] The Crater,0,67,300,1102,0,12,1,2
752,[Adel] The Crater,0,67,310,1105,0,12,1,2
753,[Adel] The Crater,0,67,350,0,0,12,1,2
754,[Adel] The Crater,0,67,360,1301,0,12,1,2
755,[Adel] The Crater,0,67,800,0,8009,12,1,2
756,[Adel] The Crater,0,67,3040,801,7725,12,1,2
757,[Adel] The Crater,0,67,3100,220,0,12,1,2
758,[Adel] The Crater,0,67,3700,0,0,12,1,2
759,[Adel] The Crater,0,68,0,12,7602,12,1,2
760,[Adel] The Crater,0,68,0,120,0,12,1,2
761,[Adel] The Crater,0,68,150,9002,0,12,1,2
762,[Adel] The Crater,0,68,190,708,0,12,1,2
763,[Adel] The Crater,0,68,300,1102,0,12,1,2
764,[Adel] The Crater,0,68,310,1105,0,12,1,2
765,[Adel] The Crater,0,68,350,0,0,12,1,2
766,[Adel] The Crater,0,68,360,1301,0,12,1,2
767,[Adel] The Crater,0,68,800,0,8009,12,1,2
768,[Adel] The Crater,0,68,3000,801,7720,12,1,2
769,[Adel] The Crater,0,68,3700,0,0,12,1,2
770,[Adel] The Crater,0,69,0,12,7602,12,1,2
771,[Adel] The Crater,0,69,0,0,0,12,1,2
772,[Adel] The Crater,0,69,150,9002,0,12,1,2
773,[Adel] The Crater,0,69,190,700,0,12,1,2
774,[Adel] The Crater,0,69,300,1101,0,12,1,2
775,[Adel] The Crater,0,69,310,1105,0,12,1,2
776,[Adel] The Crater,0,69,320,9001,0,12,1,2
777,[Adel] The Crater,0,69,350,0,0,12,1,2
778,[Adel] The Crater,0,69,360,1301,0,12,1,2
779,[Adel] The Crater,0,69,800,0,8004,12,1,2
780,[Adel] The Crater,0,69,3700,0,0,12,1,2
781,[Adel] Rotted Woods,0,70,0,13,7603,13,1,3
782,[Adel] Rotted Woods,0,70,0,120,0,13,1,3
783,[Adel] Rotted Woods,0,70,150,9002,0,13,1,3
784,[Adel] Rotted Woods,0,70,190,703,0,13,1,3
785,[Adel] Rotted Woods,0,70,300,1101,0,13,1,3
786,[Adel] Rotted Woods,0,70,310,1105,0,13,1,3
787,[Adel] Rotted Woods,0,70,320,9001,0,13,1,3
788,[Adel] Rotted Woods,0,70,350,0,0,13,1,3
789,[Adel] Rotted Woods,0,70,360,1303,0,13,1,3
790,[Adel] Rotted Woods,0,70,500,0,1046300590,13,1,3
791,[Adel] Rotted Woods,0,70,800,0,8007,13,1,3
792,[Adel] Rotted Woods,0,70,3000,800,7700,13,1,3
793,[Adel] Rotted Woods,0,70,3700,0,0,13,1,3
794,[Adel] Rotted Woods,0,71,0,13,7603,13,1,3
795,[Adel] Rotted Woods,0,71,0,604,8075,13,1,3
796,[Adel] Rotted Woods,0,71,150,9002,0,13,1,3
797,[Adel] Rotted Woods,0,71,190,708,0,13,1,3
798,[Adel] Rotted Woods,0,71,300,1102,0,13,1,3
799,[Adel] Rotted Woods,0,71,310,1105,0,13,1,3
800,[Adel] Rotted Woods,0,71,350,0,0,13,1,3
801,[Adel] Rotted Woods,0,71,360,1303,0,13,1,3
802,[Adel] Rotted Woods,0,71,500,0,1057300590,13,1,3
803,[Adel] Rotted Woods,0,71,800,0,8002,13,1,3
804,[Adel] Rotted Woods,0,71,3040,800,7705,13,1,3
805,[Adel] Rotted Woods,0,71,3100,220,0,13,1,3
806,[Adel] Rotted Woods,0,71,3700,0,0,13,1,3
807,[Adel] Rotted Woods,0,72,0,13,7603,13,1,3
808,[Adel] Rotted Woods,0,72,0,200,0,13,1,3
809,[Adel] Rotted Woods,0,72,150,9002,0,13,1,3
810,[Adel] Rotted Woods,0,72,190,701,0,13,1,3
811,[Adel] Rotted Woods,0,72,300,1102,0,13,1,3
812,[Adel] Rotted Woods,0,72,310,1105,0,13,1,3
813,[Adel] Rotted Woods,0,72,350,0,0,13,1,3
814,[Adel] Rotted Woods,0,72,360,1303,0,13,1,3
815,[Adel] Rotted Woods,0,72,500,0,1047300590,13,1,3
816,[Adel] Rotted Woods,0,72,800,0,8000,13,1,3
817,[Adel] Rotted Woods,0,72,3010,801,7721,13,1,3
818,[Adel] Rotted Woods,0,72,3700,0,0,13,1,3
819,[Adel] Rotted Woods,0,73,0,13,7603,13,1,3
820,[Adel] Rotted Woods,0,73,0,0,0,13,1,3
821,[Adel] Rotted Woods,0,73,150,9002,0,13,1,3
822,[Adel] Rotted Woods,0,73,190,708,0,13,1,3
823,[Adel] Rotted Woods,0,73,300,1101,0,13,1,3
824,[Adel] Rotted Woods,0,73,310,1105,0,13,1,3
825,[Adel] Rotted Woods,0,73,320,9001,0,13,1,3
826,[Adel] Rotted Woods,0,73,350,0,0,13,1,3
827,[Adel] Rotted Woods,0,73,360,1303,0,13,1,3
828,[Adel] Rotted Woods,0,73,500,0,1057300590,13,1,3
829,[Adel] Rotted Woods,0,73,800,0,8003,13,1,3
830,[Adel] Rotted Woods,0,73,3700,0,0,13,1,3
831,[Adel] Rotted Woods,0,74,0,13,7603,13,1,3
832,[Adel] Rotted Woods,0,74,0,0,0,13,1,3
833,[Adel] Rotted Woods,0,74,150,9002,0,13,1,3
834,[Adel] Rotted Woods,0,74,190,701,0,13,1,3
835,[Adel] Rotted Woods,0,74,300,1101,0,13,1,3
836,[Adel] Rotted Woods,0,74,310,1105,0,13,1,3
837,[Adel] Rotted Woods,0,74,320,9001,0,13,1,3
838,[Adel] Rotted Woods,0,74,350,0,0,13,1,3
839,[Adel] Rotted Woods,0,74,360,1303,0,13,1,3
840,[Adel] Rotted Woods,0,74,500,0,1047300590,13,1,3
841,[Adel] Rotted Woods,0,74,800,0,8006,13,1,3
842,[Adel] Rotted Woods,0,74,3700,1100,0,13,1,3
843,[Adel] Shrouded City,0,75,0,15,7605,15,1,5
844,[Adel] Shrouded City,0,75,0,0,0,15,1,5
845,[Adel] Shrouded City,0,75,150,9002,0,15,1,5
846,[Adel] Shrouded City,0,75,190,706,0,15,1,5
847,[Adel] Shrouded City,0,75,300,1102,0,15,1,5
848,[Adel] Shrouded City,0,75,310,1106,0,15,1,5
849,[Adel] Shrouded City,0,75,350,0,0,15,1,5
850,[Adel] Shrouded City,0,75,360,1303,0,15,1,5
851,[Adel] Shrouded City,0,75,800,0,8007,15,1,5
852,[Adel] Shrouded City,0,75,3700,0,0,15,1,5
853,[Adel] Shrouded City,0,76,0,15,7605,15,1,5
854,[Adel] Shrouded City,0,76,0,0,0,15,1,5
855,[Adel] Shrouded City,0,76,150,9002,0,15,1,5
856,[Adel] Shrouded City,0,76,190,706,0,15,1,5
857,[Adel] Shrouded City,0,76,300,1102,0,15,1,5
858,[Adel] Shrouded City,0,76,310,1105,0,15,1,5
859,[Adel] Shrouded City,0,76,350,0,0,15,1,5
860,[Adel] Shrouded City,0,76,360,1303,0,15,1,5
861,[Adel] Shrouded City,0,76,800,0,8001,15,1,5
862,[Adel] Shrouded City,0,76,3700,0,0,15,1,5
863,[Adel] Shrouded City,0,77,0,15,7605,15,1,5
864,[Adel] Shrouded City,0,77,0,0,0,15,1,5
865,[Adel] Shrouded City,0,77,150,9002,0,15,1,5
866,[Adel] Shrouded City,0,77,190,702,0,15,1,5
867,[Adel] Shrouded City,0,77,300,1102,0,15,1,5
868,[Adel] Shrouded City,0,77,310,1105,0,15,1,5
869,[Adel] Shrouded City,0,77,350,0,0,15,1,5
870,[Adel] Shrouded City,0,77,360,1303,0,15,1,5
871,[Adel] Shrouded City,0,77,800,0,8007,15,1,5
872,[Adel] Shrouded City,0,77,3700,1100,0,15,1,5
873,[Adel] Shrouded City,0,78,0,15,7605,15,1,5
874,[Adel] Shrouded City,0,78,0,604,8075,15,1,5
875,[Adel] Shrouded City,0,78,150,9002,0,15,1,5
876,[Adel] Shrouded City,0,78,190,707,0,15,1,5
877,[Adel] Shrouded City,0,78,300,1102,0,15,1,5
878,[Adel] Shrouded City,0,78,310,1105,0,15,1,5
879,[Adel] Shrouded City,0,78,350,0,0,15,1,5
880,[Adel] Shrouded City,0,78,360,1303,0,15,1,5
881,[Adel] Shrouded City,0,78,800,0,8006,15,1,5
882,[Adel] Shrouded City,0,78,3040,800,7705,15,1,5
883,[Adel] Shrouded City,0,78,3100,220,0,15,1,5
884,[Adel] Shrouded City,0,78,3700,0,0,15,1,5
885,[Adel] Shrouded City,0,79,0,15,7605,15,1,5
886,[Adel] Shrouded City,0,79,0,0,0,15,1,5
887,[Adel] Shrouded City,0,79,150,9002,0,15,1,5
888,[Adel] Shrouded City,0,79,190,704,0,15,1,5
889,[Adel] Shrouded City,0,79,300,1101,0,15,1,5
890,[Adel] Shrouded City,0,79,310,1105,0,15,1,5
891,[Adel] Shrouded City,0,79,320,9001,0,15,1,5
892,[Adel] Shrouded City,0,79,350,0,0,15,1,5
893,[Adel] Shrouded City,0,79,360,1303,0,15,1,5
894,[Adel] Shrouded City,0,79,800,0,8005,15,1,5
895,[Adel] Shrouded City,0,79,3700,1100,0,15,1,5
896,[Gnoster] Standard,0,80,0,10,7600,20,2,0
897,[Gnoster] Standard,0,80,0,0,0,20,2,0
898,[Gnoster] Standard,0,80,190,705,0,20,2,0
899,[Gnoster] Standard,0,80,300,1101,0,20,2,0
900,[Gnoster] Standard,0,80,310,1105,0,20,2,0
901,[Gnoster] Standard,0,80,320,9000,0,20,2,0
902,[Gnoster] Standard,0,80,350,0,0,20,2,0
903,[Gnoster] Standard,0,80,360,1304,0,20,2,0
904,[Gnoster] Standard,0,80,800,0,8000,20,2,0
905,[Gnoster] Standard,0,80,3700,0,0,20,2,0
906,[Gnoster] Standard,0,81,0,10,7600,20,2,0
907,[Gnoster] Standard,0,81,0,0,0,20,2,0
908,[Gnoster] Standard,0,81,190,702,0,20,2,0
909,[Gnoster] Standard,0,81,300,1102,0,20,2,0
910,[Gnoster] Standard,0,81,310,1106,0,20,2,0
911,[Gnoster] Standard,0,81,350,0,0,20,2,0
912,[Gnoster] Standard,0,81,360,1304,0,20,2,0
913,[Gnoster] Standard,0,81,800,0,8008,20,2,0
914,[Gnoster] Standard,0,81,3700,0,0,20,2,0
915,[Gnoster] Standard,0,82,0,10,7600,20,2,0
916,[Gnoster] Standard,0,82,0,603,8076,20,2,0
917,[Gnoster] Standard,0,82,190,706,0,20,2,0
918,[Gnoster] Standard,0,82,300,1102,0,20,2,0
919,[Gnoster] Standard,0,82,310,1106,0,20,2,0
920,[Gnoster] Standard,0,82,350,0,0,20,2,0
921,[Gnoster] Standard,0,82,360,1304,0,20,2,0
922,[Gnoster] Standard,0,82,800,0,8007,20,2,0
923,[Gnoster] Standard,0,82,3050,801,7725,20,2,0
924,[Gnoster] Standard,0,82,3100,220,0,20,2,0
925,[Gnoster] Standard,0,82,3700,0,0,20,2,0
926,[Gnoster] Standard,0,83,0,10,7600,20,2,0
927,[Gnoster] Standard,0,83,0,140,0,20,2,0
928,[Gnoster] Standard,0,83,190,703,0,20,2,0
929,[Gnoster] Standard,0,83,300,1101,0,20,2,0
930,[Gnoster] Standard,0,83,310,1105,0,20,2,0
931,[Gnoster] Standard,0,83,320,9000,0,20,2,0
932,[Gnoster] Standard,0,83,350,0,0,20,2,0
933,[Gnoster] Standard,0,83,360,1304,0,20,2,0
934,[Gnoster] Standard,0,83,800,0,8003,20,2,0
935,[Gnoster] Standard,0,83,3080,801,7727,20,2,0
936,[Gnoster] Standard,0,83,3500,0,1044360220,20,2,0
937,[Gnoster] Standard,0,83,3700,0,0,20,2,0
938,[Gnoster] Standard,0,84,0,10,7600,20,2,0
939,[Gnoster] Standard,0,84,0,0,0,20,2,0
940,[Gnoster] Standard,0,84,190,707,0,20,2,0
941,[Gnoster] Standard,0,84,300,1101,0,20,2,0
942,[Gnoster] Standard,0,84,310,1105,0,20,2,0
943,[Gnoster] Standard,0,84,320,9000,0,20,2,0
944,[Gnoster] Standard,0,84,350,0,0,20,2,0
945,[Gnoster] Standard,0,84,360,1304,0,20,2,0
946,[Gnoster] Standard,0,84,800,0,8008,20,2,0
947,[Gnoster] Standard,0,84,3700,0,0,20,2,0
948,[Gnoster] Standard,0,85,0,10,7600,20,2,0
949,[Gnoster] Standard,0,85,0,604,8075,20,2,0
950,[Gnoster] Standard,0,85,190,707,0,20,2,0
951,[Gnoster] Standard,0,85,300,1102,0,20,2,0
952,[Gnoster] Standard,0,85,310,1105,0,20,2,0
953,[Gnoster] Standard,0,85,350,1104,0,20,2,0
954,[Gnoster] Standard,0,85,360,1303,0,20,2,0
955,[Gnoster] Standard,0,85,800,0,8003,20,2,0
956,[Gnoster] Standard,0,85,3040,801,7725,20,2,0
957,[Gnoster] Standard,0,85,3100,220,0,20,2,0
958,[Gnoster] Standard,0,85,3700,1100,0,20,2,0
959,[Gnoster] Standard,0,86,0,10,7600,20,2,0
960,[Gnoster] Standard,0,86,0,0,0,20,2,0
961,[Gnoster] Standard,0,86,190,705,0,20,2,0
962,[Gnoster] Standard,0,86,300,1102,0,20,2,0
963,[Gnoster] Standard,0,86,310,1105,0,20,2,0
964,[Gnoster] Standard,0,86,350,0,0,20,2,0
965,[Gnoster] Standard,0,86,360,1304,0,20,2,0
966,[Gnoster] Standard,0,86,800,0,8002,20,2,0
967,[Gnoster] Standard,0,86,3700,0,0,20,2,0
968,[Gnoster] Standard,0,87,0,10,7600,20,2,0
969,[Gnoster] Standard,0,87,0,0,0,20,2,0
970,[Gnoster] Standard,0,87,190,705,0,20,2,0
971,[Gnoster] Standard,0,87,300,1101,0,20,2,0
972,[Gnoster] Standard,0,87,310,1105,0,20,2,0
973,[Gnoster] Standard,0,87,320,9000,0,20,2,0
974,[Gnoster] Standard,0,87,350,0,0,20,2,0
975,[Gnoster] Standard,0,87,360,1304,0,20,2,0
976,[Gnoster] Standard,0,87,800,0,8009,20,2,0
977,[Gnoster] Standard,0,87,3700,0,0,20,2,0
978,[Gnoster] Standard,0,88,0,10,7600,20,2,0
979,[Gnoster] Standard,0,88,0,604,8075,20,2,0
980,[Gnoster] Standard,0,88,190,704,0,20,2,0
981,[Gnoster] Standard,0,88,300,1101,0,20,2,0
982,[Gnoster] Standard,0,88,310,1105,0,20,2,0
983,[Gnoster] Standard,0,88,320,9000,0,20,2,0
984,[Gnoster] Standard,0,88,350,0,0,20,2,0
985,[Gnoster] Standard,0,88,360,1304,0,20,2,0
986,[Gnoster] Standard,0,88,800,0,8002,20,2,0
987,[Gnoster] Standard,0,88,3040,800,7705,20,2,0
988,[Gnoster] Standard,0,88,3100,220,0,20,2,0
989,[Gnoster] Standard,0,88,3700,0,0,20,2,0
990,[Gnoster] Standard,0,89,0,10,7600,20,2,0
991,[Gnoster] Standard,0,89,0,0,0,20,2,0
992,[Gnoster] Standard,0,89,190,704,0,20,2,0
993,[Gnoster] Standard,0,89,300,1101,0,20,2,0
994,[Gnoster] Standard,0,89,310,1105,0,20,2,0
995,[Gnoster] Standard,0,89,320,9000,0,20,2,0
996,[Gnoster] Standard,0,89,350,0,0,20,2,0
997,[Gnoster] Standard,0,89,360,1304,0,20,2,0
998,[Gnoster] Standard,0,89,800,0,8009,20,2,0
999,[Gnoster] Standard,0,89,3700,0,0,20,2,0
1000,[Gnoster] Standard,0,90,0,10,7600,20,2,0
1001,[Gnoster] Standard,0,90,0,230,0,20,2,0
1002,[Gnoster] Standard,0,90,190,701,0,20,2,0
1003,[Gnoster] Standard,0,90,300,1101,0,20,2,0
1004,[Gnoster] Standard,0,90,310,1105,0,20,2,0
1005,[Gnoster] Standard,0,90,320,9000,0,20,2,0
1006,[Gnoster] Standard,0,90,350,0,0,20,2,0
1007,[Gnoster] Standard,0,90,360,1304,0,20,2,0
1008,[Gnoster] Standard,0,90,800,0,8007,20,2,0
1009,[Gnoster] Standard,0,90,3090,800,7706,20,2,0
1010,[Gnoster] Standard,0,90,3700,0,0,20,2,0
1011,[Gnoster] Standard,0,91,0,10,7600,20,2,0
1012,[Gnoster] Standard,0,91,0,0,0,20,2,0
1013,[Gnoster] Standard,0,91,190,704,0,20,2,0
1014,[Gnoster] Standard,0,91,300,1102,0,20,2,0
1015,[Gnoster] Standard,0,91,310,1105,0,20,2,0
1016,[Gnoster] Standard,0,91,350,1104,0,20,2,0
1017,[Gnoster] Standard,0,91,360,1303,0,20,2,0
1018,[Gnoster] Standard,0,91,800,0,8011,20,2,0
1019,[Gnoster] Standard,0,91,3700,0,0,20,2,0
1020,[Gnoster] Standard,0,92,0,10,7600,20,2,0
1021,[Gnoster] Standard,0,92,0,0,0,20,2,0
1022,[Gnoster] Standard,0,92,190,708,0,20,2,0
1023,[Gnoster] Standard,0,92,300,1102,0,20,2,0
1024,[Gnoster] Standard,0,92,310,1105,0,20,2,0
1025,[Gnoster] Standard,0,92,350,0,0,20,2,0
1026,[Gnoster] Standard,0,92,360,1304,0,20,2,0
1027,[Gnoster] Standard,0,92,800,0,8002,20,2,0
1028,[Gnoster] Standard,0,92,3700,0,0,20,2,0
1029,[Gnoster] Standard,0,93,0,10,7600,20,2,0
1030,[Gnoster] Standard,0,93,0,0,0,20,2,0
1031,[Gnoster] Standard,0,93,190,708,0,20,2,0
1032,[Gnoster] Standard,0,93,300,1102,0,20,2,0
1033,[Gnoster] Standard,0,93,310,1105,0,20,2,0
1034,[Gnoster] Standard,0,93,350,0,0,20,2,0
1035,[Gnoster] Standard,0,93,360,1304,0,20,2,0
1036,[Gnoster] Standard,0,93,800,0,8006,20,2,0
1037,[Gnoster] Standard,0,93,3700,0,0,20,2,0
1038,[Gnoster] Standard,0,94,0,10,7600,20,2,0
1039,[Gnoster] Standard,0,94,0,603,8076,20,2,0
1040,[Gnoster] Standard,0,94,190,707,0,20,2,0
1041,[Gnoster] Standard,0,94,300,1102,0,20,2,0
1042,[Gnoster] Standard,0,94,310,1105,0,20,2,0
1043,[Gnoster] Standard,0,94,350,0,0,20,2,0
1044,[Gnoster] Standard,0,94,360,1304,0,20,2,0
1045,[Gnoster] Standard,0,94,800,0,8004,20,2,0
1046,[Gnoster] Standard,0,94,3050,800,7705,20,2,0
1047,[Gnoster] Standard,0,94,3100,220,0,20,2,0
1048,[Gnoster] Standard,0,94,3700,1100,0,20,2,0
1049,[Gnoster] Standard,0,95,0,10,7600,20,2,0
1050,[Gnoster] Standard,0,95,0,0,0,20,2,0
1051,[Gnoster] Standard,0,95,190,708,0,20,2,0
1052,[Gnoster] Standard,0,95,300,1102,0,20,2,0
1053,[Gnoster] Standard,0,95,310,1105,0,20,2,0
1054,[Gnoster] Standard,0,95,350,0,0,20,2,0
1055,[Gnoster] Standard,0,95,360,1304,0,20,2,0
1056,[Gnoster] Standard,0,95,800,0,8004,20,2,0
1057,[Gnoster] Standard,0,95,3700,0,0,20,2,0
1058,[Gnoster] Standard,0,96,0,10,7600,20,2,0
1059,[Gnoster] Standard,0,96,0,603,8076,20,2,0
1060,[Gnoster] Standard,0,96,190,700,0,20,2,0
1061,[Gnoster] Standard,0,96,300,1101,0,20,2,0
1062,[Gnoster] Standard,0,96,310,1106,0,20,2,0
1063,[Gnoster] Standard,0,96,320,9000,0,20,2,0
1064,[Gnoster] Standard,0,96,350,0,0,20,2,0
1065,[Gnoster] Standard,0,96,360,1304,0,20,2,0
1066,[Gnoster] Standard,0,96,800,0,8007,20,2,0
1067,[Gnoster] Standard,0,96,3050,801,7725,20,2,0
1068,[Gnoster] Standard,0,96,3100,220,0,20,2,0
1069,[Gnoster] Standard,0,96,3700,0,0,20,2,0
1070,[Gnoster] Standard,0,97,0,10,7600,20,2,0
1071,[Gnoster] Standard,0,97,0,0,0,20,2,0
1072,[Gnoster] Standard,0,97,190,708,0,20,2,0
1073,[Gnoster] Standard,0,97,300,1102,0,20,2,0
1074,[Gnoster] Standard,0,97,310,1106,0,20,2,0
1075,[Gnoster] Standard,0,97,350,0,0,20,2,0
1076,[Gnoster] Standard,0,97,360,1304,0,20,2,0
1077,[Gnoster] Standard,0,97,800,0,8001,20,2,0
1078,[Gnoster] Standard,0,97,3700,1100,0,20,2,0
1079,[Gnoster] Standard,0,98,0,10,7600,20,2,0
1080,[Gnoster] Standard,0,98,0,0,0,20,2,0
1081,[Gnoster] Standard,0,98,190,701,0,20,2,0
1082,[Gnoster] Standard,0,98,300,1102,0,20,2,0
1083,[Gnoster] Standard,0,98,310,1105,0,20,2,0
1084,[Gnoster] Standard,0,98,350,1104,0,20,2,0
1085,[Gnoster] Standard,0,98,360,1304,0,20,2,0
1086,[Gnoster] Standard,0,98,800,0,8003,20,2,0
1087,[Gnoster] Standard,0,98,3700,0,0,20,2,0
1088,[Gnoster] Standard,0,99,0,10,7600,20,2,0
1089,[Gnoster] Standard,0,99,0,603,8076,20,2,0
1090,[Gnoster] Standard,0,99,190,703,0,20,2,0
1091,[Gnoster] Standard,0,99,300,1102,0,20,2,0
1092,[Gnoster] Standard,0,99,310,1105,0,20,2,0
1093,[Gnoster] Standard,0,99,350,1104,0,20,2,0
1094,[Gnoster] Standard,0,99,360,1304,0,20,2,0
1095,[Gnoster] Standard,0,99,800,0,8010,20,2,0
1096,[Gnoster] Standard,0,99,3050,800,7705,20,2,0
1097,[Gnoster] Standard,0,99,3100,220,0,20,2,0
1098,[Gnoster] Standard,0,99,3700,0,0,20,2,0
1099,[Gnoster] Mountaintops,0,100,0,11,7601,21,2,1
1100,[Gnoster] Mountaintops,0,100,0,0,0,21,2,1
1101,[Gnoster] Mountaintops,0,100,150,9002,0,21,2,1
1102,[Gnoster] Mountaintops,0,100,190,707,0,21,2,1
1103,[Gnoster] Mountaintops,0,100,300,1101,0,21,2,1
1104,[Gnoster] Mountaintops,0,100,310,1105,0,21,2,1
1105,[Gnoster] Mountaintops,0,100,320,9001,0,21,2,1
1106,[Gnoster] Mountaintops,0,100,350,0,0,21,2,1
1107,[Gnoster] Mountaintops,0,100,360,1301,0,21,2,1
1108,[Gnoster] Mountaintops,0,100,800,0,8011,21,2,1
1109,[Gnoster] Mountaintops,0,100,3700,0,0,21,2,1
1110,[Gnoster] Mountaintops,0,101,0,11,7601,21,2,1
1111,[Gnoster] Mountaintops,0,101,0,0,0,21,2,1
1112,[Gnoster] Mountaintops,0,101,150,9002,0,21,2,1
1113,[Gnoster] Mountaintops,0,101,190,707,0,21,2,1
1114,[Gnoster] Mountaintops,0,101,300,1102,0,21,2,1
1115,[Gnoster] Mountaintops,0,101,310,1105,0,21,2,1
1116,[Gnoster] Mountaintops,0,101,350,0,0,21,2,1
1117,[Gnoster] Mountaintops,0,101,360,1301,0,21,2,1
1118,[Gnoster] Mountaintops,0,101,800,0,8003,21,2,1
1119,[Gnoster] Mountaintops,0,101,3700,0,0,21,2,1
1120,[Gnoster] Mountaintops,0,102,0,11,7601,21,2,1
1121,[Gnoster] Mountaintops,0,102,0,604,8075,21,2,1
1122,[Gnoster] Mountaintops,0,102,150,9002,0,21,2,1
1123,[Gnoster] Mountaintops,0,102,190,708,0,21,2,1
1124,[Gnoster] Mountaintops,0,102,300,1101,0,21,2,1
1125,[Gnoster] Mountaintops,0,102,310,1105,0,21,2,1
1126,[Gnoster] Mountaintops,0,102,320,9001,0,21,2,1
1127,[Gnoster] Mountaintops,0,102,350,0,0,21,2,1
1128,[Gnoster] Mountaintops,0,102,360,1301,0,21,2,1
1129,[Gnoster] Mountaintops,0,102,800,0,8007,21,2,1
1130,[Gnoster] Mountaintops,0,102,3040,800,7705,21,2,1
1131,[Gnoster] Mountaintops,0,102,3100,220,0,21,2,1
1132,[Gnoster] Mountaintops,0,102,3700,1100,0,21,2,1
1133,[Gnoster] Mountaintops,0,103,0,11,7601,21,2,1
1134,[Gnoster] Mountaintops,0,103,0,0,0,21,2,1
1135,[Gnoster] Mountaintops,0,103,150,9002,0,21,2,1
1136,[Gnoster] Mountaintops,0,103,190,707,0,21,2,1
1137,[Gnoster] Mountaintops,0,103,300,1101,0,21,2,1
1138,[Gnoster] Mountaintops,0,103,310,1105,0,21,2,1
1139,[Gnoster] Mountaintops,0,103,320,9001,0,21,2,1
1140,[Gnoster] Mountaintops,0,103,350,0,0,21,2,1
1141,[Gnoster] Mountaintops,0,103,360,1301,0,21,2,1
1142,[Gnoster] Mountaintops,0,103,800,0,8007,21,2,1
1143,[Gnoster] Mountaintops,0,103,3700,1100,0,21,2,1
1144,[Gnoster] Mountaintops,0,104,0,11,7601,21,2,1
1145,[Gnoster] Mountaintops,0,104,0,603,8076,21,2,1
1146,[Gnoster] Mountaintops,0,104,150,9002,0,21,2,1
1147,[Gnoster] Mountaintops,0,104,190,705,0,21,2,1
1148,[Gnoster] Mountaintops,0,104,300,1101,0,21,2,1
1149,[Gnoster] Mountaintops,0,104,310,1106,0,21,2,1
1150,[Gnoster] Mountaintops,0,104,320,9001,0,21,2,1
1151,[Gnoster] Mountaintops,0,104,350,0,0,21,2,1
1152,[Gnoster] Mountaintops,0,104,360,1301,0,21,2,1
1153,[Gnoster] Mountaintops,0,104,800,0,8000,21,2,1
1154,[Gnoster] Mountaintops,0,104,3050,801,7725,21,2,1
1155,[Gnoster] Mountaintops,0,104,3100,220,0,21,2,1
1156,[Gnoster] Mountaintops,0,104,3700,0,0,21,2,1
1157,[Gnoster] The Crater,0,105,0,12,7602,22,2,2
1158,[Gnoster] The Crater,0,105,0,0,0,22,2,2
1159,[Gnoster] The Crater,0,105,150,9002,0,22,2,2
1160,[Gnoster] The Crater,0,105,190,708,0,22,2,2
1161,[Gnoster] The Crater,0,105,300,1101,0,22,2,2
1162,[Gnoster] The Crater,0,105,310,1105,0,22,2,2
1163,[Gnoster] The Crater,0,105,320,9001,0,22,2,2
1164,[Gnoster] The Crater,0,105,350,0,0,22,2,2
1165,[Gnoster] The Crater,0,105,360,1301,0,22,2,2
1166,[Gnoster] The Crater,0,105,800,0,8001,22,2,2
1167,[Gnoster] The Crater,0,105,3700,1100,0,22,2,2
1168,[Gnoster] The Crater,0,106,0,12,7602,22,2,2
1169,[Gnoster] The Crater,0,106,0,603,8076,22,2,2
1170,[Gnoster] The Crater,0,106,150,9002,0,22,2,2
1171,[Gnoster] The Crater,0,106,190,707,0,22,2,2
1172,[Gnoster] The Crater,0,106,300,1101,0,22,2,2
1173,[Gnoster] The Crater,0,106,310,1105,0,22,2,2
1174,[Gnoster] The Crater,0,106,320,9001,0,22,2,2
1175,[Gnoster] The Crater,0,106,350,0,0,22,2,2
1176,[Gnoster] The Crater,0,106,360,1301,0,22,2,2
1177,[Gnoster] The Crater,0,106,800,0,8009,22,2,2
1178,[Gnoster] The Crater,0,106,3050,800,7705,22,2,2
1179,[Gnoster] The Crater,0,106,3100,220,0,22,2,2
1180,[Gnoster] The Crater,0,106,3700,0,0,22,2,2
1181,[Gnoster] The Crater,0,107,0,12,7602,22,2,2
1182,[Gnoster] The Crater,0,107,0,0,0,22,2,2
1183,[Gnoster] The Crater,0,107,150,9002,0,22,2,2
1184,[Gnoster] The Crater,0,107,190,702,0,22,2,2
1185,[Gnoster] The Crater,0,107,300,1101,0,22,2,2
1186,[Gnoster] The Crater,0,107,310,1105,0,22,2,2
1187,[Gnoster] The Crater,0,107,320,9001,0,22,2,2
1188,[Gnoster] The Crater,0,107,350,0,0,22,2,2
1189,[Gnoster] The Crater,0,107,360,1301,0,22,2,2
1190,[Gnoster] The Crater,0,107,800,0,8011,22,2,2
1191,[Gnoster] The Crater,0,107,3700,0,0,22,2,2
1192,[Gnoster] The Crater,0,108,0,12,7602,22,2,2
1193,[Gnoster] The Crater,0,108,0,0,0,22,2,2
1194,[Gnoster] The Crater,0,108,150,9002,0,22,2,2
1195,[Gnoster] The Crater,0,108,190,707,0,22,2,2
1196,[Gnoster] The Crater,0,108,300,1101,0,22,2,2
1197,[Gnoster] The Crater,0,108,310,1105,0,22,2,2
1198,[Gnoster] The Crater,0,108,320,9001,0,22,2,2
1199,[Gnoster] The Crater,0,108,350,0,0,22,2,2
1200,[Gnoster] The Crater,0,108,360,1301,0,22,2,2
1201,[Gnoster] The Crater,0,108,800,0,8009,22,2,2
1202,[Gnoster] The Crater,0,108,3700,0,0,22,2,2
1203,[Gnoster] The Crater,0,109,0,12,7602,22,2,2
1204,[Gnoster] The Crater,0,109,0,140,0,22,2,2
1205,[Gnoster] The Crater,0,109,150,9002,0,22,2,2
1206,[Gnoster] The Crater,0,109,190,701,0,22,2,2
1207,[Gnoster] The Crater,0,109,300,1101,0,22,2,2
1208,[Gnoster] The Crater,0,109,310,1105,0,22,2,2
1209,[Gnoster] The Crater,0,109,320,9001,0,22,2,2
1210,[Gnoster] The Crater,0,109,350,1104,0,22,2,2
1211,[Gnoster] The Crater,0,109,360,1300,0,22,2,2
1212,[Gnoster] The Crater,0,109,800,0,8008,22,2,2
1213,[Gnoster] The Crater,0,109,3080,801,7727,22,2,2
1214,[Gnoster] The Crater,0,109,3500,0,1044360220,22,2,2
1215,[Gnoster] The Crater,0,109,3700,0,0,22,2,2
1216,[Gnoster] Rotted Woods,0,110,0,13,7603,23,2,3
1217,[Gnoster] Rotted Woods,0,110,0,0,0,23,2,3
1218,[Gnoster] Rotted Woods,0,110,150,9002,0,23,2,3
1219,[Gnoster] Rotted Woods,0,110,190,700,0,23,2,3
1220,[Gnoster] Rotted Woods,0,110,300,1102,0,23,2,3
1221,[Gnoster] Rotted Woods,0,110,310,1105,0,23,2,3
1222,[Gnoster] Rotted Woods,0,110,350,0,0,23,2,3
1223,[Gnoster] Rotted Woods,0,110,360,1303,0,23,2,3
1224,[Gnoster] Rotted Woods,0,110,500,0,1057300590,23,2,3
1225,[Gnoster] Rotted Woods,0,110,800,0,8008,23,2,3
1226,[Gnoster] Rotted Woods,0,110,3700,0,0,23,2,3
1227,[Gnoster] Rotted Woods,0,111,0,13,7603,23,2,3
1228,[Gnoster] Rotted Woods,0,111,0,0,0,23,2,3
1229,[Gnoster] Rotted Woods,0,111,150,9002,0,23,2,3
1230,[Gnoster] Rotted Woods,0,111,190,700,0,23,2,3
1231,[Gnoster] Rotted Woods,0,111,300,1102,0,23,2,3
1232,[Gnoster] Rotted Woods,0,111,310,1105,0,23,2,3
1233,[Gnoster] Rotted Woods,0,111,350,0,0,23,2,3
1234,[Gnoster] Rotted Woods,0,111,360,1303,0,23,2,3
1235,[Gnoster] Rotted Woods,0,111,500,0,1046300590,23,2,3
1236,[Gnoster] Rotted Woods,0,111,800,0,8009,23,2,3
1237,[Gnoster] Rotted Woods,0,111,3700,1100,0,23,2,3
1238,[Gnoster] Rotted Woods,0,112,0,13,7603,23,2,3
1239,[Gnoster] Rotted Woods,0,112,0,230,0,23,2,3
1240,[Gnoster] Rotted Woods,0,112,150,9002,0,23,2,3
1241,[Gnoster] Rotted Woods,0,112,190,706,0,23,2,3
1242,[Gnoster] Rotted Woods,0,112,300,1101,0,23,2,3
1243,[Gnoster] Rotted Woods,0,112,310,1105,0,23,2,3
1244,[Gnoster] Rotted Woods,0,112,320,9001,0,23,2,3
1245,[Gnoster] Rotted Woods,0,112,350,1104,0,23,2,3
1246,[Gnoster] Rotted Woods,0,112,360,1302,0,23,2,3
1247,[Gnoster] Rotted Woods,0,112,500,0,1046300590,23,2,3
1248,[Gnoster] Rotted Woods,0,112,800,0,8009,23,2,3
1249,[Gnoster] Rotted Woods,0,112,3090,800,7706,23,2,3
1250,[Gnoster] Rotted Woods,0,112,3700,0,0,23,2,3
1251,[Gnoster] Rotted Woods,0,113,0,13,7603,23,2,3
1252,[Gnoster] Rotted Woods,0,113,0,604,8075,23,2,3
1253,[Gnoster] Rotted Woods,0,113,150,9002,0,23,2,3
1254,[Gnoster] Rotted Woods,0,113,190,706,0,23,2,3
1255,[Gnoster] Rotted Woods,0,113,300,1101,0,23,2,3
1256,[Gnoster] Rotted Woods,0,113,310,1105,0,23,2,3
1257,[Gnoster] Rotted Woods,0,113,320,9001,0,23,2,3
1258,[Gnoster] Rotted Woods,0,113,350,1104,0,23,2,3
1259,[Gnoster] Rotted Woods,0,113,360,1302,0,23,2,3
1260,[Gnoster] Rotted Woods,0,113,500,0,1047300590,23,2,3
1261,[Gnoster] Rotted Woods,0,113,800,0,8007,23,2,3
1262,[Gnoster] Rotted Woods,0,113,3040,800,7705,23,2,3
1263,[Gnoster] Rotted Woods,0,113,3100,220,0,23,2,3
1264,[Gnoster] Rotted Woods,0,113,3700,0,0,23,2,3
1265,[Gnoster] Rotted Woods,0,114,0,13,7603,23,2,3
1266,[Gnoster] Rotted Woods,0,114,0,0,0,23,2,3
1267,[Gnoster] Rotted Woods,0,114,150,9002,0,23,2,3
1268,[Gnoster] Rotted Woods,0,114,190,702,0,23,2,3
1269,[Gnoster] Rotted Woods,0,114,300,1102,0,23,2,3
1270,[Gnoster] Rotted Woods,0,114,310,1105,0,23,2,3
1271,[Gnoster] Rotted Woods,0,114,350,0,0,23,2,3
1272,[Gnoster] Rotted Woods,0,114,360,1303,0,23,2,3
1273,[Gnoster] Rotted Woods,0,114,500,0,1047300590,23,2,3
1274,[Gnoster] Rotted Woods,0,114,800,0,8002,23,2,3
1275,[Gnoster] Rotted Woods,0,114,3700,0,0,23,2,3
1276,[Gnoster] Shrouded City,0,115,0,15,7605,25,2,5
1277,[Gnoster] Shrouded City,0,115,0,603,8076,25,2,5
1278,[Gnoster] Shrouded City,0,115,150,9002,0,25,2,5
1279,[Gnoster] Shrouded City,0,115,190,708,0,25,2,5
1280,[Gnoster] Shrouded City,0,115,300,1102,0,25,2,5
1281,[Gnoster] Shrouded City,0,115,310,1106,0,25,2,5
1282,[Gnoster] Shrouded City,0,115,350,0,0,25,2,5
1283,[Gnoster] Shrouded City,0,115,360,1303,0,25,2,5
1284,[Gnoster] Shrouded City,0,115,800,0,8004,25,2,5
1285,[Gnoster] Shrouded City,0,115,3050,801,7725,25,2,5
1286,[Gnoster] Shrouded City,0,115,3100,220,0,25,2,5
1287,[Gnoster] Shrouded City,0,115,3700,1100,0,25,2,5
1288,[Gnoster] Shrouded City,0,116,0,15,7605,25,2,5
1289,[Gnoster] Shrouded City,0,116,0,0,0,25,2,5
1290,[Gnoster] Shrouded City,0,116,150,9002,0,25,2,5
1291,[Gnoster] Shrouded City,0,116,190,708,0,25,2,5
1292,[Gnoster] Shrouded City,0,116,300,1101,0,25,2,5
1293,[Gnoster] Shrouded City,0,116,310,1105,0,25,2,5
1294,[Gnoster] Shrouded City,0,116,320,9001,0,25,2,5
1295,[Gnoster] Shrouded City,0,116,350,0,0,25,2,5
1296,[Gnoster] Shrouded City,0,116,360,1303,0,25,2,5
1297,[Gnoster] Shrouded City,0,116,800,0,8004,25,2,5
1298,[Gnoster] Shrouded City,0,116,3700,0,0,25,2,5
1299,[Gnoster] Shrouded City,0,117,0,15,7605,25,2,5
1300,[Gnoster] Shrouded City,0,117,0,604,8075,25,2,5
1301,[Gnoster] Shrouded City,0,117,150,9002,0,25,2,5
1302,[Gnoster] Shrouded City,0,117,190,705,0,25,2,5
1303,[Gnoster] Shrouded City,0,117,300,1102,0,25,2,5
1304,[Gnoster] Shrouded City,0,117,310,1105,0,25,2,5
1305,[Gnoster] Shrouded City,0,117,350,0,0,25,2,5
1306,[Gnoster] Shrouded City,0,117,360,1303,0,25,2,5
1307,[Gnoster] Shrouded City,0,117,800,0,8011,25,2,5
1308,[Gnoster] Shrouded City,0,117,3040,801,7725,25,2,5
1309,[Gnoster] Shrouded City,0,117,3100,220,0,25,2,5
1310,[Gnoster] Shrouded City,0,117,3700,0,0,25,2,5
1311,[Gnoster] Shrouded City,0,118,0,15,7605,25,2,5
1312,[Gnoster] Shrouded City,0,118,0,0,0,25,2,5
1313,[Gnoster] Shrouded City,0,118,150,9002,0,25,2,5
1314,[Gnoster] Shrouded City,0,118,190,702,0,25,2,5
1315,[Gnoster] Shrouded City,0,118,300,1102,0,25,2,5
1316,[Gnoster] Shrouded City,0,118,310,1105,0,25,2,5
1317,[Gnoster] Shrouded City,0,118,350,1104,0,25,2,5
1318,[Gnoster] Shrouded City,0,118,360,1302,0,25,2,5
1319,[Gnoster] Shrouded City,0,118,800,0,8011,25,2,5
1320,[Gnoster] Shrouded City,0,118,3700,0,0,25,2,5
1321,[Gnoster] Shrouded City,0,119,0,15,7605,25,2,5
1322,[Gnoster] Shrouded City,0,119,0,0,0,25,2,5
1323,[Gnoster] Shrouded City,0,119,150,9002,0,25,2,5
1324,[Gnoster] Shrouded City,0,119,190,704,0,25,2,5
1325,[Gnoster] Shrouded City,0,119,300,1101,0,25,2,5
1326,[Gnoster] Shrouded City,0,119,310,1105,0,25,2,5
1327,[Gnoster] Shrouded City,0,119,320,9001,0,25,2,5
1328,[Gnoster] Shrouded City,0,119,350,0,0,25,2,5
1329,[Gnoster] Shrouded City,0,119,360,1303,0,25,2,5
1330,[Gnoster] Shrouded City,0,119,800,0,8005,25,2,5
1331,[Gnoster] Shrouded City,0,119,3700,0,0,25,2,5
1332,[Maris] Standard,0,120,0,10,7600,30,3,0
1333,[Maris] Standard,0,120,0,0,0,30,3,0
1334,[Maris] Standard,0,120,190,704,0,30,3,0
1335,[Maris] Standard,0,120,300,1102,0,30,3,0
1336,[Maris] Standard,0,120,310,1105,0,30,3,0
1337,[Maris] Standard,0,120,350,0,0,30,3,0
1338,[Maris] Standard,0,120,360,1304,0,30,3,0
1339,[Maris] Standard,0,120,800,0,8002,30,3,0
1340,[Maris] Standard,0,120,3700,0,0,30,3,0
1341,[Maris] Standard,0,121,0,10,7600,30,3,0
1342,[Maris] Standard,0,121,0,601,8078,30,3,0
1343,[Maris] Standard,0,121,190,706,0,30,3,0
1344,[Maris] Standard,0,121,300,1102,0,30,3,0
1345,[Maris] Standard,0,121,310,1106,0,30,3,0
1346,[Maris] Standard,0,121,350,0,0,30,3,0
1347,[Maris] Standard,0,121,360,1304,0,30,3,0
1348,[Maris] Standard,0,121,800,0,8004,30,3,0
1349,[Maris] Standard,0,121,3060,800,7705,30,3,0
1350,[Maris] Standard,0,121,3100,220,0,30,3,0
1351,[Maris] Standard,0,121,3700,0,0,30,3,0
1352,[Maris] Standard,0,122,0,10,7600,30,3,0
1353,[Maris] Standard,0,122,0,601,8078,30,3,0
1354,[Maris] Standard,0,122,190,704,0,30,3,0
1355,[Maris] Standard,0,122,300,1101,0,30,3,0
1356,[Maris] Standard,0,122,310,1106,0,30,3,0
1357,[Maris] Standard,0,122,320,9000,0,30,3,0
1358,[Maris] Standard,0,122,350,0,0,30,3,0
1359,[Maris] Standard,0,122,360,1304,0,30,3,0
1360,[Maris] Standard,0,122,800,0,8007,30,3,0
1361,[Maris] Standard,0,122,3060,801,7725,30,3,0
1362,[Maris] Standard,0,122,3100,220,0,30,3,0
1363,[Maris] Standard,0,122,3700,0,0,30,3,0
1364,[Maris] Standard,0,123,0,10,7600,30,3,0
1365,[Maris] Standard,0,123,0,0,0,30,3,0
1366,[Maris] Standard,0,123,190,700,0,30,3,0
1367,[Maris] Standard,0,123,300,1102,0,30,3,0
1368,[Maris] Standard,0,123,310,1106,0,30,3,0
1369,[Maris] Standard,0,123,350,0,0,30,3,0
1370,[Maris] Standard,0,123,360,1304,0,30,3,0
1371,[Maris] Standard,0,123,800,0,8010,30,3,0
1372,[Maris] Standard,0,123,3700,0,0,30,3,0
1373,[Maris] Standard,0,124,0,10,7600,30,3,0
1374,[Maris] Standard,0,124,0,0,0,30,3,0
1375,[Maris] Standard,0,124,190,707,0,30,3,0
1376,[Maris] Standard,0,124,300,1101,0,30,3,0
1377,[Maris] Standard,0,124,310,1105,0,30,3,0
1378,[Maris] Standard,0,124,320,9000,0,30,3,0
1379,[Maris] Standard,0,124,350,0,0,30,3,0
1380,[Maris] Standard,0,124,360,1304,0,30,3,0
1381,[Maris] Standard,0,124,800,0,8000,30,3,0
1382,[Maris] Standard,0,124,3700,0,0,30,3,0
1383,[Maris] Standard,0,125,0,10,7600,30,3,0
1384,[Maris] Standard,0,125,0,0,0,30,3,0
1385,[Maris] Standard,0,125,190,700,0,30,3,0
1386,[Maris] Standard,0,125,300,1101,0,30,3,0
1387,[Maris] Standard,0,125,310,1105,0,30,3,0
1388,[Maris] Standard,0,125,320,9000,0,30,3,0
1389,[Maris] Standard,0,125,350,0,0,30,3,0
1390,[Maris] Standard,0,125,360,1304,0,30,3,0
1391,[Maris] Standard,0,125,800,0,8010,30,3,0
1392,[Maris] Standard,0,125,3700,1100,0,30,3,0
1393,[Maris] Standard,0,126,0,10,7600,30,3,0
1394,[Maris] Standard,0,126,0,0,0,30,3,0
1395,[Maris] Standard,0,126,190,704,0,30,3,0
1396,[Maris] Standard,0,126,300,1102,0,30,3,0
1397,[Maris] Standard,0,126,310,1105,0,30,3,0
1398,[Maris] Standard,0,126,350,0,0,30,3,0
1399,[Maris] Standard,0,126,360,1304,0,30,3,0
1400,[Maris] Standard,0,126,800,0,8005,30,3,0
1401,[Maris] Standard,0,126,3700,0,0,30,3,0
1402,[Maris] Standard,0,127,0,10,7600,30,3,0
1403,[Maris] Standard,0,127,0,0,0,30,3,0
1404,[Maris] Standard,0,127,190,703,0,30,3,0
1405,[Maris] Standard,0,127,300,1102,0,30,3,0
1406,[Maris] Standard,0,127,310,1105,0,30,3,0
1407,[Maris] Standard,0,127,350,0,0,30,3,0
1408,[Maris] Standard,0,127,360,1304,0,30,3,0
1409,[Maris] Standard,0,127,800,0,8007,30,3,0
1410,[Maris] Standard,0,127,3700,0,0,30,3,0
1411,[Maris] Standard,0,128,0,10,7600,30,3,0
1412,[Maris] Standard,0,128,0,210,0,30,3,0
1413,[Maris] Standard,0,128,190,701,0,30,3,0
1414,[Maris] Standard,0,128,300,1102,0,30,3,0
1415,[Maris] Standard,0,128,310,1105,0,30,3,0
1416,[Maris] Standard,0,128,350,0,0,30,3,0
1417,[Maris] Standard,0,128,360,1304,0,30,3,0
1418,[Maris] Standard,0,128,800,0,8000,30,3,0
1419,[Maris] Standard,0,128,3020,801,7722,30,3,0
1420,[Maris] Standard,0,128,3700,0,0,30,3,0
1421,[Maris] Standard,0,129,0,10,7600,30,3,0
1422,[Maris] Standard,0,129,0,0,0,30,3,0
1423,[Maris] Standard,0,129,190,702,0,30,3,0
1424,[Maris] Standard,0,129,300,1102,0,30,3,0
1425,[Maris] Standard,0,129,310,1105,0,30,3,0
1426,[Maris] Standard,0,129,350,0,0,30,3,0
1427,[Maris] Standard,0,129,360,1304,0,30,3,0
1428,[Maris] Standard,0,129,800,0,8009,30,3,0
1429,[Maris] Standard,0,129,3700,0,0,30,3,0
1430,[Maris] Standard,0,130,0,10,7600,30,3,0
1431,[Maris] Standard,0,130,0,0,0,30,3,0
1432,[Maris] Standard,0,130,190,705,0,30,3,0
1433,[Maris] Standard,0,130,300,1102,0,30,3,0
1434,[Maris] Standard,0,130,310,1105,0,30,3,0
1435,[Maris] Standard,0,130,350,1104,0,30,3,0
1436,[Maris] Standard,0,130,360,1303,0,30,3,0
1437,[Maris] Standard,0,130,800,0,8005,30,3,0
1438,[Maris] Standard,0,130,3700,0,0,30,3,0
1439,[Maris] Standard,0,131,0,10,7600,30,3,0
1440,[Maris] Standard,0,131,0,0,0,30,3,0
1441,[Maris] Standard,0,131,190,708,0,30,3,0
1442,[Maris] Standard,0,131,300,1102,0,30,3,0
1443,[Maris] Standard,0,131,310,1106,0,30,3,0
1444,[Maris] Standard,0,131,350,0,0,30,3,0
1445,[Maris] Standard,0,131,360,1304,0,30,3,0
1446,[Maris] Standard,0,131,800,0,8008,30,3,0
1447,[Maris] Standard,0,131,3700,1100,0,30,3,0
1448,[Maris] Standard,0,132,0,10,7600,30,3,0
1449,[Maris] Standard,0,132,0,0,0,30,3,0
1450,[Maris] Standard,0,132,190,702,0,30,3,0
1451,[Maris] Standard,0,132,300,1102,0,30,3,0
1452,[Maris] Standard,0,132,310,1105,0,30,3,0
1453,[Maris] Standard,0,132,350,1104,0,30,3,0
1454,[Maris] Standard,0,132,360,1303,0,30,3,0
1455,[Maris] Standard,0,132,800,0,8009,30,3,0
1456,[Maris] Standard,0,132,3700,0,0,30,3,0
1457,[Maris] Standard,0,133,0,10,7600,30,3,0
1458,[Maris] Standard,0,133,0,0,0,30,3,0
1459,[Maris] Standard,0,133,190,706,0,30,3,0
1460,[Maris] Standard,0,133,300,1101,0,30,3,0
1461,[Maris] Standard,0,133,310,1105,0,30,3,0
1462,[Maris] Standard,0,133,320,9000,0,30,3,0
1463,[Maris] Standard,0,133,350,0,0,30,3,0
1464,[Maris] Standard,0,133,360,1304,0,30,3,0
1465,[Maris] Standard,0,133,800,0,8003,30,3,0
1466,[Maris] Standard,0,133,3700,0,0,30,3,0
1467,[Maris] Standard,0,134,0,10,7600,30,3,0
1468,[Maris] Standard,0,134,0,210,0,30,3,0
1469,[Maris] Standard,0,134,190,700,0,30,3,0
1470,[Maris] Standard,0,134,300,1102,0,30,3,0
1471,[Maris] Standard,0,134,310,1105,0,30,3,0
1472,[Maris] Standard,0,134,350,0,0,30,3,0
1473,[Maris] Standard,0,134,360,1304,0,30,3,0
1474,[Maris] Standard,0,134,800,0,8010,30,3,0
1475,[Maris] Standard,0,134,3020,801,7722,30,3,0
1476,[Maris] Standard,0,134,3700,0,0,30,3,0
1477,[Maris] Standard,0,135,0,10,7600,30,3,0
1478,[Maris] Standard,0,135,0,180,0,30,3,0
1479,[Maris] Standard,0,135,190,702,0,30,3,0
1480,[Maris] Standard,0,135,300,1101,0,30,3,0
1481,[Maris] Standard,0,135,310,1105,0,30,3,0
1482,[Maris] Standard,0,135,320,9000,0,30,3,0
1483,[Maris] Standard,0,135,350,0,0,30,3,0
1484,[Maris] Standard,0,135,360,1304,0,30,3,0
1485,[Maris] Standard,0,135,800,0,8003,30,3,0
1486,[Maris] Standard,0,135,3030,800,7704,30,3,0
1487,[Maris] Standard,0,135,3600,1150,0,30,3,0
1488,[Maris] Standard,0,135,3700,0,0,30,3,0
1489,[Maris] Standard,0,136,0,10,7600,30,3,0
1490,[Maris] Standard,0,136,0,601,8078,30,3,0
1491,[Maris] Standard,0,136,190,706,0,30,3,0
1492,[Maris] Standard,0,136,300,1102,0,30,3,0
1493,[Maris] Standard,0,136,310,1105,0,30,3,0
1494,[Maris] Standard,0,136,350,1104,0,30,3,0
1495,[Maris] Standard,0,136,360,1304,0,30,3,0
1496,[Maris] Standard,0,136,800,0,8000,30,3,0
1497,[Maris] Standard,0,136,3060,800,7705,30,3,0
1498,[Maris] Standard,0,136,3100,220,0,30,3,0
1499,[Maris] Standard,0,136,3700,0,0,30,3,0
1500,[Maris] Standard,0,137,0,10,7600,30,3,0
1501,[Maris] Standard,0,137,0,180,0,30,3,0
1502,[Maris] Standard,0,137,190,708,0,30,3,0
1503,[Maris] Standard,0,137,300,1102,0,30,3,0
1504,[Maris] Standard,0,137,310,1105,0,30,3,0
1505,[Maris] Standard,0,137,350,0,0,30,3,0
1506,[Maris] Standard,0,137,360,1304,0,30,3,0
1507,[Maris] Standard,0,137,800,0,8002,30,3,0
1508,[Maris] Standard,0,137,3030,801,7724,30,3,0
1509,[Maris] Standard,0,137,3600,1150,0,30,3,0
1510,[Maris] Standard,0,137,3700,0,0,30,3,0
1511,[Maris] Standard,0,138,0,10,7600,30,3,0
1512,[Maris] Standard,0,138,0,0,0,30,3,0
1513,[Maris] Standard,0,138,190,700,0,30,3,0
1514,[Maris] Standard,0,138,300,1102,0,30,3,0
1515,[Maris] Standard,0,138,310,1105,0,30,3,0
1516,[Maris] Standard,0,138,350,1104,0,30,3,0
1517,[Maris] Standard,0,138,360,1304,0,30,3,0
1518,[Maris] Standard,0,138,800,0,8001,30,3,0
1519,[Maris] Standard,0,138,3700,0,0,30,3,0
1520,[Maris] Standard,0,139,0,10,7600,30,3,0
1521,[Maris] Standard,0,139,0,601,8078,30,3,0
1522,[Maris] Standard,0,139,190,707,0,30,3,0
1523,[Maris] Standard,0,139,300,1101,0,30,3,0
1524,[Maris] Standard,0,139,310,1105,0,30,3,0
1525,[Maris] Standard,0,139,320,9000,0,30,3,0
1526,[Maris] Standard,0,139,350,1104,0,30,3,0
1527,[Maris] Standard,0,139,360,1304,0,30,3,0
1528,[Maris] Standard,0,139,800,0,8001,30,3,0
1529,[Maris] Standard,0,139,3060,801,7725,30,3,0
1530,[Maris] Standard,0,139,3100,220,0,30,3,0
1531,[Maris] Standard,0,139,3700,1100,0,30,3,0
1532,[Maris] Mountaintops,0,140,0,11,7601,31,3,1
1533,[Maris] Mountaintops,0,140,0,180,0,31,3,1
1534,[Maris] Mountaintops,0,140,150,9002,0,31,3,1
1535,[Maris] Mountaintops,0,140,190,700,0,31,3,1
1536,[Maris] Mountaintops,0,140,300,1101,0,31,3,1
1537,[Maris] Mountaintops,0,140,310,1105,0,31,3,1
1538,[Maris] Mountaintops,0,140,320,9001,0,31,3,1
1539,[Maris] Mountaintops,0,140,350,0,0,31,3,1
1540,[Maris] Mountaintops,0,140,360,1301,0,31,3,1
1541,[Maris] Mountaintops,0,140,800,0,8008,31,3,1
1542,[Maris] Mountaintops,0,140,3030,800,7704,31,3,1
1543,[Maris] Mountaintops,0,140,3600,1151,0,31,3,1
1544,[Maris] Mountaintops,0,140,3700,1100,0,31,3,1
1545,[Maris] Mountaintops,0,141,0,11,7601,31,3,1
1546,[Maris] Mountaintops,0,141,0,0,0,31,3,1
1547,[Maris] Mountaintops,0,141,150,9002,0,31,3,1
1548,[Maris] Mountaintops,0,141,190,704,0,31,3,1
1549,[Maris] Mountaintops,0,141,300,1101,0,31,3,1
1550,[Maris] Mountaintops,0,141,310,1105,0,31,3,1
1551,[Maris] Mountaintops,0,141,320,9001,0,31,3,1
1552,[Maris] Mountaintops,0,141,350,1104,0,31,3,1
1553,[Maris] Mountaintops,0,141,360,1300,0,31,3,1
1554,[Maris] Mountaintops,0,141,800,0,8000,31,3,1
1555,[Maris] Mountaintops,0,141,3700,0,0,31,3,1
1556,[Maris] Mountaintops,0,142,0,11,7601,31,3,1
1557,[Maris] Mountaintops,0,142,0,0,0,31,3,1
1558,[Maris] Mountaintops,0,142,150,9002,0,31,3,1
1559,[Maris] Mountaintops,0,142,190,700,0,31,3,1
1560,[Maris] Mountaintops,0,142,300,1101,0,31,3,1
1561,[Maris] Mountaintops,0,142,310,1105,0,31,3,1
1562,[Maris] Mountaintops,0,142,320,9001,0,31,3,1
1563,[Maris] Mountaintops,0,142,350,0,0,31,3,1
1564,[Maris] Mountaintops,0,142,360,1301,0,31,3,1
1565,[Maris] Mountaintops,0,142,800,0,8011,31,3,1
1566,[Maris] Mountaintops,0,142,3700,0,0,31,3,1
1567,[Maris] Mountaintops,0,143,0,11,7601,31,3,1
1568,[Maris] Mountaintops,0,143,0,601,8078,31,3,1
1569,[Maris] Mountaintops,0,143,150,9002,0,31,3,1
1570,[Maris] Mountaintops,0,143,190,704,0,31,3,1
1571,[Maris] Mountaintops,0,143,300,1101,0,31,3,1
1572,[Maris] Mountaintops,0,143,310,1105,0,31,3,1
1573,[Maris] Mountaintops,0,143,320,9001,0,31,3,1
1574,[Maris] Mountaintops,0,143,350,0,0,31,3,1
1575,[Maris] Mountaintops,0,143,360,1301,0,31,3,1
1576,[Maris] Mountaintops,0,143,800,0,8004,31,3,1
1577,[Maris] Mountaintops,0,143,3060,801,7725,31,3,1
1578,[Maris] Mountaintops,0,143,3100,220,0,31,3,1
1579,[Maris] Mountaintops,0,143,3700,0,0,31,3,1
1580,[Maris] Mountaintops,0,144,0,11,7601,31,3,1
1581,[Maris] Mountaintops,0,144,0,0,0,31,3,1
1582,[Maris] Mountaintops,0,144,150,9002,0,31,3,1
1583,[Maris] Mountaintops,0,144,190,707,0,31,3,1
1584,[Maris] Mountaintops,0,144,300,1102,0,31,3,1
1585,[Maris] Mountaintops,0,144,310,1105,0,31,3,1
1586,[Maris] Mountaintops,0,144,350,0,0,31,3,1
1587,[Maris] Mountaintops,0,144,360,1301,0,31,3,1
1588,[Maris] Mountaintops,0,144,800,0,8009,31,3,1
1589,[Maris] Mountaintops,0,144,3700,0,0,31,3,1
1590,[Maris] The Crater,0,145,0,12,7602,32,3,2
1591,[Maris] The Crater,0,145,0,0,0,32,3,2
1592,[Maris] The Crater,0,145,150,9002,0,32,3,2
1593,[Maris] The Crater,0,145,190,702,0,32,3,2
1594,[Maris] The Crater,0,145,300,1102,0,32,3,2
1595,[Maris] The Crater,0,145,310,1105,0,32,3,2
1596,[Maris] The Crater,0,145,350,0,0,32,3,2
1597,[Maris] The Crater,0,145,360,1301,0,32,3,2
1598,[Maris] The Crater,0,145,800,0,8011,32,3,2
1599,[Maris] The Crater,0,145,3700,1100,0,32,3,2
1600,[Maris] The Crater,0,146,0,12,7602,32,3,2
1601,[Maris] The Crater,0,146,0,0,0,32,3,2
1602,[Maris] The Crater,0,146,150,9002,0,32,3,2
1603,[Maris] The Crater,0,146,190,704,0,32,3,2
1604,[Maris] The Crater,0,146,300,1101,0,32,3,2
1605,[Maris] The Crater,0,146,310,1105,0,32,3,2
1606,[Maris] The Crater,0,146,320,9001,0,32,3,2
1607,[Maris] The Crater,0,146,350,0,0,32,3,2
1608,[Maris] The Crater,0,146,360,1301,0,32,3,2
1609,[Maris] The Crater,0,146,800,0,8001,32,3,2
1610,[Maris] The Crater,0,146,3700,0,0,32,3,2
1611,[Maris] The Crater,0,147,0,12,7602,32,3,2
1612,[Maris] The Crater,0,147,0,210,0,32,3,2
1613,[Maris] The Crater,0,147,150,9002,0,32,3,2
1614,[Maris] The Crater,0,147,190,705,0,32,3,2
1615,[Maris] The Crater,0,147,300,1101,0,32,3,2
1616,[Maris] The Crater,0,147,310,1105,0,32,3,2
1617,[Maris] The Crater,0,147,320,9001,0,32,3,2
1618,[Maris] The Crater,0,147,350,0,0,32,3,2
1619,[Maris] The Crater,0,147,360,1301,0,32,3,2
1620,[Maris] The Crater,0,147,800,0,8008,32,3,2
1621,[Maris] The Crater,0,147,3020,800,7702,32,3,2
1622,[Maris] The Crater,0,147,3700,0,0,32,3,2
1623,[Maris] The Crater,0,148,0,12,7602,32,3,2
1624,[Maris] The Crater,0,148,0,601,8078,32,3,2
1625,[Maris] The Crater,0,148,150,9002,0,32,3,2
1626,[Maris] The Crater,0,148,190,708,0,32,3,2
1627,[Maris] The Crater,0,148,300,1102,0,32,3,2
1628,[Maris] The Crater,0,148,310,1105,0,32,3,2
1629,[Maris] The Crater,0,148,350,0,0,32,3,2
1630,[Maris] The Crater,0,148,360,1301,0,32,3,2
1631,[Maris] The Crater,0,148,800,0,8011,32,3,2
1632,[Maris] The Crater,0,148,3060,800,7705,32,3,2
1633,[Maris] The Crater,0,148,3100,220,0,32,3,2
1634,[Maris] The Crater,0,148,3700,0,0,32,3,2
1635,[Maris] The Crater,0,149,0,12,7602,32,3,2
1636,[Maris] The Crater,0,149,0,0,0,32,3,2
1637,[Maris] The Crater,0,149,150,9002,0,32,3,2
1638,[Maris] The Crater,0,149,190,705,0,32,3,2
1639,[Maris] The Crater,0,149,300,1102,0,32,3,2
1640,[Maris] The Crater,0,149,310,1105,0,32,3,2
1641,[Maris] The Crater,0,149,350,0,0,32,3,2
1642,[Maris] The Crater,0,149,360,1301,0,32,3,2
1643,[Maris] The Crater,0,149,800,0,8009,32,3,2
1644,[Maris] The Crater,0,149,3700,0,0,32,3,2
1645,[Maris] Rotted Woods,0,150,0,13,7603,33,3,3
1646,[Maris] Rotted Woods,0,150,0,601,8078,33,3,3
1647,[Maris] Rotted Woods,0,150,150,9002,0,33,3,3
1648,[Maris] Rotted Woods,0,150,190,700,0,33,3,3
1649,[Maris] Rotted Woods,0,150,300,1101,0,33,3,3
1650,[Maris] Rotted Woods,0,150,310,1106,0,33,3,3
1651,[Maris] Rotted Woods,0,150,320,9001,0,33,3,3
1652,[Maris] Rotted Woods,0,150,350,0,0,33,3,3
1653,[Maris] Rotted Woods,0,150,360,1303,0,33,3,3
1654,[Maris] Rotted Woods,0,150,500,0,1046300590,33,3,3
1655,[Maris] Rotted Woods,0,150,800,0,8004,33,3,3
1656,[Maris] Rotted Woods,0,150,3060,801,7725,33,3,3
1657,[Maris] Rotted Woods,0,150,3100,220,0,33,3,3
1658,[Maris] Rotted Woods,0,150,3700,0,0,33,3,3
1659,[Maris] Rotted Woods,0,151,0,13,7603,33,3,3
1660,[Maris] Rotted Woods,0,151,0,0,0,33,3,3
1661,[Maris] Rotted Woods,0,151,150,9002,0,33,3,3
1662,[Maris] Rotted Woods,0,151,190,702,0,33,3,3
1663,[Maris] Rotted Woods,0,151,300,1101,0,33,3,3
1664,[Maris] Rotted Woods,0,151,310,1105,0,33,3,3
1665,[Maris] Rotted Woods,0,151,320,9001,0,33,3,3
1666,[Maris] Rotted Woods,0,151,350,0,0,33,3,3
1667,[Maris] Rotted Woods,0,151,360,1303,0,33,3,3
1668,[Maris] Rotted Woods,0,151,500,0,1047300590,33,3,3
1669,[Maris] Rotted Woods,0,151,800,0,8002,33,3,3
1670,[Maris] Rotted Woods,0,151,3700,0,0,33,3,3
1671,[Maris] Rotted Woods,0,152,0,13,7603,33,3,3
1672,[Maris] Rotted Woods,0,152,0,210,0,33,3,3
1673,[Maris] Rotted Woods,0,152,150,9002,0,33,3,3
1674,[Maris] Rotted Woods,0,152,190,700,0,33,3,3
1675,[Maris] Rotted Woods,0,152,300,1101,0,33,3,3
1676,[Maris] Rotted Woods,0,152,310,1105,0,33,3,3
1677,[Maris] Rotted Woods,0,152,320,9001,0,33,3,3
1678,[Maris] Rotted Woods,0,152,350,0,0,33,3,3
1679,[Maris] Rotted Woods,0,152,360,1303,0,33,3,3
1680,[Maris] Rotted Woods,0,152,500,0,1057300590,33,3,3
1681,[Maris] Rotted Woods,0,152,800,0,8000,33,3,3
1682,[Maris] Rotted Woods,0,152,3020,801,7722,33,3,3
1683,[Maris] Rotted Woods,0,152,3700,1100,0,33,3,3
1684,[Maris] Rotted Woods,0,153,0,13,7603,33,3,3
1685,[Maris] Rotted Woods,0,153,0,0,0,33,3,3
1686,[Maris] Rotted Woods,0,153,150,9002,0,33,3,3
1687,[Maris] Rotted Woods,0,153,190,708,0,33,3,3
1688,[Maris] Rotted Woods,0,153,300,1101,0,33,3,3
1689,[Maris] Rotted Woods,0,153,310,1106,0,33,3,3
1690,[Maris] Rotted Woods,0,153,320,9001,0,33,3,3
1691,[Maris] Rotted Woods,0,153,350,0,0,33,3,3
1692,[Maris] Rotted Woods,0,153,360,1303,0,33,3,3
1693,[Maris] Rotted Woods,0,153,500,0,1057300590,33,3,3
1694,[Maris] Rotted Woods,0,153,800,0,8006,33,3,3
1695,[Maris] Rotted Woods,0,153,3700,0,0,33,3,3
1696,[Maris] Rotted Woods,0,154,0,13,7603,33,3,3
1697,[Maris] Rotted Woods,0,154,0,0,0,33,3,3
1698,[Maris] Rotted Woods,0,154,150,9002,0,33,3,3
1699,[Maris] Rotted Woods,0,154,190,701,0,33,3,3
1700,[Maris] Rotted Woods,0,154,300,1101,0,33,3,3
1701,[Maris] Rotted Woods,0,154,310,1105,0,33,3,3
1702,[Maris] Rotted Woods,0,154,320,9001,0,33,3,3
1703,[Maris] Rotted Woods,0,154,350,0,0,33,3,3
1704,[Maris] Rotted Woods,0,154,360,1303,0,33,3,3
1705,[Maris] Rotted Woods,0,154,500,0,1046300590,33,3,3
1706,[Maris] Rotted Woods,0,154,800,0,8009,33,3,3
1707,[Maris] Rotted Woods,0,154,3700,1100,0,33,3,3
1708,[Maris] Shrouded City,0,155,0,15,7605,35,3,5
1709,[Maris] Shrouded City,0,155,0,0,0,35,3,5
1710,[Maris] Shrouded City,0,155,150,9002,0,35,3,5
1711,[Maris] Shrouded City,0,155,190,702,0,35,3,5
1712,[Maris] Shrouded City,0,155,300,1102,0,35,3,5
1713,[Maris] Shrouded City,0,155,310,1105,0,35,3,5
1714,[Maris] Shrouded City,0,155,350,0,0,35,3,5
1715,[Maris] Shrouded City,0,155,360,1303,0,35,3,5
1716,[Maris] Shrouded City,0,155,800,0,8010,35,3,5
1717,[Maris] Shrouded City,0,155,3700,0,0,35,3,5
1718,[Maris] Shrouded City,0,156,0,15,7605,35,3,5
1719,[Maris] Shrouded City,0,156,0,180,0,35,3,5
1720,[Maris] Shrouded City,0,156,150,9002,0,35,3,5
1721,[Maris] Shrouded City,0,156,190,703,0,35,3,5
1722,[Maris] Shrouded City,0,156,300,1102,0,35,3,5
1723,[Maris] Shrouded City,0,156,310,1105,0,35,3,5
1724,[Maris] Shrouded City,0,156,350,0,0,35,3,5
1725,[Maris] Shrouded City,0,156,360,1303,0,35,3,5
1726,[Maris] Shrouded City,0,156,800,0,8007,35,3,5
1727,[Maris] Shrouded City,0,156,3030,801,7724,35,3,5
1728,[Maris] Shrouded City,0,156,3600,1154,0,35,3,5
1729,[Maris] Shrouded City,0,156,3700,0,0,35,3,5
1730,[Maris] Shrouded City,0,157,0,15,7605,35,3,5
1731,[Maris] Shrouded City,0,157,0,0,0,35,3,5
1732,[Maris] Shrouded City,0,157,150,9002,0,35,3,5
1733,[Maris] Shrouded City,0,157,190,704,0,35,3,5
1734,[Maris] Shrouded City,0,157,300,1101,0,35,3,5
1735,[Maris] Shrouded City,0,157,310,1105,0,35,3,5
1736,[Maris] Shrouded City,0,157,320,9001,0,35,3,5
1737,[Maris] Shrouded City,0,157,350,0,0,35,3,5
1738,[Maris] Shrouded City,0,157,360,1303,0,35,3,5
1739,[Maris] Shrouded City,0,157,800,0,8005,35,3,5
1740,[Maris] Shrouded City,0,157,3700,1100,0,35,3,5
1741,[Maris] Shrouded City,0,158,0,15,7605,35,3,5
1742,[Maris] Shrouded City,0,158,0,601,8078,35,3,5
1743,[Maris] Shrouded City,0,158,150,9002,0,35,3,5
1744,[Maris] Shrouded City,0,158,190,706,0,35,3,5
1745,[Maris] Shrouded City,0,158,300,1102,0,35,3,5
1746,[Maris] Shrouded City,0,158,310,1106,0,35,3,5
1747,[Maris] Shrouded City,0,158,350,0,0,35,3,5
1748,[Maris] Shrouded City,0,158,360,1303,0,35,3,5
1749,[Maris] Shrouded City,0,158,800,0,8003,35,3,5
1750,[Maris] Shrouded City,0,158,3060,800,7705,35,3,5
1751,[Maris] Shrouded City,0,158,3100,220,0,35,3,5
1752,[Maris] Shrouded City,0,158,3700,1100,0,35,3,5
1753,[Maris] Shrouded City,0,159,0,15,7605,35,3,5
1754,[Maris] Shrouded City,0,159,0,0,0,35,3,5
1755,[Maris] Shrouded City,0,159,150,9002,0,35,3,5
1756,[Maris] Shrouded City,0,159,190,702,0,35,3,5
1757,[Maris] Shrouded City,0,159,300,1101,0,35,3,5
1758,[Maris] Shrouded City,0,159,310,1105,0,35,3,5
1759,[Maris] Shrouded City,0,159,320,9001,0,35,3,5
1760,[Maris] Shrouded City,0,159,350,1104,0,35,3,5
1761,[Maris] Shrouded City,0,159,360,1302,0,35,3,5
1762,[Maris] Shrouded City,0,159,800,0,8003,35,3,5
1763,[Maris] Shrouded City,0,159,3700,0,0,35,3,5
1764,[Libra] Standard,0,160,0,10,7600,40,4,0
1765,[Libra] Standard,0,160,0,230,0,40,4,0
1766,[Libra] Standard,0,160,190,701,0,40,4,0
1767,[Libra] Standard,0,160,300,1102,0,40,4,0
1768,[Libra] Standard,0,160,310,1105,0,40,4,0
1769,[Libra] Standard,0,160,350,0,0,40,4,0
1770,[Libra] Standard,0,160,360,1304,0,40,4,0
1771,[Libra] Standard,0,160,800,0,8003,40,4,0
1772,[Libra] Standard,0,160,3090,800,7706,40,4,0
1773,[Libra] Standard,0,160,3700,0,0,40,4,0
1774,[Libra] Standard,0,161,0,10,7600,40,4,0
1775,[Libra] Standard,0,161,0,601,8078,40,4,0
1776,[Libra] Standard,0,161,190,701,0,40,4,0
1777,[Libra] Standard,0,161,300,1101,0,40,4,0
1778,[Libra] Standard,0,161,310,1105,0,40,4,0
1779,[Libra] Standard,0,161,320,9000,0,40,4,0
1780,[Libra] Standard,0,161,350,0,0,40,4,0
1781,[Libra] Standard,0,161,360,1304,0,40,4,0
1782,[Libra] Standard,0,161,800,0,8011,40,4,0
1783,[Libra] Standard,0,161,3060,801,7725,40,4,0
1784,[Libra] Standard,0,161,3100,220,0,40,4,0
1785,[Libra] Standard,0,161,3700,0,0,40,4,0
1786,[Libra] Standard,0,162,0,10,7600,40,4,0
1787,[Libra] Standard,0,162,0,0,0,40,4,0
1788,[Libra] Standard,0,162,190,700,0,40,4,0
1789,[Libra] Standard,0,162,300,1102,0,40,4,0
1790,[Libra] Standard,0,162,310,1105,0,40,4,0
1791,[Libra] Standard,0,162,350,0,0,40,4,0
1792,[Libra] Standard,0,162,360,1304,0,40,4,0
1793,[Libra] Standard,0,162,800,0,8007,40,4,0
1794,[Libra] Standard,0,162,3700,0,0,40,4,0
1795,[Libra] Standard,0,163,0,10,7600,40,4,0
1796,[Libra] Standard,0,163,0,0,0,40,4,0
1797,[Libra] Standard,0,163,190,704,0,40,4,0
1798,[Libra] Standard,0,163,300,1102,0,40,4,0
1799,[Libra] Standard,0,163,310,1105,0,40,4,0
1800,[Libra] Standard,0,163,350,0,0,40,4,0
1801,[Libra] Standard,0,163,360,1304,0,40,4,0
1802,[Libra] Standard,0,163,800,0,8008,40,4,0
1803,[Libra] Standard,0,163,3700,0,0,40,4,0
1804,[Libra] Standard,0,164,0,10,7600,40,4,0
1805,[Libra] Standard,0,164,0,0,0,40,4,0
1806,[Libra] Standard,0,164,190,701,0,40,4,0
1807,[Libra] Standard,0,164,300,1101,0,40,4,0
1808,[Libra] Standard,0,164,310,1105,0,40,4,0
1809,[Libra] Standard,0,164,320,9000,0,40,4,0
1810,[Libra] Standard,0,164,350,1104,0,40,4,0
1811,[Libra] Standard,0,164,360,1303,0,40,4,0
1812,[Libra] Standard,0,164,800,0,8002,40,4,0
1813,[Libra] Standard,0,164,3700,0,0,40,4,0
1814,[Libra] Standard,0,165,0,10,7600,40,4,0
1815,[Libra] Standard,0,165,0,0,0,40,4,0
1816,[Libra] Standard,0,165,190,705,0,40,4,0
1817,[Libra] Standard,0,165,300,1101,0,40,4,0
1818,[Libra] Standard,0,165,310,1105,0,40,4,0
1819,[Libra] Standard,0,165,320,9000,0,40,4,0
1820,[Libra] Standard,0,165,350,0,0,40,4,0
1821,[Libra] Standard,0,165,360,1304,0,40,4,0
1822,[Libra] Standard,0,165,800,0,8003,40,4,0
1823,[Libra] Standard,0,165,3700,0,0,40,4,0
1824,[Libra] Standard,0,166,0,10,7600,40,4,0
1825,[Libra] Standard,0,166,0,0,0,40,4,0
1826,[Libra] Standard,0,166,190,702,0,40,4,0
1827,[Libra] Standard,0,166,300,1102,0,40,4,0
1828,[Libra] Standard,0,166,310,1106,0,40,4,0
1829,[Libra] Standard,0,166,350,0,0,40,4,0
1830,[Libra] Standard,0,166,360,1304,0,40,4,0
1831,[Libra] Standard,0,166,800,0,8010,40,4,0
1832,[Libra] Standard,0,166,3700,0,0,40,4,0
1833,[Libra] Standard,0,167,0,10,7600,40,4,0
1834,[Libra] Standard,0,167,0,0,0,40,4,0
1835,[Libra] Standard,0,167,190,707,0,40,4,0
1836,[Libra] Standard,0,167,300,1102,0,40,4,0
1837,[Libra] Standard,0,167,310,1105,0,40,4,0
1838,[Libra] Standard,0,167,350,0,0,40,4,0
1839,[Libra] Standard,0,167,360,1304,0,40,4,0
1840,[Libra] Standard,0,167,800,0,8011,40,4,0
1841,[Libra] Standard,0,167,3700,0,0,40,4,0
1842,[Libra] Standard,0,168,0,10,7600,40,4,0
1843,[Libra] Standard,0,168,0,601,8078,40,4,0
1844,[Libra] Standard,0,168,190,700,0,40,4,0
1845,[Libra] Standard,0,168,300,1101,0,40,4,0
1846,[Libra] Standard,0,168,310,1105,0,40,4,0
1847,[Libra] Standard,0,168,320,9000,0,40,4,0
1848,[Libra] Standard,0,168,350,0,0,40,4,0
1849,[Libra] Standard,0,168,360,1304,0,40,4,0
1850,[Libra] Standard,0,168,800,0,8011,40,4,0
1851,[Libra] Standard,0,168,3060,800,7705,40,4,0
1852,[Libra] Standard,0,168,3100,220,0,40,4,0
1853,[Libra] Standard,0,168,3700,0,0,40,4,0
1854,[Libra] Standard,0,169,0,10,7600,40,4,0
1855,[Libra] Standard,0,169,0,0,0,40,4,0
1856,[Libra] Standard,0,169,190,703,0,40,4,0
1857,[Libra] Standard,0,169,300,1102,0,40,4,0
1858,[Libra] Standard,0,169,310,1105,0,40,4,0
1859,[Libra] Standard,0,169,350,0,0,40,4,0
1860,[Libra] Standard,0,169,360,1304,0,40,4,0
1861,[Libra] Standard,0,169,800,0,8009,40,4,0
1862,[Libra] Standard,0,169,3700,0,0,40,4,0
1863,[Libra] Standard,0,170,0,10,7600,40,4,0
1864,[Libra] Standard,0,170,0,0,0,40,4,0
1865,[Libra] Standard,0,170,190,706,0,40,4,0
1866,[Libra] Standard,0,170,300,1101,0,40,4,0
1867,[Libra] Standard,0,170,310,1105,0,40,4,0
1868,[Libra] Standard,0,170,320,9000,0,40,4,0
1869,[Libra] Standard,0,170,350,0,0,40,4,0
1870,[Libra] Standard,0,170,360,1304,0,40,4,0
1871,[Libra] Standard,0,170,800,0,8007,40,4,0
1872,[Libra] Standard,0,170,3700,0,0,40,4,0
1873,[Libra] Standard,0,171,0,10,7600,40,4,0
1874,[Libra] Standard,0,171,0,0,0,40,4,0
1875,[Libra] Standard,0,171,190,704,0,40,4,0
1876,[Libra] Standard,0,171,300,1101,0,40,4,0
1877,[Libra] Standard,0,171,310,1105,0,40,4,0
1878,[Libra] Standard,0,171,320,9000,0,40,4,0
1879,[Libra] Standard,0,171,350,1104,0,40,4,0
1880,[Libra] Standard,0,171,360,1303,0,40,4,0
1881,[Libra] Standard,0,171,800,0,8003,40,4,0
1882,[Libra] Standard,0,171,3700,0,0,40,4,0
1883,[Libra] Standard,0,172,0,10,7600,40,4,0
1884,[Libra] Standard,0,172,0,0,0,40,4,0
1885,[Libra] Standard,0,172,190,706,0,40,4,0
1886,[Libra] Standard,0,172,300,1101,0,40,4,0
1887,[Libra] Standard,0,172,310,1105,0,40,4,0
1888,[Libra] Standard,0,172,320,9000,0,40,4,0
1889,[Libra] Standard,0,172,350,1104,0,40,4,0
1890,[Libra] Standard,0,172,360,1303,0,40,4,0
1891,[Libra] Standard,0,172,800,0,8006,40,4,0
1892,[Libra] Standard,0,172,3700,0,0,40,4,0
1893,[Libra] Standard,0,173,0,10,7600,40,4,0
1894,[Libra] Standard,0,173,0,601,8078,40,4,0
1895,[Libra] Standard,0,173,190,705,0,40,4,0
1896,[Libra] Standard,0,173,300,1101,0,40,4,0
1897,[Libra] Standard,0,173,310,1106,0,40,4,0
1898,[Libra] Standard,0,173,320,9000,0,40,4,0
1899,[Libra] Standard,0,173,350,1104,0,40,4,0
1900,[Libra] Standard,0,173,360,1303,0,40,4,0
1901,[Libra] Standard,0,173,800,0,8011,40,4,0
1902,[Libra] Standard,0,173,3060,800,7705,40,4,0
1903,[Libra] Standard,0,173,3100,220,0,40,4,0
1904,[Libra] Standard,0,173,3700,0,0,40,4,0
1905,[Libra] Standard,0,174,0,10,7600,40,4,0
1906,[Libra] Standard,0,174,0,230,0,40,4,0
1907,[Libra] Standard,0,174,190,707,0,40,4,0
1908,[Libra] Standard,0,174,300,1101,0,40,4,0
1909,[Libra] Standard,0,174,310,1105,0,40,4,0
1910,[Libra] Standard,0,174,320,9000,0,40,4,0
1911,[Libra] Standard,0,174,350,1104,0,40,4,0
1912,[Libra] Standard,0,174,360,1303,0,40,4,0
1913,[Libra] Standard,0,174,800,0,8011,40,4,0
1914,[Libra] Standard,0,174,3090,800,7706,40,4,0
1915,[Libra] Standard,0,174,3700,0,0,40,4,0
1916,[Libra] Standard,0,175,0,10,7600,40,4,0
1917,[Libra] Standard,0,175,0,601,8078,40,4,0
1918,[Libra] Standard,0,175,190,705,0,40,4,0
1919,[Libra] Standard,0,175,300,1101,0,40,4,0
1920,[Libra] Standard,0,175,310,1105,0,40,4,0
1921,[Libra] Standard,0,175,320,9000,0,40,4,0
1922,[Libra] Standard,0,175,350,0,0,40,4,0
1923,[Libra] Standard,0,175,360,1304,0,40,4,0
1924,[Libra] Standard,0,175,800,0,8010,40,4,0
1925,[Libra] Standard,0,175,3060,801,7725,40,4,0
1926,[Libra] Standard,0,175,3100,220,0,40,4,0
1927,[Libra] Standard,0,175,3700,0,0,40,4,0
1928,[Libra] Standard,0,176,0,10,7600,40,4,0
1929,[Libra] Standard,0,176,0,0,0,40,4,0
1930,[Libra] Standard,0,176,190,708,0,40,4,0
1931,[Libra] Standard,0,176,300,1101,0,40,4,0
1932,[Libra] Standard,0,176,310,1105,0,40,4,0
1933,[Libra] Standard,0,176,320,9000,0,40,4,0
1934,[Libra] Standard,0,176,350,0,0,40,4,0
1935,[Libra] Standard,0,176,360,1304,0,40,4,0
1936,[Libra] Standard,0,176,800,0,8006,40,4,0
1937,[Libra] Standard,0,176,3700,0,0,40,4,0
1938,[Libra] Standard,0,177,0,10,7600,40,4,0
1939,[Libra] Standard,0,177,0,140,0,40,4,0
1940,[Libra] Standard,0,177,190,703,0,40,4,0
1941,[Libra] Standard,0,177,300,1102,0,40,4,0
1942,[Libra] Standard,0,177,310,1105,0,40,4,0
1943,[Libra] Standard,0,177,350,0,0,40,4,0
1944,[Libra] Standard,0,177,360,1304,0,40,4,0
1945,[Libra] Standard,0,177,800,0,8001,40,4,0
1946,[Libra] Standard,0,177,3080,801,7727,40,4,0
1947,[Libra] Standard,0,177,3500,0,1044360220,40,4,0
1948,[Libra] Standard,0,177,3700,0,0,40,4,0
1949,[Libra] Standard,0,178,0,10,7600,40,4,0
1950,[Libra] Standard,0,178,0,0,0,40,4,0
1951,[Libra] Standard,0,178,190,703,0,40,4,0
1952,[Libra] Standard,0,178,300,1102,0,40,4,0
1953,[Libra] Standard,0,178,310,1105,0,40,4,0
1954,[Libra] Standard,0,178,350,0,0,40,4,0
1955,[Libra] Standard,0,178,360,1304,0,40,4,0
1956,[Libra] Standard,0,178,800,0,8003,40,4,0
1957,[Libra] Standard,0,178,3700,0,0,40,4,0
1958,[Libra] Standard,0,179,0,10,7600,40,4,0
1959,[Libra] Standard,0,179,0,140,0,40,4,0
1960,[Libra] Standard,0,179,190,703,0,40,4,0
1961,[Libra] Standard,0,179,300,1101,0,40,4,0
1962,[Libra] Standard,0,179,310,1105,0,40,4,0
1963,[Libra] Standard,0,179,320,9000,0,40,4,0
1964,[Libra] Standard,0,179,350,0,0,40,4,0
1965,[Libra] Standard,0,179,360,1304,0,40,4,0
1966,[Libra] Standard,0,179,800,0,8001,40,4,0
1967,[Libra] Standard,0,179,3080,801,7727,40,4,0
1968,[Libra] Standard,0,179,3500,0,1044360220,40,4,0
1969,[Libra] Standard,0,179,3700,0,0,40,4,0
1970,[Libra] Mountaintops,0,180,0,11,7601,41,4,1
1971,[Libra] Mountaintops,0,180,0,140,0,41,4,1
1972,[Libra] Mountaintops,0,180,150,9002,0,41,4,1
1973,[Libra] Mountaintops,0,180,190,708,0,41,4,1
1974,[Libra] Mountaintops,0,180,300,1101,0,41,4,1
1975,[Libra] Mountaintops,0,180,310,1105,0,41,4,1
1976,[Libra] Mountaintops,0,180,320,9001,0,41,4,1
1977,[Libra] Mountaintops,0,180,350,0,0,41,4,1
1978,[Libra] Mountaintops,0,180,360,1301,0,41,4,1
1979,[Libra] Mountaintops,0,180,800,0,8010,41,4,1
1980,[Libra] Mountaintops,0,180,3080,800,7707,41,4,1
1981,[Libra] Mountaintops,0,180,3500,0,1044360220,41,4,1
1982,[Libra] Mountaintops,0,180,3700,0,0,41,4,1
1983,[Libra] Mountaintops,0,181,0,11,7601,41,4,1
1984,[Libra] Mountaintops,0,181,0,601,8078,41,4,1
1985,[Libra] Mountaintops,0,181,150,9002,0,41,4,1
1986,[Libra] Mountaintops,0,181,190,708,0,41,4,1
1987,[Libra] Mountaintops,0,181,300,1102,0,41,4,1
1988,[Libra] Mountaintops,0,181,310,1105,0,41,4,1
1989,[Libra] Mountaintops,0,181,350,0,0,41,4,1
1990,[Libra] Mountaintops,0,181,360,1301,0,41,4,1
1991,[Libra] Mountaintops,0,181,800,0,8008,41,4,1
1992,[Libra] Mountaintops,0,181,3060,800,7705,41,4,1
1993,[Libra] Mountaintops,0,181,3100,220,0,41,4,1
1994,[Libra] Mountaintops,0,181,3700,0,0,41,4,1
1995,[Libra] Mountaintops,0,182,0,11,7601,41,4,1
1996,[Libra] Mountaintops,0,182,0,0,0,41,4,1
1997,[Libra] Mountaintops,0,182,150,9002,0,41,4,1
1998,[Libra] Mountaintops,0,182,190,708,0,41,4,1
1999,[Libra] Mountaintops,0,182,300,1102,0,41,4,1
2000,[Libra] Mountaintops,0,182,310,1105,0,41,4,1
2001,[Libra] Mountaintops,0,182,350,0,0,41,4,1
2002,[Libra] Mountaintops,0,182,360,1301,0,41,4,1
2003,[Libra] Mountaintops,0,182,800,0,8003,41,4,1
2004,[Libra] Mountaintops,0,182,3700,0,0,41,4,1
2005,[Libra] Mountaintops,0,183,0,11,7601,41,4,1
2006,[Libra] Mountaintops,0,183,0,0,0,41,4,1
2007,[Libra] Mountaintops,0,183,150,9002,0,41,4,1
2008,[Libra] Mountaintops,0,183,190,707,0,41,4,1
2009,[Libra] Mountaintops,0,183,300,1101,0,41,4,1
2010,[Libra] Mountaintops,0,183,310,1105,0,41,4,1
2011,[Libra] Mountaintops,0,183,320,9001,0,41,4,1
2012,[Libra] Mountaintops,0,183,350,0,0,41,4,1
2013,[Libra] Mountaintops,0,183,360,1301,0,41,4,1
2014,[Libra] Mountaintops,0,183,800,0,8009,41,4,1
2015,[Libra] Mountaintops,0,183,3700,0,0,41,4,1
2016,[Libra] Mountaintops,0,184,0,11,7601,41,4,1
2017,[Libra] Mountaintops,0,184,0,0,0,41,4,1
2018,[Libra] Mountaintops,0,184,150,9002,0,41,4,1
2019,[Libra] Mountaintops,0,184,190,708,0,41,4,1
2020,[Libra] Mountaintops,0,184,300,1102,0,41,4,1
2021,[Libra] Mountaintops,0,184,310,1105,0,41,4,1
2022,[Libra] Mountaintops,0,184,350,0,0,41,4,1
2023,[Libra] Mountaintops,0,184,360,1301,0,41,4,1
2024,[Libra] Mountaintops,0,184,800,0,8008,41,4,1
2025,[Libra] Mountaintops,0,184,3700,0,0,41,4,1
2026,[Libra] The Crater,0,185,0,12,7602,42,4,2
2027,[Libra] The Crater,0,185,0,0,0,42,4,2
2028,[Libra] The Crater,0,185,150,9002,0,42,4,2
2029,[Libra] The Crater,0,185,190,707,0,42,4,2
2030,[Libra] The Crater,0,185,300,1101,0,42,4,2
2031,[Libra] The Crater,0,185,310,1105,0,42,4,2
2032,[Libra] The Crater,0,185,320,9001,0,42,4,2
2033,[Libra] The Crater,0,185,350,0,0,42,4,2
2034,[Libra] The Crater,0,185,360,1301,0,42,4,2
2035,[Libra] The Crater,0,185,800,0,8011,42,4,2
2036,[Libra] The Crater,0,185,3700,0,0,42,4,2
2037,[Libra] The Crater,0,186,0,12,7602,42,4,2
2038,[Libra] The Crater,0,186,0,0,0,42,4,2
2039,[Libra] The Crater,0,186,150,9002,0,42,4,2
2040,[Libra] The Crater,0,186,190,704,0,42,4,2
2041,[Libra] The Crater,0,186,300,1101,0,42,4,2
2042,[Libra] The Crater,0,186,310,1106,0,42,4,2
2043,[Libra] The Crater,0,186,320,9001,0,42,4,2
2044,[Libra] The Crater,0,186,350,0,0,42,4,2
2045,[Libra] The Crater,0,186,360,1301,0,42,4,2
2046,[Libra] The Crater,0,186,800,0,8008,42,4,2
2047,[Libra] The Crater,0,186,3700,0,0,42,4,2
2048,[Libra] The Crater,0,187,0,12,7602,42,4,2
2049,[Libra] The Crater,0,187,0,601,8078,42,4,2
2050,[Libra] The Crater,0,187,150,9002,0,42,4,2
2051,[Libra] The Crater,0,187,190,704,0,42,4,2
2052,[Libra] The Crater,0,187,300,1102,0,42,4,2
2053,[Libra] The Crater,0,187,310,1105,0,42,4,2
2054,[Libra] The Crater,0,187,350,0,0,42,4,2
2055,[Libra] The Crater,0,187,360,1301,0,42,4,2
2056,[Libra] The Crater,0,187,800,0,8008,42,4,2
2057,[Libra] The Crater,0,187,3060,801,7725,42,4,2
2058,[Libra] The Crater,0,187,3100,220,0,42,4,2
2059,[Libra] The Crater,0,187,3700,0,0,42,4,2
2060,[Libra] The Crater,0,188,0,12,7602,42,4,2
2061,[Libra] The Crater,0,188,0,230,0,42,4,2
2062,[Libra] The Crater,0,188,150,9002,0,42,4,2
2063,[Libra] The Crater,0,188,190,705,0,42,4,2
2064,[Libra] The Crater,0,188,300,1102,0,42,4,2
2065,[Libra] The Crater,0,188,310,1105,0,42,4,2
2066,[Libra] The Crater,0,188,350,0,0,42,4,2
2067,[Libra] The Crater,0,188,360,1301,0,42,4,2
2068,[Libra] The Crater,0,188,800,0,8011,42,4,2
2069,[Libra] The Crater,0,188,3090,801,7726,42,4,2
2070,[Libra] The Crater,0,188,3700,0,0,42,4,2
2071,[Libra] The Crater,0,189,0,12,7602,42,4,2
2072,[Libra] The Crater,0,189,0,0,0,42,4,2
2073,[Libra] The Crater,0,189,150,9002,0,42,4,2
2074,[Libra] The Crater,0,189,190,701,0,42,4,2
2075,[Libra] The Crater,0,189,300,1102,0,42,4,2
2076,[Libra] The Crater,0,189,310,1105,0,42,4,2
2077,[Libra] The Crater,0,189,350,0,0,42,4,2
2078,[Libra] The Crater,0,189,360,1301,0,42,4,2
2079,[Libra] The Crater,0,189,800,0,8001,42,4,2
2080,[Libra] The Crater,0,189,3700,0,0,42,4,2
2081,[Libra] Rotted Woods,0,190,0,13,7603,43,4,3
2082,[Libra] Rotted Woods,0,190,0,0,0,43,4,3
2083,[Libra] Rotted Woods,0,190,150,9002,0,43,4,3
2084,[Libra] Rotted Woods,0,190,190,700,0,43,4,3
2085,[Libra] Rotted Woods,0,190,300,1101,0,43,4,3
2086,[Libra] Rotted Woods,0,190,310,1105,0,43,4,3
2087,[Libra] Rotted Woods,0,190,320,9001,0,43,4,3
2088,[Libra] Rotted Woods,0,190,350,0,0,43,4,3
2089,[Libra] Rotted Woods,0,190,360,1303,0,43,4,3
2090,[Libra] Rotted Woods,0,190,500,0,1046300590,43,4,3
2091,[Libra] Rotted Woods,0,190,800,0,8002,43,4,3
2092,[Libra] Rotted Woods,0,190,3700,0,0,43,4,3
2093,[Libra] Rotted Woods,0,191,0,13,7603,43,4,3
2094,[Libra] Rotted Woods,0,191,0,230,0,43,4,3
2095,[Libra] Rotted Woods,0,191,150,9002,0,43,4,3
2096,[Libra] Rotted Woods,0,191,190,700,0,43,4,3
2097,[Libra] Rotted Woods,0,191,300,1101,0,43,4,3
2098,[Libra] Rotted Woods,0,191,310,1105,0,43,4,3
2099,[Libra] Rotted Woods,0,191,320,9001,0,43,4,3
2100,[Libra] Rotted Woods,0,191,350,1104,0,43,4,3
2101,[Libra] Rotted Woods,0,191,360,1302,0,43,4,3
2102,[Libra] Rotted Woods,0,191,500,0,1047300590,43,4,3
2103,[Libra] Rotted Woods,0,191,800,0,8007,43,4,3
2104,[Libra] Rotted Woods,0,191,3090,801,7726,43,4,3
2105,[Libra] Rotted Woods,0,191,3700,0,0,43,4,3
2106,[Libra] Rotted Woods,0,192,0,13,7603,43,4,3
2107,[Libra] Rotted Woods,0,192,0,0,0,43,4,3
2108,[Libra] Rotted Woods,0,192,150,9002,0,43,4,3
2109,[Libra] Rotted Woods,0,192,190,706,0,43,4,3
2110,[Libra] Rotted Woods,0,192,300,1102,0,43,4,3
2111,[Libra] Rotted Woods,0,192,310,1105,0,43,4,3
2112,[Libra] Rotted Woods,0,192,350,0,0,43,4,3
2113,[Libra] Rotted Woods,0,192,360,1303,0,43,4,3
2114,[Libra] Rotted Woods,0,192,500,0,1057300590,43,4,3
2115,[Libra] Rotted Woods,0,192,800,0,8001,43,4,3
2116,[Libra] Rotted Woods,0,192,3700,0,0,43,4,3
2117,[Libra] Rotted Woods,0,193,0,13,7603,43,4,3
2118,[Libra] Rotted Woods,0,193,0,0,0,43,4,3
2119,[Libra] Rotted Woods,0,193,150,9002,0,43,4,3
2120,[Libra] Rotted Woods,0,193,190,702,0,43,4,3
2121,[Libra] Rotted Woods,0,193,300,1101,0,43,4,3
2122,[Libra] Rotted Woods,0,193,310,1105,0,43,4,3
2123,[Libra] Rotted Woods,0,193,320,9001,0,43,4,3
2124,[Libra] Rotted Woods,0,193,350,1104,0,43,4,3
2125,[Libra] Rotted Woods,0,193,360,1302,0,43,4,3
2126,[Libra] Rotted Woods,0,193,500,0,1057300590,43,4,3
2127,[Libra] Rotted Woods,0,193,800,0,8002,43,4,3
2128,[Libra] Rotted Woods,0,193,3700,0,0,43,4,3
2129,[Libra] Rotted Woods,0,194,0,13,7603,43,4,3
2130,[Libra] Rotted Woods,0,194,0,601,8078,43,4,3
2131,[Libra] Rotted Woods,0,194,150,9002,0,43,4,3
2132,[Libra] Rotted Woods,0,194,190,708,0,43,4,3
2133,[Libra] Rotted Woods,0,194,300,1101,0,43,4,3
2134,[Libra] Rotted Woods,0,194,310,1105,0,43,4,3
2135,[Libra] Rotted Woods,0,194,320,9001,0,43,4,3
2136,[Libra] Rotted Woods,0,194,350,0,0,43,4,3
2137,[Libra] Rotted Woods,0,194,360,1303,0,43,4,3
2138,[Libra] Rotted Woods,0,194,500,0,1047300590,43,4,3
2139,[Libra] Rotted Woods,0,194,800,0,8000,43,4,3
2140,[Libra] Rotted Woods,0,194,3060,801,7725,43,4,3
2141,[Libra] Rotted Woods,0,194,3100,220,0,43,4,3
2142,[Libra] Rotted Woods,0,194,3700,0,0,43,4,3
2143,[Libra] Shrouded City,0,195,0,15,7605,45,4,5
2144,[Libra] Shrouded City,0,195,0,140,0,45,4,5
2145,[Libra] Shrouded City,0,195,150,9002,0,45,4,5
2146,[Libra] Shrouded City,0,195,190,708,0,45,4,5
2147,[Libra] Shrouded City,0,195,300,1101,0,45,4,5
2148,[Libra] Shrouded City,0,195,310,1105,0,45,4,5
2149,[Libra] Shrouded City,0,195,320,9001,0,45,4,5
2150,[Libra] Shrouded City,0,195,350,0,0,45,4,5
2151,[Libra] Shrouded City,0,195,360,1303,0,45,4,5
2152,[Libra] Shrouded City,0,195,800,0,8003,45,4,5
2153,[Libra] Shrouded City,0,195,3080,801,7727,45,4,5
2154,[Libra] Shrouded City,0,195,3500,0,1044380230,45,4,5
2155,[Libra] Shrouded City,0,195,3700,0,0,45,4,5
2156,[Libra] Shrouded City,0,196,0,15,7605,45,4,5
2157,[Libra] Shrouded City,0,196,0,601,8078,45,4,5
2158,[Libra] Shrouded City,0,196,150,9002,0,45,4,5
2159,[Libra] Shrouded City,0,196,190,705,0,45,4,5
2160,[Libra] Shrouded City,0,196,300,1102,0,45,4,5
2161,[Libra] Shrouded City,0,196,310,1105,0,45,4,5
2162,[Libra] Shrouded City,0,196,350,1104,0,45,4,5
2163,[Libra] Shrouded City,0,196,360,1302,0,45,4,5
2164,[Libra] Shrouded City,0,196,800,0,8005,45,4,5
2165,[Libra] Shrouded City,0,196,3060,800,7705,45,4,5
2166,[Libra] Shrouded City,0,196,3100,220,0,45,4,5
2167,[Libra] Shrouded City,0,196,3700,0,0,45,4,5
2168,[Libra] Shrouded City,0,197,0,15,7605,45,4,5
2169,[Libra] Shrouded City,0,197,0,0,0,45,4,5
2170,[Libra] Shrouded City,0,197,150,9002,0,45,4,5
2171,[Libra] Shrouded City,0,197,190,702,0,45,4,5
2172,[Libra] Shrouded City,0,197,300,1102,0,45,4,5
2173,[Libra] Shrouded City,0,197,310,1106,0,45,4,5
2174,[Libra] Shrouded City,0,197,350,1104,0,45,4,5
2175,[Libra] Shrouded City,0,197,360,1302,0,45,4,5
2176,[Libra] Shrouded City,0,197,800,0,8010,45,4,5
2177,[Libra] Shrouded City,0,197,3700,0,0,45,4,5
2178,[Libra] Shrouded City,0,198,0,15,7605,45,4,5
2179,[Libra] Shrouded City,0,198,0,0,0,45,4,5
2180,[Libra] Shrouded City,0,198,150,9002,0,45,4,5
2181,[Libra] Shrouded City,0,198,190,704,0,45,4,5
2182,[Libra] Shrouded City,0,198,300,1102,0,45,4,5
2183,[Libra] Shrouded City,0,198,310,1105,0,45,4,5
2184,[Libra] Shrouded City,0,198,350,0,0,45,4,5
2185,[Libra] Shrouded City,0,198,360,1303,0,45,4,5
2186,[Libra] Shrouded City,0,198,800,0,8006,45,4,5
2187,[Libra] Shrouded City,0,198,3700,0,0,45,4,5
2188,[Libra] Shrouded City,0,199,0,15,7605,45,4,5
2189,[Libra] Shrouded City,0,199,0,0,0,45,4,5
2190,[Libra] Shrouded City,0,199,150,9002,0,45,4,5
2191,[Libra] Shrouded City,0,199,190,703,0,45,4,5
2192,[Libra] Shrouded City,0,199,300,1102,0,45,4,5
2193,[Libra] Shrouded City,0,199,310,1106,0,45,4,5
2194,[Libra] Shrouded City,0,199,350,0,0,45,4,5
2195,[Libra] Shrouded City,0,199,360,1303,0,45,4,5
2196,[Libra] Shrouded City,0,199,800,0,8007,45,4,5
2197,[Libra] Shrouded City,0,199,3700,0,0,45,4,5
2198,[Fulghor] Standard,0,200,0,10,7600,50,5,0
2199,[Fulghor] Standard,0,200,0,0,0,50,5,0
2200,[Fulghor] Standard,0,200,190,704,0,50,5,0
2201,[Fulghor] Standard,0,200,300,1101,0,50,5,0
2202,[Fulghor] Standard,0,200,310,1105,0,50,5,0
2203,[Fulghor] Standard,0,200,320,9000,0,50,5,0
2204,[Fulghor] Standard,0,200,350,1104,0,50,5,0
2205,[Fulghor] Standard,0,200,360,1303,0,50,5,0
2206,[Fulghor] Standard,0,200,800,0,8008,50,5,0
2207,[Fulghor] Standard,0,200,3700,1100,0,50,5,0
2208,[Fulghor] Standard,0,201,0,10,7600,50,5,0
2209,[Fulghor] Standard,0,201,0,602,8079,50,5,0
2210,[Fulghor] Standard,0,201,190,703,0,50,5,0
2211,[Fulghor] Standard,0,201,300,1101,0,50,5,0
2212,[Fulghor] Standard,0,201,310,1105,0,50,5,0
2213,[Fulghor] Standard,0,201,320,9000,0,50,5,0
2214,[Fulghor] Standard,0,201,350,0,0,50,5,0
2215,[Fulghor] Standard,0,201,360,1304,0,50,5,0
2216,[Fulghor] Standard,0,201,800,0,8006,50,5,0
2217,[Fulghor] Standard,0,201,3070,801,7725,50,5,0
2218,[Fulghor] Standard,0,201,3100,220,0,50,5,0
2219,[Fulghor] Standard,0,201,3700,0,0,50,5,0
2220,[Fulghor] Standard,0,202,0,10,7600,50,5,0
2221,[Fulghor] Standard,0,202,0,602,8079,50,5,0
2222,[Fulghor] Standard,0,202,190,703,0,50,5,0
2223,[Fulghor] Standard,0,202,300,1101,0,50,5,0
2224,[Fulghor] Standard,0,202,310,1105,0,50,5,0
2225,[Fulghor] Standard,0,202,320,9000,0,50,5,0
2226,[Fulghor] Standard,0,202,350,1104,0,50,5,0
2227,[Fulghor] Standard,0,202,360,1303,0,50,5,0
2228,[Fulghor] Standard,0,202,800,0,8005,50,5,0
2229,[Fulghor] Standard,0,202,3070,800,7705,50,5,0
2230,[Fulghor] Standard,0,202,3100,220,0,50,5,0
2231,[Fulghor] Standard,0,202,3700,0,0,50,5,0
2232,[Fulghor] Standard,0,203,0,10,7600,50,5,0
2233,[Fulghor] Standard,0,203,0,0,0,50,5,0
2234,[Fulghor] Standard,0,203,190,700,0,50,5,0
2235,[Fulghor] Standard,0,203,300,1102,0,50,5,0
2236,[Fulghor] Standard,0,203,310,1105,0,50,5,0
2237,[Fulghor] Standard,0,203,350,0,0,50,5,0
2238,[Fulghor] Standard,0,203,360,1304,0,50,5,0
2239,[Fulghor] Standard,0,203,800,0,8007,50,5,0
2240,[Fulghor] Standard,0,203,3700,1100,0,50,5,0
2241,[Fulghor] Standard,0,204,0,10,7600,50,5,0
2242,[Fulghor] Standard,0,204,0,180,0,50,5,0
2243,[Fulghor] Standard,0,204,190,704,0,50,5,0
2244,[Fulghor] Standard,0,204,300,1101,0,50,5,0
2245,[Fulghor] Standard,0,204,310,1105,0,50,5,0
2246,[Fulghor] Standard,0,204,320,9000,0,50,5,0
2247,[Fulghor] Standard,0,204,350,0,0,50,5,0
2248,[Fulghor] Standard,0,204,360,1304,0,50,5,0
2249,[Fulghor] Standard,0,204,800,0,8008,50,5,0
2250,[Fulghor] Standard,0,204,3030,800,7704,50,5,0
2251,[Fulghor] Standard,0,204,3600,1150,0,50,5,0
2252,[Fulghor] Standard,0,204,3700,1100,0,50,5,0
2253,[Fulghor] Standard,0,205,0,10,7600,50,5,0
2254,[Fulghor] Standard,0,205,0,0,0,50,5,0
2255,[Fulghor] Standard,0,205,190,702,0,50,5,0
2256,[Fulghor] Standard,0,205,300,1102,0,50,5,0
2257,[Fulghor] Standard,0,205,310,1105,0,50,5,0
2258,[Fulghor] Standard,0,205,350,1104,0,50,5,0
2259,[Fulghor] Standard,0,205,360,1303,0,50,5,0
2260,[Fulghor] Standard,0,205,800,0,8001,50,5,0
2261,[Fulghor] Standard,0,205,3700,0,0,50,5,0
2262,[Fulghor] Standard,0,206,0,10,7600,50,5,0
2263,[Fulghor] Standard,0,206,0,602,8079,50,5,0
2264,[Fulghor] Standard,0,206,190,700,0,50,5,0
2265,[Fulghor] Standard,0,206,300,1102,0,50,5,0
2266,[Fulghor] Standard,0,206,310,1105,0,50,5,0
2267,[Fulghor] Standard,0,206,350,0,0,50,5,0
2268,[Fulghor] Standard,0,206,360,1304,0,50,5,0
2269,[Fulghor] Standard,0,206,800,0,8001,50,5,0
2270,[Fulghor] Standard,0,206,3070,800,7705,50,5,0
2271,[Fulghor] Standard,0,206,3100,220,0,50,5,0
2272,[Fulghor] Standard,0,206,3700,0,0,50,5,0
2273,[Fulghor] Standard,0,207,0,10,7600,50,5,0
2274,[Fulghor] Standard,0,207,0,0,0,50,5,0
2275,[Fulghor] Standard,0,207,190,701,0,50,5,0
2276,[Fulghor] Standard,0,207,300,1101,0,50,5,0
2277,[Fulghor] Standard,0,207,310,1105,0,50,5,0
2278,[Fulghor] Standard,0,207,320,9000,0,50,5,0
2279,[Fulghor] Standard,0,207,350,0,0,50,5,0
2280,[Fulghor] Standard,0,207,360,1304,0,50,5,0
2281,[Fulghor] Standard,0,207,800,0,8000,50,5,0
2282,[Fulghor] Standard,0,207,3700,0,0,50,5,0
2283,[Fulghor] Standard,0,208,0,10,7600,50,5,0
2284,[Fulghor] Standard,0,208,0,0,0,50,5,0
2285,[Fulghor] Standard,0,208,190,708,0,50,5,0
2286,[Fulghor] Standard,0,208,300,1102,0,50,5,0
2287,[Fulghor] Standard,0,208,310,1105,0,50,5,0
2288,[Fulghor] Standard,0,208,350,1104,0,50,5,0
2289,[Fulghor] Standard,0,208,360,1303,0,50,5,0
2290,[Fulghor] Standard,0,208,800,0,8010,50,5,0
2291,[Fulghor] Standard,0,208,3700,0,0,50,5,0
2292,[Fulghor] Standard,0,209,0,10,7600,50,5,0
2293,[Fulghor] Standard,0,209,0,120,0,50,5,0
2294,[Fulghor] Standard,0,209,190,708,0,50,5,0
2295,[Fulghor] Standard,0,209,300,1101,0,50,5,0
2296,[Fulghor] Standard,0,209,310,1105,0,50,5,0
2297,[Fulghor] Standard,0,209,320,9000,0,50,5,0
2298,[Fulghor] Standard,0,209,350,0,0,50,5,0
2299,[Fulghor] Standard,0,209,360,1304,0,50,5,0
2300,[Fulghor] Standard,0,209,800,0,8011,50,5,0
2301,[Fulghor] Standard,0,209,3000,801,7720,50,5,0
2302,[Fulghor] Standard,0,209,3700,0,0,50,5,0
2303,[Fulghor] Standard,0,210,0,10,7600,50,5,0
2304,[Fulghor] Standard,0,210,0,0,0,50,5,0
2305,[Fulghor] Standard,0,210,190,702,0,50,5,0
2306,[Fulghor] Standard,0,210,300,1101,0,50,5,0
2307,[Fulghor] Standard,0,210,310,1105,0,50,5,0
2308,[Fulghor] Standard,0,210,320,9000,0,50,5,0
2309,[Fulghor] Standard,0,210,350,1104,0,50,5,0
2310,[Fulghor] Standard,0,210,360,1303,0,50,5,0
2311,[Fulghor] Standard,0,210,800,0,8005,50,5,0
2312,[Fulghor] Standard,0,210,3700,0,0,50,5,0
2313,[Fulghor] Standard,0,211,0,10,7600,50,5,0
2314,[Fulghor] Standard,0,211,0,120,0,50,5,0
2315,[Fulghor] Standard,0,211,190,700,0,50,5,0
2316,[Fulghor] Standard,0,211,300,1102,0,50,5,0
2317,[Fulghor] Standard,0,211,310,1105,0,50,5,0
2318,[Fulghor] Standard,0,211,350,0,0,50,5,0
2319,[Fulghor] Standard,0,211,360,1304,0,50,5,0
2320,[Fulghor] Standard,0,211,800,0,8005,50,5,0
2321,[Fulghor] Standard,0,211,3000,800,7700,50,5,0
2322,[Fulghor] Standard,0,211,3700,0,0,50,5,0
2323,[Fulghor] Standard,0,212,0,10,7600,50,5,0
2324,[Fulghor] Standard,0,212,0,0,0,50,5,0
2325,[Fulghor] Standard,0,212,190,706,0,50,5,0
2326,[Fulghor] Standard,0,212,300,1101,0,50,5,0
2327,[Fulghor] Standard,0,212,310,1105,0,50,5,0
2328,[Fulghor] Standard,0,212,320,9000,0,50,5,0
2329,[Fulghor] Standard,0,212,350,0,0,50,5,0
2330,[Fulghor] Standard,0,212,360,1304,0,50,5,0
2331,[Fulghor] Standard,0,212,800,0,8002,50,5,0
2332,[Fulghor] Standard,0,212,3700,0,0,50,5,0
2333,[Fulghor] Standard,0,213,0,10,7600,50,5,0
2334,[Fulghor] Standard,0,213,0,0,0,50,5,0
2335,[Fulghor] Standard,0,213,190,707,0,50,5,0
2336,[Fulghor] Standard,0,213,300,1101,0,50,5,0
2337,[Fulghor] Standard,0,213,310,1105,0,50,5,0
2338,[Fulghor] Standard,0,213,320,9000,0,50,5,0
2339,[Fulghor] Standard,0,213,350,0,0,50,5,0
2340,[Fulghor] Standard,0,213,360,1304,0,50,5,0
2341,[Fulghor] Standard,0,213,800,0,8011,50,5,0
2342,[Fulghor] Standard,0,213,3700,0,0,50,5,0
2343,[Fulghor] Standard,0,214,0,10,7600,50,5,0
2344,[Fulghor] Standard,0,214,0,602,8079,50,5,0
2345,[Fulghor] Standard,0,214,190,701,0,50,5,0
2346,[Fulghor] Standard,0,214,300,1102,0,50,5,0
2347,[Fulghor] Standard,0,214,310,1106,0,50,5,0
2348,[Fulghor] Standard,0,214,350,0,0,50,5,0
2349,[Fulghor] Standard,0,214,360,1304,0,50,5,0
2350,[Fulghor] Standard,0,214,800,0,8007,50,5,0
2351,[Fulghor] Standard,0,214,3070,801,7725,50,5,0
2352,[Fulghor] Standard,0,214,3100,220,0,50,5,0
2353,[Fulghor] Standard,0,214,3700,0,0,50,5,0
2354,[Fulghor] Standard,0,215,0,10,7600,50,5,0
2355,[Fulghor] Standard,0,215,0,602,8079,50,5,0
2356,[Fulghor] Standard,0,215,190,707,0,50,5,0
2357,[Fulghor] Standard,0,215,300,1101,0,50,5,0
2358,[Fulghor] Standard,0,215,310,1106,0,50,5,0
2359,[Fulghor] Standard,0,215,320,9000,0,50,5,0
2360,[Fulghor] Standard,0,215,350,0,0,50,5,0
2361,[Fulghor] Standard,0,215,360,1304,0,50,5,0
2362,[Fulghor] Standard,0,215,800,0,8001,50,5,0
2363,[Fulghor] Standard,0,215,3070,800,7705,50,5,0
2364,[Fulghor] Standard,0,215,3100,220,0,50,5,0
2365,[Fulghor] Standard,0,215,3700,0,0,50,5,0
2366,[Fulghor] Standard,0,216,0,10,7600,50,5,0
2367,[Fulghor] Standard,0,216,0,0,0,50,5,0
2368,[Fulghor] Standard,0,216,190,704,0,50,5,0
2369,[Fulghor] Standard,0,216,300,1101,0,50,5,0
2370,[Fulghor] Standard,0,216,310,1105,0,50,5,0
2371,[Fulghor] Standard,0,216,320,9000,0,50,5,0
2372,[Fulghor] Standard,0,216,350,0,0,50,5,0
2373,[Fulghor] Standard,0,216,360,1304,0,50,5,0
2374,[Fulghor] Standard,0,216,800,0,8011,50,5,0
2375,[Fulghor] Standard,0,216,3700,0,0,50,5,0
2376,[Fulghor] Standard,0,217,0,10,7600,50,5,0
2377,[Fulghor] Standard,0,217,0,0,0,50,5,0
2378,[Fulghor] Standard,0,217,190,708,0,50,5,0
2379,[Fulghor] Standard,0,217,300,1102,0,50,5,0
2380,[Fulghor] Standard,0,217,310,1105,0,50,5,0
2381,[Fulghor] Standard,0,217,350,0,0,50,5,0
2382,[Fulghor] Standard,0,217,360,1304,0,50,5,0
2383,[Fulghor] Standard,0,217,800,0,8006,50,5,0
2384,[Fulghor] Standard,0,217,3700,0,0,50,5,0
2385,[Fulghor] Standard,0,218,0,10,7600,50,5,0
2386,[Fulghor] Standard,0,218,0,0,0,50,5,0
2387,[Fulghor] Standard,0,218,190,700,0,50,5,0
2388,[Fulghor] Standard,0,218,300,1101,0,50,5,0
2389,[Fulghor] Standard,0,218,310,1106,0,50,5,0
2390,[Fulghor] Standard,0,218,320,9000,0,50,5,0
2391,[Fulghor] Standard,0,218,350,0,0,50,5,0
2392,[Fulghor] Standard,0,218,360,1304,0,50,5,0
2393,[Fulghor] Standard,0,218,800,0,8009,50,5,0
2394,[Fulghor] Standard,0,218,3700,0,0,50,5,0
2395,[Fulghor] Standard,0,219,0,10,7600,50,5,0
2396,[Fulghor] Standard,0,219,0,0,0,50,5,0
2397,[Fulghor] Standard,0,219,190,704,0,50,5,0
2398,[Fulghor] Standard,0,219,300,1101,0,50,5,0
2399,[Fulghor] Standard,0,219,310,1106,0,50,5,0
2400,[Fulghor] Standard,0,219,320,9000,0,50,5,0
2401,[Fulghor] Standard,0,219,350,0,0,50,5,0
2402,[Fulghor] Standard,0,219,360,1304,0,50,5,0
2403,[Fulghor] Standard,0,219,800,0,8001,50,5,0
2404,[Fulghor] Standard,0,219,3700,0,0,50,5,0
2405,[Fulghor] Mountaintops,0,220,0,11,7601,51,5,1
2406,[Fulghor] Mountaintops,0,220,0,120,0,51,5,1
2407,[Fulghor] Mountaintops,0,220,150,9002,0,51,5,1
2408,[Fulghor] Mountaintops,0,220,190,706,0,51,5,1
2409,[Fulghor] Mountaintops,0,220,300,1102,0,51,5,1
2410,[Fulghor] Mountaintops,0,220,310,1105,0,51,5,1
2411,[Fulghor] Mountaintops,0,220,350,0,0,51,5,1
2412,[Fulghor] Mountaintops,0,220,360,1301,0,51,5,1
2413,[Fulghor] Mountaintops,0,220,800,0,8003,51,5,1
2414,[Fulghor] Mountaintops,0,220,3000,800,7700,51,5,1
2415,[Fulghor] Mountaintops,0,220,3700,1100,0,51,5,1
2416,[Fulghor] Mountaintops,0,221,0,11,7601,51,5,1
2417,[Fulghor] Mountaintops,0,221,0,0,0,51,5,1
2418,[Fulghor] Mountaintops,0,221,150,9002,0,51,5,1
2419,[Fulghor] Mountaintops,0,221,190,707,0,51,5,1
2420,[Fulghor] Mountaintops,0,221,300,1102,0,51,5,1
2421,[Fulghor] Mountaintops,0,221,310,1105,0,51,5,1
2422,[Fulghor] Mountaintops,0,221,350,0,0,51,5,1
2423,[Fulghor] Mountaintops,0,221,360,1301,0,51,5,1
2424,[Fulghor] Mountaintops,0,221,800,0,8004,51,5,1
2425,[Fulghor] Mountaintops,0,221,3700,0,0,51,5,1
2426,[Fulghor] Mountaintops,0,222,0,11,7601,51,5,1
2427,[Fulghor] Mountaintops,0,222,0,0,0,51,5,1
2428,[Fulghor] Mountaintops,0,222,150,9002,0,51,5,1
2429,[Fulghor] Mountaintops,0,222,190,707,0,51,5,1
2430,[Fulghor] Mountaintops,0,222,300,1102,0,51,5,1
2431,[Fulghor] Mountaintops,0,222,310,1105,0,51,5,1
2432,[Fulghor] Mountaintops,0,222,350,0,0,51,5,1
2433,[Fulghor] Mountaintops,0,222,360,1301,0,51,5,1
2434,[Fulghor] Mountaintops,0,222,800,0,8007,51,5,1
2435,[Fulghor] Mountaintops,0,222,3700,0,0,51,5,1
2436,[Fulghor] Mountaintops,0,223,0,11,7601,51,5,1
2437,[Fulghor] Mountaintops,0,223,0,0,0,51,5,1
2438,[Fulghor] Mountaintops,0,223,150,9002,0,51,5,1
2439,[Fulghor] Mountaintops,0,223,190,707,0,51,5,1
2440,[Fulghor] Mountaintops,0,223,300,1102,0,51,5,1
2441,[Fulghor] Mountaintops,0,223,310,1105,0,51,5,1
2442,[Fulghor] Mountaintops,0,223,350,0,0,51,5,1
2443,[Fulghor] Mountaintops,0,223,360,1301,0,51,5,1
2444,[Fulghor] Mountaintops,0,223,800,0,8000,51,5,1
2445,[Fulghor] Mountaintops,0,223,3700,0,0,51,5,1
2446,[Fulghor] Mountaintops,0,224,0,11,7601,51,5,1
2447,[Fulghor] Mountaintops,0,224,0,602,8079,51,5,1
2448,[Fulghor] Mountaintops,0,224,150,9002,0,51,5,1
2449,[Fulghor] Mountaintops,0,224,190,701,0,51,5,1
2450,[Fulghor] Mountaintops,0,224,300,1101,0,51,5,1
2451,[Fulghor] Mountaintops,0,224,310,1106,0,51,5,1
2452,[Fulghor] Mountaintops,0,224,320,9001,0,51,5,1
2453,[Fulghor] Mountaintops,0,224,350,0,0,51,5,1
2454,[Fulghor] Mountaintops,0,224,360,1301,0,51,5,1
2455,[Fulghor] Mountaintops,0,224,800,0,8000,51,5,1
2456,[Fulghor] Mountaintops,0,224,3070,800,7705,51,5,1
2457,[Fulghor] Mountaintops,0,224,3100,220,0,51,5,1
2458,[Fulghor] Mountaintops,0,224,3700,0,0,51,5,1
2459,[Fulghor] The Crater,0,225,0,12,7602,52,5,2
2460,[Fulghor] The Crater,0,225,0,602,8079,52,5,2
2461,[Fulghor] The Crater,0,225,150,9002,0,52,5,2
2462,[Fulghor] The Crater,0,225,190,700,0,52,5,2
2463,[Fulghor] The Crater,0,225,300,1102,0,52,5,2
2464,[Fulghor] The Crater,0,225,310,1105,0,52,5,2
2465,[Fulghor] The Crater,0,225,350,0,0,52,5,2
2466,[Fulghor] The Crater,0,225,360,1301,0,52,5,2
2467,[Fulghor] The Crater,0,225,800,0,8010,52,5,2
2468,[Fulghor] The Crater,0,225,3070,800,7705,52,5,2
2469,[Fulghor] The Crater,0,225,3100,220,0,52,5,2
2470,[Fulghor] The Crater,0,225,3700,0,0,52,5,2
2471,[Fulghor] The Crater,0,226,0,12,7602,52,5,2
2472,[Fulghor] The Crater,0,226,0,0,0,52,5,2
2473,[Fulghor] The Crater,0,226,150,9002,0,52,5,2
2474,[Fulghor] The Crater,0,226,190,702,0,52,5,2
2475,[Fulghor] The Crater,0,226,300,1101,0,52,5,2
2476,[Fulghor] The Crater,0,226,310,1105,0,52,5,2
2477,[Fulghor] The Crater,0,226,320,9001,0,52,5,2
2478,[Fulghor] The Crater,0,226,350,0,0,52,5,2
2479,[Fulghor] The Crater,0,226,360,1301,0,52,5,2
2480,[Fulghor] The Crater,0,226,800,0,8000,52,5,2
2481,[Fulghor] The Crater,0,226,3700,0,0,52,5,2
2482,[Fulghor] The Crater,0,227,0,12,7602,52,5,2
2483,[Fulghor] The Crater,0,227,0,180,0,52,5,2
2484,[Fulghor] The Crater,0,227,150,9002,0,52,5,2
2485,[Fulghor] The Crater,0,227,190,701,0,52,5,2
2486,[Fulghor] The Crater,0,227,300,1101,0,52,5,2
2487,[Fulghor] The Crater,0,227,310,1106,0,52,5,2
2488,[Fulghor] The Crater,0,227,320,9001,0,52,5,2
2489,[Fulghor] The Crater,0,227,350,0,0,52,5,2
2490,[Fulghor] The Crater,0,227,360,1301,0,52,5,2
2491,[Fulghor] The Crater,0,227,800,0,8005,52,5,2
2492,[Fulghor] The Crater,0,227,3030,801,7724,52,5,2
2493,[Fulghor] The Crater,0,227,3600,1152,0,52,5,2
2494,[Fulghor] The Crater,0,227,3700,0,0,52,5,2
2495,[Fulghor] The Crater,0,228,0,12,7602,52,5,2
2496,[Fulghor] The Crater,0,228,0,0,0,52,5,2
2497,[Fulghor] The Crater,0,228,150,9002,0,52,5,2
2498,[Fulghor] The Crater,0,228,190,700,0,52,5,2
2499,[Fulghor] The Crater,0,228,300,1102,0,52,5,2
2500,[Fulghor] The Crater,0,228,310,1105,0,52,5,2
2501,[Fulghor] The Crater,0,228,350,0,0,52,5,2
2502,[Fulghor] The Crater,0,228,360,1301,0,52,5,2
2503,[Fulghor] The Crater,0,228,800,0,8009,52,5,2
2504,[Fulghor] The Crater,0,228,3700,0,0,52,5,2
2505,[Fulghor] The Crater,0,229,0,12,7602,52,5,2
2506,[Fulghor] The Crater,0,229,0,0,0,52,5,2
2507,[Fulghor] The Crater,0,229,150,9002,0,52,5,2
2508,[Fulghor] The Crater,0,229,190,708,0,52,5,2
2509,[Fulghor] The Crater,0,229,300,1101,0,52,5,2
2510,[Fulghor] The Crater,0,229,310,1105,0,52,5,2
2511,[Fulghor] The Crater,0,229,320,9001,0,52,5,2
2512,[Fulghor] The Crater,0,229,350,0,0,52,5,2
2513,[Fulghor] The Crater,0,229,360,1301,0,52,5,2
2514,[Fulghor] The Crater,0,229,800,0,8010,52,5,2
2515,[Fulghor] The Crater,0,229,3700,1100,0,52,5,2
2516,[Fulghor] Rotted Woods,0,230,0,13,7603,53,5,3
2517,[Fulghor] Rotted Woods,0,230,0,0,0,53,5,3
2518,[Fulghor] Rotted Woods,0,230,150,9002,0,53,5,3
2519,[Fulghor] Rotted Woods,0,230,190,701,0,53,5,3
2520,[Fulghor] Rotted Woods,0,230,300,1102,0,53,5,3
2521,[Fulghor] Rotted Woods,0,230,310,1105,0,53,5,3
2522,[Fulghor] Rotted Woods,0,230,350,0,0,53,5,3
2523,[Fulghor] Rotted Woods,0,230,360,1303,0,53,5,3
2524,[Fulghor] Rotted Woods,0,230,500,0,1047300590,53,5,3
2525,[Fulghor] Rotted Woods,0,230,800,0,8000,53,5,3
2526,[Fulghor] Rotted Woods,0,230,3700,1100,0,53,5,3
2527,[Fulghor] Rotted Woods,0,231,0,13,7603,53,5,3
2528,[Fulghor] Rotted Woods,0,231,0,602,8079,53,5,3
2529,[Fulghor] Rotted Woods,0,231,150,9002,0,53,5,3
2530,[Fulghor] Rotted Woods,0,231,190,703,0,53,5,3
2531,[Fulghor] Rotted Woods,0,231,300,1102,0,53,5,3
2532,[Fulghor] Rotted Woods,0,231,310,1105,0,53,5,3
2533,[Fulghor] Rotted Woods,0,231,350,0,0,53,5,3
2534,[Fulghor] Rotted Woods,0,231,360,1303,0,53,5,3
2535,[Fulghor] Rotted Woods,0,231,500,0,1046300590,53,5,3
2536,[Fulghor] Rotted Woods,0,231,800,0,8001,53,5,3
2537,[Fulghor] Rotted Woods,0,231,3070,800,7705,53,5,3
2538,[Fulghor] Rotted Woods,0,231,3100,220,0,53,5,3
2539,[Fulghor] Rotted Woods,0,231,3700,0,0,53,5,3
2540,[Fulghor] Rotted Woods,0,232,0,13,7603,53,5,3
2541,[Fulghor] Rotted Woods,0,232,0,0,0,53,5,3
2542,[Fulghor] Rotted Woods,0,232,150,9002,0,53,5,3
2543,[Fulghor] Rotted Woods,0,232,190,708,0,53,5,3
2544,[Fulghor] Rotted Woods,0,232,300,1102,0,53,5,3
2545,[Fulghor] Rotted Woods,0,232,310,1105,0,53,5,3
2546,[Fulghor] Rotted Woods,0,232,350,0,0,53,5,3
2547,[Fulghor] Rotted Woods,0,232,360,1303,0,53,5,3
2548,[Fulghor] Rotted Woods,0,232,500,0,1047300590,53,5,3
2549,[Fulghor] Rotted Woods,0,232,800,0,8004,53,5,3
2550,[Fulghor] Rotted Woods,0,232,3700,0,0,53,5,3
2551,[Fulghor] Rotted Woods,0,233,0,13,7603,53,5,3
2552,[Fulghor] Rotted Woods,0,233,0,0,0,53,5,3
2553,[Fulghor] Rotted Woods,0,233,150,9002,0,53,5,3
2554,[Fulghor] Rotted Woods,0,233,190,706,0,53,5,3
2555,[Fulghor] Rotted Woods,0,233,300,1101,0,53,5,3
2556,[Fulghor] Rotted Woods,0,233,310,1105,0,53,5,3
2557,[Fulghor] Rotted Woods,0,233,320,9001,0,53,5,3
2558,[Fulghor] Rotted Woods,0,233,350,1104,0,53,5,3
2559,[Fulghor] Rotted Woods,0,233,360,1302,0,53,5,3
2560,[Fulghor] Rotted Woods,0,233,500,0,1057300590,53,5,3
2561,[Fulghor] Rotted Woods,0,233,800,0,8000,53,5,3
2562,[Fulghor] Rotted Woods,0,233,3700,0,0,53,5,3
2563,[Fulghor] Rotted Woods,0,234,0,13,7603,53,5,3
2564,[Fulghor] Rotted Woods,0,234,0,120,0,53,5,3
2565,[Fulghor] Rotted Woods,0,234,150,9002,0,53,5,3
2566,[Fulghor] Rotted Woods,0,234,190,701,0,53,5,3
2567,[Fulghor] Rotted Woods,0,234,300,1101,0,53,5,3
2568,[Fulghor] Rotted Woods,0,234,310,1105,0,53,5,3
2569,[Fulghor] Rotted Woods,0,234,320,9001,0,53,5,3
2570,[Fulghor] Rotted Woods,0,234,350,0,0,53,5,3
2571,[Fulghor] Rotted Woods,0,234,360,1303,0,53,5,3
2572,[Fulghor] Rotted Woods,0,234,500,0,1046300590,53,5,3
2573,[Fulghor] Rotted Woods,0,234,800,0,8003,53,5,3
2574,[Fulghor] Rotted Woods,0,234,3000,801,7720,53,5,3
2575,[Fulghor] Rotted Woods,0,234,3700,0,0,53,5,3
2576,[Fulghor] Shrouded City,0,235,0,15,7605,55,5,5
2577,[Fulghor] Shrouded City,0,235,0,180,0,55,5,5
2578,[Fulghor] Shrouded City,0,235,150,9002,0,55,5,5
2579,[Fulghor] Shrouded City,0,235,190,705,0,55,5,5
2580,[Fulghor] Shrouded City,0,235,300,1101,0,55,5,5
2581,[Fulghor] Shrouded City,0,235,310,1105,0,55,5,5
2582,[Fulghor] Shrouded City,0,235,320,9001,0,55,5,5
2583,[Fulghor] Shrouded City,0,235,350,0,0,55,5,5
2584,[Fulghor] Shrouded City,0,235,360,1303,0,55,5,5
2585,[Fulghor] Shrouded City,0,235,800,0,8004,55,5,5
2586,[Fulghor] Shrouded City,0,235,3030,800,7704,55,5,5
2587,[Fulghor] Shrouded City,0,235,3600,1154,0,55,5,5
2588,[Fulghor] Shrouded City,0,235,3700,0,0,55,5,5
2589,[Fulghor] Shrouded City,0,236,0,15,7605,55,5,5
2590,[Fulghor] Shrouded City,0,236,0,0,0,55,5,5
2591,[Fulghor] Shrouded City,0,236,150,9002,0,55,5,5
2592,[Fulghor] Shrouded City,0,236,190,702,0,55,5,5
2593,[Fulghor] Shrouded City,0,236,300,1102,0,55,5,5
2594,[Fulghor] Shrouded City,0,236,310,1105,0,55,5,5
2595,[Fulghor] Shrouded City,0,236,350,0,0,55,5,5
2596,[Fulghor] Shrouded City,0,236,360,1303,0,55,5,5
2597,[Fulghor] Shrouded City,0,236,800,0,8004,55,5,5
2598,[Fulghor] Shrouded City,0,236,3700,1100,0,55,5,5
2599,[Fulghor] Shrouded City,0,237,0,15,7605,55,5,5
2600,[Fulghor] Shrouded City,0,237,0,0,0,55,5,5
2601,[Fulghor] Shrouded City,0,237,150,9002,0,55,5,5
2602,[Fulghor] Shrouded City,0,237,190,702,0,55,5,5
2603,[Fulghor] Shrouded City,0,237,300,1102,0,55,5,5
2604,[Fulghor] Shrouded City,0,237,310,1105,0,55,5,5
2605,[Fulghor] Shrouded City,0,237,350,1104,0,55,5,5
2606,[Fulghor] Shrouded City,0,237,360,1302,0,55,5,5
2607,[Fulghor] Shrouded City,0,237,800,0,8007,55,5,5
2608,[Fulghor] Shrouded City,0,237,3700,0,0,55,5,5
2609,[Fulghor] Shrouded City,0,238,0,15,7605,55,5,5
2610,[Fulghor] Shrouded City,0,238,0,0,0,55,5,5
2611,[Fulghor] Shrouded City,0,238,150,9002,0,55,5,5
2612,[Fulghor] Shrouded City,0,238,190,705,0,55,5,5
2613,[Fulghor] Shrouded City,0,238,300,1102,0,55,5,5
2614,[Fulghor] Shrouded City,0,238,310,1105,0,55,5,5
2615,[Fulghor] Shrouded City,0,238,350,1104,0,55,5,5
2616,[Fulghor] Shrouded City,0,238,360,1302,0,55,5,5
2617,[Fulghor] Shrouded City,0,238,800,0,8010,55,5,5
2618,[Fulghor] Shrouded City,0,238,3700,0,0,55,5,5
2619,[Fulghor] Shrouded City,0,239,0,15,7605,55,5,5
2620,[Fulghor] Shrouded City,0,239,0,602,8079,55,5,5
2621,[Fulghor] Shrouded City,0,239,150,9002,0,55,5,5
2622,[Fulghor] Shrouded City,0,239,190,705,0,55,5,5
2623,[Fulghor] Shrouded City,0,239,300,1101,0,55,5,5
2624,[Fulghor] Shrouded City,0,239,310,1105,0,55,5,5
2625,[Fulghor] Shrouded City,0,239,320,9001,0,55,5,5
2626,[Fulghor] Shrouded City,0,239,350,0,0,55,5,5
2627,[Fulghor] Shrouded City,0,239,360,1303,0,55,5,5
2628,[Fulghor] Shrouded City,0,239,800,0,8011,55,5,5
2629,[Fulghor] Shrouded City,0,239,3070,801,7725,55,5,5
2630,[Fulghor] Shrouded City,0,239,3100,220,0,55,5,5
2631,[Fulghor] Shrouded City,0,239,3700,0,0,55,5,5
2632,[Caligo] Standard,0,240,0,10,7600,60,6,0
2633,[Caligo] Standard,0,240,0,602,8079,60,6,0
2634,[Caligo] Standard,0,240,190,706,0,60,6,0
2635,[Caligo] Standard,0,240,300,1102,0,60,6,0
2636,[Caligo] Standard,0,240,310,1105,0,60,6,0
2637,[Caligo] Standard,0,240,350,0,0,60,6,0
2638,[Caligo] Standard,0,240,360,1304,0,60,6,0
2639,[Caligo] Standard,0,240,800,0,8010,60,6,0
2640,[Caligo] Standard,0,240,3070,800,7705,60,6,0
2641,[Caligo] Standard,0,240,3100,220,0,60,6,0
2642,[Caligo] Standard,0,240,3700,0,0,60,6,0
2643,[Caligo] Standard,0,241,0,10,7600,60,6,0
2644,[Caligo] Standard,0,241,0,0,0,60,6,0
2645,[Caligo] Standard,0,241,190,700,0,60,6,0
2646,[Caligo] Standard,0,241,300,1102,0,60,6,0
2647,[Caligo] Standard,0,241,310,1105,0,60,6,0
2648,[Caligo] Standard,0,241,350,0,0,60,6,0
2649,[Caligo] Standard,0,241,360,1304,0,60,6,0
2650,[Caligo] Standard,0,241,800,0,8010,60,6,0
2651,[Caligo] Standard,0,241,3700,1100,0,60,6,0
2652,[Caligo] Standard,0,242,0,10,7600,60,6,0
2653,[Caligo] Standard,0,242,0,200,0,60,6,0
2654,[Caligo] Standard,0,242,190,701,0,60,6,0
2655,[Caligo] Standard,0,242,300,1101,0,60,6,0
2656,[Caligo] Standard,0,242,310,1105,0,60,6,0
2657,[Caligo] Standard,0,242,320,9000,0,60,6,0
2658,[Caligo] Standard,0,242,350,0,0,60,6,0
2659,[Caligo] Standard,0,242,360,1304,0,60,6,0
2660,[Caligo] Standard,0,242,800,0,8008,60,6,0
2661,[Caligo] Standard,0,242,3010,800,7701,60,6,0
2662,[Caligo] Standard,0,242,3700,0,0,60,6,0
2663,[Caligo] Standard,0,243,0,10,7600,60,6,0
2664,[Caligo] Standard,0,243,0,0,0,60,6,0
2665,[Caligo] Standard,0,243,190,700,0,60,6,0
2666,[Caligo] Standard,0,243,300,1101,0,60,6,0
2667,[Caligo] Standard,0,243,310,1105,0,60,6,0
2668,[Caligo] Standard,0,243,320,9000,0,60,6,0
2669,[Caligo] Standard,0,243,350,0,0,60,6,0
2670,[Caligo] Standard,0,243,360,1304,0,60,6,0
2671,[Caligo] Standard,0,243,800,0,8005,60,6,0
2672,[Caligo] Standard,0,243,3700,0,0,60,6,0
2673,[Caligo] Standard,0,244,0,10,7600,60,6,0
2674,[Caligo] Standard,0,244,0,0,0,60,6,0
2675,[Caligo] Standard,0,244,190,705,0,60,6,0
2676,[Caligo] Standard,0,244,300,1101,0,60,6,0
2677,[Caligo] Standard,0,244,310,1105,0,60,6,0
2678,[Caligo] Standard,0,244,320,9000,0,60,6,0
2679,[Caligo] Standard,0,244,350,0,0,60,6,0
2680,[Caligo] Standard,0,244,360,1304,0,60,6,0
2681,[Caligo] Standard,0,244,800,0,8007,60,6,0
2682,[Caligo] Standard,0,244,3700,0,0,60,6,0
2683,[Caligo] Standard,0,245,0,10,7600,60,6,0
2684,[Caligo] Standard,0,245,0,603,8076,60,6,0
2685,[Caligo] Standard,0,245,190,700,0,60,6,0
2686,[Caligo] Standard,0,245,300,1101,0,60,6,0
2687,[Caligo] Standard,0,245,310,1106,0,60,6,0
2688,[Caligo] Standard,0,245,320,9000,0,60,6,0
2689,[Caligo] Standard,0,245,350,0,0,60,6,0
2690,[Caligo] Standard,0,245,360,1304,0,60,6,0
2691,[Caligo] Standard,0,245,800,0,8009,60,6,0
2692,[Caligo] Standard,0,245,3050,800,7705,60,6,0
2693,[Caligo] Standard,0,245,3100,220,0,60,6,0
2694,[Caligo] Standard,0,245,3700,0,0,60,6,0
2695,[Caligo] Standard,0,246,0,10,7600,60,6,0
2696,[Caligo] Standard,0,246,0,0,0,60,6,0
2697,[Caligo] Standard,0,246,190,705,0,60,6,0
2698,[Caligo] Standard,0,246,300,1101,0,60,6,0
2699,[Caligo] Standard,0,246,310,1105,0,60,6,0
2700,[Caligo] Standard,0,246,320,9000,0,60,6,0
2701,[Caligo] Standard,0,246,350,0,0,60,6,0
2702,[Caligo] Standard,0,246,360,1304,0,60,6,0
2703,[Caligo] Standard,0,246,800,0,8009,60,6,0
2704,[Caligo] Standard,0,246,3700,0,0,60,6,0
2705,[Caligo] Standard,0,247,0,10,7600,60,6,0
2706,[Caligo] Standard,0,247,0,0,0,60,6,0
2707,[Caligo] Standard,0,247,190,705,0,60,6,0
2708,[Caligo] Standard,0,247,300,1101,0,60,6,0
2709,[Caligo] Standard,0,247,310,1105,0,60,6,0
2710,[Caligo] Standard,0,247,320,9000,0,60,6,0
2711,[Caligo] Standard,0,247,350,0,0,60,6,0
2712,[Caligo] Standard,0,247,360,1304,0,60,6,0
2713,[Caligo] Standard,0,247,800,0,8006,60,6,0
2714,[Caligo] Standard,0,247,3700,0,0,60,6,0
2715,[Caligo] Standard,0,248,0,10,7600,60,6,0
2716,[Caligo] Standard,0,248,0,0,0,60,6,0
2717,[Caligo] Standard,0,248,190,705,0,60,6,0
2718,[Caligo] Standard,0,248,300,1101,0,60,6,0
2719,[Caligo] Standard,0,248,310,1106,0,60,6,0
2720,[Caligo] Standard,0,248,320,9000,0,60,6,0
2721,[Caligo] Standard,0,248,350,0,0,60,6,0
2722,[Caligo] Standard,0,248,360,1304,0,60,6,0
2723,[Caligo] Standard,0,248,800,0,8006,60,6,0
2724,[Caligo] Standard,0,248,3700,1100,0,60,6,0
2725,[Caligo] Standard,0,249,0,10,7600,60,6,0
2726,[Caligo] Standard,0,249,0,602,8079,60,6,0
2727,[Caligo] Standard,0,249,190,708,0,60,6,0
2728,[Caligo] Standard,0,249,300,1102,0,60,6,0
2729,[Caligo] Standard,0,249,310,1105,0,60,6,0
2730,[Caligo] Standard,0,249,350,0,0,60,6,0
2731,[Caligo] Standard,0,249,360,1304,0,60,6,0
2732,[Caligo] Standard,0,249,800,0,8006,60,6,0
2733,[Caligo] Standard,0,249,3070,801,7725,60,6,0
2734,[Caligo] Standard,0,249,3100,220,0,60,6,0
2735,[Caligo] Standard,0,249,3700,0,0,60,6,0
2736,[Caligo] Standard,0,250,0,10,7600,60,6,0
2737,[Caligo] Standard,0,250,0,0,0,60,6,0
2738,[Caligo] Standard,0,250,190,707,0,60,6,0
2739,[Caligo] Standard,0,250,300,1101,0,60,6,0
2740,[Caligo] Standard,0,250,310,1105,0,60,6,0
2741,[Caligo] Standard,0,250,320,9000,0,60,6,0
2742,[Caligo] Standard,0,250,350,0,0,60,6,0
2743,[Caligo] Standard,0,250,360,1304,0,60,6,0
2744,[Caligo] Standard,0,250,800,0,8008,60,6,0
2745,[Caligo] Standard,0,250,3700,0,0,60,6,0
2746,[Caligo] Standard,0,251,0,10,7600,60,6,0
2747,[Caligo] Standard,0,251,0,0,0,60,6,0
2748,[Caligo] Standard,0,251,190,707,0,60,6,0
2749,[Caligo] Standard,0,251,300,1101,0,60,6,0
2750,[Caligo] Standard,0,251,310,1105,0,60,6,0
2751,[Caligo] Standard,0,251,320,9000,0,60,6,0
2752,[Caligo] Standard,0,251,350,0,0,60,6,0
2753,[Caligo] Standard,0,251,360,1304,0,60,6,0
2754,[Caligo] Standard,0,251,800,0,8006,60,6,0
2755,[Caligo] Standard,0,251,3700,0,0,60,6,0
2756,[Caligo] Standard,0,252,0,10,7600,60,6,0
2757,[Caligo] Standard,0,252,0,603,8076,60,6,0
2758,[Caligo] Standard,0,252,190,707,0,60,6,0
2759,[Caligo] Standard,0,252,300,1101,0,60,6,0
2760,[Caligo] Standard,0,252,310,1105,0,60,6,0
2761,[Caligo] Standard,0,252,320,9000,0,60,6,0
2762,[Caligo] Standard,0,252,350,1104,0,60,6,0
2763,[Caligo] Standard,0,252,360,1303,0,60,6,0
2764,[Caligo] Standard,0,252,800,0,8011,60,6,0
2765,[Caligo] Standard,0,252,3050,801,7725,60,6,0
2766,[Caligo] Standard,0,252,3100,220,0,60,6,0
2767,[Caligo] Standard,0,252,3700,0,0,60,6,0
2768,[Caligo] Standard,0,253,0,10,7600,60,6,0
2769,[Caligo] Standard,0,253,0,0,0,60,6,0
2770,[Caligo] Standard,0,253,190,701,0,60,6,0
2771,[Caligo] Standard,0,253,300,1102,0,60,6,0
2772,[Caligo] Standard,0,253,310,1105,0,60,6,0
2773,[Caligo] Standard,0,253,350,1104,0,60,6,0
2774,[Caligo] Standard,0,253,360,1303,0,60,6,0
2775,[Caligo] Standard,0,253,800,0,8001,60,6,0
2776,[Caligo] Standard,0,253,3700,0,0,60,6,0
2777,[Caligo] Standard,0,254,0,10,7600,60,6,0
2778,[Caligo] Standard,0,254,0,0,0,60,6,0
2779,[Caligo] Standard,0,254,190,702,0,60,6,0
2780,[Caligo] Standard,0,254,300,1102,0,60,6,0
2781,[Caligo] Standard,0,254,310,1105,0,60,6,0
2782,[Caligo] Standard,0,254,350,1104,0,60,6,0
2783,[Caligo] Standard,0,254,360,1303,0,60,6,0
2784,[Caligo] Standard,0,254,800,0,8000,60,6,0
2785,[Caligo] Standard,0,254,3700,0,0,60,6,0
2786,[Caligo] Standard,0,255,0,10,7600,60,6,0
2787,[Caligo] Standard,0,255,0,603,8076,60,6,0
2788,[Caligo] Standard,0,255,190,706,0,60,6,0
2789,[Caligo] Standard,0,255,300,1102,0,60,6,0
2790,[Caligo] Standard,0,255,310,1105,0,60,6,0
2791,[Caligo] Standard,0,255,350,0,0,60,6,0
2792,[Caligo] Standard,0,255,360,1304,0,60,6,0
2793,[Caligo] Standard,0,255,800,0,8010,60,6,0
2794,[Caligo] Standard,0,255,3050,801,7725,60,6,0
2795,[Caligo] Standard,0,255,3100,220,0,60,6,0
2796,[Caligo] Standard,0,255,3700,0,0,60,6,0
2797,[Caligo] Standard,0,256,0,10,7600,60,6,0
2798,[Caligo] Standard,0,256,0,0,0,60,6,0
2799,[Caligo] Standard,0,256,190,702,0,60,6,0
2800,[Caligo] Standard,0,256,300,1102,0,60,6,0
2801,[Caligo] Standard,0,256,310,1105,0,60,6,0
2802,[Caligo] Standard,0,256,350,1104,0,60,6,0
2803,[Caligo] Standard,0,256,360,1303,0,60,6,0
2804,[Caligo] Standard,0,256,800,0,8006,60,6,0
2805,[Caligo] Standard,0,256,3700,0,0,60,6,0
2806,[Caligo] Standard,0,257,0,10,7600,60,6,0
2807,[Caligo] Standard,0,257,0,603,8076,60,6,0
2808,[Caligo] Standard,0,257,190,704,0,60,6,0
2809,[Caligo] Standard,0,257,300,1102,0,60,6,0
2810,[Caligo] Standard,0,257,310,1105,0,60,6,0
2811,[Caligo] Standard,0,257,350,1104,0,60,6,0
2812,[Caligo] Standard,0,257,360,1303,0,60,6,0
2813,[Caligo] Standard,0,257,800,0,8000,60,6,0
2814,[Caligo] Standard,0,257,3050,800,7705,60,6,0
2815,[Caligo] Standard,0,257,3100,220,0,60,6,0
2816,[Caligo] Standard,0,257,3700,0,0,60,6,0
2817,[Caligo] Standard,0,258,0,10,7600,60,6,0
2818,[Caligo] Standard,0,258,0,0,0,60,6,0
2819,[Caligo] Standard,0,258,190,703,0,60,6,0
2820,[Caligo] Standard,0,258,300,1101,0,60,6,0
2821,[Caligo] Standard,0,258,310,1105,0,60,6,0
2822,[Caligo] Standard,0,258,320,9000,0,60,6,0
2823,[Caligo] Standard,0,258,350,0,0,60,6,0
2824,[Caligo] Standard,0,258,360,1304,0,60,6,0
2825,[Caligo] Standard,0,258,800,0,8000,60,6,0
2826,[Caligo] Standard,0,258,3700,0,0,60,6,0
2827,[Caligo] Standard,0,259,0,10,7600,60,6,0
2828,[Caligo] Standard,0,259,0,210,0,60,6,0
2829,[Caligo] Standard,0,259,190,703,0,60,6,0
2830,[Caligo] Standard,0,259,300,1102,0,60,6,0
2831,[Caligo] Standard,0,259,310,1105,0,60,6,0
2832,[Caligo] Standard,0,259,350,0,0,60,6,0
2833,[Caligo] Standard,0,259,360,1304,0,60,6,0
2834,[Caligo] Standard,0,259,800,0,8000,60,6,0
2835,[Caligo] Standard,0,259,3020,800,7702,60,6,0
2836,[Caligo] Standard,0,259,3700,1100,0,60,6,0
2837,[Caligo] Mountaintops,0,260,0,11,7601,61,6,1
2838,[Caligo] Mountaintops,0,260,0,603,8076,61,6,1
2839,[Caligo] Mountaintops,0,260,150,9002,0,61,6,1
2840,[Caligo] Mountaintops,0,260,190,707,0,61,6,1
2841,[Caligo] Mountaintops,0,260,300,1101,0,61,6,1
2842,[Caligo] Mountaintops,0,260,310,1105,0,61,6,1
2843,[Caligo] Mountaintops,0,260,320,9001,0,61,6,1
2844,[Caligo] Mountaintops,0,260,350,0,0,61,6,1
2845,[Caligo] Mountaintops,0,260,360,1301,0,61,6,1
2846,[Caligo] Mountaintops,0,260,800,0,8004,61,6,1
2847,[Caligo] Mountaintops,0,260,3050,801,7725,61,6,1
2848,[Caligo] Mountaintops,0,260,3100,220,0,61,6,1
2849,[Caligo] Mountaintops,0,260,3700,0,0,61,6,1
2850,[Caligo] Mountaintops,0,261,0,11,7601,61,6,1
2851,[Caligo] Mountaintops,0,261,0,0,0,61,6,1
2852,[Caligo] Mountaintops,0,261,150,9002,0,61,6,1
2853,[Caligo] Mountaintops,0,261,190,705,0,61,6,1
2854,[Caligo] Mountaintops,0,261,300,1101,0,61,6,1
2855,[Caligo] Mountaintops,0,261,310,1105,0,61,6,1
2856,[Caligo] Mountaintops,0,261,320,9001,0,61,6,1
2857,[Caligo] Mountaintops,0,261,350,0,0,61,6,1
2858,[Caligo] Mountaintops,0,261,360,1301,0,61,6,1
2859,[Caligo] Mountaintops,0,261,800,0,8011,61,6,1
2860,[Caligo] Mountaintops,0,261,3700,0,0,61,6,1
2861,[Caligo] Mountaintops,0,262,0,11,7601,61,6,1
2862,[Caligo] Mountaintops,0,262,0,602,8079,61,6,1
2863,[Caligo] Mountaintops,0,262,150,9002,0,61,6,1
2864,[Caligo] Mountaintops,0,262,190,706,0,61,6,1
2865,[Caligo] Mountaintops,0,262,300,1102,0,61,6,1
2866,[Caligo] Mountaintops,0,262,310,1105,0,61,6,1
2867,[Caligo] Mountaintops,0,262,350,0,0,61,6,1
2868,[Caligo] Mountaintops,0,262,360,1301,0,61,6,1
2869,[Caligo] Mountaintops,0,262,800,0,8008,61,6,1
2870,[Caligo] Mountaintops,0,262,3070,801,7725,61,6,1
2871,[Caligo] Mountaintops,0,262,3100,220,0,61,6,1
2872,[Caligo] Mountaintops,0,262,3700,0,0,61,6,1
2873,[Caligo] Mountaintops,0,263,0,11,7601,61,6,1
2874,[Caligo] Mountaintops,0,263,0,0,0,61,6,1
2875,[Caligo] Mountaintops,0,263,150,9002,0,61,6,1
2876,[Caligo] Mountaintops,0,263,190,707,0,61,6,1
2877,[Caligo] Mountaintops,0,263,300,1102,0,61,6,1
2878,[Caligo] Mountaintops,0,263,310,1105,0,61,6,1
2879,[Caligo] Mountaintops,0,263,350,0,0,61,6,1
2880,[Caligo] Mountaintops,0,263,360,1301,0,61,6,1
2881,[Caligo] Mountaintops,0,263,800,0,8011,61,6,1
2882,[Caligo] Mountaintops,0,263,3700,1100,0,61,6,1
2883,[Caligo] Mountaintops,0,264,0,11,7601,61,6,1
2884,[Caligo] Mountaintops,0,264,0,0,0,61,6,1
2885,[Caligo] Mountaintops,0,264,150,9002,0,61,6,1
2886,[Caligo] Mountaintops,0,264,190,708,0,61,6,1
2887,[Caligo] Mountaintops,0,264,300,1101,0,61,6,1
2888,[Caligo] Mountaintops,0,264,310,1105,0,61,6,1
2889,[Caligo] Mountaintops,0,264,320,9001,0,61,6,1
2890,[Caligo] Mountaintops,0,264,350,1104,0,61,6,1
2891,[Caligo] Mountaintops,0,264,360,1300,0,61,6,1
2892,[Caligo] Mountaintops,0,264,800,0,8004,61,6,1
2893,[Caligo] Mountaintops,0,264,3700,1100,0,61,6,1
2894,[Caligo] The Crater,0,265,0,12,7602,62,6,2
2895,[Caligo] The Crater,0,265,0,0,0,62,6,2
2896,[Caligo] The Crater,0,265,150,9002,0,62,6,2
2897,[Caligo] The Crater,0,265,190,702,0,62,6,2
2898,[Caligo] The Crater,0,265,300,1102,0,62,6,2
2899,[Caligo] The Crater,0,265,310,1105,0,62,6,2
2900,[Caligo] The Crater,0,265,350,0,0,62,6,2
2901,[Caligo] The Crater,0,265,360,1301,0,62,6,2
2902,[Caligo] The Crater,0,265,800,0,8009,62,6,2
2903,[Caligo] The Crater,0,265,3700,0,0,62,6,2
2904,[Caligo] The Crater,0,266,0,12,7602,62,6,2
2905,[Caligo] The Crater,0,266,0,603,8076,62,6,2
2906,[Caligo] The Crater,0,266,150,9002,0,62,6,2
2907,[Caligo] The Crater,0,266,190,701,0,62,6,2
2908,[Caligo] The Crater,0,266,300,1101,0,62,6,2
2909,[Caligo] The Crater,0,266,310,1105,0,62,6,2
2910,[Caligo] The Crater,0,266,320,9001,0,62,6,2
2911,[Caligo] The Crater,0,266,350,1104,0,62,6,2
2912,[Caligo] The Crater,0,266,360,1300,0,62,6,2
2913,[Caligo] The Crater,0,266,800,0,8009,62,6,2
2914,[Caligo] The Crater,0,266,3050,800,7705,62,6,2
2915,[Caligo] The Crater,0,266,3100,220,0,62,6,2
2916,[Caligo] The Crater,0,266,3700,0,0,62,6,2
2917,[Caligo] The Crater,0,267,0,12,7602,62,6,2
2918,[Caligo] The Crater,0,267,0,210,0,62,6,2
2919,[Caligo] The Crater,0,267,150,9002,0,62,6,2
2920,[Caligo] The Crater,0,267,190,702,0,62,6,2
2921,[Caligo] The Crater,0,267,300,1101,0,62,6,2
2922,[Caligo] The Crater,0,267,310,1106,0,62,6,2
2923,[Caligo] The Crater,0,267,320,9001,0,62,6,2
2924,[Caligo] The Crater,0,267,350,0,0,62,6,2
2925,[Caligo] The Crater,0,267,360,1301,0,62,6,2
2926,[Caligo] The Crater,0,267,800,0,8008,62,6,2
2927,[Caligo] The Crater,0,267,3020,801,7722,62,6,2
2928,[Caligo] The Crater,0,267,3700,0,0,62,6,2
2929,[Caligo] The Crater,0,268,0,12,7602,62,6,2
2930,[Caligo] The Crater,0,268,0,0,0,62,6,2
2931,[Caligo] The Crater,0,268,150,9002,0,62,6,2
2932,[Caligo] The Crater,0,268,190,708,0,62,6,2
2933,[Caligo] The Crater,0,268,300,1102,0,62,6,2
2934,[Caligo] The Crater,0,268,310,1106,0,62,6,2
2935,[Caligo] The Crater,0,268,350,0,0,62,6,2
2936,[Caligo] The Crater,0,268,360,1301,0,62,6,2
2937,[Caligo] The Crater,0,268,800,0,8010,62,6,2
2938,[Caligo] The Crater,0,268,3700,0,0,62,6,2
2939,[Caligo] The Crater,0,269,0,12,7602,62,6,2
2940,[Caligo] The Crater,0,269,0,0,0,62,6,2
2941,[Caligo] The Crater,0,269,150,9002,0,62,6,2
2942,[Caligo] The Crater,0,269,190,702,0,62,6,2
2943,[Caligo] The Crater,0,269,300,1101,0,62,6,2
2944,[Caligo] The Crater,0,269,310,1105,0,62,6,2
2945,[Caligo] The Crater,0,269,320,9001,0,62,6,2
2946,[Caligo] The Crater,0,269,350,1104,0,62,6,2
2947,[Caligo] The Crater,0,269,360,1300,0,62,6,2
2948,[Caligo] The Crater,0,269,800,0,8001,62,6,2
2949,[Caligo] The Crater,0,269,3700,1100,0,62,6,2
2950,[Caligo] Rotted Woods,0,270,0,13,7603,63,6,3
2951,[Caligo] Rotted Woods,0,270,0,0,0,63,6,3
2952,[Caligo] Rotted Woods,0,270,150,9002,0,63,6,3
2953,[Caligo] Rotted Woods,0,270,190,703,0,63,6,3
2954,[Caligo] Rotted Woods,0,270,300,1102,0,63,6,3
2955,[Caligo] Rotted Woods,0,270,310,1105,0,63,6,3
2956,[Caligo] Rotted Woods,0,270,350,1104,0,63,6,3
2957,[Caligo] Rotted Woods,0,270,360,1302,0,63,6,3
2958,[Caligo] Rotted Woods,0,270,500,0,1047300590,63,6,3
2959,[Caligo] Rotted Woods,0,270,800,0,8001,63,6,3
2960,[Caligo] Rotted Woods,0,270,3700,0,0,63,6,3
2961,[Caligo] Rotted Woods,0,271,0,13,7603,63,6,3
2962,[Caligo] Rotted Woods,0,271,0,0,0,63,6,3
2963,[Caligo] Rotted Woods,0,271,150,9002,0,63,6,3
2964,[Caligo] Rotted Woods,0,271,190,701,0,63,6,3
2965,[Caligo] Rotted Woods,0,271,300,1102,0,63,6,3
2966,[Caligo] Rotted Woods,0,271,310,1105,0,63,6,3
2967,[Caligo] Rotted Woods,0,271,350,1104,0,63,6,3
2968,[Caligo] Rotted Woods,0,271,360,1302,0,63,6,3
2969,[Caligo] Rotted Woods,0,271,500,0,1047300590,63,6,3
2970,[Caligo] Rotted Woods,0,271,800,0,8005,63,6,3
2971,[Caligo] Rotted Woods,0,271,3700,0,0,63,6,3
2972,[Caligo] Rotted Woods,0,272,0,13,7603,63,6,3
2973,[Caligo] Rotted Woods,0,272,0,602,8079,63,6,3
2974,[Caligo] Rotted Woods,0,272,150,9002,0,63,6,3
2975,[Caligo] Rotted Woods,0,272,190,706,0,63,6,3
2976,[Caligo] Rotted Woods,0,272,300,1102,0,63,6,3
2977,[Caligo] Rotted Woods,0,272,310,1105,0,63,6,3
2978,[Caligo] Rotted Woods,0,272,350,0,0,63,6,3
2979,[Caligo] Rotted Woods,0,272,360,1303,0,63,6,3
2980,[Caligo] Rotted Woods,0,272,500,0,1057300590,63,6,3
2981,[Caligo] Rotted Woods,0,272,800,0,8005,63,6,3
2982,[Caligo] Rotted Woods,0,272,3070,800,7705,63,6,3
2983,[Caligo] Rotted Woods,0,272,3100,220,0,63,6,3
2984,[Caligo] Rotted Woods,0,272,3700,0,0,63,6,3
2985,[Caligo] Rotted Woods,0,273,0,13,7603,63,6,3
2986,[Caligo] Rotted Woods,0,273,0,210,0,63,6,3
2987,[Caligo] Rotted Woods,0,273,150,9002,0,63,6,3
2988,[Caligo] Rotted Woods,0,273,190,703,0,63,6,3
2989,[Caligo] Rotted Woods,0,273,300,1102,0,63,6,3
2990,[Caligo] Rotted Woods,0,273,310,1105,0,63,6,3
2991,[Caligo] Rotted Woods,0,273,350,0,0,63,6,3
2992,[Caligo] Rotted Woods,0,273,360,1303,0,63,6,3
2993,[Caligo] Rotted Woods,0,273,500,0,1046300590,63,6,3
2994,[Caligo] Rotted Woods,0,273,800,0,8002,63,6,3
2995,[Caligo] Rotted Woods,0,273,3020,800,7702,63,6,3
2996,[Caligo] Rotted Woods,0,273,3700,1100,0,63,6,3
2997,[Caligo] Rotted Woods,0,274,0,13,7603,63,6,3
2998,[Caligo] Rotted Woods,0,274,0,0,0,63,6,3
2999,[Caligo] Rotted Woods,0,274,150,9002,0,63,6,3
3000,[Caligo] Rotted Woods,0,274,190,702,0,63,6,3
3001,[Caligo] Rotted Woods,0,274,300,1102,0,63,6,3
3002,[Caligo] Rotted Woods,0,274,310,1105,0,63,6,3
3003,[Caligo] Rotted Woods,0,274,350,0,0,63,6,3
3004,[Caligo] Rotted Woods,0,274,360,1303,0,63,6,3
3005,[Caligo] Rotted Woods,0,274,500,0,1057300590,63,6,3
3006,[Caligo] Rotted Woods,0,274,800,0,8006,63,6,3
3007,[Caligo] Rotted Woods,0,274,3700,0,0,63,6,3
3008,[Caligo] Shrouded City,0,275,0,15,7605,65,6,5
3009,[Caligo] Shrouded City,0,275,0,603,8076,65,6,5
3010,[Caligo] Shrouded City,0,275,150,9002,0,65,6,5
3011,[Caligo] Shrouded City,0,275,190,707,0,65,6,5
3012,[Caligo] Shrouded City,0,275,300,1101,0,65,6,5
3013,[Caligo] Shrouded City,0,275,310,1106,0,65,6,5
3014,[Caligo] Shrouded City,0,275,320,9001,0,65,6,5
3015,[Caligo] Shrouded City,0,275,350,0,0,65,6,5
3016,[Caligo] Shrouded City,0,275,360,1303,0,65,6,5
3017,[Caligo] Shrouded City,0,275,800,0,8001,65,6,5
3018,[Caligo] Shrouded City,0,275,3050,801,7725,65,6,5
3019,[Caligo] Shrouded City,0,275,3100,220,0,65,6,5
3020,[Caligo] Shrouded City,0,275,3700,0,0,65,6,5
3021,[Caligo] Shrouded City,0,276,0,15,7605,65,6,5
3022,[Caligo] Shrouded City,0,276,0,0,0,65,6,5
3023,[Caligo] Shrouded City,0,276,150,9002,0,65,6,5
3024,[Caligo] Shrouded City,0,276,190,702,0,65,6,5
3025,[Caligo] Shrouded City,0,276,300,1101,0,65,6,5
3026,[Caligo] Shrouded City,0,276,310,1105,0,65,6,5
3027,[Caligo] Shrouded City,0,276,320,9001,0,65,6,5
3028,[Caligo] Shrouded City,0,276,350,0,0,65,6,5
3029,[Caligo] Shrouded City,0,276,360,1303,0,65,6,5
3030,[Caligo] Shrouded City,0,276,800,0,8007,65,6,5
3031,[Caligo] Shrouded City,0,276,3700,1100,0,65,6,5
3032,[Caligo] Shrouded City,0,277,0,15,7605,65,6,5
3033,[Caligo] Shrouded City,0,277,0,0,0,65,6,5
3034,[Caligo] Shrouded City,0,277,150,9002,0,65,6,5
3035,[Caligo] Shrouded City,0,277,190,705,0,65,6,5
3036,[Caligo] Shrouded City,0,277,300,1102,0,65,6,5
3037,[Caligo] Shrouded City,0,277,310,1106,0,65,6,5
3038,[Caligo] Shrouded City,0,277,350,0,0,65,6,5
3039,[Caligo] Shrouded City,0,277,360,1303,0,65,6,5
3040,[Caligo] Shrouded City,0,277,800,0,8001,65,6,5
3041,[Caligo] Shrouded City,0,277,3700,0,0,65,6,5
3042,[Caligo] Shrouded City,0,278,0,15,7605,65,6,5
3043,[Caligo] Shrouded City,0,278,0,200,0,65,6,5
3044,[Caligo] Shrouded City,0,278,150,9002,0,65,6,5
3045,[Caligo] Shrouded City,0,278,190,707,0,65,6,5
3046,[Caligo] Shrouded City,0,278,300,1101,0,65,6,5
3047,[Caligo] Shrouded City,0,278,310,1105,0,65,6,5
3048,[Caligo] Shrouded City,0,278,320,9001,0,65,6,5
3049,[Caligo] Shrouded City,0,278,350,1104,0,65,6,5
3050,[Caligo] Shrouded City,0,278,360,1302,0,65,6,5
3051,[Caligo] Shrouded City,0,278,800,0,8007,65,6,5
3052,[Caligo] Shrouded City,0,278,3010,801,7721,65,6,5
3053,[Caligo] Shrouded City,0,278,3700,0,0,65,6,5
3054,[Caligo] Shrouded City,0,279,0,15,7605,65,6,5
3055,[Caligo] Shrouded City,0,279,0,0,0,65,6,5
3056,[Caligo] Shrouded City,0,279,150,9002,0,65,6,5
3057,[Caligo] Shrouded City,0,279,190,706,0,65,6,5
3058,[Caligo] Shrouded City,0,279,300,1102,0,65,6,5
3059,[Caligo] Shrouded City,0,279,310,1105,0,65,6,5
3060,[Caligo] Shrouded City,0,279,350,1104,0,65,6,5
3061,[Caligo] Shrouded City,0,279,360,1302,0,65,6,5
3062,[Caligo] Shrouded City,0,279,800,0,8002,65,6,5
3063,[Caligo] Shrouded City,0,279,3700,0,0,65,6,5
3064,[Heolstor] Standard,0,280,0,10,7600,70,7,0
3065,[Heolstor] Standard,0,280,0,0,0,70,7,0
3066,[Heolstor] Standard,0,280,190,705,0,70,7,0
3067,[Heolstor] Standard,0,280,300,1101,0,70,7,0
3068,[Heolstor] Standard,0,280,310,1105,0,70,7,0
3069,[Heolstor] Standard,0,280,320,9000,0,70,7,0
3070,[Heolstor] Standard,0,280,350,0,0,70,7,0
3071,[Heolstor] Standard,0,280,360,1304,0,70,7,0
3072,[Heolstor] Standard,0,280,800,0,8011,70,7,0
3073,[Heolstor] Standard,0,280,3700,0,0,70,7,0
3074,[Heolstor] Standard,0,281,0,10,7600,70,7,0
3075,[Heolstor] Standard,0,281,0,0,0,70,7,0
3076,[Heolstor] Standard,0,281,190,703,0,70,7,0
3077,[Heolstor] Standard,0,281,300,1101,0,70,7,0
3078,[Heolstor] Standard,0,281,310,1105,0,70,7,0
3079,[Heolstor] Standard,0,281,320,9000,0,70,7,0
3080,[Heolstor] Standard,0,281,350,0,0,70,7,0
3081,[Heolstor] Standard,0,281,360,1304,0,70,7,0
3082,[Heolstor] Standard,0,281,800,0,8011,70,7,0
3083,[Heolstor] Standard,0,281,3700,0,0,70,7,0
3084,[Heolstor] Standard,0,282,0,10,7600,70,7,0
3085,[Heolstor] Standard,0,282,0,0,0,70,7,0
3086,[Heolstor] Standard,0,282,190,707,0,70,7,0
3087,[Heolstor] Standard,0,282,300,1102,0,70,7,0
3088,[Heolstor] Standard,0,282,310,1105,0,70,7,0
3089,[Heolstor] Standard,0,282,350,0,0,70,7,0
3090,[Heolstor] Standard,0,282,360,1304,0,70,7,0
3091,[Heolstor] Standard,0,282,800,0,8008,70,7,0
3092,[Heolstor] Standard,0,282,3700,0,0,70,7,0
3093,[Heolstor] Standard,0,283,0,10,7600,70,7,0
3094,[Heolstor] Standard,0,283,0,0,0,70,7,0
3095,[Heolstor] Standard,0,283,190,706,0,70,7,0
3096,[Heolstor] Standard,0,283,300,1102,0,70,7,0
3097,[Heolstor] Standard,0,283,310,1105,0,70,7,0
3098,[Heolstor] Standard,0,283,350,0,0,70,7,0
3099,[Heolstor] Standard,0,283,360,1304,0,70,7,0
3100,[Heolstor] Standard,0,283,800,0,8004,70,7,0
3101,[Heolstor] Standard,0,283,3700,0,0,70,7,0
3102,[Heolstor] Standard,0,284,0,10,7600,70,7,0
3103,[Heolstor] Standard,0,284,0,0,0,70,7,0
3104,[Heolstor] Standard,0,284,190,700,0,70,7,0
3105,[Heolstor] Standard,0,284,300,1102,0,70,7,0
3106,[Heolstor] Standard,0,284,310,1105,0,70,7,0
3107,[Heolstor] Standard,0,284,350,1104,0,70,7,0
3108,[Heolstor] Standard,0,284,360,1303,0,70,7,0
3109,[Heolstor] Standard,0,284,800,0,8004,70,7,0
3110,[Heolstor] Standard,0,284,3700,0,0,70,7,0
3111,[Heolstor] Standard,0,285,0,10,7600,70,7,0
3112,[Heolstor] Standard,0,285,0,601,8078,70,7,0
3113,[Heolstor] Standard,0,285,190,705,0,70,7,0
3114,[Heolstor] Standard,0,285,300,1101,0,70,7,0
3115,[Heolstor] Standard,0,285,310,1105,0,70,7,0
3116,[Heolstor] Standard,0,285,320,9000,0,70,7,0
3117,[Heolstor] Standard,0,285,350,0,0,70,7,0
3118,[Heolstor] Standard,0,285,360,1304,0,70,7,0
3119,[Heolstor] Standard,0,285,800,0,8005,70,7,0
3120,[Heolstor] Standard,0,285,3040,801,7725,70,7,0
3121,[Heolstor] Standard,0,285,3100,220,0,70,7,0
3122,[Heolstor] Standard,0,285,3700,0,0,70,7,0
3123,[Heolstor] Standard,0,286,0,10,7600,70,7,0
3124,[Heolstor] Standard,0,286,0,0,0,70,7,0
3125,[Heolstor] Standard,0,286,190,707,0,70,7,0
3126,[Heolstor] Standard,0,286,300,1102,0,70,7,0
3127,[Heolstor] Standard,0,286,310,1105,0,70,7,0
3128,[Heolstor] Standard,0,286,350,0,0,70,7,0
3129,[Heolstor] Standard,0,286,360,1304,0,70,7,0
3130,[Heolstor] Standard,0,286,800,0,8008,70,7,0
3131,[Heolstor] Standard,0,286,3700,1100,0,70,7,0
3132,[Heolstor] Standard,0,287,0,10,7600,70,7,0
3133,[Heolstor] Standard,0,287,0,604,8075,70,7,0
3134,[Heolstor] Standard,0,287,190,705,0,70,7,0
3135,[Heolstor] Standard,0,287,300,1101,0,70,7,0
3136,[Heolstor] Standard,0,287,310,1106,0,70,7,0
3137,[Heolstor] Standard,0,287,320,9000,0,70,7,0
3138,[Heolstor] Standard,0,287,350,0,0,70,7,0
3139,[Heolstor] Standard,0,287,360,1304,0,70,7,0
3140,[Heolstor] Standard,0,287,800,0,8006,70,7,0
3141,[Heolstor] Standard,0,287,3060,801,7725,70,7,0
3142,[Heolstor] Standard,0,287,3100,220,0,70,7,0
3143,[Heolstor] Standard,0,287,3700,1100,0,70,7,0
3144,[Heolstor] Standard,0,288,0,10,7600,70,7,0
3145,[Heolstor] Standard,0,288,0,604,8075,70,7,0
3146,[Heolstor] Standard,0,288,190,702,0,70,7,0
3147,[Heolstor] Standard,0,288,300,1101,0,70,7,0
3148,[Heolstor] Standard,0,288,310,1106,0,70,7,0
3149,[Heolstor] Standard,0,288,320,9000,0,70,7,0
3150,[Heolstor] Standard,0,288,350,0,0,70,7,0
3151,[Heolstor] Standard,0,288,360,1304,0,70,7,0
3152,[Heolstor] Standard,0,288,800,0,8008,70,7,0
3153,[Heolstor] Standard,0,288,3040,801,7725,70,7,0
3154,[Heolstor] Standard,0,288,3100,220,0,70,7,0
3155,[Heolstor] Standard,0,288,3700,1100,0,70,7,0
3156,[Heolstor] Standard,0,289,0,10,7600,70,7,0
3157,[Heolstor] Standard,0,289,0,0,0,70,7,0
3158,[Heolstor] Standard,0,289,190,700,0,70,7,0
3159,[Heolstor] Standard,0,289,300,1101,0,70,7,0
3160,[Heolstor] Standard,0,289,310,1105,0,70,7,0
3161,[Heolstor] Standard,0,289,320,9000,0,70,7,0
3162,[Heolstor] Standard,0,289,350,1104,0,70,7,0
3163,[Heolstor] Standard,0,289,360,1303,0,70,7,0
3164,[Heolstor] Standard,0,289,800,0,8009,70,7,0
3165,[Heolstor] Standard,0,289,3700,1100,0,70,7,0
3166,[Heolstor] Standard,0,290,0,10,7600,70,7,0
3167,[Heolstor] Standard,0,290,0,0,0,70,7,0
3168,[Heolstor] Standard,0,290,190,704,0,70,7,0
3169,[Heolstor] Standard,0,290,300,1102,0,70,7,0
3170,[Heolstor] Standard,0,290,310,1105,0,70,7,0
3171,[Heolstor] Standard,0,290,350,0,0,70,7,0
3172,[Heolstor] Standard,0,290,360,1304,0,70,7,0
3173,[Heolstor] Standard,0,290,800,0,8002,70,7,0
3174,[Heolstor] Standard,0,290,3700,0,0,70,7,0
3175,[Heolstor] Standard,0,291,0,10,7600,70,7,0
3176,[Heolstor] Standard,0,291,0,0,0,70,7,0
3177,[Heolstor] Standard,0,291,190,700,0,70,7,0
3178,[Heolstor] Standard,0,291,300,1101,0,70,7,0
3179,[Heolstor] Standard,0,291,310,1105,0,70,7,0
3180,[Heolstor] Standard,0,291,320,9000,0,70,7,0
3181,[Heolstor] Standard,0,291,350,1104,0,70,7,0
3182,[Heolstor] Standard,0,291,360,1303,0,70,7,0
3183,[Heolstor] Standard,0,291,800,0,8009,70,7,0
3184,[Heolstor] Standard,0,291,3700,0,0,70,7,0
3185,[Heolstor] Standard,0,292,0,10,7600,70,7,0
3186,[Heolstor] Standard,0,292,0,603,8076,70,7,0
3187,[Heolstor] Standard,0,292,190,706,0,70,7,0
3188,[Heolstor] Standard,0,292,300,1101,0,70,7,0
3189,[Heolstor] Standard,0,292,310,1105,0,70,7,0
3190,[Heolstor] Standard,0,292,320,9000,0,70,7,0
3191,[Heolstor] Standard,0,292,350,1104,0,70,7,0
3192,[Heolstor] Standard,0,292,360,1303,0,70,7,0
3193,[Heolstor] Standard,0,292,800,0,8000,70,7,0
3194,[Heolstor] Standard,0,292,3050,800,7705,70,7,0
3195,[Heolstor] Standard,0,292,3100,220,0,70,7,0
3196,[Heolstor] Standard,0,292,3700,1100,0,70,7,0
3197,[Heolstor] Standard,0,293,0,10,7600,70,7,0
3198,[Heolstor] Standard,0,293,0,603,8076,70,7,0
3199,[Heolstor] Standard,0,293,190,702,0,70,7,0
3200,[Heolstor] Standard,0,293,300,1101,0,70,7,0
3201,[Heolstor] Standard,0,293,310,1105,0,70,7,0
3202,[Heolstor] Standard,0,293,320,9000,0,70,7,0
3203,[Heolstor] Standard,0,293,350,0,0,70,7,0
3204,[Heolstor] Standard,0,293,360,1304,0,70,7,0
3205,[Heolstor] Standard,0,293,800,0,8003,70,7,0
3206,[Heolstor] Standard,0,293,3050,800,7705,70,7,0
3207,[Heolstor] Standard,0,293,3100,220,0,70,7,0
3208,[Heolstor] Standard,0,293,3700,0,0,70,7,0
3209,[Heolstor] Standard,0,294,0,10,7600,70,7,0
3210,[Heolstor] Standard,0,294,0,0,0,70,7,0
3211,[Heolstor] Standard,0,294,190,708,0,70,7,0
3212,[Heolstor] Standard,0,294,300,1101,0,70,7,0
3213,[Heolstor] Standard,0,294,310,1106,0,70,7,0
3214,[Heolstor] Standard,0,294,320,9000,0,70,7,0
3215,[Heolstor] Standard,0,294,350,0,0,70,7,0
3216,[Heolstor] Standard,0,294,360,1304,0,70,7,0
3217,[Heolstor] Standard,0,294,800,0,8003,70,7,0
3218,[Heolstor] Standard,0,294,3700,0,0,70,7,0
3219,[Heolstor] Standard,0,295,0,10,7600,70,7,0
3220,[Heolstor] Standard,0,295,0,602,8079,70,7,0
3221,[Heolstor] Standard,0,295,190,701,0,70,7,0
3222,[Heolstor] Standard,0,295,300,1101,0,70,7,0
3223,[Heolstor] Standard,0,295,310,1105,0,70,7,0
3224,[Heolstor] Standard,0,295,320,9000,0,70,7,0
3225,[Heolstor] Standard,0,295,350,0,0,70,7,0
3226,[Heolstor] Standard,0,295,360,1304,0,70,7,0
3227,[Heolstor] Standard,0,295,800,0,8004,70,7,0
3228,[Heolstor] Standard,0,295,3070,801,7725,70,7,0
3229,[Heolstor] Standard,0,295,3100,220,0,70,7,0
3230,[Heolstor] Standard,0,295,3700,0,0,70,7,0
3231,[Heolstor] Standard,0,296,0,10,7600,70,7,0
3232,[Heolstor] Standard,0,296,0,601,8078,70,7,0
3233,[Heolstor] Standard,0,296,190,706,0,70,7,0
3234,[Heolstor] Standard,0,296,300,1101,0,70,7,0
3235,[Heolstor] Standard,0,296,310,1105,0,70,7,0
3236,[Heolstor] Standard,0,296,320,9000,0,70,7,0
3237,[Heolstor] Standard,0,296,350,0,0,70,7,0
3238,[Heolstor] Standard,0,296,360,1304,0,70,7,0
3239,[Heolstor] Standard,0,296,800,0,8002,70,7,0
3240,[Heolstor] Standard,0,296,3060,801,7725,70,7,0
3241,[Heolstor] Standard,0,296,3100,220,0,70,7,0
3242,[Heolstor] Standard,0,296,3700,1100,0,70,7,0
3243,[Heolstor] Standard,0,297,0,10,7600,70,7,0
3244,[Heolstor] Standard,0,297,0,0,0,70,7,0
3245,[Heolstor] Standard,0,297,190,701,0,70,7,0
3246,[Heolstor] Standard,0,297,300,1101,0,70,7,0
3247,[Heolstor] Standard,0,297,310,1105,0,70,7,0
3248,[Heolstor] Standard,0,297,320,9000,0,70,7,0
3249,[Heolstor] Standard,0,297,350,0,0,70,7,0
3250,[Heolstor] Standard,0,297,360,1304,0,70,7,0
3251,[Heolstor] Standard,0,297,800,0,8010,70,7,0
3252,[Heolstor] Standard,0,297,3700,1100,0,70,7,0
3253,[Heolstor] Standard,0,298,0,10,7600,70,7,0
3254,[Heolstor] Standard,0,298,0,602,8079,70,7,0
3255,[Heolstor] Standard,0,298,190,703,0,70,7,0
3256,[Heolstor] Standard,0,298,300,1102,0,70,7,0
3257,[Heolstor] Standard,0,298,310,1105,0,70,7,0
3258,[Heolstor] Standard,0,298,350,0,0,70,7,0
3259,[Heolstor] Standard,0,298,360,1304,0,70,7,0
3260,[Heolstor] Standard,0,298,800,0,8005,70,7,0
3261,[Heolstor] Standard,0,298,3070,800,7705,70,7,0
3262,[Heolstor] Standard,0,298,3100,220,0,70,7,0
3263,[Heolstor] Standard,0,298,3700,0,0,70,7,0
3264,[Heolstor] Standard,0,299,0,10,7600,70,7,0
3265,[Heolstor] Standard,0,299,0,0,0,70,7,0
3266,[Heolstor] Standard,0,299,190,706,0,70,7,0
3267,[Heolstor] Standard,0,299,300,1101,0,70,7,0
3268,[Heolstor] Standard,0,299,310,1105,0,70,7,0
3269,[Heolstor] Standard,0,299,320,9000,0,70,7,0
3270,[Heolstor] Standard,0,299,350,0,0,70,7,0
3271,[Heolstor] Standard,0,299,360,1304,0,70,7,0
3272,[Heolstor] Standard,0,299,800,0,8000,70,7,0
3273,[Heolstor] Standard,0,299,3700,0,0,70,7,0
3274,[Heolstor] Mountaintops,0,300,0,11,7601,71,7,1
3275,[Heolstor] Mountaintops,0,300,0,601,8078,71,7,1
3276,[Heolstor] Mountaintops,0,300,150,9002,0,71,7,1
3277,[Heolstor] Mountaintops,0,300,190,708,0,71,7,1
3278,[Heolstor] Mountaintops,0,300,300,1101,0,71,7,1
3279,[Heolstor] Mountaintops,0,300,310,1105,0,71,7,1
3280,[Heolstor] Mountaintops,0,300,320,9001,0,71,7,1
3281,[Heolstor] Mountaintops,0,300,350,1104,0,71,7,1
3282,[Heolstor] Mountaintops,0,300,360,1300,0,71,7,1
3283,[Heolstor] Mountaintops,0,300,800,0,8010,71,7,1
3284,[Heolstor] Mountaintops,0,300,3060,800,7705,71,7,1
3285,[Heolstor] Mountaintops,0,300,3100,220,0,71,7,1
3286,[Heolstor] Mountaintops,0,300,3700,1100,0,71,7,1
3287,[Heolstor] Mountaintops,0,301,0,11,7601,71,7,1
3288,[Heolstor] Mountaintops,0,301,0,0,0,71,7,1
3289,[Heolstor] Mountaintops,0,301,150,9002,0,71,7,1
3290,[Heolstor] Mountaintops,0,301,190,704,0,71,7,1
3291,[Heolstor] Mountaintops,0,301,300,1101,0,71,7,1
3292,[Heolstor] Mountaintops,0,301,310,1105,0,71,7,1
3293,[Heolstor] Mountaintops,0,301,320,9001,0,71,7,1
3294,[Heolstor] Mountaintops,0,301,350,1104,0,71,7,1
3295,[Heolstor] Mountaintops,0,301,360,1300,0,71,7,1
3296,[Heolstor] Mountaintops,0,301,800,0,8009,71,7,1
3297,[Heolstor] Mountaintops,0,301,3700,0,0,71,7,1
3298,[Heolstor] Mountaintops,0,302,0,11,7601,71,7,1
3299,[Heolstor] Mountaintops,0,302,0,603,8076,71,7,1
3300,[Heolstor] Mountaintops,0,302,150,9002,0,71,7,1
3301,[Heolstor] Mountaintops,0,302,190,704,0,71,7,1
3302,[Heolstor] Mountaintops,0,302,300,1102,0,71,7,1
3303,[Heolstor] Mountaintops,0,302,310,1105,0,71,7,1
3304,[Heolstor] Mountaintops,0,302,350,0,0,71,7,1
3305,[Heolstor] Mountaintops,0,302,360,1301,0,71,7,1
3306,[Heolstor] Mountaintops,0,302,800,0,8003,71,7,1
3307,[Heolstor] Mountaintops,0,302,3050,801,7725,71,7,1
3308,[Heolstor] Mountaintops,0,302,3100,220,0,71,7,1
3309,[Heolstor] Mountaintops,0,302,3700,0,0,71,7,1
3310,[Heolstor] Mountaintops,0,303,0,11,7601,71,7,1
3311,[Heolstor] Mountaintops,0,303,0,0,0,71,7,1
3312,[Heolstor] Mountaintops,0,303,150,9002,0,71,7,1
3313,[Heolstor] Mountaintops,0,303,190,704,0,71,7,1
3314,[Heolstor] Mountaintops,0,303,300,1102,0,71,7,1
3315,[Heolstor] Mountaintops,0,303,310,1105,0,71,7,1
3316,[Heolstor] Mountaintops,0,303,350,0,0,71,7,1
3317,[Heolstor] Mountaintops,0,303,360,1301,0,71,7,1
3318,[Heolstor] Mountaintops,0,303,800,0,8007,71,7,1
3319,[Heolstor] Mountaintops,0,303,3700,0,0,71,7,1
3320,[Heolstor] Mountaintops,0,304,0,11,7601,71,7,1
3321,[Heolstor] Mountaintops,0,304,0,0,0,71,7,1
3322,[Heolstor] Mountaintops,0,304,150,9002,0,71,7,1
3323,[Heolstor] Mountaintops,0,304,190,706,0,71,7,1
3324,[Heolstor] Mountaintops,0,304,300,1101,0,71,7,1
3325,[Heolstor] Mountaintops,0,304,310,1105,0,71,7,1
3326,[Heolstor] Mountaintops,0,304,320,9001,0,71,7,1
3327,[Heolstor] Mountaintops,0,304,350,0,0,71,7,1
3328,[Heolstor] Mountaintops,0,304,360,1301,0,71,7,1
3329,[Heolstor] Mountaintops,0,304,800,0,8004,71,7,1
3330,[Heolstor] Mountaintops,0,304,3700,0,0,71,7,1
3331,[Heolstor] The Crater,0,305,0,12,7602,72,7,2
3332,[Heolstor] The Crater,0,305,0,0,0,72,7,2
3333,[Heolstor] The Crater,0,305,150,9002,0,72,7,2
3334,[Heolstor] The Crater,0,305,190,700,0,72,7,2
3335,[Heolstor] The Crater,0,305,300,1101,0,72,7,2
3336,[Heolstor] The Crater,0,305,310,1105,0,72,7,2
3337,[Heolstor] The Crater,0,305,320,9001,0,72,7,2
3338,[Heolstor] The Crater,0,305,350,0,0,72,7,2
3339,[Heolstor] The Crater,0,305,360,1301,0,72,7,2
3340,[Heolstor] The Crater,0,305,800,0,8005,72,7,2
3341,[Heolstor] The Crater,0,305,3700,1100,0,72,7,2
3342,[Heolstor] The Crater,0,306,0,12,7602,72,7,2
3343,[Heolstor] The Crater,0,306,0,601,8078,72,7,2
3344,[Heolstor] The Crater,0,306,150,9002,0,72,7,2
3345,[Heolstor] The Crater,0,306,190,708,0,72,7,2
3346,[Heolstor] The Crater,0,306,300,1101,0,72,7,2
3347,[Heolstor] The Crater,0,306,310,1105,0,72,7,2
3348,[Heolstor] The Crater,0,306,320,9001,0,72,7,2
3349,[Heolstor] The Crater,0,306,350,1104,0,72,7,2
3350,[Heolstor] The Crater,0,306,360,1300,0,72,7,2
3351,[Heolstor] The Crater,0,306,800,0,8010,72,7,2
3352,[Heolstor] The Crater,0,306,3060,800,7705,72,7,2
3353,[Heolstor] The Crater,0,306,3100,220,0,72,7,2
3354,[Heolstor] The Crater,0,306,3700,1100,0,72,7,2
3355,[Heolstor] The Crater,0,307,0,12,7602,72,7,2
3356,[Heolstor] The Crater,0,307,0,0,0,72,7,2
3357,[Heolstor] The Crater,0,307,150,9002,0,72,7,2
3358,[Heolstor] The Crater,0,307,190,704,0,72,7,2
3359,[Heolstor] The Crater,0,307,300,1101,0,72,7,2
3360,[Heolstor] The Crater,0,307,310,1105,0,72,7,2
3361,[Heolstor] The Crater,0,307,320,9001,0,72,7,2
3362,[Heolstor] The Crater,0,307,350,0,0,72,7,2
3363,[Heolstor] The Crater,0,307,360,1301,0,72,7,2
3364,[Heolstor] The Crater,0,307,800,0,8004,72,7,2
3365,[Heolstor] The Crater,0,307,3700,0,0,72,7,2
3366,[Heolstor] The Crater,0,308,0,12,7602,72,7,2
3367,[Heolstor] The Crater,0,308,0,0,0,72,7,2
3368,[Heolstor] The Crater,0,308,150,9002,0,72,7,2
3369,[Heolstor] The Crater,0,308,190,705,0,72,7,2
3370,[Heolstor] The Crater,0,308,300,1102,0,72,7,2
3371,[Heolstor] The Crater,0,308,310,1105,0,72,7,2
3372,[Heolstor] The Crater,0,308,350,0,0,72,7,2
3373,[Heolstor] The Crater,0,308,360,1301,0,72,7,2
3374,[Heolstor] The Crater,0,308,800,0,8004,72,7,2
3375,[Heolstor] The Crater,0,308,3700,0,0,72,7,2
3376,[Heolstor] The Crater,0,309,0,12,7602,72,7,2
3377,[Heolstor] The Crater,0,309,0,604,8075,72,7,2
3378,[Heolstor] The Crater,0,309,150,9002,0,72,7,2
3379,[Heolstor] The Crater,0,309,190,702,0,72,7,2
3380,[Heolstor] The Crater,0,309,300,1102,0,72,7,2
3381,[Heolstor] The Crater,0,309,310,1106,0,72,7,2
3382,[Heolstor] The Crater,0,309,350,1104,0,72,7,2
3383,[Heolstor] The Crater,0,309,360,1300,0,72,7,2
3384,[Heolstor] The Crater,0,309,800,0,8001,72,7,2
3385,[Heolstor] The Crater,0,309,3040,801,7725,72,7,2
3386,[Heolstor] The Crater,0,309,3100,220,0,72,7,2
3387,[Heolstor] The Crater,0,309,3700,1100,0,72,7,2
3388,[Heolstor] Rotted Woods,0,310,0,13,7603,73,7,3
3389,[Heolstor] Rotted Woods,0,310,0,0,0,73,7,3
3390,[Heolstor] Rotted Woods,0,310,150,9002,0,73,7,3
3391,[Heolstor] Rotted Woods,0,310,190,708,0,73,7,3
3392,[Heolstor] Rotted Woods,0,310,300,1102,0,73,7,3
3393,[Heolstor] Rotted Woods,0,310,310,1105,0,73,7,3
3394,[Heolstor] Rotted Woods,0,310,350,0,0,73,7,3
3395,[Heolstor] Rotted Woods,0,310,360,1303,0,73,7,3
3396,[Heolstor] Rotted Woods,0,310,500,0,1046300590,73,7,3
3397,[Heolstor] Rotted Woods,0,310,800,0,8006,73,7,3
3398,[Heolstor] Rotted Woods,0,310,3700,1100,0,73,7,3
3399,[Heolstor] Rotted Woods,0,311,0,13,7603,73,7,3
3400,[Heolstor] Rotted Woods,0,311,0,0,0,73,7,3
3401,[Heolstor] Rotted Woods,0,311,150,9002,0,73,7,3
3402,[Heolstor] Rotted Woods,0,311,190,702,0,73,7,3
3403,[Heolstor] Rotted Woods,0,311,300,1102,0,73,7,3
3404,[Heolstor] Rotted Woods,0,311,310,1106,0,73,7,3
3405,[Heolstor] Rotted Woods,0,311,350,0,0,73,7,3
3406,[Heolstor] Rotted Woods,0,311,360,1303,0,73,7,3
3407,[Heolstor] Rotted Woods,0,311,500,0,1047300590,73,7,3
3408,[Heolstor] Rotted Woods,0,311,800,0,8007,73,7,3
3409,[Heolstor] Rotted Woods,0,311,3700,0,0,73,7,3
3410,[Heolstor] Rotted Woods,0,312,0,13,7603,73,7,3
3411,[Heolstor] Rotted Woods,0,312,0,602,8079,73,7,3
3412,[Heolstor] Rotted Woods,0,312,150,9002,0,73,7,3
3413,[Heolstor] Rotted Woods,0,312,190,702,0,73,7,3
3414,[Heolstor] Rotted Woods,0,312,300,1101,0,73,7,3
3415,[Heolstor] Rotted Woods,0,312,310,1105,0,73,7,3
3416,[Heolstor] Rotted Woods,0,312,320,9001,0,73,7,3
3417,[Heolstor] Rotted Woods,0,312,350,0,0,73,7,3
3418,[Heolstor] Rotted Woods,0,312,360,1303,0,73,7,3
3419,[Heolstor] Rotted Woods,0,312,500,0,1046300590,73,7,3
3420,[Heolstor] Rotted Woods,0,312,800,0,8007,73,7,3
3421,[Heolstor] Rotted Woods,0,312,3070,801,7725,73,7,3
3422,[Heolstor] Rotted Woods,0,312,3100,220,0,73,7,3
3423,[Heolstor] Rotted Woods,0,312,3700,0,0,73,7,3
3424,[Heolstor] Rotted Woods,0,313,0,13,7603,73,7,3
3425,[Heolstor] Rotted Woods,0,313,0,604,8075,73,7,3
3426,[Heolstor] Rotted Woods,0,313,150,9002,0,73,7,3
3427,[Heolstor] Rotted Woods,0,313,190,706,0,73,7,3
3428,[Heolstor] Rotted Woods,0,313,300,1102,0,73,7,3
3429,[Heolstor] Rotted Woods,0,313,310,1105,0,73,7,3
3430,[Heolstor] Rotted Woods,0,313,350,0,0,73,7,3
3431,[Heolstor] Rotted Woods,0,313,360,1303,0,73,7,3
3432,[Heolstor] Rotted Woods,0,313,500,0,1057300590,73,7,3
3433,[Heolstor] Rotted Woods,0,313,800,0,8002,73,7,3
3434,[Heolstor] Rotted Woods,0,313,3040,800,7705,73,7,3
3435,[Heolstor] Rotted Woods,0,313,3100,220,0,73,7,3
3436,[Heolstor] Rotted Woods,0,313,3700,0,0,73,7,3
3437,[Heolstor] Rotted Woods,0,314,0,13,7603,73,7,3
3438,[Heolstor] Rotted Woods,0,314,0,0,0,73,7,3
3439,[Heolstor] Rotted Woods,0,314,150,9002,0,73,7,3
3440,[Heolstor] Rotted Woods,0,314,190,701,0,73,7,3
3441,[Heolstor] Rotted Woods,0,314,300,1101,0,73,7,3
3442,[Heolstor] Rotted Woods,0,314,310,1105,0,73,7,3
3443,[Heolstor] Rotted Woods,0,314,320,9001,0,73,7,3
3444,[Heolstor] Rotted Woods,0,314,350,1104,0,73,7,3
3445,[Heolstor] Rotted Woods,0,314,360,1302,0,73,7,3
3446,[Heolstor] Rotted Woods,0,314,500,0,1057300590,73,7,3
3447,[Heolstor] Rotted Woods,0,314,800,0,8004,73,7,3
3448,[Heolstor] Rotted Woods,0,314,3700,0,0,73,7,3
3449,[Heolstor] Shrouded City,0,315,0,15,7605,75,7,5
3450,[Heolstor] Shrouded City,0,315,0,0,0,75,7,5
3451,[Heolstor] Shrouded City,0,315,150,9002,0,75,7,5
3452,[Heolstor] Shrouded City,0,315,190,707,0,75,7,5
3453,[Heolstor] Shrouded City,0,315,300,1101,0,75,7,5
3454,[Heolstor] Shrouded City,0,315,310,1105,0,75,7,5
3455,[Heolstor] Shrouded City,0,315,320,9001,0,75,7,5
3456,[Heolstor] Shrouded City,0,315,350,1104,0,75,7,5
3457,[Heolstor] Shrouded City,0,315,360,1302,0,75,7,5
3458,[Heolstor] Shrouded City,0,315,800,0,8001,75,7,5
3459,[Heolstor] Shrouded City,0,315,3700,0,0,75,7,5
3460,[Heolstor] Shrouded City,0,316,0,15,7605,75,7,5
3461,[Heolstor] Shrouded City,0,316,0,603,8076,75,7,5
3462,[Heolstor] Shrouded City,0,316,150,9002,0,75,7,5
3463,[Heolstor] Shrouded City,0,316,190,707,0,75,7,5
3464,[Heolstor] Shrouded City,0,316,300,1101,0,75,7,5
3465,[Heolstor] Shrouded City,0,316,310,1105,0,75,7,5
3466,[Heolstor] Shrouded City,0,316,320,9001,0,75,7,5
3467,[Heolstor] Shrouded City,0,316,350,0,0,75,7,5
3468,[Heolstor] Shrouded City,0,316,360,1303,0,75,7,5
3469,[Heolstor] Shrouded City,0,316,800,0,8002,75,7,5
3470,[Heolstor] Shrouded City,0,316,3050,801,7725,75,7,5
3471,[Heolstor] Shrouded City,0,316,3100,220,0,75,7,5
3472,[Heolstor] Shrouded City,0,316,3700,0,0,75,7,5
3473,[Heolstor] Shrouded City,0,317,0,15,7605,75,7,5
3474,[Heolstor] Shrouded City,0,317,0,0,0,75,7,5
3475,[Heolstor] Shrouded City,0,317,150,9002,0,75,7,5
3476,[Heolstor] Shrouded City,0,317,190,708,0,75,7,5
3477,[Heolstor] Shrouded City,0,317,300,1102,0,75,7,5
3478,[Heolstor] Shrouded City,0,317,310,1105,0,75,7,5
3479,[Heolstor] Shrouded City,0,317,350,0,0,75,7,5
3480,[Heolstor] Shrouded City,0,317,360,1303,0,75,7,5
3481,[Heolstor] Shrouded City,0,317,800,0,8011,75,7,5
3482,[Heolstor] Shrouded City,0,317,3700,1100,0,75,7,5
3483,[Heolstor] Shrouded City,0,318,0,15,7605,75,7,5
3484,[Heolstor] Shrouded City,0,318,0,0,0,75,7,5
3485,[Heolstor] Shrouded City,0,318,150,9002,0,75,7,5
3486,[Heolstor] Shrouded City,0,318,190,706,0,75,7,5
3487,[Heolstor] Shrouded City,0,318,300,1101,0,75,7,5
3488,[Heolstor] Shrouded City,0,318,310,1105,0,75,7,5
3489,[Heolstor] Shrouded City,0,318,320,9001,0,75,7,5
3490,[Heolstor] Shrouded City,0,318,350,0,0,75,7,5
3491,[Heolstor] Shrouded City,0,318,360,1303,0,75,7,5
3492,[Heolstor] Shrouded City,0,318,800,0,8006,75,7,5
3493,[Heolstor] Shrouded City,0,318,3700,0,0,75,7,5
3494,[Heolstor] Shrouded City,0,319,0,15,7605,75,7,5
3495,[Heolstor] Shrouded City,0,319,0,602,8079,75,7,5
3496,[Heolstor] Shrouded City,0,319,150,9002,0,75,7,5
3497,[Heolstor] Shrouded City,0,319,190,708,0,75,7,5
3498,[Heolstor] Shrouded City,0,319,300,1102,0,75,7,5
3499,[Heolstor] Shrouded City,0,319,310,1105,0,75,7,5
3500,[Heolstor] Shrouded City,0,319,350,0,0,75,7,5
3501,[Heolstor] Shrouded City,0,319,360,1303,0,75,7,5
3502,[Heolstor] Shrouded City,0,319,800,0,8001,75,7,5
3503,[Heolstor] Shrouded City,0,319,3070,801,7725,75,7,5
3504,[Heolstor] Shrouded City,0,319,3100,220,0,75,7,5
3505,[Heolstor] Shrouded City,0,319,3700,0,0,75,7,5
10000,[Gladius] Standard (DLC),1,1000,0,10,7600,1000,0,0
10001,[Gladius] Standard (DLC),0,1000,0,10000,8080,1000,0,0
10002,[Gladius] Standard (DLC),0,1000,190,703,0,1000,0,0
10003,[Gladius] Standard (DLC),0,1000,300,1102,0,1000,0,0
10004,[Gladius] Standard (DLC),0,1000,310,1105,0,1000,0,0
10005,[Gladius] Standard (DLC),0,1000,350,0,0,1000,0,0
10006,[Gladius] Standard (DLC),0,1000,360,1304,0,1000,0,0
10007,[Gladius] Standard (DLC),0,1000,800,0,8006,1000,0,0
10008,[Gladius] Standard (DLC),0,1000,3110,801,7725,1000,0,0
10009,[Gladius] Standard (DLC),0,1000,3700,1100,0,1000,0,0
10010,[Gladius] Standard (DLC),0,1000,4000,12003,0,1000,0,0
10011,[Gladius] Standard (DLC),0,1001,0,10,7600,1000,0,0
10012,[Gladius] Standard (DLC),0,1001,0,0,0,1000,0,0
10013,[Gladius] Standard (DLC),0,1001,190,707,0,1000,0,0
10014,[Gladius] Standard (DLC),0,1001,300,1102,0,1000,0,0
10015,[Gladius] Standard (DLC),0,1001,310,1105,0,1000,0,0
10016,[Gladius] Standard (DLC),0,1001,350,0,0,1000,0,0
10017,[Gladius] Standard (DLC),0,1001,360,1304,0,1000,0,0
10018,[Gladius] Standard (DLC),0,1001,800,0,8002,1000,0,0
10019,[Gladius] Standard (DLC),0,1001,3700,1100,0,1000,0,0
10020,[Gladius] Standard (DLC),0,1001,4000,12003,0,1000,0,0
10021,[Gladius] Standard (DLC),0,1002,0,10,7600,1000,0,0
10022,[Gladius] Standard (DLC),0,1002,0,10000,8080,1000,0,0
10023,[Gladius] Standard (DLC),0,1002,190,700,0,1000,0,0
10024,[Gladius] Standard (DLC),0,1002,300,1102,0,1000,0,0
10025,[Gladius] Standard (DLC),0,1002,310,1105,0,1000,0,0
10026,[Gladius] Standard (DLC),0,1002,350,0,0,1000,0,0
10027,[Gladius] Standard (DLC),0,1002,360,1304,0,1000,0,0
10028,[Gladius] Standard (DLC),0,1002,800,0,8002,1000,0,0
10029,[Gladius] Standard (DLC),0,1002,3110,800,7705,1000,0,0
10030,[Gladius] Standard (DLC),0,1002,3700,1100,0,1000,0,0
10031,[Gladius] Standard (DLC),0,1002,4000,12003,0,1000,0,0
10032,[Gladius] Standard (DLC),0,1003,0,10,7600,1000,0,0
10033,[Gladius] Standard (DLC),0,1003,0,0,0,1000,0,0
10034,[Gladius] Standard (DLC),0,1003,190,706,0,1000,0,0
10035,[Gladius] Standard (DLC),0,1003,300,1102,0,1000,0,0
10036,[Gladius] Standard (DLC),0,1003,310,1105,0,1000,0,0
10037,[Gladius] Standard (DLC),0,1003,350,0,0,1000,0,0
10038,[Gladius] Standard (DLC),0,1003,360,1304,0,1000,0,0
10039,[Gladius] Standard (DLC),0,1003,800,0,8006,1000,0,0
10040,[Gladius] Standard (DLC),0,1003,3700,0,0,1000,0,0
10041,[Gladius] Standard (DLC),0,1003,4000,12003,0,1000,0,0
10042,[Gladius] Standard (DLC),0,1004,0,10,7600,1000,0,0
10043,[Gladius] Standard (DLC),0,1004,0,10001,8081,1000,0,0
10044,[Gladius] Standard (DLC),0,1004,190,703,0,1000,0,0
10045,[Gladius] Standard (DLC),0,1004,300,1102,0,1000,0,0
10046,[Gladius] Standard (DLC),0,1004,310,1105,0,1000,0,0
10047,[Gladius] Standard (DLC),0,1004,350,1104,0,1000,0,0
10048,[Gladius] Standard (DLC),0,1004,360,1303,0,1000,0,0
10049,[Gladius] Standard (DLC),0,1004,800,0,8009,1000,0,0
10050,[Gladius] Standard (DLC),0,1004,3130,800,7705,1000,0,0
10051,[Gladius] Standard (DLC),0,1004,3700,0,0,1000,0,0
10052,[Gladius] Standard (DLC),0,1004,4000,12002,0,1000,0,0
10053,[Gladius] Great Hollow (DLC),0,1005,0,14,7604,1004,0,4
10054,[Gladius] Great Hollow (DLC),0,1005,0,0,0,1004,0,4
10055,[Gladius] Great Hollow (DLC),0,1005,0,15002,0,1004,0,4
10056,[Gladius] Great Hollow (DLC),0,1005,0,15003,0,1004,0,4
10057,[Gladius] Great Hollow (DLC),0,1005,0,15101,0,1004,0,4
10058,[Gladius] Great Hollow (DLC),0,1005,0,15103,0,1004,0,4
10059,[Gladius] Great Hollow (DLC),0,1005,0,15104,0,1004,0,4
10060,[Gladius] Great Hollow (DLC),0,1005,160,13000,1026400300,1004,0,4
10061,[Gladius] Great Hollow (DLC),0,1005,3600,0,8004,1004,0,4
10062,[Gladius] Great Hollow (DLC),0,1005,3700,0,0,1004,0,4
10063,[Gladius] Great Hollow (DLC),0,1006,0,14,7604,1004,0,4
10064,[Gladius] Great Hollow (DLC),0,1006,0,10000,8080,1004,0,4
10065,[Gladius] Great Hollow (DLC),0,1006,0,15002,0,1004,0,4
10066,[Gladius] Great Hollow (DLC),0,1006,0,15004,0,1004,0,4
10067,[Gladius] Great Hollow (DLC),0,1006,0,15100,0,1004,0,4
10068,[Gladius] Great Hollow (DLC),0,1006,0,15102,0,1004,0,4
10069,[Gladius] Great Hollow (DLC),0,1006,0,15105,0,1004,0,4
10070,[Gladius] Great Hollow (DLC),0,1006,160,13002,1059400300,1004,0,4
10071,[Gladius] Great Hollow (DLC),0,1006,510,800,7705,1004,0,4
10072,[Gladius] Great Hollow (DLC),0,1006,3600,0,8006,1004,0,4
10073,[Gladius] Great Hollow (DLC),0,1006,3700,0,0,1004,0,4
10074,[Gladius] Great Hollow (DLC),0,1007,0,14,7604,1004,0,4
10075,[Gladius] Great Hollow (DLC),0,1007,0,140,1046400230,1004,0,4
10076,[Gladius] Great Hollow (DLC),0,1007,0,15001,0,1004,0,4
10077,[Gladius] Great Hollow (DLC),0,1007,0,15005,0,1004,0,4
10078,[Gladius] Great Hollow (DLC),0,1007,0,15100,0,1004,0,4
10079,[Gladius] Great Hollow (DLC),0,1007,0,15103,0,1004,0,4
10080,[Gladius] Great Hollow (DLC),0,1007,0,15105,0,1004,0,4
10081,[Gladius] Great Hollow (DLC),0,1007,160,13002,1059400300,1004,0,4
10082,[Gladius] Great Hollow (DLC),0,1007,530,800,7707,1004,0,4
10083,[Gladius] Great Hollow (DLC),0,1007,3600,0,8002,1004,0,4
10084,[Gladius] Great Hollow (DLC),0,1007,3700,0,0,1004,0,4
10085,[Gladius] Great Hollow (DLC),0,1008,0,14,7604,1004,0,4
10086,[Gladius] Great Hollow (DLC),0,1008,0,0,0,1004,0,4
10087,[Gladius] Great Hollow (DLC),0,1008,0,15002,0,1004,0,4
10088,[Gladius] Great Hollow (DLC),0,1008,0,15003,0,1004,0,4
10089,[Gladius] Great Hollow (DLC),0,1008,0,15101,0,1004,0,4
10090,[Gladius] Great Hollow (DLC),0,1008,0,15102,0,1004,0,4
10091,[Gladius] Great Hollow (DLC),0,1008,0,15104,0,1004,0,4
10092,[Gladius] Great Hollow (DLC),0,1008,160,13001,1036400300,1004,0,4
10093,[Gladius] Great Hollow (DLC),0,1008,530,800,7700,1004,0,4
10094,[Gladius] Great Hollow (DLC),0,1008,3600,0,8009,1004,0,4
10095,[Gladius] Great Hollow (DLC),0,1008,3700,0,0,1004,0,4
10096,[Gladius] Great Hollow (DLC),0,1009,0,14,7604,1004,0,4
10097,[Gladius] Great Hollow (DLC),0,1009,0,0,0,1004,0,4
10098,[Gladius] Great Hollow (DLC),0,1009,0,15001,0,1004,0,4
10099,[Gladius] Great Hollow (DLC),0,1009,0,15005,0,1004,0,4
10100,[Gladius] Great Hollow (DLC),0,1009,0,15101,0,1004,0,4
10101,[Gladius] Great Hollow (DLC),0,1009,0,15103,0,1004,0,4
10102,[Gladius] Great Hollow (DLC),0,1009,0,15105,0,1004,0,4
10103,[Gladius] Great Hollow (DLC),0,1009,160,13001,1036400300,1004,0,4
10104,[Gladius] Great Hollow (DLC),0,1009,3600,0,8008,1004,0,4
10105,[Gladius] Great Hollow (DLC),0,1009,3700,0,0,1004,0,4
10106,[Adel] Standard (DLC),0,1010,0,10,7600,1010,1,0
10107,[Adel] Standard (DLC),0,1010,0,10000,8080,1010,1,0
10108,[Adel] Standard (DLC),0,1010,190,702,0,1010,1,0
10109,[Adel] Standard (DLC),0,1010,300,1102,0,1010,1,0
10110,[Adel] Standard (DLC),0,1010,310,1105,0,1010,1,0
10111,[Adel] Standard (DLC),0,1010,350,0,0,1010,1,0
10112,[Adel] Standard (DLC),0,1010,360,1304,0,1010,1,0
10113,[Adel] Standard (DLC),0,1010,800,0,8004,1010,1,0
10114,[Adel] Standard (DLC),0,1010,3110,801,7725,1010,1,0
10115,[Adel] Standard (DLC),0,1010,3700,0,0,1010,1,0
10116,[Adel] Standard (DLC),0,1010,4000,12002,0,1010,1,0
10117,[Adel] Standard (DLC),0,1011,0,10,7600,1010,1,0
10118,[Adel] Standard (DLC),0,1011,0,600,8077,1010,1,0
10119,[Adel] Standard (DLC),0,1011,190,707,0,1010,1,0
10120,[Adel] Standard (DLC),0,1011,300,1102,0,1010,1,0
10121,[Adel] Standard (DLC),0,1011,310,1105,0,1010,1,0
10122,[Adel] Standard (DLC),0,1011,350,0,0,1010,1,0
10123,[Adel] Standard (DLC),0,1011,360,1304,0,1010,1,0
10124,[Adel] Standard (DLC),0,1011,800,0,8003,1010,1,0
10125,[Adel] Standard (DLC),0,1011,3120,801,7725,1010,1,0
10126,[Adel] Standard (DLC),0,1011,3700,0,0,1010,1,0
10127,[Adel] Standard (DLC),0,1011,4000,12003,0,1010,1,0
10128,[Adel] Standard (DLC),0,1012,0,10,7600,1010,1,0
10129,[Adel] Standard (DLC),0,1012,0,600,8077,1010,1,0
10130,[Adel] Standard (DLC),0,1012,190,702,0,1010,1,0
10131,[Adel] Standard (DLC),0,1012,300,1101,0,1010,1,0
10132,[Adel] Standard (DLC),0,1012,310,1105,0,1010,1,0
10133,[Adel] Standard (DLC),0,1012,320,9000,0,1010,1,0
10134,[Adel] Standard (DLC),0,1012,350,0,0,1010,1,0
10135,[Adel] Standard (DLC),0,1012,360,1304,0,1010,1,0
10136,[Adel] Standard (DLC),0,1012,800,0,8003,1010,1,0
10137,[Adel] Standard (DLC),0,1012,3120,800,7705,1010,1,0
10138,[Adel] Standard (DLC),0,1012,3700,0,0,1010,1,0
10139,[Adel] Standard (DLC),0,1012,4000,12002,0,1010,1,0
10140,[Adel] Standard (DLC),0,1013,0,10,7600,1010,1,0
10141,[Adel] Standard (DLC),0,1013,0,0,0,1010,1,0
10142,[Adel] Standard (DLC),0,1013,190,703,0,1010,1,0
10143,[Adel] Standard (DLC),0,1013,300,1102,0,1010,1,0
10144,[Adel] Standard (DLC),0,1013,310,1105,0,1010,1,0
10145,[Adel] Standard (DLC),0,1013,350,0,0,1010,1,0
10146,[Adel] Standard (DLC),0,1013,360,1304,0,1010,1,0
10147,[Adel] Standard (DLC),0,1013,800,0,8007,1010,1,0
10148,[Adel] Standard (DLC),0,1013,3700,0,0,1010,1,0
10149,[Adel] Standard (DLC),0,1013,4000,12002,0,1010,1,0
10150,[Adel] Standard (DLC),0,1014,0,10,7600,1010,1,0
10151,[Adel] Standard (DLC),0,1014,0,0,0,1010,1,0
10152,[Adel] Standard (DLC),0,1014,190,701,0,1010,1,0
10153,[Adel] Standard (DLC),0,1014,300,1101,0,1010,1,0
10154,[Adel] Standard (DLC),0,1014,310,1105,0,1010,1,0
10155,[Adel] Standard (DLC),0,1014,320,9000,0,1010,1,0
10156,[Adel] Standard (DLC),0,1014,350,1104,0,1010,1,0
10157,[Adel] Standard (DLC),0,1014,360,1303,0,1010,1,0
10158,[Adel] Standard (DLC),0,1014,800,0,8005,1010,1,0
10159,[Adel] Standard (DLC),0,1014,3700,0,0,1010,1,0
10160,[Adel] Standard (DLC),0,1014,4000,12002,0,1010,1,0
10161,[Adel] Great Hollow (DLC),0,1015,0,14,7604,1014,1,4
10162,[Adel] Great Hollow (DLC),0,1015,0,600,8077,1014,1,4
10163,[Adel] Great Hollow (DLC),0,1015,0,15002,0,1014,1,4
10164,[Adel] Great Hollow (DLC),0,1015,0,15003,0,1014,1,4
10165,[Adel] Great Hollow (DLC),0,1015,0,15100,0,1014,1,4
10166,[Adel] Great Hollow (DLC),0,1015,0,15102,0,1014,1,4
10167,[Adel] Great Hollow (DLC),0,1015,0,15105,0,1014,1,4
10168,[Adel] Great Hollow (DLC),0,1015,160,13002,1059400300,1014,1,4
10169,[Adel] Great Hollow (DLC),0,1015,520,801,7725,1014,1,4
10170,[Adel] Great Hollow (DLC),0,1015,3600,0,8003,1014,1,4
10171,[Adel] Great Hollow (DLC),0,1015,3700,1100,0,1014,1,4
10172,[Adel] Great Hollow (DLC),0,1016,0,14,7604,1014,1,4
10173,[Adel] Great Hollow (DLC),0,1016,0,120,0,1014,1,4
10174,[Adel] Great Hollow (DLC),0,1016,0,15002,0,1014,1,4
10175,[Adel] Great Hollow (DLC),0,1016,0,15004,0,1014,1,4
10176,[Adel] Great Hollow (DLC),0,1016,0,15101,0,1014,1,4
10177,[Adel] Great Hollow (DLC),0,1016,0,15102,0,1014,1,4
10178,[Adel] Great Hollow (DLC),0,1016,0,15104,0,1014,1,4
10179,[Adel] Great Hollow (DLC),0,1016,160,13002,1059400300,1014,1,4
10180,[Adel] Great Hollow (DLC),0,1016,505,800,7700,1014,1,4
10181,[Adel] Great Hollow (DLC),0,1016,3600,0,8003,1014,1,4
10182,[Adel] Great Hollow (DLC),0,1016,3700,0,0,1014,1,4
10183,[Adel] Great Hollow (DLC),0,1017,0,14,7604,1014,1,4
10184,[Adel] Great Hollow (DLC),0,1017,0,0,0,1014,1,4
10185,[Adel] Great Hollow (DLC),0,1017,0,15001,0,1014,1,4
10186,[Adel] Great Hollow (DLC),0,1017,0,15005,0,1014,1,4
10187,[Adel] Great Hollow (DLC),0,1017,0,15101,0,1014,1,4
10188,[Adel] Great Hollow (DLC),0,1017,0,15103,0,1014,1,4
10189,[Adel] Great Hollow (DLC),0,1017,0,15104,0,1014,1,4
10190,[Adel] Great Hollow (DLC),0,1017,160,13000,1026400300,1014,1,4
10191,[Adel] Great Hollow (DLC),0,1017,3600,0,8007,1014,1,4
10192,[Adel] Great Hollow (DLC),0,1017,3700,0,0,1014,1,4
10193,[Adel] Great Hollow (DLC),0,1018,0,14,7604,1014,1,4
10194,[Adel] Great Hollow (DLC),0,1018,0,0,0,1014,1,4
10195,[Adel] Great Hollow (DLC),0,1018,0,15001,0,1014,1,4
10196,[Adel] Great Hollow (DLC),0,1018,0,15003,0,1014,1,4
10197,[Adel] Great Hollow (DLC),0,1018,0,15100,0,1014,1,4
10198,[Adel] Great Hollow (DLC),0,1018,0,15102,0,1014,1,4
10199,[Adel] Great Hollow (DLC),0,1018,0,15104,0,1014,1,4
10200,[Adel] Great Hollow (DLC),0,1018,160,13001,1036400300,1014,1,4
10201,[Adel] Great Hollow (DLC),0,1018,3600,0,8010,1014,1,4
10202,[Adel] Great Hollow (DLC),0,1018,3700,0,0,1014,1,4
10203,[Adel] Great Hollow (DLC),0,1019,0,14,7604,1014,1,4
10204,[Adel] Great Hollow (DLC),0,1019,0,10000,8080,1014,1,4
10205,[Adel] Great Hollow (DLC),0,1019,0,15001,0,1014,1,4
10206,[Adel] Great Hollow (DLC),0,1019,0,15004,0,1014,1,4
10207,[Adel] Great Hollow (DLC),0,1019,0,15100,0,1014,1,4
10208,[Adel] Great Hollow (DLC),0,1019,0,15103,0,1014,1,4
10209,[Adel] Great Hollow (DLC),0,1019,0,15105,0,1014,1,4
10210,[Adel] Great Hollow (DLC),0,1019,160,13001,1036400300,1014,1,4
10211,[Adel] Great Hollow (DLC),0,1019,510,801,7725,1014,1,4
10212,[Adel] Great Hollow (DLC),0,1019,3600,0,8003,1014,1,4
10213,[Adel] Great Hollow (DLC),0,1019,3700,0,0,1014,1,4
10214,[Gnoster] Standard (DLC),0,1020,0,10,7600,1020,2,0
10215,[Gnoster] Standard (DLC),0,1020,0,0,0,1020,2,0
10216,[Gnoster] Standard (DLC),0,1020,190,708,0,1020,2,0
10217,[Gnoster] Standard (DLC),0,1020,300,1102,0,1020,2,0
10218,[Gnoster] Standard (DLC),0,1020,310,1105,0,1020,2,0
10219,[Gnoster] Standard (DLC),0,1020,350,1104,0,1020,2,0
10220,[Gnoster] Standard (DLC),0,1020,360,1303,0,1020,2,0
10221,[Gnoster] Standard (DLC),0,1020,800,0,8008,1020,2,0
10222,[Gnoster] Standard (DLC),0,1020,3700,0,0,1020,2,0
10223,[Gnoster] Standard (DLC),0,1020,4000,12003,0,1020,2,0
10224,[Gnoster] Standard (DLC),0,1021,0,10,7600,1020,2,0
10225,[Gnoster] Standard (DLC),0,1021,0,10000,8080,1020,2,0
10226,[Gnoster] Standard (DLC),0,1021,190,700,0,1020,2,0
10227,[Gnoster] Standard (DLC),0,1021,300,1101,0,1020,2,0
10228,[Gnoster] Standard (DLC),0,1021,310,1106,0,1020,2,0
10229,[Gnoster] Standard (DLC),0,1021,320,9000,0,1020,2,0
10230,[Gnoster] Standard (DLC),0,1021,350,0,0,1020,2,0
10231,[Gnoster] Standard (DLC),0,1021,360,1304,0,1020,2,0
10232,[Gnoster] Standard (DLC),0,1021,800,0,8004,1020,2,0
10233,[Gnoster] Standard (DLC),0,1021,3110,801,7725,1020,2,0
10234,[Gnoster] Standard (DLC),0,1021,3700,0,0,1020,2,0
10235,[Gnoster] Standard (DLC),0,1021,4000,12002,0,1020,2,0
10236,[Gnoster] Standard (DLC),0,1022,0,10,7600,1020,2,0
10237,[Gnoster] Standard (DLC),0,1022,0,0,0,1020,2,0
10238,[Gnoster] Standard (DLC),0,1022,190,703,0,1020,2,0
10239,[Gnoster] Standard (DLC),0,1022,300,1101,0,1020,2,0
10240,[Gnoster] Standard (DLC),0,1022,310,1106,0,1020,2,0
10241,[Gnoster] Standard (DLC),0,1022,320,9000,0,1020,2,0
10242,[Gnoster] Standard (DLC),0,1022,350,0,0,1020,2,0
10243,[Gnoster] Standard (DLC),0,1022,360,1304,0,1020,2,0
10244,[Gnoster] Standard (DLC),0,1022,800,0,8007,1020,2,0
10245,[Gnoster] Standard (DLC),0,1022,3700,0,0,1020,2,0
10246,[Gnoster] Standard (DLC),0,1022,4000,12002,0,1020,2,0
10247,[Gnoster] Standard (DLC),0,1023,0,10,7600,1020,2,0
10248,[Gnoster] Standard (DLC),0,1023,0,10000,8080,1020,2,0
10249,[Gnoster] Standard (DLC),0,1023,190,700,0,1020,2,0
10250,[Gnoster] Standard (DLC),0,1023,300,1102,0,1020,2,0
10251,[Gnoster] Standard (DLC),0,1023,310,1106,0,1020,2,0
10252,[Gnoster] Standard (DLC),0,1023,350,0,0,1020,2,0
10253,[Gnoster] Standard (DLC),0,1023,360,1304,0,1020,2,0
10254,[Gnoster] Standard (DLC),0,1023,800,0,8007,1020,2,0
10255,[Gnoster] Standard (DLC),0,1023,3110,801,7725,1020,2,0
10256,[Gnoster] Standard (DLC),0,1023,3700,0,0,1020,2,0
10257,[Gnoster] Standard (DLC),0,1023,4000,12003,0,1020,2,0
10258,[Gnoster] Standard (DLC),0,1024,0,10,7600,1020,2,0
10259,[Gnoster] Standard (DLC),0,1024,0,600,8077,1020,2,0
10260,[Gnoster] Standard (DLC),0,1024,190,702,0,1020,2,0
10261,[Gnoster] Standard (DLC),0,1024,300,1101,0,1020,2,0
10262,[Gnoster] Standard (DLC),0,1024,310,1105,0,1020,2,0
10263,[Gnoster] Standard (DLC),0,1024,320,9000,0,1020,2,0
10264,[Gnoster] Standard (DLC),0,1024,350,0,0,1020,2,0
10265,[Gnoster] Standard (DLC),0,1024,360,1304,0,1020,2,0
10266,[Gnoster] Standard (DLC),0,1024,800,0,8011,1020,2,0
10267,[Gnoster] Standard (DLC),0,1024,3120,800,7705,1020,2,0
10268,[Gnoster] Standard (DLC),0,1024,3700,1100,0,1020,2,0
10269,[Gnoster] Standard (DLC),0,1024,4000,12002,0,1020,2,0
10270,[Gnoster] Great Hollow (DLC),0,1025,0,14,7604,1024,2,4
10271,[Gnoster] Great Hollow (DLC),0,1025,0,0,0,1024,2,4
10272,[Gnoster] Great Hollow (DLC),0,1025,0,15002,0,1024,2,4
10273,[Gnoster] Great Hollow (DLC),0,1025,0,15005,0,1024,2,4
10274,[Gnoster] Great Hollow (DLC),0,1025,0,15101,0,1024,2,4
10275,[Gnoster] Great Hollow (DLC),0,1025,0,15103,0,1024,2,4
10276,[Gnoster] Great Hollow (DLC),0,1025,0,15104,0,1024,2,4
10277,[Gnoster] Great Hollow (DLC),0,1025,160,13000,1026400300,1024,2,4
10278,[Gnoster] Great Hollow (DLC),0,1025,3600,0,8010,1024,2,4
10279,[Gnoster] Great Hollow (DLC),0,1025,3700,0,0,1024,2,4
10280,[Gnoster] Great Hollow (DLC),0,1026,0,14,7604,1024,2,4
10281,[Gnoster] Great Hollow (DLC),0,1026,0,140,0,1024,2,4
10282,[Gnoster] Great Hollow (DLC),0,1026,0,15002,0,1024,2,4
10283,[Gnoster] Great Hollow (DLC),0,1026,0,15003,0,1024,2,4
10284,[Gnoster] Great Hollow (DLC),0,1026,0,15101,0,1024,2,4
10285,[Gnoster] Great Hollow (DLC),0,1026,0,15102,0,1024,2,4
10286,[Gnoster] Great Hollow (DLC),0,1026,0,15104,0,1024,2,4
10287,[Gnoster] Great Hollow (DLC),0,1026,160,13002,1059400300,1024,2,4
10288,[Gnoster] Great Hollow (DLC),0,1026,500,801,7727,1024,2,4
10289,[Gnoster] Great Hollow (DLC),0,1026,1000,0,1046400230,1024,2,4
10290,[Gnoster] Great Hollow (DLC),0,1026,3600,0,8000,1024,2,4
10291,[Gnoster] Great Hollow (DLC),0,1026,3700,0,0,1024,2,4
10292,[Gnoster] Great Hollow (DLC),0,1027,0,14,7604,1024,2,4
10293,[Gnoster] Great Hollow (DLC),0,1027,0,600,8077,1024,2,4
10294,[Gnoster] Great Hollow (DLC),0,1027,0,15001,0,1024,2,4
10295,[Gnoster] Great Hollow (DLC),0,1027,0,15005,0,1024,2,4
10296,[Gnoster] Great Hollow (DLC),0,1027,0,15100,0,1024,2,4
10297,[Gnoster] Great Hollow (DLC),0,1027,0,15103,0,1024,2,4
10298,[Gnoster] Great Hollow (DLC),0,1027,0,15105,0,1024,2,4
10299,[Gnoster] Great Hollow (DLC),0,1027,160,13002,1059400300,1024,2,4
10300,[Gnoster] Great Hollow (DLC),0,1027,520,801,7725,1024,2,4
10301,[Gnoster] Great Hollow (DLC),0,1027,3600,0,8001,1024,2,4
10302,[Gnoster] Great Hollow (DLC),0,1027,3700,1100,0,1024,2,4
10303,[Gnoster] Great Hollow (DLC),0,1028,0,14,7604,1024,2,4
10304,[Gnoster] Great Hollow (DLC),0,1028,0,0,0,1024,2,4
10305,[Gnoster] Great Hollow (DLC),0,1028,0,15002,0,1024,2,4
10306,[Gnoster] Great Hollow (DLC),0,1028,0,15004,0,1024,2,4
10307,[Gnoster] Great Hollow (DLC),0,1028,0,15101,0,1024,2,4
10308,[Gnoster] Great Hollow (DLC),0,1028,0,15103,0,1024,2,4
10309,[Gnoster] Great Hollow (DLC),0,1028,0,15105,0,1024,2,4
10310,[Gnoster] Great Hollow (DLC),0,1028,160,13000,1026400300,1024,2,4
10311,[Gnoster] Great Hollow (DLC),0,1028,3600,0,8010,1024,2,4
10312,[Gnoster] Great Hollow (DLC),0,1028,3700,1100,0,1024,2,4
10313,[Gnoster] Great Hollow (DLC),0,1029,0,14,7604,1024,2,4
10314,[Gnoster] Great Hollow (DLC),0,1029,0,603,8076,1024,2,4
10315,[Gnoster] Great Hollow (DLC),0,1029,0,15001,0,1024,2,4
10316,[Gnoster] Great Hollow (DLC),0,1029,0,15004,0,1024,2,4
10317,[Gnoster] Great Hollow (DLC),0,1029,0,15100,0,1024,2,4
10318,[Gnoster] Great Hollow (DLC),0,1029,0,15102,0,1024,2,4
10319,[Gnoster] Great Hollow (DLC),0,1029,0,15105,0,1024,2,4
10320,[Gnoster] Great Hollow (DLC),0,1029,160,13001,1036400300,1024,2,4
10321,[Gnoster] Great Hollow (DLC),0,1029,540,801,7725,1024,2,4
10322,[Gnoster] Great Hollow (DLC),0,1029,3600,0,8007,1024,2,4
10323,[Gnoster] Great Hollow (DLC),0,1029,3700,1100,0,1024,2,4
10324,[Maris] Standard (DLC),0,1030,0,10,7600,1030,3,0
10325,[Maris] Standard (DLC),0,1030,0,0,0,1030,3,0
10326,[Maris] Standard (DLC),0,1030,190,708,0,1030,3,0
10327,[Maris] Standard (DLC),0,1030,300,1102,0,1030,3,0
10328,[Maris] Standard (DLC),0,1030,310,1106,0,1030,3,0
10329,[Maris] Standard (DLC),0,1030,350,0,0,1030,3,0
10330,[Maris] Standard (DLC),0,1030,360,1304,0,1030,3,0
10331,[Maris] Standard (DLC),0,1030,800,0,8006,1030,3,0
10332,[Maris] Standard (DLC),0,1030,3700,0,0,1030,3,0
10333,[Maris] Standard (DLC),0,1030,4000,12002,0,1030,3,0
10334,[Maris] Standard (DLC),0,1031,0,10,7600,1030,3,0
10335,[Maris] Standard (DLC),0,1031,0,0,0,1030,3,0
10336,[Maris] Standard (DLC),0,1031,190,703,0,1030,3,0
10337,[Maris] Standard (DLC),0,1031,300,1102,0,1030,3,0
10338,[Maris] Standard (DLC),0,1031,310,1105,0,1030,3,0
10339,[Maris] Standard (DLC),0,1031,350,1104,0,1030,3,0
10340,[Maris] Standard (DLC),0,1031,360,1303,0,1030,3,0
10341,[Maris] Standard (DLC),0,1031,800,0,8011,1030,3,0
10342,[Maris] Standard (DLC),0,1031,3700,0,0,1030,3,0
10343,[Maris] Standard (DLC),0,1031,4000,12003,0,1030,3,0
10344,[Maris] Standard (DLC),0,1032,0,10,7600,1030,3,0
10345,[Maris] Standard (DLC),0,1032,0,10001,8081,1030,3,0
10346,[Maris] Standard (DLC),0,1032,190,700,0,1030,3,0
10347,[Maris] Standard (DLC),0,1032,300,1102,0,1030,3,0
10348,[Maris] Standard (DLC),0,1032,310,1105,0,1030,3,0
10349,[Maris] Standard (DLC),0,1032,350,1104,0,1030,3,0
10350,[Maris] Standard (DLC),0,1032,360,1303,0,1030,3,0
10351,[Maris] Standard (DLC),0,1032,800,0,8011,1030,3,0
10352,[Maris] Standard (DLC),0,1032,3130,800,7705,1030,3,0
10353,[Maris] Standard (DLC),0,1032,3700,0,0,1030,3,0
10354,[Maris] Standard (DLC),0,1032,4000,12002,0,1030,3,0
10355,[Maris] Standard (DLC),0,1033,0,10,7600,1030,3,0
10356,[Maris] Standard (DLC),0,1033,0,10000,8080,1030,3,0
10357,[Maris] Standard (DLC),0,1033,190,700,0,1030,3,0
10358,[Maris] Standard (DLC),0,1033,300,1101,0,1030,3,0
10359,[Maris] Standard (DLC),0,1033,310,1106,0,1030,3,0
10360,[Maris] Standard (DLC),0,1033,320,9000,0,1030,3,0
10361,[Maris] Standard (DLC),0,1033,350,0,0,1030,3,0
10362,[Maris] Standard (DLC),0,1033,360,1304,0,1030,3,0
10363,[Maris] Standard (DLC),0,1033,800,0,8006,1030,3,0
10364,[Maris] Standard (DLC),0,1033,3110,801,7725,1030,3,0
10365,[Maris] Standard (DLC),0,1033,3700,1100,0,1030,3,0
10366,[Maris] Standard (DLC),0,1033,4000,12003,0,1030,3,0
10367,[Maris] Standard (DLC),0,1034,0,10,7600,1030,3,0
10368,[Maris] Standard (DLC),0,1034,0,10001,8081,1030,3,0
10369,[Maris] Standard (DLC),0,1034,190,700,0,1030,3,0
10370,[Maris] Standard (DLC),0,1034,300,1101,0,1030,3,0
10371,[Maris] Standard (DLC),0,1034,310,1105,0,1030,3,0
10372,[Maris] Standard (DLC),0,1034,320,9000,0,1030,3,0
10373,[Maris] Standard (DLC),0,1034,350,0,0,1030,3,0
10374,[Maris] Standard (DLC),0,1034,360,1304,0,1030,3,0
10375,[Maris] Standard (DLC),0,1034,800,0,8006,1030,3,0
10376,[Maris] Standard (DLC),0,1034,3130,800,7705,1030,3,0
10377,[Maris] Standard (DLC),0,1034,3700,0,0,1030,3,0
10378,[Maris] Standard (DLC),0,1034,4000,12003,0,1030,3,0
10379,[Maris] Great Hollow (DLC),0,1035,0,14,7604,1034,3,4
10380,[Maris] Great Hollow (DLC),0,1035,0,0,0,1034,3,4
10381,[Maris] Great Hollow (DLC),0,1035,0,15002,0,1034,3,4
10382,[Maris] Great Hollow (DLC),0,1035,0,15005,0,1034,3,4
10383,[Maris] Great Hollow (DLC),0,1035,0,15101,0,1034,3,4
10384,[Maris] Great Hollow (DLC),0,1035,0,15103,0,1034,3,4
10385,[Maris] Great Hollow (DLC),0,1035,0,15105,0,1034,3,4
10386,[Maris] Great Hollow (DLC),0,1035,160,13002,1059400300,1034,3,4
10387,[Maris] Great Hollow (DLC),0,1035,530,801,7720,1034,3,4
10388,[Maris] Great Hollow (DLC),0,1035,3600,0,8010,1034,3,4
10389,[Maris] Great Hollow (DLC),0,1035,3700,1100,0,1034,3,4
10390,[Maris] Great Hollow (DLC),0,1036,0,14,7604,1034,3,4
10391,[Maris] Great Hollow (DLC),0,1036,0,0,0,1034,3,4
10392,[Maris] Great Hollow (DLC),0,1036,0,15001,0,1034,3,4
10393,[Maris] Great Hollow (DLC),0,1036,0,15003,0,1034,3,4
10394,[Maris] Great Hollow (DLC),0,1036,0,15100,0,1034,3,4
10395,[Maris] Great Hollow (DLC),0,1036,0,15103,0,1034,3,4
10396,[Maris] Great Hollow (DLC),0,1036,0,15105,0,1034,3,4
10397,[Maris] Great Hollow (DLC),0,1036,160,13000,1026400300,1034,3,4
10398,[Maris] Great Hollow (DLC),0,1036,3600,0,8004,1034,3,4
10399,[Maris] Great Hollow (DLC),0,1036,3700,0,0,1034,3,4
10400,[Maris] Great Hollow (DLC),0,1037,0,14,7604,1034,3,4
10401,[Maris] Great Hollow (DLC),0,1037,0,601,8078,1034,3,4
10402,[Maris] Great Hollow (DLC),0,1037,0,15001,0,1034,3,4
10403,[Maris] Great Hollow (DLC),0,1037,0,15004,0,1034,3,4
10404,[Maris] Great Hollow (DLC),0,1037,0,15101,0,1034,3,4
10405,[Maris] Great Hollow (DLC),0,1037,0,15102,0,1034,3,4
10406,[Maris] Great Hollow (DLC),0,1037,0,15104,0,1034,3,4
10407,[Maris] Great Hollow (DLC),0,1037,160,13001,1036400300,1034,3,4
10408,[Maris] Great Hollow (DLC),0,1037,550,800,7705,1034,3,4
10409,[Maris] Great Hollow (DLC),0,1037,3600,0,8002,1034,3,4
10410,[Maris] Great Hollow (DLC),0,1037,3700,1100,0,1034,3,4
10411,[Maris] Great Hollow (DLC),0,1038,0,14,7604,1034,3,4
10412,[Maris] Great Hollow (DLC),0,1038,0,10000,8080,1034,3,4
10413,[Maris] Great Hollow (DLC),0,1038,0,15002,0,1034,3,4
10414,[Maris] Great Hollow (DLC),0,1038,0,15003,0,1034,3,4
10415,[Maris] Great Hollow (DLC),0,1038,0,15100,0,1034,3,4
10416,[Maris] Great Hollow (DLC),0,1038,0,15102,0,1034,3,4
10417,[Maris] Great Hollow (DLC),0,1038,0,15104,0,1034,3,4
10418,[Maris] Great Hollow (DLC),0,1038,160,13001,1036400300,1034,3,4
10419,[Maris] Great Hollow (DLC),0,1038,510,800,7705,1034,3,4
10420,[Maris] Great Hollow (DLC),0,1038,3600,0,8002,1034,3,4
10421,[Maris] Great Hollow (DLC),0,1038,3700,0,0,1034,3,4
10422,[Maris] Great Hollow (DLC),0,1039,0,14,7604,1034,3,4
10423,[Maris] Great Hollow (DLC),0,1039,0,0,0,1034,3,4
10424,[Maris] Great Hollow (DLC),0,1039,0,15001,0,1034,3,4
10425,[Maris] Great Hollow (DLC),0,1039,0,15005,0,1034,3,4
10426,[Maris] Great Hollow (DLC),0,1039,0,15100,0,1034,3,4
10427,[Maris] Great Hollow (DLC),0,1039,0,15102,0,1034,3,4
10428,[Maris] Great Hollow (DLC),0,1039,0,15104,0,1034,3,4
10429,[Maris] Great Hollow (DLC),0,1039,160,13000,1026400300,1034,3,4
10430,[Maris] Great Hollow (DLC),0,1039,3600,0,8009,1034,3,4
10431,[Maris] Great Hollow (DLC),0,1039,3700,0,0,1034,3,4
10432,[Libra] Standard (DLC),0,1040,0,10,7600,1040,4,0
10433,[Libra] Standard (DLC),0,1040,0,600,8077,1040,4,0
10434,[Libra] Standard (DLC),0,1040,190,708,0,1040,4,0
10435,[Libra] Standard (DLC),0,1040,300,1102,0,1040,4,0
10436,[Libra] Standard (DLC),0,1040,310,1105,0,1040,4,0
10437,[Libra] Standard (DLC),0,1040,350,0,0,1040,4,0
10438,[Libra] Standard (DLC),0,1040,360,1304,0,1040,4,0
10439,[Libra] Standard (DLC),0,1040,800,0,8001,1040,4,0
10440,[Libra] Standard (DLC),0,1040,3120,801,7725,1040,4,0
10441,[Libra] Standard (DLC),0,1040,3700,0,0,1040,4,0
10442,[Libra] Standard (DLC),0,1040,4000,12002,0,1040,4,0
10443,[Libra] Standard (DLC),0,1041,0,10,7600,1040,4,0
10444,[Libra] Standard (DLC),0,1041,0,0,0,1040,4,0
10445,[Libra] Standard (DLC),0,1041,190,700,0,1040,4,0
10446,[Libra] Standard (DLC),0,1041,300,1102,0,1040,4,0
10447,[Libra] Standard (DLC),0,1041,310,1105,0,1040,4,0
10448,[Libra] Standard (DLC),0,1041,350,1104,0,1040,4,0
10449,[Libra] Standard (DLC),0,1041,360,1303,0,1040,4,0
10450,[Libra] Standard (DLC),0,1041,800,0,8002,1040,4,0
10451,[Libra] Standard (DLC),0,1041,3700,0,0,1040,4,0
10452,[Libra] Standard (DLC),0,1041,4000,12002,0,1040,4,0
10453,[Libra] Standard (DLC),0,1042,0,10,7600,1040,4,0
10454,[Libra] Standard (DLC),0,1042,0,10001,8081,1040,4,0
10455,[Libra] Standard (DLC),0,1042,190,701,0,1040,4,0
10456,[Libra] Standard (DLC),0,1042,300,1102,0,1040,4,0
10457,[Libra] Standard (DLC),0,1042,310,1106,0,1040,4,0
10458,[Libra] Standard (DLC),0,1042,350,0,0,1040,4,0
10459,[Libra] Standard (DLC),0,1042,360,1304,0,1040,4,0
10460,[Libra] Standard (DLC),0,1042,800,0,8001,1040,4,0
10461,[Libra] Standard (DLC),0,1042,3130,800,7705,1040,4,0
10462,[Libra] Standard (DLC),0,1042,3700,0,0,1040,4,0
10463,[Libra] Standard (DLC),0,1042,4000,12003,0,1040,4,0
10464,[Libra] Standard (DLC),0,1043,0,10,7600,1040,4,0
10465,[Libra] Standard (DLC),0,1043,0,10001,8081,1040,4,0
10466,[Libra] Standard (DLC),0,1043,190,701,0,1040,4,0
10467,[Libra] Standard (DLC),0,1043,300,1102,0,1040,4,0
10468,[Libra] Standard (DLC),0,1043,310,1105,0,1040,4,0
10469,[Libra] Standard (DLC),0,1043,350,0,0,1040,4,0
10470,[Libra] Standard (DLC),0,1043,360,1304,0,1040,4,0
10471,[Libra] Standard (DLC),0,1043,800,0,8001,1040,4,0
10472,[Libra] Standard (DLC),0,1043,3130,800,7705,1040,4,0
10473,[Libra] Standard (DLC),0,1043,3700,0,0,1040,4,0
10474,[Libra] Standard (DLC),0,1043,4000,12002,0,1040,4,0
10475,[Libra] Standard (DLC),0,1044,0,10,7600,1040,4,0
10476,[Libra] Standard (DLC),0,1044,0,0,0,1040,4,0
10477,[Libra] Standard (DLC),0,1044,190,704,0,1040,4,0
10478,[Libra] Standard (DLC),0,1044,300,1102,0,1040,4,0
10479,[Libra] Standard (DLC),0,1044,310,1105,0,1040,4,0
10480,[Libra] Standard (DLC),0,1044,350,0,0,1040,4,0
10481,[Libra] Standard (DLC),0,1044,360,1304,0,1040,4,0
10482,[Libra] Standard (DLC),0,1044,800,0,8007,1040,4,0
10483,[Libra] Standard (DLC),0,1044,3700,0,0,1040,4,0
10484,[Libra] Standard (DLC),0,1044,4000,12002,0,1040,4,0
10485,[Libra] Great Hollow (DLC),0,1045,0,14,7604,1044,4,4
10486,[Libra] Great Hollow (DLC),0,1045,0,601,8078,1044,4,4
10487,[Libra] Great Hollow (DLC),0,1045,0,15002,0,1044,4,4
10488,[Libra] Great Hollow (DLC),0,1045,0,15004,0,1044,4,4
10489,[Libra] Great Hollow (DLC),0,1045,0,15101,0,1044,4,4
10490,[Libra] Great Hollow (DLC),0,1045,0,15102,0,1044,4,4
10491,[Libra] Great Hollow (DLC),0,1045,0,15105,0,1044,4,4
10492,[Libra] Great Hollow (DLC),0,1045,160,13002,1059400300,1044,4,4
10493,[Libra] Great Hollow (DLC),0,1045,550,801,7725,1044,4,4
10494,[Libra] Great Hollow (DLC),0,1045,3600,0,8003,1044,4,4
10495,[Libra] Great Hollow (DLC),0,1045,3700,0,0,1044,4,4
10496,[Libra] Great Hollow (DLC),0,1046,0,14,7604,1044,4,4
10497,[Libra] Great Hollow (DLC),0,1046,0,140,1046400230,1044,4,4
10498,[Libra] Great Hollow (DLC),0,1046,0,15002,0,1044,4,4
10499,[Libra] Great Hollow (DLC),0,1046,0,15004,0,1044,4,4
10500,[Libra] Great Hollow (DLC),0,1046,0,15100,0,1044,4,4
10501,[Libra] Great Hollow (DLC),0,1046,0,15103,0,1044,4,4
10502,[Libra] Great Hollow (DLC),0,1046,0,15104,0,1044,4,4
10503,[Libra] Great Hollow (DLC),0,1046,160,13000,1026400300,1044,4,4
10504,[Libra] Great Hollow (DLC),0,1046,530,801,7727,1044,4,4
10505,[Libra] Great Hollow (DLC),0,1046,3600,0,8009,1044,4,4
10506,[Libra] Great Hollow (DLC),0,1046,3700,0,0,1044,4,4
10507,[Libra] Great Hollow (DLC),0,1047,0,14,7604,1044,4,4
10508,[Libra] Great Hollow (DLC),0,1047,0,140,0,1044,4,4
10509,[Libra] Great Hollow (DLC),0,1047,0,15001,0,1044,4,4
10510,[Libra] Great Hollow (DLC),0,1047,0,15003,0,1044,4,4
10511,[Libra] Great Hollow (DLC),0,1047,0,15100,0,1044,4,4
10512,[Libra] Great Hollow (DLC),0,1047,0,15103,0,1044,4,4
10513,[Libra] Great Hollow (DLC),0,1047,0,15105,0,1044,4,4
10514,[Libra] Great Hollow (DLC),0,1047,160,13001,1036400300,1044,4,4
10515,[Libra] Great Hollow (DLC),0,1047,500,801,7727,1044,4,4
10516,[Libra] Great Hollow (DLC),0,1047,1000,0,1038400230,1044,4,4
10517,[Libra] Great Hollow (DLC),0,1047,3600,0,8003,1044,4,4
10518,[Libra] Great Hollow (DLC),0,1047,3700,0,0,1044,4,4
10519,[Libra] Great Hollow (DLC),0,1048,0,14,7604,1044,4,4
10520,[Libra] Great Hollow (DLC),0,1048,0,0,0,1044,4,4
10521,[Libra] Great Hollow (DLC),0,1048,0,15001,0,1044,4,4
10522,[Libra] Great Hollow (DLC),0,1048,0,15005,0,1044,4,4
10523,[Libra] Great Hollow (DLC),0,1048,0,15101,0,1044,4,4
10524,[Libra] Great Hollow (DLC),0,1048,0,15102,0,1044,4,4
10525,[Libra] Great Hollow (DLC),0,1048,0,15104,0,1044,4,4
10526,[Libra] Great Hollow (DLC),0,1048,160,13002,1059400300,1044,4,4
10527,[Libra] Great Hollow (DLC),0,1048,3600,0,8001,1044,4,4
10528,[Libra] Great Hollow (DLC),0,1048,3700,0,0,1044,4,4
10529,[Libra] Great Hollow (DLC),0,1049,0,14,7604,1044,4,4
10530,[Libra] Great Hollow (DLC),0,1049,0,0,0,1044,4,4
10531,[Libra] Great Hollow (DLC),0,1049,0,15002,0,1044,4,4
10532,[Libra] Great Hollow (DLC),0,1049,0,15003,0,1044,4,4
10533,[Libra] Great Hollow (DLC),0,1049,0,15101,0,1044,4,4
10534,[Libra] Great Hollow (DLC),0,1049,0,15103,0,1044,4,4
10535,[Libra] Great Hollow (DLC),0,1049,0,15105,0,1044,4,4
10536,[Libra] Great Hollow (DLC),0,1049,160,13000,1026400300,1044,4,4
10537,[Libra] Great Hollow (DLC),0,1049,3600,0,8002,1044,4,4
10538,[Libra] Great Hollow (DLC),0,1049,3700,0,0,1044,4,4
10539,[Fulghor] Standard (DLC),0,1050,0,10,7600,1050,5,0
10540,[Fulghor] Standard (DLC),0,1050,0,600,8077,1050,5,0
10541,[Fulghor] Standard (DLC),0,1050,190,707,0,1050,5,0
10542,[Fulghor] Standard (DLC),0,1050,300,1101,0,1050,5,0
10543,[Fulghor] Standard (DLC),0,1050,310,1106,0,1050,5,0
10544,[Fulghor] Standard (DLC),0,1050,320,9000,0,1050,5,0
10545,[Fulghor] Standard (DLC),0,1050,350,0,0,1050,5,0
10546,[Fulghor] Standard (DLC),0,1050,360,1304,0,1050,5,0
10547,[Fulghor] Standard (DLC),0,1050,800,0,8005,1050,5,0
10548,[Fulghor] Standard (DLC),0,1050,3120,801,7725,1050,5,0
10549,[Fulghor] Standard (DLC),0,1050,3700,0,0,1050,5,0
10550,[Fulghor] Standard (DLC),0,1050,4000,12003,0,1050,5,0
10551,[Fulghor] Standard (DLC),0,1051,0,10,7600,1050,5,0
10552,[Fulghor] Standard (DLC),0,1051,0,0,0,1050,5,0
10553,[Fulghor] Standard (DLC),0,1051,190,701,0,1050,5,0
10554,[Fulghor] Standard (DLC),0,1051,300,1101,0,1050,5,0
10555,[Fulghor] Standard (DLC),0,1051,310,1105,0,1050,5,0
10556,[Fulghor] Standard (DLC),0,1051,320,9000,0,1050,5,0
10557,[Fulghor] Standard (DLC),0,1051,350,1104,0,1050,5,0
10558,[Fulghor] Standard (DLC),0,1051,360,1303,0,1050,5,0
10559,[Fulghor] Standard (DLC),0,1051,800,0,8010,1050,5,0
10560,[Fulghor] Standard (DLC),0,1051,3700,0,0,1050,5,0
10561,[Fulghor] Standard (DLC),0,1051,4000,12003,0,1050,5,0
10562,[Fulghor] Standard (DLC),0,1052,0,10,7600,1050,5,0
10563,[Fulghor] Standard (DLC),0,1052,0,0,0,1050,5,0
10564,[Fulghor] Standard (DLC),0,1052,190,704,0,1050,5,0
10565,[Fulghor] Standard (DLC),0,1052,300,1101,0,1050,5,0
10566,[Fulghor] Standard (DLC),0,1052,310,1106,0,1050,5,0
10567,[Fulghor] Standard (DLC),0,1052,320,9000,0,1050,5,0
10568,[Fulghor] Standard (DLC),0,1052,350,0,0,1050,5,0
10569,[Fulghor] Standard (DLC),0,1052,360,1304,0,1050,5,0
10570,[Fulghor] Standard (DLC),0,1052,800,0,8004,1050,5,0
10571,[Fulghor] Standard (DLC),0,1052,3700,0,0,1050,5,0
10572,[Fulghor] Standard (DLC),0,1052,4000,12002,0,1050,5,0
10573,[Fulghor] Standard (DLC),0,1053,0,10,7600,1050,5,0
10574,[Fulghor] Standard (DLC),0,1053,0,10001,8081,1050,5,0
10575,[Fulghor] Standard (DLC),0,1053,190,707,0,1050,5,0
10576,[Fulghor] Standard (DLC),0,1053,300,1102,0,1050,5,0
10577,[Fulghor] Standard (DLC),0,1053,310,1105,0,1050,5,0
10578,[Fulghor] Standard (DLC),0,1053,350,0,0,1050,5,0
10579,[Fulghor] Standard (DLC),0,1053,360,1304,0,1050,5,0
10580,[Fulghor] Standard (DLC),0,1053,800,0,8010,1050,5,0
10581,[Fulghor] Standard (DLC),0,1053,3130,800,7705,1050,5,0
10582,[Fulghor] Standard (DLC),0,1053,3700,1100,0,1050,5,0
10583,[Fulghor] Standard (DLC),0,1053,4000,12002,0,1050,5,0
10584,[Fulghor] Standard (DLC),0,1054,0,10,7600,1050,5,0
10585,[Fulghor] Standard (DLC),0,1054,0,10001,8081,1050,5,0
10586,[Fulghor] Standard (DLC),0,1054,190,706,0,1050,5,0
10587,[Fulghor] Standard (DLC),0,1054,300,1101,0,1050,5,0
10588,[Fulghor] Standard (DLC),0,1054,310,1105,0,1050,5,0
10589,[Fulghor] Standard (DLC),0,1054,320,9000,0,1050,5,0
10590,[Fulghor] Standard (DLC),0,1054,350,0,0,1050,5,0
10591,[Fulghor] Standard (DLC),0,1054,360,1304,0,1050,5,0
10592,[Fulghor] Standard (DLC),0,1054,800,0,8006,1050,5,0
10593,[Fulghor] Standard (DLC),0,1054,3130,800,7705,1050,5,0
10594,[Fulghor] Standard (DLC),0,1054,3700,0,0,1050,5,0
10595,[Fulghor] Standard (DLC),0,1054,4000,12003,0,1050,5,0
10596,[Fulghor] Great Hollow (DLC),0,1055,0,14,7604,1054,5,4
10597,[Fulghor] Great Hollow (DLC),0,1055,0,602,8079,1054,5,4
10598,[Fulghor] Great Hollow (DLC),0,1055,0,15001,0,1054,5,4
10599,[Fulghor] Great Hollow (DLC),0,1055,0,15004,0,1054,5,4
10600,[Fulghor] Great Hollow (DLC),0,1055,0,15101,0,1054,5,4
10601,[Fulghor] Great Hollow (DLC),0,1055,0,15102,0,1054,5,4
10602,[Fulghor] Great Hollow (DLC),0,1055,0,15105,0,1054,5,4
10603,[Fulghor] Great Hollow (DLC),0,1055,160,13002,1059400300,1054,5,4
10604,[Fulghor] Great Hollow (DLC),0,1055,560,800,7705,1054,5,4
10605,[Fulghor] Great Hollow (DLC),0,1055,3600,0,8006,1054,5,4
10606,[Fulghor] Great Hollow (DLC),0,1055,3700,0,0,1054,5,4
10607,[Fulghor] Great Hollow (DLC),0,1056,0,14,7604,1054,5,4
10608,[Fulghor] Great Hollow (DLC),0,1056,0,0,0,1054,5,4
10609,[Fulghor] Great Hollow (DLC),0,1056,0,15001,0,1054,5,4
10610,[Fulghor] Great Hollow (DLC),0,1056,0,15005,0,1054,5,4
10611,[Fulghor] Great Hollow (DLC),0,1056,0,15101,0,1054,5,4
10612,[Fulghor] Great Hollow (DLC),0,1056,0,15102,0,1054,5,4
10613,[Fulghor] Great Hollow (DLC),0,1056,0,15104,0,1054,5,4
10614,[Fulghor] Great Hollow (DLC),0,1056,160,13001,1036400300,1054,5,4
10615,[Fulghor] Great Hollow (DLC),0,1056,3600,0,8009,1054,5,4
10616,[Fulghor] Great Hollow (DLC),0,1056,3700,1100,0,1054,5,4
10617,[Fulghor] Great Hollow (DLC),0,1057,0,14,7604,1054,5,4
10618,[Fulghor] Great Hollow (DLC),0,1057,0,600,8077,1054,5,4
10619,[Fulghor] Great Hollow (DLC),0,1057,0,15001,0,1054,5,4
10620,[Fulghor] Great Hollow (DLC),0,1057,0,15003,0,1054,5,4
10621,[Fulghor] Great Hollow (DLC),0,1057,0,15100,0,1054,5,4
10622,[Fulghor] Great Hollow (DLC),0,1057,0,15102,0,1054,5,4
10623,[Fulghor] Great Hollow (DLC),0,1057,0,15105,0,1054,5,4
10624,[Fulghor] Great Hollow (DLC),0,1057,160,13000,1026400300,1054,5,4
10625,[Fulghor] Great Hollow (DLC),0,1057,520,801,7725,1054,5,4
10626,[Fulghor] Great Hollow (DLC),0,1057,3600,0,8006,1054,5,4
10627,[Fulghor] Great Hollow (DLC),0,1057,3700,0,0,1054,5,4
10628,[Fulghor] Great Hollow (DLC),0,1058,0,14,7604,1054,5,4
10629,[Fulghor] Great Hollow (DLC),0,1058,0,0,0,1054,5,4
10630,[Fulghor] Great Hollow (DLC),0,1058,0,15002,0,1054,5,4
10631,[Fulghor] Great Hollow (DLC),0,1058,0,15005,0,1054,5,4
10632,[Fulghor] Great Hollow (DLC),0,1058,0,15100,0,1054,5,4
10633,[Fulghor] Great Hollow (DLC),0,1058,0,15103,0,1054,5,4
10634,[Fulghor] Great Hollow (DLC),0,1058,0,15104,0,1054,5,4
10635,[Fulghor] Great Hollow (DLC),0,1058,160,13000,1026400300,1054,5,4
10636,[Fulghor] Great Hollow (DLC),0,1058,3600,0,8003,1054,5,4
10637,[Fulghor] Great Hollow (DLC),0,1058,3700,0,0,1054,5,4
10638,[Fulghor] Great Hollow (DLC),0,1059,0,14,7604,1054,5,4
10639,[Fulghor] Great Hollow (DLC),0,1059,0,120,0,1054,5,4
10640,[Fulghor] Great Hollow (DLC),0,1059,0,15002,0,1054,5,4
10641,[Fulghor] Great Hollow (DLC),0,1059,0,15004,0,1054,5,4
10642,[Fulghor] Great Hollow (DLC),0,1059,0,15100,0,1054,5,4
10643,[Fulghor] Great Hollow (DLC),0,1059,0,15103,0,1054,5,4
10644,[Fulghor] Great Hollow (DLC),0,1059,0,15104,0,1054,5,4
10645,[Fulghor] Great Hollow (DLC),0,1059,160,13001,1036400300,1054,5,4
10646,[Fulghor] Great Hollow (DLC),0,1059,505,801,7720,1054,5,4
10647,[Fulghor] Great Hollow (DLC),0,1059,3600,0,8004,1054,5,4
10648,[Fulghor] Great Hollow (DLC),0,1059,3700,0,0,1054,5,4
10649,[Caligo] Standard (DLC),0,1060,0,10,7600,1060,6,0
10650,[Caligo] Standard (DLC),0,1060,0,10001,8081,1060,6,0
10651,[Caligo] Standard (DLC),0,1060,190,705,0,1060,6,0
10652,[Caligo] Standard (DLC),0,1060,300,1102,0,1060,6,0
10653,[Caligo] Standard (DLC),0,1060,310,1105,0,1060,6,0
10654,[Caligo] Standard (DLC),0,1060,350,0,0,1060,6,0
10655,[Caligo] Standard (DLC),0,1060,360,1304,0,1060,6,0
10656,[Caligo] Standard (DLC),0,1060,800,0,8009,1060,6,0
10657,[Caligo] Standard (DLC),0,1060,3130,800,7705,1060,6,0
10658,[Caligo] Standard (DLC),0,1060,3700,1100,0,1060,6,0
10659,[Caligo] Standard (DLC),0,1060,4000,12002,0,1060,6,0
10660,[Caligo] Standard (DLC),0,1061,0,10,7600,1060,6,0
10661,[Caligo] Standard (DLC),0,1061,0,600,8077,1060,6,0
10662,[Caligo] Standard (DLC),0,1061,190,707,0,1060,6,0
10663,[Caligo] Standard (DLC),0,1061,300,1102,0,1060,6,0
10664,[Caligo] Standard (DLC),0,1061,310,1105,0,1060,6,0
10665,[Caligo] Standard (DLC),0,1061,350,0,0,1060,6,0
10666,[Caligo] Standard (DLC),0,1061,360,1304,0,1060,6,0
10667,[Caligo] Standard (DLC),0,1061,800,0,8003,1060,6,0
10668,[Caligo] Standard (DLC),0,1061,3120,800,7705,1060,6,0
10669,[Caligo] Standard (DLC),0,1061,3700,0,0,1060,6,0
10670,[Caligo] Standard (DLC),0,1061,4000,12002,0,1060,6,0
10671,[Caligo] Standard (DLC),0,1062,0,10,7600,1060,6,0
10672,[Caligo] Standard (DLC),0,1062,0,0,0,1060,6,0
10673,[Caligo] Standard (DLC),0,1062,190,703,0,1060,6,0
10674,[Caligo] Standard (DLC),0,1062,300,1101,0,1060,6,0
10675,[Caligo] Standard (DLC),0,1062,310,1106,0,1060,6,0
10676,[Caligo] Standard (DLC),0,1062,320,9000,0,1060,6,0
10677,[Caligo] Standard (DLC),0,1062,350,0,0,1060,6,0
10678,[Caligo] Standard (DLC),0,1062,360,1304,0,1060,6,0
10679,[Caligo] Standard (DLC),0,1062,800,0,8003,1060,6,0
10680,[Caligo] Standard (DLC),0,1062,3700,0,0,1060,6,0
10681,[Caligo] Standard (DLC),0,1062,4000,12003,0,1060,6,0
10682,[Caligo] Standard (DLC),0,1063,0,10,7600,1060,6,0
10683,[Caligo] Standard (DLC),0,1063,0,0,0,1060,6,0
10684,[Caligo] Standard (DLC),0,1063,190,708,0,1060,6,0
10685,[Caligo] Standard (DLC),0,1063,300,1102,0,1060,6,0
10686,[Caligo] Standard (DLC),0,1063,310,1105,0,1060,6,0
10687,[Caligo] Standard (DLC),0,1063,350,0,0,1060,6,0
10688,[Caligo] Standard (DLC),0,1063,360,1304,0,1060,6,0
10689,[Caligo] Standard (DLC),0,1063,800,0,8011,1060,6,0
10690,[Caligo] Standard (DLC),0,1063,3700,0,0,1060,6,0
10691,[Caligo] Standard (DLC),0,1063,4000,12002,0,1060,6,0
10692,[Caligo] Standard (DLC),0,1064,0,10,7600,1060,6,0
10693,[Caligo] Standard (DLC),0,1064,0,10001,8081,1060,6,0
10694,[Caligo] Standard (DLC),0,1064,190,705,0,1060,6,0
10695,[Caligo] Standard (DLC),0,1064,300,1101,0,1060,6,0
10696,[Caligo] Standard (DLC),0,1064,310,1105,0,1060,6,0
10697,[Caligo] Standard (DLC),0,1064,320,9000,0,1060,6,0
10698,[Caligo] Standard (DLC),0,1064,350,0,0,1060,6,0
10699,[Caligo] Standard (DLC),0,1064,360,1304,0,1060,6,0
10700,[Caligo] Standard (DLC),0,1064,800,0,8009,1060,6,0
10701,[Caligo] Standard (DLC),0,1064,3130,800,7705,1060,6,0
10702,[Caligo] Standard (DLC),0,1064,3700,0,0,1060,6,0
10703,[Caligo] Standard (DLC),0,1064,4000,12002,0,1060,6,0
10704,[Caligo] Great Hollow (DLC),0,1065,0,14,7604,1064,6,4
10705,[Caligo] Great Hollow (DLC),0,1065,0,0,0,1064,6,4
10706,[Caligo] Great Hollow (DLC),0,1065,0,15002,0,1064,6,4
10707,[Caligo] Great Hollow (DLC),0,1065,0,15004,0,1064,6,4
10708,[Caligo] Great Hollow (DLC),0,1065,0,15101,0,1064,6,4
10709,[Caligo] Great Hollow (DLC),0,1065,0,15103,0,1064,6,4
10710,[Caligo] Great Hollow (DLC),0,1065,0,15104,0,1064,6,4
10711,[Caligo] Great Hollow (DLC),0,1065,160,13001,1036400300,1064,6,4
10712,[Caligo] Great Hollow (DLC),0,1065,530,801,7720,1064,6,4
10713,[Caligo] Great Hollow (DLC),0,1065,3600,0,8001,1064,6,4
10714,[Caligo] Great Hollow (DLC),0,1065,3700,0,0,1064,6,4
10715,[Caligo] Great Hollow (DLC),0,1066,0,14,7604,1064,6,4
10716,[Caligo] Great Hollow (DLC),0,1066,0,602,8079,1064,6,4
10717,[Caligo] Great Hollow (DLC),0,1066,0,15002,0,1064,6,4
10718,[Caligo] Great Hollow (DLC),0,1066,0,15003,0,1064,6,4
10719,[Caligo] Great Hollow (DLC),0,1066,0,15101,0,1064,6,4
10720,[Caligo] Great Hollow (DLC),0,1066,0,15103,0,1064,6,4
10721,[Caligo] Great Hollow (DLC),0,1066,0,15105,0,1064,6,4
10722,[Caligo] Great Hollow (DLC),0,1066,160,13002,1059400300,1064,6,4
10723,[Caligo] Great Hollow (DLC),0,1066,560,801,7725,1064,6,4
10724,[Caligo] Great Hollow (DLC),0,1066,3600,0,8006,1064,6,4
10725,[Caligo] Great Hollow (DLC),0,1066,3700,0,0,1064,6,4
10726,[Caligo] Great Hollow (DLC),0,1067,0,14,7604,1064,6,4
10727,[Caligo] Great Hollow (DLC),0,1067,0,603,8076,1064,6,4
10728,[Caligo] Great Hollow (DLC),0,1067,0,15001,0,1064,6,4
10729,[Caligo] Great Hollow (DLC),0,1067,0,15005,0,1064,6,4
10730,[Caligo] Great Hollow (DLC),0,1067,0,15101,0,1064,6,4
10731,[Caligo] Great Hollow (DLC),0,1067,0,15103,0,1064,6,4
10732,[Caligo] Great Hollow (DLC),0,1067,0,15105,0,1064,6,4
10733,[Caligo] Great Hollow (DLC),0,1067,160,13001,1036400300,1064,6,4
10734,[Caligo] Great Hollow (DLC),0,1067,540,800,7705,1064,6,4
10735,[Caligo] Great Hollow (DLC),0,1067,3600,0,8006,1064,6,4
10736,[Caligo] Great Hollow (DLC),0,1067,3700,0,0,1064,6,4
10737,[Caligo] Great Hollow (DLC),0,1068,0,14,7604,1064,6,4
10738,[Caligo] Great Hollow (DLC),0,1068,0,0,0,1064,6,4
10739,[Caligo] Great Hollow (DLC),0,1068,0,15002,0,1064,6,4
10740,[Caligo] Great Hollow (DLC),0,1068,0,15005,0,1064,6,4
10741,[Caligo] Great Hollow (DLC),0,1068,0,15100,0,1064,6,4
10742,[Caligo] Great Hollow (DLC),0,1068,0,15102,0,1064,6,4
10743,[Caligo] Great Hollow (DLC),0,1068,0,15104,0,1064,6,4
10744,[Caligo] Great Hollow (DLC),0,1068,160,13000,1026400300,1064,6,4
10745,[Caligo] Great Hollow (DLC),0,1068,3600,0,8003,1064,6,4
10746,[Caligo] Great Hollow (DLC),0,1068,3700,0,0,1064,6,4
10747,[Caligo] Great Hollow (DLC),0,1069,0,14,7604,1064,6,4
10748,[Caligo] Great Hollow (DLC),0,1069,0,0,0,1064,6,4
10749,[Caligo] Great Hollow (DLC),0,1069,0,15001,0,1064,6,4
10750,[Caligo] Great Hollow (DLC),0,1069,0,15003,0,1064,6,4
10751,[Caligo] Great Hollow (DLC),0,1069,0,15100,0,1064,6,4
10752,[Caligo] Great Hollow (DLC),0,1069,0,15102,0,1064,6,4
10753,[Caligo] Great Hollow (DLC),0,1069,0,15105,0,1064,6,4
10754,[Caligo] Great Hollow (DLC),0,1069,160,13000,1026400300,1064,6,4
10755,[Caligo] Great Hollow (DLC),0,1069,3600,0,8002,1064,6,4
10756,[Caligo] Great Hollow (DLC),0,1069,3700,0,0,1064,6,4
10757,[Heolstor] Standard (DLC),0,1070,0,10,7600,1070,7,0
10758,[Heolstor] Standard (DLC),0,1070,0,600,8077,1070,7,0
10759,[Heolstor] Standard (DLC),0,1070,190,706,0,1070,7,0
10760,[Heolstor] Standard (DLC),0,1070,300,1102,0,1070,7,0
10761,[Heolstor] Standard (DLC),0,1070,310,1105,0,1070,7,0
10762,[Heolstor] Standard (DLC),0,1070,350,0,0,1070,7,0
10763,[Heolstor] Standard (DLC),0,1070,360,1304,0,1070,7,0
10764,[Heolstor] Standard (DLC),0,1070,800,0,8008,1070,7,0
10765,[Heolstor] Standard (DLC),0,1070,3120,801,7725,1070,7,0
10766,[Heolstor] Standard (DLC),0,1070,3700,0,0,1070,7,0
10767,[Heolstor] Standard (DLC),0,1070,4000,12003,0,1070,7,0
10768,[Heolstor] Standard (DLC),0,1071,0,10,7600,1070,7,0
10769,[Heolstor] Standard (DLC),0,1071,0,0,0,1070,7,0
10770,[Heolstor] Standard (DLC),0,1071,190,703,0,1070,7,0
10771,[Heolstor] Standard (DLC),0,1071,300,1102,0,1070,7,0
10772,[Heolstor] Standard (DLC),0,1071,310,1105,0,1070,7,0
10773,[Heolstor] Standard (DLC),0,1071,350,1104,0,1070,7,0
10774,[Heolstor] Standard (DLC),0,1071,360,1303,0,1070,7,0
10775,[Heolstor] Standard (DLC),0,1071,800,0,8008,1070,7,0
10776,[Heolstor] Standard (DLC),0,1071,3700,0,0,1070,7,0
10777,[Heolstor] Standard (DLC),0,1071,4000,12002,0,1070,7,0
10778,[Heolstor] Standard (DLC),0,1072,0,10,7600,1070,7,0
10779,[Heolstor] Standard (DLC),0,1072,0,10000,8080,1070,7,0
10780,[Heolstor] Standard (DLC),0,1072,190,705,0,1070,7,0
10781,[Heolstor] Standard (DLC),0,1072,300,1102,0,1070,7,0
10782,[Heolstor] Standard (DLC),0,1072,310,1105,0,1070,7,0
10783,[Heolstor] Standard (DLC),0,1072,350,1104,0,1070,7,0
10784,[Heolstor] Standard (DLC),0,1072,360,1303,0,1070,7,0
10785,[Heolstor] Standard (DLC),0,1072,800,0,8010,1070,7,0
10786,[Heolstor] Standard (DLC),0,1072,3110,800,7705,1070,7,0
10787,[Heolstor] Standard (DLC),0,1072,3700,0,0,1070,7,0
10788,[Heolstor] Standard (DLC),0,1072,4000,12002,0,1070,7,0
10789,[Heolstor] Standard (DLC),0,1073,0,10,7600,1070,7,0
10790,[Heolstor] Standard (DLC),0,1073,0,0,0,1070,7,0
10791,[Heolstor] Standard (DLC),0,1073,190,708,0,1070,7,0
10792,[Heolstor] Standard (DLC),0,1073,300,1102,0,1070,7,0
10793,[Heolstor] Standard (DLC),0,1073,310,1105,0,1070,7,0
10794,[Heolstor] Standard (DLC),0,1073,350,0,0,1070,7,0
10795,[Heolstor] Standard (DLC),0,1073,360,1304,0,1070,7,0
10796,[Heolstor] Standard (DLC),0,1073,800,0,8008,1070,7,0
10797,[Heolstor] Standard (DLC),0,1073,3700,0,0,1070,7,0
10798,[Heolstor] Standard (DLC),0,1073,4000,12002,0,1070,7,0
10799,[Heolstor] Standard (DLC),0,1074,0,10,7600,1070,7,0
10800,[Heolstor] Standard (DLC),0,1074,0,10001,8081,1070,7,0
10801,[Heolstor] Standard (DLC),0,1074,190,706,0,1070,7,0
10802,[Heolstor] Standard (DLC),0,1074,300,1102,0,1070,7,0
10803,[Heolstor] Standard (DLC),0,1074,310,1105,0,1070,7,0
10804,[Heolstor] Standard (DLC),0,1074,350,1104,0,1070,7,0
10805,[Heolstor] Standard (DLC),0,1074,360,1303,0,1070,7,0
10806,[Heolstor] Standard (DLC),0,1074,800,0,8007,1070,7,0
10807,[Heolstor] Standard (DLC),0,1074,3130,800,7705,1070,7,0
10808,[Heolstor] Standard (DLC),0,1074,3700,0,0,1070,7,0
10809,[Heolstor] Standard (DLC),0,1074,4000,12003,0,1070,7,0
10810,[Heolstor] Great Hollow (DLC),0,1075,0,14,7604,1074,7,4
10811,[Heolstor] Great Hollow (DLC),0,1075,0,0,0,1074,7,4
10812,[Heolstor] Great Hollow (DLC),0,1075,0,15002,0,1074,7,4
10813,[Heolstor] Great Hollow (DLC),0,1075,0,15003,0,1074,7,4
10814,[Heolstor] Great Hollow (DLC),0,1075,0,15100,0,1074,7,4
10815,[Heolstor] Great Hollow (DLC),0,1075,0,15102,0,1074,7,4
10816,[Heolstor] Great Hollow (DLC),0,1075,0,15104,0,1074,7,4
10817,[Heolstor] Great Hollow (DLC),0,1075,160,13001,1036400300,1074,7,4
10818,[Heolstor] Great Hollow (DLC),0,1075,3600,0,8010,1074,7,4
10819,[Heolstor] Great Hollow (DLC),0,1075,3700,0,0,1074,7,4
10820,[Heolstor] Great Hollow (DLC),0,1076,0,14,7604,1074,7,4
10821,[Heolstor] Great Hollow (DLC),0,1076,0,0,0,1074,7,4
10822,[Heolstor] Great Hollow (DLC),0,1076,0,15001,0,1074,7,4
10823,[Heolstor] Great Hollow (DLC),0,1076,0,15004,0,1074,7,4
10824,[Heolstor] Great Hollow (DLC),0,1076,0,15100,0,1074,7,4
10825,[Heolstor] Great Hollow (DLC),0,1076,0,15102,0,1074,7,4
10826,[Heolstor] Great Hollow (DLC),0,1076,0,15104,0,1074,7,4
10827,[Heolstor] Great Hollow (DLC),0,1076,160,13002,1059400300,1074,7,4
10828,[Heolstor] Great Hollow (DLC),0,1076,3600,0,8010,1074,7,4
10829,[Heolstor] Great Hollow (DLC),0,1076,3700,0,0,1074,7,4
10830,[Heolstor] Great Hollow (DLC),0,1077,0,14,7604,1074,7,4
10831,[Heolstor] Great Hollow (DLC),0,1077,0,600,8077,1074,7,4
10832,[Heolstor] Great Hollow (DLC),0,1077,0,15001,0,1074,7,4
10833,[Heolstor] Great Hollow (DLC),0,1077,0,15005,0,1074,7,4
10834,[Heolstor] Great Hollow (DLC),0,1077,0,15101,0,1074,7,4
10835,[Heolstor] Great Hollow (DLC),0,1077,0,15102,0,1074,7,4
10836,[Heolstor] Great Hollow (DLC),0,1077,0,15105,0,1074,7,4
10837,[Heolstor] Great Hollow (DLC),0,1077,160,13000,1026400300,1074,7,4
10838,[Heolstor] Great Hollow (DLC),0,1077,520,801,7725,1074,7,4
10839,[Heolstor] Great Hollow (DLC),0,1077,3600,0,8007,1074,7,4
10840,[Heolstor] Great Hollow (DLC),0,1077,3700,0,0,1074,7,4
10841,[Heolstor] Great Hollow (DLC),0,1078,0,14,7604,1074,7,4
10842,[Heolstor] Great Hollow (DLC),0,1078,0,0,0,1074,7,4
10843,[Heolstor] Great Hollow (DLC),0,1078,0,15001,0,1074,7,4
10844,[Heolstor] Great Hollow (DLC),0,1078,0,15003,0,1074,7,4
10845,[Heolstor] Great Hollow (DLC),0,1078,0,15100,0,1074,7,4
10846,[Heolstor] Great Hollow (DLC),0,1078,0,15103,0,1074,7,4
10847,[Heolstor] Great Hollow (DLC),0,1078,0,15105,0,1074,7,4
10848,[Heolstor] Great Hollow (DLC),0,1078,160,13001,1036400300,1074,7,4
10849,[Heolstor] Great Hollow (DLC),0,1078,530,801,7720,1074,7,4
10850,[Heolstor] Great Hollow (DLC),0,1078,3600,0,8003,1074,7,4
10851,[Heolstor] Great Hollow (DLC),0,1078,3700,0,0,1074,7,4
10852,[Heolstor] Great Hollow (DLC),0,1079,0,14,7604,1074,7,4
10853,[Heolstor] Great Hollow (DLC),0,1079,0,10000,8080,1074,7,4
10854,[Heolstor] Great Hollow (DLC),0,1079,0,15002,0,1074,7,4
10855,[Heolstor] Great Hollow (DLC),0,1079,0,15004,0,1074,7,4
10856,[Heolstor] Great Hollow (DLC),0,1079,0,15101,0,1074,7,4
10857,[Heolstor] Great Hollow (DLC),0,1079,0,15103,0,1074,7,4
10858,[Heolstor] Great Hollow (DLC),0,1079,0,15104,0,1074,7,4
10859,[Heolstor] Great Hollow (DLC),0,1079,160,13002,1059400300,1074,7,4
10860,[Heolstor] Great Hollow (DLC),0,1079,510,801,7725,1074,7,4
10861,[Heolstor] Great Hollow (DLC),0,1079,3600,0,8009,1074,7,4
10862,[Heolstor] Great Hollow (DLC),0,1079,3700,0,0,1074,7,4
10863,[Harmonia] Standard (DLC),0,1080,0,10,7600,1080,8,0
10864,[Harmonia] Standard (DLC),0,1080,0,140,0,1080,8,0
10865,[Harmonia] Standard (DLC),0,1080,190,707,0,1080,8,0
10866,[Harmonia] Standard (DLC),0,1080,300,1101,0,1080,8,0
10867,[Harmonia] Standard (DLC),0,1080,310,1105,0,1080,8,0
10868,[Harmonia] Standard (DLC),0,1080,320,9000,0,1080,8,0
10869,[Harmonia] Standard (DLC),0,1080,350,1104,0,1080,8,0
10870,[Harmonia] Standard (DLC),0,1080,360,1303,0,1080,8,0
10871,[Harmonia] Standard (DLC),0,1080,800,0,8003,1080,8,0
10872,[Harmonia] Standard (DLC),0,1080,3080,801,7727,1080,8,0
10873,[Harmonia] Standard (DLC),0,1080,3500,0,1044360220,1080,8,0
10874,[Harmonia] Standard (DLC),0,1080,3700,0,0,1080,8,0
10875,[Harmonia] Standard (DLC),0,1080,4000,12002,0,1080,8,0
10876,[Harmonia] Standard (DLC),0,1081,0,10,7600,1080,8,0
10877,[Harmonia] Standard (DLC),0,1081,0,600,8077,1080,8,0
10878,[Harmonia] Standard (DLC),0,1081,190,700,0,1080,8,0
10879,[Harmonia] Standard (DLC),0,1081,300,1101,0,1080,8,0
10880,[Harmonia] Standard (DLC),0,1081,310,1105,0,1080,8,0
10881,[Harmonia] Standard (DLC),0,1081,320,9000,0,1080,8,0
10882,[Harmonia] Standard (DLC),0,1081,350,0,0,1080,8,0
10883,[Harmonia] Standard (DLC),0,1081,360,1304,0,1080,8,0
10884,[Harmonia] Standard (DLC),0,1081,800,0,8010,1080,8,0
10885,[Harmonia] Standard (DLC),0,1081,3120,801,7725,1080,8,0
10886,[Harmonia] Standard (DLC),0,1081,3700,0,0,1080,8,0
10887,[Harmonia] Standard (DLC),0,1081,4000,12003,0,1080,8,0
10888,[Harmonia] Standard (DLC),0,1082,0,10,7600,1080,8,0
10889,[Harmonia] Standard (DLC),0,1082,0,600,8077,1080,8,0
10890,[Harmonia] Standard (DLC),0,1082,190,706,0,1080,8,0
10891,[Harmonia] Standard (DLC),0,1082,300,1101,0,1080,8,0
10892,[Harmonia] Standard (DLC),0,1082,310,1105,0,1080,8,0
10893,[Harmonia] Standard (DLC),0,1082,320,9000,0,1080,8,0
10894,[Harmonia] Standard (DLC),0,1082,350,0,0,1080,8,0
10895,[Harmonia] Standard (DLC),0,1082,360,1304,0,1080,8,0
10896,[Harmonia] Standard (DLC),0,1082,800,0,8011,1080,8,0
10897,[Harmonia] Standard (DLC),0,1082,3120,800,7705,1080,8,0
10898,[Harmonia] Standard (DLC),0,1082,3700,0,0,1080,8,0
10899,[Harmonia] Standard (DLC),0,1082,4000,12002,0,1080,8,0
10900,[Harmonia] Standard (DLC),0,1083,0,10,7600,1080,8,0
10901,[Harmonia] Standard (DLC),0,1083,0,0,0,1080,8,0
10902,[Harmonia] Standard (DLC),0,1083,190,707,0,1080,8,0
10903,[Harmonia] Standard (DLC),0,1083,300,1102,0,1080,8,0
10904,[Harmonia] Standard (DLC),0,1083,310,1105,0,1080,8,0
10905,[Harmonia] Standard (DLC),0,1083,350,1104,0,1080,8,0
10906,[Harmonia] Standard (DLC),0,1083,360,1303,0,1080,8,0
10907,[Harmonia] Standard (DLC),0,1083,800,0,8007,1080,8,0
10908,[Harmonia] Standard (DLC),0,1083,3700,0,0,1080,8,0
10909,[Harmonia] Standard (DLC),0,1083,4000,12003,0,1080,8,0
10910,[Harmonia] Standard (DLC),0,1084,0,10,7600,1080,8,0
10911,[Harmonia] Standard (DLC),0,1084,0,0,0,1080,8,0
10912,[Harmonia] Standard (DLC),0,1084,190,702,0,1080,8,0
10913,[Harmonia] Standard (DLC),0,1084,300,1102,0,1080,8,0
10914,[Harmonia] Standard (DLC),0,1084,310,1105,0,1080,8,0
10915,[Harmonia] Standard (DLC),0,1084,350,1104,0,1080,8,0
10916,[Harmonia] Standard (DLC),0,1084,360,1303,0,1080,8,0
10917,[Harmonia] Standard (DLC),0,1084,800,0,8000,1080,8,0
10918,[Harmonia] Standard (DLC),0,1084,3700,0,0,1080,8,0
10919,[Harmonia] Standard (DLC),0,1084,4000,12002,0,1080,8,0
10920,[Harmonia] Standard (DLC),0,1085,0,10,7600,1080,8,0
10921,[Harmonia] Standard (DLC),0,1085,0,0,0,1080,8,0
10922,[Harmonia] Standard (DLC),0,1085,190,702,0,1080,8,0
10923,[Harmonia] Standard (DLC),0,1085,300,1102,0,1080,8,0
10924,[Harmonia] Standard (DLC),0,1085,310,1106,0,1080,8,0
10925,[Harmonia] Standard (DLC),0,1085,350,0,0,1080,8,0
10926,[Harmonia] Standard (DLC),0,1085,360,1304,0,1080,8,0
10927,[Harmonia] Standard (DLC),0,1085,800,0,8003,1080,8,0
10928,[Harmonia] Standard (DLC),0,1085,3700,0,0,1080,8,0
10929,[Harmonia] Standard (DLC),0,1085,4000,12003,0,1080,8,0
10930,[Harmonia] Standard (DLC),0,1086,0,10,7600,1080,8,0
10931,[Harmonia] Standard (DLC),0,1086,0,600,8077,1080,8,0
10932,[Harmonia] Standard (DLC),0,1086,190,705,0,1080,8,0
10933,[Harmonia] Standard (DLC),0,1086,300,1101,0,1080,8,0
10934,[Harmonia] Standard (DLC),0,1086,310,1105,0,1080,8,0
10935,[Harmonia] Standard (DLC),0,1086,320,9000,0,1080,8,0
10936,[Harmonia] Standard (DLC),0,1086,350,0,0,1080,8,0
10937,[Harmonia] Standard (DLC),0,1086,360,1304,0,1080,8,0
10938,[Harmonia] Standard (DLC),0,1086,800,0,8001,1080,8,0
10939,[Harmonia] Standard (DLC),0,1086,3120,801,7725,1080,8,0
10940,[Harmonia] Standard (DLC),0,1086,3700,0,0,1080,8,0
10941,[Harmonia] Standard (DLC),0,1086,4000,12002,0,1080,8,0
10942,[Harmonia] Standard (DLC),0,1087,0,10,7600,1080,8,0
10943,[Harmonia] Standard (DLC),0,1087,0,120,0,1080,8,0
10944,[Harmonia] Standard (DLC),0,1087,190,705,0,1080,8,0
10945,[Harmonia] Standard (DLC),0,1087,300,1101,0,1080,8,0
10946,[Harmonia] Standard (DLC),0,1087,310,1105,0,1080,8,0
10947,[Harmonia] Standard (DLC),0,1087,320,9000,0,1080,8,0
10948,[Harmonia] Standard (DLC),0,1087,350,1104,0,1080,8,0
10949,[Harmonia] Standard (DLC),0,1087,360,1303,0,1080,8,0
10950,[Harmonia] Standard (DLC),0,1087,800,0,8004,1080,8,0
10951,[Harmonia] Standard (DLC),0,1087,3000,801,7720,1080,8,0
10952,[Harmonia] Standard (DLC),0,1087,3700,0,0,1080,8,0
10953,[Harmonia] Standard (DLC),0,1087,4000,12002,0,1080,8,0
10954,[Harmonia] Standard (DLC),0,1088,0,10,7600,1080,8,0
10955,[Harmonia] Standard (DLC),0,1088,0,600,8077,1080,8,0
10956,[Harmonia] Standard (DLC),0,1088,190,700,0,1080,8,0
10957,[Harmonia] Standard (DLC),0,1088,300,1102,0,1080,8,0
10958,[Harmonia] Standard (DLC),0,1088,310,1106,0,1080,8,0
10959,[Harmonia] Standard (DLC),0,1088,350,0,0,1080,8,0
10960,[Harmonia] Standard (DLC),0,1088,360,1304,0,1080,8,0
10961,[Harmonia] Standard (DLC),0,1088,800,0,8004,1080,8,0
10962,[Harmonia] Standard (DLC),0,1088,3120,800,7705,1080,8,0
10963,[Harmonia] Standard (DLC),0,1088,3700,0,0,1080,8,0
10964,[Harmonia] Standard (DLC),0,1088,4000,12003,0,1080,8,0
10965,[Harmonia] Standard (DLC),0,1089,0,10,7600,1080,8,0
10966,[Harmonia] Standard (DLC),0,1089,0,10000,8080,1080,8,0
10967,[Harmonia] Standard (DLC),0,1089,190,705,0,1080,8,0
10968,[Harmonia] Standard (DLC),0,1089,300,1101,0,1080,8,0
10969,[Harmonia] Standard (DLC),0,1089,310,1105,0,1080,8,0
10970,[Harmonia] Standard (DLC),0,1089,320,9000,0,1080,8,0
10971,[Harmonia] Standard (DLC),0,1089,350,1104,0,1080,8,0
10972,[Harmonia] Standard (DLC),0,1089,360,1303,0,1080,8,0
10973,[Harmonia] Standard (DLC),0,1089,800,0,8004,1080,8,0
10974,[Harmonia] Standard (DLC),0,1089,3110,800,7705,1080,8,0
10975,[Harmonia] Standard (DLC),0,1089,3700,0,0,1080,8,0
10976,[Harmonia] Standard (DLC),0,1089,4000,12003,0,1080,8,0
10977,[Harmonia] Standard (DLC),0,1090,0,10,7600,1080,8,0
10978,[Harmonia] Standard (DLC),0,1090,0,0,0,1080,8,0
10979,[Harmonia] Standard (DLC),0,1090,190,701,0,1080,8,0
10980,[Harmonia] Standard (DLC),0,1090,300,1102,0,1080,8,0
10981,[Harmonia] Standard (DLC),0,1090,310,1105,0,1080,8,0
10982,[Harmonia] Standard (DLC),0,1090,350,0,0,1080,8,0
10983,[Harmonia] Standard (DLC),0,1090,360,1304,0,1080,8,0
10984,[Harmonia] Standard (DLC),0,1090,800,0,8008,1080,8,0
10985,[Harmonia] Standard (DLC),0,1090,3700,0,0,1080,8,0
10986,[Harmonia] Standard (DLC),0,1090,4000,12003,0,1080,8,0
10987,[Harmonia] Standard (DLC),0,1091,0,10,7600,1080,8,0
10988,[Harmonia] Standard (DLC),0,1091,0,0,0,1080,8,0
10989,[Harmonia] Standard (DLC),0,1091,190,706,0,1080,8,0
10990,[Harmonia] Standard (DLC),0,1091,300,1101,0,1080,8,0
10991,[Harmonia] Standard (DLC),0,1091,310,1105,0,1080,8,0
10992,[Harmonia] Standard (DLC),0,1091,320,9000,0,1080,8,0
10993,[Harmonia] Standard (DLC),0,1091,350,0,0,1080,8,0
10994,[Harmonia] Standard (DLC),0,1091,360,1304,0,1080,8,0
10995,[Harmonia] Standard (DLC),0,1091,800,0,8010,1080,8,0
10996,[Harmonia] Standard (DLC),0,1091,3700,0,0,1080,8,0
10997,[Harmonia] Standard (DLC),0,1091,4000,12003,0,1080,8,0
10998,[Harmonia] Standard (DLC),0,1092,0,10,7600,1080,8,0
10999,[Harmonia] Standard (DLC),0,1092,0,600,8077,1080,8,0
11000,[Harmonia] Standard (DLC),0,1092,190,702,0,1080,8,0
11001,[Harmonia] Standard (DLC),0,1092,300,1102,0,1080,8,0
11002,[Harmonia] Standard (DLC),0,1092,310,1106,0,1080,8,0
11003,[Harmonia] Standard (DLC),0,1092,350,0,0,1080,8,0
11004,[Harmonia] Standard (DLC),0,1092,360,1304,0,1080,8,0
11005,[Harmonia] Standard (DLC),0,1092,800,0,8011,1080,8,0
11006,[Harmonia] Standard (DLC),0,1092,3120,801,7725,1080,8,0
11007,[Harmonia] Standard (DLC),0,1092,3700,0,0,1080,8,0
11008,[Harmonia] Standard (DLC),0,1092,4000,12002,0,1080,8,0
11009,[Harmonia] Standard (DLC),0,1093,0,10,7600,1080,8,0
11010,[Harmonia] Standard (DLC),0,1093,0,210,0,1080,8,0
11011,[Harmonia] Standard (DLC),0,1093,190,703,0,1080,8,0
11012,[Harmonia] Standard (DLC),0,1093,300,1101,0,1080,8,0
11013,[Harmonia] Standard (DLC),0,1093,310,1105,0,1080,8,0
11014,[Harmonia] Standard (DLC),0,1093,320,9000,0,1080,8,0
11015,[Harmonia] Standard (DLC),0,1093,350,0,0,1080,8,0
11016,[Harmonia] Standard (DLC),0,1093,360,1304,0,1080,8,0
11017,[Harmonia] Standard (DLC),0,1093,800,0,8008,1080,8,0
11018,[Harmonia] Standard (DLC),0,1093,3020,800,7702,1080,8,0
11019,[Harmonia] Standard (DLC),0,1093,3700,0,0,1080,8,0
11020,[Harmonia] Standard (DLC),0,1093,4000,12003,0,1080,8,0
11021,[Harmonia] Standard (DLC),0,1094,0,10,7600,1080,8,0
11022,[Harmonia] Standard (DLC),0,1094,0,10000,8080,1080,8,0
11023,[Harmonia] Standard (DLC),0,1094,190,702,0,1080,8,0
11024,[Harmonia] Standard (DLC),0,1094,300,1102,0,1080,8,0
11025,[Harmonia] Standard (DLC),0,1094,310,1105,0,1080,8,0
11026,[Harmonia] Standard (DLC),0,1094,350,0,0,1080,8,0
11027,[Harmonia] Standard (DLC),0,1094,360,1304,0,1080,8,0
11028,[Harmonia] Standard (DLC),0,1094,800,0,8010,1080,8,0
11029,[Harmonia] Standard (DLC),0,1094,3110,801,7725,1080,8,0
11030,[Harmonia] Standard (DLC),0,1094,3700,1100,0,1080,8,0
11031,[Harmonia] Standard (DLC),0,1094,4000,12003,0,1080,8,0
11032,[Harmonia] Standard (DLC),0,1095,0,10,7600,1080,8,0
11033,[Harmonia] Standard (DLC),0,1095,0,10000,8080,1080,8,0
11034,[Harmonia] Standard (DLC),0,1095,190,705,0,1080,8,0
11035,[Harmonia] Standard (DLC),0,1095,300,1102,0,1080,8,0
11036,[Harmonia] Standard (DLC),0,1095,310,1105,0,1080,8,0
11037,[Harmonia] Standard (DLC),0,1095,350,0,0,1080,8,0
11038,[Harmonia] Standard (DLC),0,1095,360,1304,0,1080,8,0
11039,[Harmonia] Standard (DLC),0,1095,800,0,8004,1080,8,0
11040,[Harmonia] Standard (DLC),0,1095,3110,800,7705,1080,8,0
11041,[Harmonia] Standard (DLC),0,1095,3700,0,0,1080,8,0
11042,[Harmonia] Standard (DLC),0,1095,4000,12002,0,1080,8,0
11043,[Harmonia] Standard (DLC),0,1096,0,10,7600,1080,8,0
11044,[Harmonia] Standard (DLC),0,1096,0,200,0,1080,8,0
11045,[Harmonia] Standard (DLC),0,1096,190,705,0,1080,8,0
11046,[Harmonia] Standard (DLC),0,1096,300,1102,0,1080,8,0
11047,[Harmonia] Standard (DLC),0,1096,310,1106,0,1080,8,0
11048,[Harmonia] Standard (DLC),0,1096,350,1104,0,1080,8,0
11049,[Harmonia] Standard (DLC),0,1096,360,1303,0,1080,8,0
11050,[Harmonia] Standard (DLC),0,1096,800,0,8009,1080,8,0
11051,[Harmonia] Standard (DLC),0,1096,3010,801,7721,1080,8,0
11052,[Harmonia] Standard (DLC),0,1096,3700,0,0,1080,8,0
11053,[Harmonia] Standard (DLC),0,1096,4000,12002,0,1080,8,0
11054,[Harmonia] Standard (DLC),0,1097,0,10,7600,1080,8,0
11055,[Harmonia] Standard (DLC),0,1097,0,0,0,1080,8,0
11056,[Harmonia] Standard (DLC),0,1097,190,700,0,1080,8,0
11057,[Harmonia] Standard (DLC),0,1097,300,1102,0,1080,8,0
11058,[Harmonia] Standard (DLC),0,1097,310,1105,0,1080,8,0
11059,[Harmonia] Standard (DLC),0,1097,350,0,0,1080,8,0
11060,[Harmonia] Standard (DLC),0,1097,360,1304,0,1080,8,0
11061,[Harmonia] Standard (DLC),0,1097,800,0,8002,1080,8,0
11062,[Harmonia] Standard (DLC),0,1097,3700,0,0,1080,8,0
11063,[Harmonia] Standard (DLC),0,1097,4000,12002,0,1080,8,0
11064,[Harmonia] Standard (DLC),0,1098,0,10,7600,1080,8,0
11065,[Harmonia] Standard (DLC),0,1098,0,600,8077,1080,8,0
11066,[Harmonia] Standard (DLC),0,1098,190,701,0,1080,8,0
11067,[Harmonia] Standard (DLC),0,1098,300,1102,0,1080,8,0
11068,[Harmonia] Standard (DLC),0,1098,310,1105,0,1080,8,0
11069,[Harmonia] Standard (DLC),0,1098,350,0,0,1080,8,0
11070,[Harmonia] Standard (DLC),0,1098,360,1304,0,1080,8,0
11071,[Harmonia] Standard (DLC),0,1098,800,0,8008,1080,8,0
11072,[Harmonia] Standard (DLC),0,1098,3120,800,7705,1080,8,0
11073,[Harmonia] Standard (DLC),0,1098,3700,0,0,1080,8,0
11074,[Harmonia] Standard (DLC),0,1098,4000,12003,0,1080,8,0
11075,[Harmonia] Standard (DLC),0,1099,0,10,7600,1080,8,0
11076,[Harmonia] Standard (DLC),0,1099,0,0,0,1080,8,0
11077,[Harmonia] Standard (DLC),0,1099,190,706,0,1080,8,0
11078,[Harmonia] Standard (DLC),0,1099,300,1102,0,1080,8,0
11079,[Harmonia] Standard (DLC),0,1099,310,1105,0,1080,8,0
11080,[Harmonia] Standard (DLC),0,1099,350,0,0,1080,8,0
11081,[Harmonia] Standard (DLC),0,1099,360,1304,0,1080,8,0
11082,[Harmonia] Standard (DLC),0,1099,800,0,8000,1080,8,0
11083,[Harmonia] Standard (DLC),0,1099,3700,1100,0,1080,8,0
11084,[Harmonia] Standard (DLC),0,1099,4000,12003,0,1080,8,0
11085,[Harmonia] Mountaintops (DLC),0,1100,0,11,7601,1081,8,1
11086,[Harmonia] Mountaintops (DLC),0,1100,0,180,0,1081,8,1
11087,[Harmonia] Mountaintops (DLC),0,1100,150,9002,0,1081,8,1
11088,[Harmonia] Mountaintops (DLC),0,1100,190,700,0,1081,8,1
11089,[Harmonia] Mountaintops (DLC),0,1100,300,1101,0,1081,8,1
11090,[Harmonia] Mountaintops (DLC),0,1100,310,1105,0,1081,8,1
11091,[Harmonia] Mountaintops (DLC),0,1100,320,9001,0,1081,8,1
11092,[Harmonia] Mountaintops (DLC),0,1100,350,1104,0,1081,8,1
11093,[Harmonia] Mountaintops (DLC),0,1100,360,1300,0,1081,8,1
11094,[Harmonia] Mountaintops (DLC),0,1100,800,0,8004,1081,8,1
11095,[Harmonia] Mountaintops (DLC),0,1100,3030,801,7724,1081,8,1
11096,[Harmonia] Mountaintops (DLC),0,1100,3600,1151,0,1081,8,1
11097,[Harmonia] Mountaintops (DLC),0,1100,3700,1100,0,1081,8,1
11098,[Harmonia] Mountaintops (DLC),0,1100,4000,12003,0,1081,8,1
11099,[Harmonia] Mountaintops (DLC),0,1101,0,11,7601,1081,8,1
11100,[Harmonia] Mountaintops (DLC),0,1101,0,600,8077,1081,8,1
11101,[Harmonia] Mountaintops (DLC),0,1101,150,9002,0,1081,8,1
11102,[Harmonia] Mountaintops (DLC),0,1101,190,704,0,1081,8,1
11103,[Harmonia] Mountaintops (DLC),0,1101,300,1101,0,1081,8,1
11104,[Harmonia] Mountaintops (DLC),0,1101,310,1105,0,1081,8,1
11105,[Harmonia] Mountaintops (DLC),0,1101,320,9001,0,1081,8,1
11106,[Harmonia] Mountaintops (DLC),0,1101,350,1104,0,1081,8,1
11107,[Harmonia] Mountaintops (DLC),0,1101,360,1300,0,1081,8,1
11108,[Harmonia] Mountaintops (DLC),0,1101,800,0,8003,1081,8,1
11109,[Harmonia] Mountaintops (DLC),0,1101,3120,801,7725,1081,8,1
11110,[Harmonia] Mountaintops (DLC),0,1101,3700,0,0,1081,8,1
11111,[Harmonia] Mountaintops (DLC),0,1101,4000,12002,0,1081,8,1
11112,[Harmonia] Mountaintops (DLC),0,1102,0,11,7601,1081,8,1
11113,[Harmonia] Mountaintops (DLC),0,1102,0,120,0,1081,8,1
11114,[Harmonia] Mountaintops (DLC),0,1102,150,9002,0,1081,8,1
11115,[Harmonia] Mountaintops (DLC),0,1102,190,701,0,1081,8,1
11116,[Harmonia] Mountaintops (DLC),0,1102,300,1102,0,1081,8,1
11117,[Harmonia] Mountaintops (DLC),0,1102,310,1105,0,1081,8,1
11118,[Harmonia] Mountaintops (DLC),0,1102,350,0,0,1081,8,1
11119,[Harmonia] Mountaintops (DLC),0,1102,360,1301,0,1081,8,1
11120,[Harmonia] Mountaintops (DLC),0,1102,800,0,8009,1081,8,1
11121,[Harmonia] Mountaintops (DLC),0,1102,3000,800,7700,1081,8,1
11122,[Harmonia] Mountaintops (DLC),0,1102,3700,0,0,1081,8,1
11123,[Harmonia] Mountaintops (DLC),0,1102,4000,12003,0,1081,8,1
11124,[Harmonia] Mountaintops (DLC),0,1103,0,11,7601,1081,8,1
11125,[Harmonia] Mountaintops (DLC),0,1103,0,0,0,1081,8,1
11126,[Harmonia] Mountaintops (DLC),0,1103,150,9002,0,1081,8,1
11127,[Harmonia] Mountaintops (DLC),0,1103,190,700,0,1081,8,1
11128,[Harmonia] Mountaintops (DLC),0,1103,300,1102,0,1081,8,1
11129,[Harmonia] Mountaintops (DLC),0,1103,310,1105,0,1081,8,1
11130,[Harmonia] Mountaintops (DLC),0,1103,350,0,0,1081,8,1
11131,[Harmonia] Mountaintops (DLC),0,1103,360,1301,0,1081,8,1
11132,[Harmonia] Mountaintops (DLC),0,1103,800,0,8009,1081,8,1
11133,[Harmonia] Mountaintops (DLC),0,1103,3700,0,0,1081,8,1
11134,[Harmonia] Mountaintops (DLC),0,1103,4000,12002,0,1081,8,1
11135,[Harmonia] Mountaintops (DLC),0,1104,0,11,7601,1081,8,1
11136,[Harmonia] Mountaintops (DLC),0,1104,0,0,0,1081,8,1
11137,[Harmonia] Mountaintops (DLC),0,1104,150,9002,0,1081,8,1
11138,[Harmonia] Mountaintops (DLC),0,1104,190,705,0,1081,8,1
11139,[Harmonia] Mountaintops (DLC),0,1104,300,1101,0,1081,8,1
11140,[Harmonia] Mountaintops (DLC),0,1104,310,1105,0,1081,8,1
11141,[Harmonia] Mountaintops (DLC),0,1104,320,9001,0,1081,8,1
11142,[Harmonia] Mountaintops (DLC),0,1104,350,0,0,1081,8,1
11143,[Harmonia] Mountaintops (DLC),0,1104,360,1301,0,1081,8,1
11144,[Harmonia] Mountaintops (DLC),0,1104,800,0,8011,1081,8,1
11145,[Harmonia] Mountaintops (DLC),0,1104,3700,0,0,1081,8,1
11146,[Harmonia] Mountaintops (DLC),0,1104,4000,12002,0,1081,8,1
11147,[Harmonia] The Crater (DLC),0,1105,0,12,7602,1082,8,2
11148,[Harmonia] The Crater (DLC),0,1105,0,600,8077,1082,8,2
11149,[Harmonia] The Crater (DLC),0,1105,150,9002,0,1082,8,2
11150,[Harmonia] The Crater (DLC),0,1105,190,705,0,1082,8,2
11151,[Harmonia] The Crater (DLC),0,1105,300,1102,0,1082,8,2
11152,[Harmonia] The Crater (DLC),0,1105,310,1106,0,1082,8,2
11153,[Harmonia] The Crater (DLC),0,1105,350,0,0,1082,8,2
11154,[Harmonia] The Crater (DLC),0,1105,360,1301,0,1082,8,2
11155,[Harmonia] The Crater (DLC),0,1105,800,0,8010,1082,8,2
11156,[Harmonia] The Crater (DLC),0,1105,3120,800,7705,1082,8,2
11157,[Harmonia] The Crater (DLC),0,1105,3700,0,0,1082,8,2
11158,[Harmonia] The Crater (DLC),0,1105,4000,12003,0,1082,8,2
11159,[Harmonia] The Crater (DLC),0,1106,0,12,7602,1082,8,2
11160,[Harmonia] The Crater (DLC),0,1106,0,0,0,1082,8,2
11161,[Harmonia] The Crater (DLC),0,1106,150,9002,0,1082,8,2
11162,[Harmonia] The Crater (DLC),0,1106,190,708,0,1082,8,2
11163,[Harmonia] The Crater (DLC),0,1106,300,1102,0,1082,8,2
11164,[Harmonia] The Crater (DLC),0,1106,310,1105,0,1082,8,2
11165,[Harmonia] The Crater (DLC),0,1106,350,0,0,1082,8,2
11166,[Harmonia] The Crater (DLC),0,1106,360,1301,0,1082,8,2
11167,[Harmonia] The Crater (DLC),0,1106,800,0,8011,1082,8,2
11168,[Harmonia] The Crater (DLC),0,1106,3700,0,0,1082,8,2
11169,[Harmonia] The Crater (DLC),0,1106,4000,12002,0,1082,8,2
11170,[Harmonia] The Crater (DLC),0,1107,0,12,7602,1082,8,2
11171,[Harmonia] The Crater (DLC),0,1107,0,10000,8080,1082,8,2
11172,[Harmonia] The Crater (DLC),0,1107,150,9002,0,1082,8,2
11173,[Harmonia] The Crater (DLC),0,1107,190,700,0,1082,8,2
11174,[Harmonia] The Crater (DLC),0,1107,300,1102,0,1082,8,2
11175,[Harmonia] The Crater (DLC),0,1107,310,1105,0,1082,8,2
11176,[Harmonia] The Crater (DLC),0,1107,350,0,0,1082,8,2
11177,[Harmonia] The Crater (DLC),0,1107,360,1301,0,1082,8,2
11178,[Harmonia] The Crater (DLC),0,1107,800,0,8011,1082,8,2
11179,[Harmonia] The Crater (DLC),0,1107,3110,800,7705,1082,8,2
11180,[Harmonia] The Crater (DLC),0,1107,3700,0,0,1082,8,2
11181,[Harmonia] The Crater (DLC),0,1107,4000,12003,0,1082,8,2
11182,[Harmonia] The Crater (DLC),0,1108,0,12,7602,1082,8,2
11183,[Harmonia] The Crater (DLC),0,1108,0,0,0,1082,8,2
11184,[Harmonia] The Crater (DLC),0,1108,150,9002,0,1082,8,2
11185,[Harmonia] The Crater (DLC),0,1108,190,701,0,1082,8,2
11186,[Harmonia] The Crater (DLC),0,1108,300,1101,0,1082,8,2
11187,[Harmonia] The Crater (DLC),0,1108,310,1105,0,1082,8,2
11188,[Harmonia] The Crater (DLC),0,1108,320,9001,0,1082,8,2
11189,[Harmonia] The Crater (DLC),0,1108,350,1104,0,1082,8,2
11190,[Harmonia] The Crater (DLC),0,1108,360,1300,0,1082,8,2
11191,[Harmonia] The Crater (DLC),0,1108,800,0,8009,1082,8,2
11192,[Harmonia] The Crater (DLC),0,1108,3700,1100,0,1082,8,2
11193,[Harmonia] The Crater (DLC),0,1108,4000,12002,0,1082,8,2
11194,[Harmonia] The Crater (DLC),0,1109,0,12,7602,1082,8,2
11195,[Harmonia] The Crater (DLC),0,1109,0,210,0,1082,8,2
11196,[Harmonia] The Crater (DLC),0,1109,150,9002,0,1082,8,2
11197,[Harmonia] The Crater (DLC),0,1109,190,704,0,1082,8,2
11198,[Harmonia] The Crater (DLC),0,1109,300,1102,0,1082,8,2
11199,[Harmonia] The Crater (DLC),0,1109,310,1105,0,1082,8,2
11200,[Harmonia] The Crater (DLC),0,1109,350,0,0,1082,8,2
11201,[Harmonia] The Crater (DLC),0,1109,360,1301,0,1082,8,2
11202,[Harmonia] The Crater (DLC),0,1109,800,0,8010,1082,8,2
11203,[Harmonia] The Crater (DLC),0,1109,3020,800,7702,1082,8,2
11204,[Harmonia] The Crater (DLC),0,1109,3700,0,0,1082,8,2
11205,[Harmonia] The Crater (DLC),0,1109,4000,12002,0,1082,8,2
11206,[Harmonia] Rotted Woods (DLC),0,1110,0,13,7603,1083,8,3
11207,[Harmonia] Rotted Woods (DLC),0,1110,0,10000,8080,1083,8,3
11208,[Harmonia] Rotted Woods (DLC),0,1110,150,9002,0,1083,8,3
11209,[Harmonia] Rotted Woods (DLC),0,1110,190,706,0,1083,8,3
11210,[Harmonia] Rotted Woods (DLC),0,1110,300,1102,0,1083,8,3
11211,[Harmonia] Rotted Woods (DLC),0,1110,310,1106,0,1083,8,3
11212,[Harmonia] Rotted Woods (DLC),0,1110,350,1104,0,1083,8,3
11213,[Harmonia] Rotted Woods (DLC),0,1110,360,1302,0,1083,8,3
11214,[Harmonia] Rotted Woods (DLC),0,1110,500,0,1047300590,1083,8,3
11215,[Harmonia] Rotted Woods (DLC),0,1110,800,0,8002,1083,8,3
11216,[Harmonia] Rotted Woods (DLC),0,1110,3110,801,7725,1083,8,3
11217,[Harmonia] Rotted Woods (DLC),0,1110,3700,0,0,1083,8,3
11218,[Harmonia] Rotted Woods (DLC),0,1110,4000,12002,0,1083,8,3
11219,[Harmonia] Rotted Woods (DLC),0,1111,0,13,7603,1083,8,3
11220,[Harmonia] Rotted Woods (DLC),0,1111,0,600,8077,1083,8,3
11221,[Harmonia] Rotted Woods (DLC),0,1111,150,9002,0,1083,8,3
11222,[Harmonia] Rotted Woods (DLC),0,1111,190,706,0,1083,8,3
11223,[Harmonia] Rotted Woods (DLC),0,1111,300,1102,0,1083,8,3
11224,[Harmonia] Rotted Woods (DLC),0,1111,310,1105,0,1083,8,3
11225,[Harmonia] Rotted Woods (DLC),0,1111,350,0,0,1083,8,3
11226,[Harmonia] Rotted Woods (DLC),0,1111,360,1303,0,1083,8,3
11227,[Harmonia] Rotted Woods (DLC),0,1111,500,0,1047300590,1083,8,3
11228,[Harmonia] Rotted Woods (DLC),0,1111,800,0,8004,1083,8,3
11229,[Harmonia] Rotted Woods (DLC),0,1111,3120,800,7705,1083,8,3
11230,[Harmonia] Rotted Woods (DLC),0,1111,3700,0,0,1083,8,3
11231,[Harmonia] Rotted Woods (DLC),0,1111,4000,12002,0,1083,8,3
11232,[Harmonia] Rotted Woods (DLC),0,1112,0,13,7603,1083,8,3
11233,[Harmonia] Rotted Woods (DLC),0,1112,0,0,0,1083,8,3
11234,[Harmonia] Rotted Woods (DLC),0,1112,150,9002,0,1083,8,3
11235,[Harmonia] Rotted Woods (DLC),0,1112,190,701,0,1083,8,3
11236,[Harmonia] Rotted Woods (DLC),0,1112,300,1102,0,1083,8,3
11237,[Harmonia] Rotted Woods (DLC),0,1112,310,1105,0,1083,8,3
11238,[Harmonia] Rotted Woods (DLC),0,1112,350,0,0,1083,8,3
11239,[Harmonia] Rotted Woods (DLC),0,1112,360,1303,0,1083,8,3
11240,[Harmonia] Rotted Woods (DLC),0,1112,500,0,1047300590,1083,8,3
11241,[Harmonia] Rotted Woods (DLC),0,1112,800,0,8002,1083,8,3
11242,[Harmonia] Rotted Woods (DLC),0,1112,3700,0,0,1083,8,3
11243,[Harmonia] Rotted Woods (DLC),0,1112,4000,12002,0,1083,8,3
11244,[Harmonia] Rotted Woods (DLC),0,1113,0,13,7603,1083,8,3
11245,[Harmonia] Rotted Woods (DLC),0,1113,0,0,0,1083,8,3
11246,[Harmonia] Rotted Woods (DLC),0,1113,150,9002,0,1083,8,3
11247,[Harmonia] Rotted Woods (DLC),0,1113,190,700,0,1083,8,3
11248,[Harmonia] Rotted Woods (DLC),0,1113,300,1101,0,1083,8,3
11249,[Harmonia] Rotted Woods (DLC),0,1113,310,1105,0,1083,8,3
11250,[Harmonia] Rotted Woods (DLC),0,1113,320,9001,0,1083,8,3
11251,[Harmonia] Rotted Woods (DLC),0,1113,350,1104,0,1083,8,3
11252,[Harmonia] Rotted Woods (DLC),0,1113,360,1302,0,1083,8,3
11253,[Harmonia] Rotted Woods (DLC),0,1113,500,0,1047300590,1083,8,3
11254,[Harmonia] Rotted Woods (DLC),0,1113,800,0,8003,1083,8,3
11255,[Harmonia] Rotted Woods (DLC),0,1113,3700,0,0,1083,8,3
11256,[Harmonia] Rotted Woods (DLC),0,1113,4000,12003,0,1083,8,3
11257,[Harmonia] Rotted Woods (DLC),0,1114,0,13,7603,1083,8,3
11258,[Harmonia] Rotted Woods (DLC),0,1114,0,200,0,1083,8,3
11259,[Harmonia] Rotted Woods (DLC),0,1114,150,9002,0,1083,8,3
11260,[Harmonia] Rotted Woods (DLC),0,1114,190,700,0,1083,8,3
11261,[Harmonia] Rotted Woods (DLC),0,1114,300,1101,0,1083,8,3
11262,[Harmonia] Rotted Woods (DLC),0,1114,310,1105,0,1083,8,3
11263,[Harmonia] Rotted Woods (DLC),0,1114,320,9001,0,1083,8,3
11264,[Harmonia] Rotted Woods (DLC),0,1114,350,0,0,1083,8,3
11265,[Harmonia] Rotted Woods (DLC),0,1114,360,1303,0,1083,8,3
11266,[Harmonia] Rotted Woods (DLC),0,1114,500,0,1047300590,1083,8,3
11267,[Harmonia] Rotted Woods (DLC),0,1114,800,0,8008,1083,8,3
11268,[Harmonia] Rotted Woods (DLC),0,1114,3010,801,7721,1083,8,3
11269,[Harmonia] Rotted Woods (DLC),0,1114,3700,0,0,1083,8,3
11270,[Harmonia] Rotted Woods (DLC),0,1114,4000,12003,0,1083,8,3
11271,[Harmonia] Great Hollow (DLC),0,1115,0,14,7604,1084,8,4
11272,[Harmonia] Great Hollow (DLC),0,1115,0,0,0,1084,8,4
11273,[Harmonia] Great Hollow (DLC),0,1115,0,15001,0,1084,8,4
11274,[Harmonia] Great Hollow (DLC),0,1115,0,15004,0,1084,8,4
11275,[Harmonia] Great Hollow (DLC),0,1115,0,15100,0,1084,8,4
11276,[Harmonia] Great Hollow (DLC),0,1115,0,15103,0,1084,8,4
11277,[Harmonia] Great Hollow (DLC),0,1115,0,15105,0,1084,8,4
11278,[Harmonia] Great Hollow (DLC),0,1115,160,13002,1059400300,1084,8,4
11279,[Harmonia] Great Hollow (DLC),0,1115,3600,0,8000,1084,8,4
11280,[Harmonia] Great Hollow (DLC),0,1115,3700,0,0,1084,8,4
11281,[Harmonia] Great Hollow (DLC),0,1116,0,14,7604,1084,8,4
11282,[Harmonia] Great Hollow (DLC),0,1116,0,600,8077,1084,8,4
11283,[Harmonia] Great Hollow (DLC),0,1116,0,15001,0,1084,8,4
11284,[Harmonia] Great Hollow (DLC),0,1116,0,15004,0,1084,8,4
11285,[Harmonia] Great Hollow (DLC),0,1116,0,15101,0,1084,8,4
11286,[Harmonia] Great Hollow (DLC),0,1116,0,15102,0,1084,8,4
11287,[Harmonia] Great Hollow (DLC),0,1116,0,15104,0,1084,8,4
11288,[Harmonia] Great Hollow (DLC),0,1116,160,13002,1059400300,1084,8,4
11289,[Harmonia] Great Hollow (DLC),0,1116,520,801,7725,1084,8,4
11290,[Harmonia] Great Hollow (DLC),0,1116,3600,0,8004,1084,8,4
11291,[Harmonia] Great Hollow (DLC),0,1116,3700,0,0,1084,8,4
11292,[Harmonia] Great Hollow (DLC),0,1117,0,14,7604,1084,8,4
11293,[Harmonia] Great Hollow (DLC),0,1117,0,140,0,1084,8,4
11294,[Harmonia] Great Hollow (DLC),0,1117,0,15001,0,1084,8,4
11295,[Harmonia] Great Hollow (DLC),0,1117,0,15004,0,1084,8,4
11296,[Harmonia] Great Hollow (DLC),0,1117,0,15100,0,1084,8,4
11297,[Harmonia] Great Hollow (DLC),0,1117,0,15103,0,1084,8,4
11298,[Harmonia] Great Hollow (DLC),0,1117,0,15104,0,1084,8,4
11299,[Harmonia] Great Hollow (DLC),0,1117,160,13000,1026400300,1084,8,4
11300,[Harmonia] Great Hollow (DLC),0,1117,500,801,7727,1084,8,4
11301,[Harmonia] Great Hollow (DLC),0,1117,1000,0,1046400230,1084,8,4
11302,[Harmonia] Great Hollow (DLC),0,1117,3600,0,8002,1084,8,4
11303,[Harmonia] Great Hollow (DLC),0,1117,3700,0,0,1084,8,4
11304,[Harmonia] Great Hollow (DLC),0,1118,0,14,7604,1084,8,4
11305,[Harmonia] Great Hollow (DLC),0,1118,0,120,0,1084,8,4
11306,[Harmonia] Great Hollow (DLC),0,1118,0,15001,0,1084,8,4
11307,[Harmonia] Great Hollow (DLC),0,1118,0,15004,0,1084,8,4
11308,[Harmonia] Great Hollow (DLC),0,1118,0,15101,0,1084,8,4
11309,[Harmonia] Great Hollow (DLC),0,1118,0,15102,0,1084,8,4
11310,[Harmonia] Great Hollow (DLC),0,1118,0,15105,0,1084,8,4
11311,[Harmonia] Great Hollow (DLC),0,1118,160,13000,1026400300,1084,8,4
11312,[Harmonia] Great Hollow (DLC),0,1118,505,801,7720,1084,8,4
11313,[Harmonia] Great Hollow (DLC),0,1118,3600,0,8000,1084,8,4
11314,[Harmonia] Great Hollow (DLC),0,1118,3700,1100,0,1084,8,4
11315,[Harmonia] Great Hollow (DLC),0,1119,0,14,7604,1084,8,4
11316,[Harmonia] Great Hollow (DLC),0,1119,0,10000,8080,1084,8,4
11317,[Harmonia] Great Hollow (DLC),0,1119,0,15001,0,1084,8,4
11318,[Harmonia] Great Hollow (DLC),0,1119,0,15005,0,1084,8,4
11319,[Harmonia] Great Hollow (DLC),0,1119,0,15101,0,1084,8,4
11320,[Harmonia] Great Hollow (DLC),0,1119,0,15103,0,1084,8,4
11321,[Harmonia] Great Hollow (DLC),0,1119,0,15105,0,1084,8,4
11322,[Harmonia] Great Hollow (DLC),0,1119,160,13002,1059400300,1084,8,4
11323,[Harmonia] Great Hollow (DLC),0,1119,510,801,7725,1084,8,4
11324,[Harmonia] Great Hollow (DLC),0,1119,3600,0,8003,1084,8,4
11325,[Harmonia] Great Hollow (DLC),0,1119,3700,0,0,1084,8,4
11326,[Harmonia] Great Hollow (DLC),0,1120,0,14,7604,1084,8,4
11327,[Harmonia] Great Hollow (DLC),0,1120,0,120,0,1084,8,4
11328,[Harmonia] Great Hollow (DLC),0,1120,0,15002,0,1084,8,4
11329,[Harmonia] Great Hollow (DLC),0,1120,0,15003,0,1084,8,4
11330,[Harmonia] Great Hollow (DLC),0,1120,0,15101,0,1084,8,4
11331,[Harmonia] Great Hollow (DLC),0,1120,0,15103,0,1084,8,4
11332,[Harmonia] Great Hollow (DLC),0,1120,0,15104,0,1084,8,4
11333,[Harmonia] Great Hollow (DLC),0,1120,160,13002,1059400300,1084,8,4
11334,[Harmonia] Great Hollow (DLC),0,1120,505,800,7700,1084,8,4
11335,[Harmonia] Great Hollow (DLC),0,1120,3600,0,8001,1084,8,4
11336,[Harmonia] Great Hollow (DLC),0,1120,3700,1100,0,1084,8,4
11337,[Harmonia] Great Hollow (DLC),0,1121,0,14,7604,1084,8,4
11338,[Harmonia] Great Hollow (DLC),0,1121,0,0,0,1084,8,4
11339,[Harmonia] Great Hollow (DLC),0,1121,0,15002,0,1084,8,4
11340,[Harmonia] Great Hollow (DLC),0,1121,0,15003,0,1084,8,4
11341,[Harmonia] Great Hollow (DLC),0,1121,0,15101,0,1084,8,4
11342,[Harmonia] Great Hollow (DLC),0,1121,0,15102,0,1084,8,4
11343,[Harmonia] Great Hollow (DLC),0,1121,0,15105,0,1084,8,4
11344,[Harmonia] Great Hollow (DLC),0,1121,160,13002,1059400300,1084,8,4
11345,[Harmonia] Great Hollow (DLC),0,1121,3600,0,8010,1084,8,4
11346,[Harmonia] Great Hollow (DLC),0,1121,3700,0,0,1084,8,4
11347,[Harmonia] Great Hollow (DLC),0,1122,0,14,7604,1084,8,4
11348,[Harmonia] Great Hollow (DLC),0,1122,0,0,0,1084,8,4
11349,[Harmonia] Great Hollow (DLC),0,1122,0,15002,0,1084,8,4
11350,[Harmonia] Great Hollow (DLC),0,1122,0,15003,0,1084,8,4
11351,[Harmonia] Great Hollow (DLC),0,1122,0,15100,0,1084,8,4
11352,[Harmonia] Great Hollow (DLC),0,1122,0,15102,0,1084,8,4
11353,[Harmonia] Great Hollow (DLC),0,1122,0,15105,0,1084,8,4
11354,[Harmonia] Great Hollow (DLC),0,1122,160,13000,1026400300,1084,8,4
11355,[Harmonia] Great Hollow (DLC),0,1122,3600,0,8004,1084,8,4
11356,[Harmonia] Great Hollow (DLC),0,1122,3700,0,0,1084,8,4
11357,[Harmonia] Great Hollow (DLC),0,1123,0,14,7604,1084,8,4
11358,[Harmonia] Great Hollow (DLC),0,1123,0,0,0,1084,8,4
11359,[Harmonia] Great Hollow (DLC),0,1123,0,15001,0,1084,8,4
11360,[Harmonia] Great Hollow (DLC),0,1123,0,15005,0,1084,8,4
11361,[Harmonia] Great Hollow (DLC),0,1123,0,15101,0,1084,8,4
11362,[Harmonia] Great Hollow (DLC),0,1123,0,15102,0,1084,8,4
11363,[Harmonia] Great Hollow (DLC),0,1123,0,15104,0,1084,8,4
11364,[Harmonia] Great Hollow (DLC),0,1123,160,13001,1036400300,1084,8,4
11365,[Harmonia] Great Hollow (DLC),0,1123,3600,0,8009,1084,8,4
11366,[Harmonia] Great Hollow (DLC),0,1123,3700,0,0,1084,8,4
11367,[Harmonia] Great Hollow (DLC),0,1124,0,14,7604,1084,8,4
11368,[Harmonia] Great Hollow (DLC),0,1124,0,140,0,1084,8,4
11369,[Harmonia] Great Hollow (DLC),0,1124,0,15001,0,1084,8,4
11370,[Harmonia] Great Hollow (DLC),0,1124,0,15003,0,1084,8,4
11371,[Harmonia] Great Hollow (DLC),0,1124,0,15101,0,1084,8,4
11372,[Harmonia] Great Hollow (DLC),0,1124,0,15102,0,1084,8,4
11373,[Harmonia] Great Hollow (DLC),0,1124,0,15104,0,1084,8,4
11374,[Harmonia] Great Hollow (DLC),0,1124,160,13001,1036400300,1084,8,4
11375,[Harmonia] Great Hollow (DLC),0,1124,500,801,7727,1084,8,4
11376,[Harmonia] Great Hollow (DLC),0,1124,1000,0,1038400230,1084,8,4
11377,[Harmonia] Great Hollow (DLC),0,1124,3600,0,8005,1084,8,4
11378,[Harmonia] Great Hollow (DLC),0,1124,3700,1100,0,1084,8,4
11379,[Harmonia] Great Hollow (DLC),0,1125,0,14,7604,1084,8,4
11380,[Harmonia] Great Hollow (DLC),0,1125,0,600,8077,1084,8,4
11381,[Harmonia] Great Hollow (DLC),0,1125,0,15002,0,1084,8,4
11382,[Harmonia] Great Hollow (DLC),0,1125,0,15003,0,1084,8,4
11383,[Harmonia] Great Hollow (DLC),0,1125,0,15101,0,1084,8,4
11384,[Harmonia] Great Hollow (DLC),0,1125,0,15102,0,1084,8,4
11385,[Harmonia] Great Hollow (DLC),0,1125,0,15105,0,1084,8,4
11386,[Harmonia] Great Hollow (DLC),0,1125,160,13000,1026400300,1084,8,4
11387,[Harmonia] Great Hollow (DLC),0,1125,520,801,7725,1084,8,4
11388,[Harmonia] Great Hollow (DLC),0,1125,3600,0,8011,1084,8,4
11389,[Harmonia] Great Hollow (DLC),0,1125,3700,1100,0,1084,8,4
11390,[Harmonia] Great Hollow (DLC),0,1126,0,14,7604,1084,8,4
11391,[Harmonia] Great Hollow (DLC),0,1126,0,10000,8080,1084,8,4
11392,[Harmonia] Great Hollow (DLC),0,1126,0,15001,0,1084,8,4
11393,[Harmonia] Great Hollow (DLC),0,1126,0,15004,0,1084,8,4
11394,[Harmonia] Great Hollow (DLC),0,1126,0,15101,0,1084,8,4
11395,[Harmonia] Great Hollow (DLC),0,1126,0,15103,0,1084,8,4
11396,[Harmonia] Great Hollow (DLC),0,1126,0,15104,0,1084,8,4
11397,[Harmonia] Great Hollow (DLC),0,1126,160,13002,1059400300,1084,8,4
11398,[Harmonia] Great Hollow (DLC),0,1126,510,801,7725,1084,8,4
11399,[Harmonia] Great Hollow (DLC),0,1126,3600,0,8002,1084,8,4
11400,[Harmonia] Great Hollow (DLC),0,1126,3700,0,0,1084,8,4
11401,[Harmonia] Great Hollow (DLC),0,1127,0,14,7604,1084,8,4
11402,[Harmonia] Great Hollow (DLC),0,1127,0,0,0,1084,8,4
11403,[Harmonia] Great Hollow (DLC),0,1127,0,15002,0,1084,8,4
11404,[Harmonia] Great Hollow (DLC),0,1127,0,15003,0,1084,8,4
11405,[Harmonia] Great Hollow (DLC),0,1127,0,15100,0,1084,8,4
11406,[Harmonia] Great Hollow (DLC),0,1127,0,15102,0,1084,8,4
11407,[Harmonia] Great Hollow (DLC),0,1127,0,15105,0,1084,8,4
11408,[Harmonia] Great Hollow (DLC),0,1127,160,13000,1026400300,1084,8,4
11409,[Harmonia] Great Hollow (DLC),0,1127,3600,0,8010,1084,8,4
11410,[Harmonia] Great Hollow (DLC),0,1127,3700,0,0,1084,8,4
11411,[Harmonia] Great Hollow (DLC),0,1128,0,14,7604,1084,8,4
11412,[Harmonia] Great Hollow (DLC),0,1128,0,0,0,1084,8,4
11413,[Harmonia] Great Hollow (DLC),0,1128,0,15002,0,1084,8,4
11414,[Harmonia] Great Hollow (DLC),0,1128,0,15004,0,1084,8,4
11415,[Harmonia] Great Hollow (DLC),0,1128,0,15100,0,1084,8,4
11416,[Harmonia] Great Hollow (DLC),0,1128,0,15103,0,1084,8,4
11417,[Harmonia] Great Hollow (DLC),0,1128,0,15105,0,1084,8,4
11418,[Harmonia] Great Hollow (DLC),0,1128,160,13001,1036400300,1084,8,4
11419,[Harmonia] Great Hollow (DLC),0,1128,3600,0,8008,1084,8,4
11420,[Harmonia] Great Hollow (DLC),0,1128,3700,0,0,1084,8,4
11421,[Harmonia] Great Hollow (DLC),0,1129,0,14,7604,1084,8,4
11422,[Harmonia] Great Hollow (DLC),0,1129,0,600,8077,1084,8,4
11423,[Harmonia] Great Hollow (DLC),0,1129,0,15002,0,1084,8,4
11424,[Harmonia] Great Hollow (DLC),0,1129,0,15004,0,1084,8,4
11425,[Harmonia] Great Hollow (DLC),0,1129,0,15100,0,1084,8,4
11426,[Harmonia] Great Hollow (DLC),0,1129,0,15103,0,1084,8,4
11427,[Harmonia] Great Hollow (DLC),0,1129,0,15104,0,1084,8,4
11428,[Harmonia] Great Hollow (DLC),0,1129,160,13002,1059400300,1084,8,4
11429,[Harmonia] Great Hollow (DLC),0,1129,520,801,7725,1084,8,4
11430,[Harmonia] Great Hollow (DLC),0,1129,3600,0,8011,1084,8,4
11431,[Harmonia] Great Hollow (DLC),0,1129,3700,0,0,1084,8,4
11432,[Harmonia] Great Hollow (DLC),0,1130,0,14,7604,1084,8,4
11433,[Harmonia] Great Hollow (DLC),0,1130,0,0,0,1084,8,4
11434,[Harmonia] Great Hollow (DLC),0,1130,0,15002,0,1084,8,4
11435,[Harmonia] Great Hollow (DLC),0,1130,0,15005,0,1084,8,4
11436,[Harmonia] Great Hollow (DLC),0,1130,0,15100,0,1084,8,4
11437,[Harmonia] Great Hollow (DLC),0,1130,0,15102,0,1084,8,4
11438,[Harmonia] Great Hollow (DLC),0,1130,0,15105,0,1084,8,4
11439,[Harmonia] Great Hollow (DLC),0,1130,160,13001,1036400300,1084,8,4
11440,[Harmonia] Great Hollow (DLC),0,1130,3600,0,8007,1084,8,4
11441,[Harmonia] Great Hollow (DLC),0,1130,3700,1100,0,1084,8,4
11442,[Harmonia] Great Hollow (DLC),0,1131,0,14,7604,1084,8,4
11443,[Harmonia] Great Hollow (DLC),0,1131,0,600,8077,1084,8,4
11444,[Harmonia] Great Hollow (DLC),0,1131,0,15001,0,1084,8,4
11445,[Harmonia] Great Hollow (DLC),0,1131,0,15005,0,1084,8,4
11446,[Harmonia] Great Hollow (DLC),0,1131,0,15100,0,1084,8,4
11447,[Harmonia] Great Hollow (DLC),0,1131,0,15103,0,1084,8,4
11448,[Harmonia] Great Hollow (DLC),0,1131,0,15105,0,1084,8,4
11449,[Harmonia] Great Hollow (DLC),0,1131,160,13001,1036400300,1084,8,4
11450,[Harmonia] Great Hollow (DLC),0,1131,520,801,7725,1084,8,4
11451,[Harmonia] Great Hollow (DLC),0,1131,3600,0,8007,1084,8,4
11452,[Harmonia] Great Hollow (DLC),0,1131,3700,0,0,1084,8,4
11453,[Harmonia] Great Hollow (DLC),0,1132,0,14,7604,1084,8,4
11454,[Harmonia] Great Hollow (DLC),0,1132,0,600,8077,1084,8,4
11455,[Harmonia] Great Hollow (DLC),0,1132,0,15002,0,1084,8,4
11456,[Harmonia] Great Hollow (DLC),0,1132,0,15005,0,1084,8,4
11457,[Harmonia] Great Hollow (DLC),0,1132,0,15100,0,1084,8,4
11458,[Harmonia] Great Hollow (DLC),0,1132,0,15103,0,1084,8,4
11459,[Harmonia] Great Hollow (DLC),0,1132,0,15104,0,1084,8,4
11460,[Harmonia] Great Hollow (DLC),0,1132,160,13000,1026400300,1084,8,4
11461,[Harmonia] Great Hollow (DLC),0,1132,520,801,7725,1084,8,4
11462,[Harmonia] Great Hollow (DLC),0,1132,3600,0,8006,1084,8,4
11463,[Harmonia] Great Hollow (DLC),0,1132,3700,0,0,1084,8,4
11464,[Harmonia] Great Hollow (DLC),0,1133,0,14,7604,1084,8,4
11465,[Harmonia] Great Hollow (DLC),0,1133,0,600,8077,1084,8,4
11466,[Harmonia] Great Hollow (DLC),0,1133,0,15001,0,1084,8,4
11467,[Harmonia] Great Hollow (DLC),0,1133,0,15005,0,1084,8,4
11468,[Harmonia] Great Hollow (DLC),0,1133,0,15101,0,1084,8,4
11469,[Harmonia] Great Hollow (DLC),0,1133,0,15103,0,1084,8,4
11470,[Harmonia] Great Hollow (DLC),0,1133,0,15104,0,1084,8,4
11471,[Harmonia] Great Hollow (DLC),0,1133,160,13002,1059400300,1084,8,4
11472,[Harmonia] Great Hollow (DLC),0,1133,520,801,7725,1084,8,4
11473,[Harmonia] Great Hollow (DLC),0,1133,3600,0,8006,1084,8,4
11474,[Harmonia] Great Hollow (DLC),0,1133,3700,0,0,1084,8,4
11475,[Harmonia] Great Hollow (DLC),0,1134,0,14,7604,1084,8,4
11476,[Harmonia] Great Hollow (DLC),0,1134,0,10000,8080,1084,8,4
11477,[Harmonia] Great Hollow (DLC),0,1134,0,15002,0,1084,8,4
11478,[Harmonia] Great Hollow (DLC),0,1134,0,15004,0,1084,8,4
11479,[Harmonia] Great Hollow (DLC),0,1134,0,15100,0,1084,8,4
11480,[Harmonia] Great Hollow (DLC),0,1134,0,15102,0,1084,8,4
11481,[Harmonia] Great Hollow (DLC),0,1134,0,15104,0,1084,8,4
11482,[Harmonia] Great Hollow (DLC),0,1134,160,13001,1036400300,1084,8,4
11483,[Harmonia] Great Hollow (DLC),0,1134,510,800,7705,1084,8,4
11484,[Harmonia] Great Hollow (DLC),0,1134,3600,0,8008,1084,8,4
11485,[Harmonia] Great Hollow (DLC),0,1134,3700,0,0,1084,8,4
11486,[Harmonia] Shrouded City (DLC),0,1135,0,15,7605,1085,8,5
11487,[Harmonia] Shrouded City (DLC),0,1135,0,600,8077,1085,8,5
11488,[Harmonia] Shrouded City (DLC),0,1135,150,9002,0,1085,8,5
11489,[Harmonia] Shrouded City (DLC),0,1135,190,704,0,1085,8,5
11490,[Harmonia] Shrouded City (DLC),0,1135,300,1101,0,1085,8,5
11491,[Harmonia] Shrouded City (DLC),0,1135,310,1105,0,1085,8,5
11492,[Harmonia] Shrouded City (DLC),0,1135,320,9001,0,1085,8,5
11493,[Harmonia] Shrouded City (DLC),0,1135,350,1104,0,1085,8,5
11494,[Harmonia] Shrouded City (DLC),0,1135,360,1302,0,1085,8,5
11495,[Harmonia] Shrouded City (DLC),0,1135,800,0,8010,1085,8,5
11496,[Harmonia] Shrouded City (DLC),0,1135,3120,801,7725,1085,8,5
11497,[Harmonia] Shrouded City (DLC),0,1135,3700,1100,0,1085,8,5
11498,[Harmonia] Shrouded City (DLC),0,1135,4000,12003,0,1085,8,5
11499,[Harmonia] Shrouded City (DLC),0,1136,0,15,7605,1085,8,5
11500,[Harmonia] Shrouded City (DLC),0,1136,0,0,0,1085,8,5
11501,[Harmonia] Shrouded City (DLC),0,1136,150,9002,0,1085,8,5
11502,[Harmonia] Shrouded City (DLC),0,1136,190,702,0,1085,8,5
11503,[Harmonia] Shrouded City (DLC),0,1136,300,1102,0,1085,8,5
11504,[Harmonia] Shrouded City (DLC),0,1136,310,1105,0,1085,8,5
11505,[Harmonia] Shrouded City (DLC),0,1136,350,0,0,1085,8,5
11506,[Harmonia] Shrouded City (DLC),0,1136,360,1303,0,1085,8,5
11507,[Harmonia] Shrouded City (DLC),0,1136,800,0,8003,1085,8,5
11508,[Harmonia] Shrouded City (DLC),0,1136,3700,0,0,1085,8,5
11509,[Harmonia] Shrouded City (DLC),0,1136,4000,12002,0,1085,8,5
11510,[Harmonia] Shrouded City (DLC),0,1137,0,15,7605,1085,8,5
11511,[Harmonia] Shrouded City (DLC),0,1137,0,0,0,1085,8,5
11512,[Harmonia] Shrouded City (DLC),0,1137,150,9002,0,1085,8,5
11513,[Harmonia] Shrouded City (DLC),0,1137,190,707,0,1085,8,5
11514,[Harmonia] Shrouded City (DLC),0,1137,300,1102,0,1085,8,5
11515,[Harmonia] Shrouded City (DLC),0,1137,310,1105,0,1085,8,5
11516,[Harmonia] Shrouded City (DLC),0,1137,350,0,0,1085,8,5
11517,[Harmonia] Shrouded City (DLC),0,1137,360,1303,0,1085,8,5
11518,[Harmonia] Shrouded City (DLC),0,1137,800,0,8004,1085,8,5
11519,[Harmonia] Shrouded City (DLC),0,1137,3700,0,0,1085,8,5
11520,[Harmonia] Shrouded City (DLC),0,1137,4000,12003,0,1085,8,5
11521,[Harmonia] Shrouded City (DLC),0,1138,0,15,7605,1085,8,5
11522,[Harmonia] Shrouded City (DLC),0,1138,0,10000,8080,1085,8,5
11523,[Harmonia] Shrouded City (DLC),0,1138,150,9002,0,1085,8,5
11524,[Harmonia] Shrouded City (DLC),0,1138,190,708,0,1085,8,5
11525,[Harmonia] Shrouded City (DLC),0,1138,300,1102,0,1085,8,5
11526,[Harmonia] Shrouded City (DLC),0,1138,310,1106,0,1085,8,5
11527,[Harmonia] Shrouded City (DLC),0,1138,350,1104,0,1085,8,5
11528,[Harmonia] Shrouded City (DLC),0,1138,360,1302,0,1085,8,5
11529,[Harmonia] Shrouded City (DLC),0,1138,800,0,8003,1085,8,5
11530,[Harmonia] Shrouded City (DLC),0,1138,3110,801,7725,1085,8,5
11531,[Harmonia] Shrouded City (DLC),0,1138,3700,0,0,1085,8,5
11532,[Harmonia] Shrouded City (DLC),0,1138,4000,12003,0,1085,8,5
11533,[Harmonia] Shrouded City (DLC),0,1139,0,15,7605,1085,8,5
11534,[Harmonia] Shrouded City (DLC),0,1139,0,230,0,1085,8,5
11535,[Harmonia] Shrouded City (DLC),0,1139,150,9002,0,1085,8,5
11536,[Harmonia] Shrouded City (DLC),0,1139,190,708,0,1085,8,5
11537,[Harmonia] Shrouded City (DLC),0,1139,300,1102,0,1085,8,5
11538,[Harmonia] Shrouded City (DLC),0,1139,310,1105,0,1085,8,5
11539,[Harmonia] Shrouded City (DLC),0,1139,350,0,0,1085,8,5
11540,[Harmonia] Shrouded City (DLC),0,1139,360,1303,0,1085,8,5
11541,[Harmonia] Shrouded City (DLC),0,1139,800,0,8006,1085,8,5
11542,[Harmonia] Shrouded City (DLC),0,1139,3090,801,7726,1085,8,5
11543,[Harmonia] Shrouded City (DLC),0,1139,3700,0,0,1085,8,5
11544,[Harmonia] Shrouded City (DLC),0,1139,4000,12003,0,1085,8,5
11545,[Straghess] Standard (DLC),0,1140,0,10,7600,1090,9,0
11546,[Straghess] Standard (DLC),0,1140,0,601,8078,1090,9,0
11547,[Straghess] Standard (DLC),0,1140,190,704,0,1090,9,0
11548,[Straghess] Standard (DLC),0,1140,300,1102,0,1090,9,0
11549,[Straghess] Standard (DLC),0,1140,310,1105,0,1090,9,0
11550,[Straghess] Standard (DLC),0,1140,350,0,0,1090,9,0
11551,[Straghess] Standard (DLC),0,1140,360,1304,0,1090,9,0
11552,[Straghess] Standard (DLC),0,1140,800,0,8008,1090,9,0
11553,[Straghess] Standard (DLC),0,1140,3060,800,7705,1090,9,0
11554,[Straghess] Standard (DLC),0,1140,3100,220,0,1090,9,0
11555,[Straghess] Standard (DLC),0,1140,3700,0,0,1090,9,0
11556,[Straghess] Standard (DLC),0,1140,4000,12002,0,1090,9,0
11557,[Straghess] Standard (DLC),0,1141,0,10,7600,1090,9,0
11558,[Straghess] Standard (DLC),0,1141,0,0,0,1090,9,0
11559,[Straghess] Standard (DLC),0,1141,190,704,0,1090,9,0
11560,[Straghess] Standard (DLC),0,1141,300,1102,0,1090,9,0
11561,[Straghess] Standard (DLC),0,1141,310,1105,0,1090,9,0
11562,[Straghess] Standard (DLC),0,1141,350,1104,0,1090,9,0
11563,[Straghess] Standard (DLC),0,1141,360,1303,0,1090,9,0
11564,[Straghess] Standard (DLC),0,1141,800,0,8010,1090,9,0
11565,[Straghess] Standard (DLC),0,1141,3700,0,0,1090,9,0
11566,[Straghess] Standard (DLC),0,1141,4000,12003,0,1090,9,0
11567,[Straghess] Standard (DLC),0,1142,0,10,7600,1090,9,0
11568,[Straghess] Standard (DLC),0,1142,0,10001,8081,1090,9,0
11569,[Straghess] Standard (DLC),0,1142,190,701,0,1090,9,0
11570,[Straghess] Standard (DLC),0,1142,300,1101,0,1090,9,0
11571,[Straghess] Standard (DLC),0,1142,310,1105,0,1090,9,0
11572,[Straghess] Standard (DLC),0,1142,320,9000,0,1090,9,0
11573,[Straghess] Standard (DLC),0,1142,350,0,0,1090,9,0
11574,[Straghess] Standard (DLC),0,1142,360,1304,0,1090,9,0
11575,[Straghess] Standard (DLC),0,1142,800,0,8010,1090,9,0
11576,[Straghess] Standard (DLC),0,1142,3130,800,7705,1090,9,0
11577,[Straghess] Standard (DLC),0,1142,3700,0,0,1090,9,0
11578,[Straghess] Standard (DLC),0,1142,4000,12002,0,1090,9,0
11579,[Straghess] Standard (DLC),0,1143,0,10,7600,1090,9,0
11580,[Straghess] Standard (DLC),0,1143,0,0,0,1090,9,0
11581,[Straghess] Standard (DLC),0,1143,190,704,0,1090,9,0
11582,[Straghess] Standard (DLC),0,1143,300,1101,0,1090,9,0
11583,[Straghess] Standard (DLC),0,1143,310,1105,0,1090,9,0
11584,[Straghess] Standard (DLC),0,1143,320,9000,0,1090,9,0
11585,[Straghess] Standard (DLC),0,1143,350,0,0,1090,9,0
11586,[Straghess] Standard (DLC),0,1143,360,1304,0,1090,9,0
11587,[Straghess] Standard (DLC),0,1143,800,0,8004,1090,9,0
11588,[Straghess] Standard (DLC),0,1143,3700,0,0,1090,9,0
11589,[Straghess] Standard (DLC),0,1143,4000,12003,0,1090,9,0
11590,[Straghess] Standard (DLC),0,1144,0,10,7600,1090,9,0
11591,[Straghess] Standard (DLC),0,1144,0,0,0,1090,9,0
11592,[Straghess] Standard (DLC),0,1144,190,703,0,1090,9,0
11593,[Straghess] Standard (DLC),0,1144,300,1102,0,1090,9,0
11594,[Straghess] Standard (DLC),0,1144,310,1105,0,1090,9,0
11595,[Straghess] Standard (DLC),0,1144,350,0,0,1090,9,0
11596,[Straghess] Standard (DLC),0,1144,360,1304,0,1090,9,0
11597,[Straghess] Standard (DLC),0,1144,800,0,8008,1090,9,0
11598,[Straghess] Standard (DLC),0,1144,3700,0,0,1090,9,0
11599,[Straghess] Standard (DLC),0,1144,4000,12003,0,1090,9,0
11600,[Straghess] Standard (DLC),0,1145,0,10,7600,1090,9,0
11601,[Straghess] Standard (DLC),0,1145,0,0,0,1090,9,0
11602,[Straghess] Standard (DLC),0,1145,190,708,0,1090,9,0
11603,[Straghess] Standard (DLC),0,1145,300,1102,0,1090,9,0
11604,[Straghess] Standard (DLC),0,1145,310,1105,0,1090,9,0
11605,[Straghess] Standard (DLC),0,1145,350,1104,0,1090,9,0
11606,[Straghess] Standard (DLC),0,1145,360,1303,0,1090,9,0
11607,[Straghess] Standard (DLC),0,1145,800,0,8003,1090,9,0
11608,[Straghess] Standard (DLC),0,1145,3700,0,0,1090,9,0
11609,[Straghess] Standard (DLC),0,1145,4000,12003,0,1090,9,0
11610,[Straghess] Standard (DLC),0,1146,0,10,7600,1090,9,0
11611,[Straghess] Standard (DLC),0,1146,0,10000,8080,1090,9,0
11612,[Straghess] Standard (DLC),0,1146,190,707,0,1090,9,0
11613,[Straghess] Standard (DLC),0,1146,300,1102,0,1090,9,0
11614,[Straghess] Standard (DLC),0,1146,310,1105,0,1090,9,0
11615,[Straghess] Standard (DLC),0,1146,350,0,0,1090,9,0
11616,[Straghess] Standard (DLC),0,1146,360,1304,0,1090,9,0
11617,[Straghess] Standard (DLC),0,1146,800,0,8003,1090,9,0
11618,[Straghess] Standard (DLC),0,1146,3110,801,7725,1090,9,0
11619,[Straghess] Standard (DLC),0,1146,3700,0,0,1090,9,0
11620,[Straghess] Standard (DLC),0,1146,4000,12002,0,1090,9,0
11621,[Straghess] Standard (DLC),0,1147,0,10,7600,1090,9,0
11622,[Straghess] Standard (DLC),0,1147,0,10001,8081,1090,9,0
11623,[Straghess] Standard (DLC),0,1147,190,705,0,1090,9,0
11624,[Straghess] Standard (DLC),0,1147,300,1102,0,1090,9,0
11625,[Straghess] Standard (DLC),0,1147,310,1106,0,1090,9,0
11626,[Straghess] Standard (DLC),0,1147,350,0,0,1090,9,0
11627,[Straghess] Standard (DLC),0,1147,360,1304,0,1090,9,0
11628,[Straghess] Standard (DLC),0,1147,800,0,8008,1090,9,0
11629,[Straghess] Standard (DLC),0,1147,3130,800,7705,1090,9,0
11630,[Straghess] Standard (DLC),0,1147,3700,0,0,1090,9,0
11631,[Straghess] Standard (DLC),0,1147,4000,12003,0,1090,9,0
11632,[Straghess] Standard (DLC),0,1148,0,10,7600,1090,9,0
11633,[Straghess] Standard (DLC),0,1148,0,602,8079,1090,9,0
11634,[Straghess] Standard (DLC),0,1148,190,708,0,1090,9,0
11635,[Straghess] Standard (DLC),0,1148,300,1101,0,1090,9,0
11636,[Straghess] Standard (DLC),0,1148,310,1105,0,1090,9,0
11637,[Straghess] Standard (DLC),0,1148,320,9000,0,1090,9,0
11638,[Straghess] Standard (DLC),0,1148,350,1104,0,1090,9,0
11639,[Straghess] Standard (DLC),0,1148,360,1303,0,1090,9,0
11640,[Straghess] Standard (DLC),0,1148,800,0,8004,1090,9,0
11641,[Straghess] Standard (DLC),0,1148,3070,801,7725,1090,9,0
11642,[Straghess] Standard (DLC),0,1148,3100,220,0,1090,9,0
11643,[Straghess] Standard (DLC),0,1148,3700,0,0,1090,9,0
11644,[Straghess] Standard (DLC),0,1148,4000,12002,0,1090,9,0
11645,[Straghess] Standard (DLC),0,1149,0,10,7600,1090,9,0
11646,[Straghess] Standard (DLC),0,1149,0,10000,8080,1090,9,0
11647,[Straghess] Standard (DLC),0,1149,190,708,0,1090,9,0
11648,[Straghess] Standard (DLC),0,1149,300,1102,0,1090,9,0
11649,[Straghess] Standard (DLC),0,1149,310,1105,0,1090,9,0
11650,[Straghess] Standard (DLC),0,1149,350,0,0,1090,9,0
11651,[Straghess] Standard (DLC),0,1149,360,1304,0,1090,9,0
11652,[Straghess] Standard (DLC),0,1149,800,0,8005,1090,9,0
11653,[Straghess] Standard (DLC),0,1149,3110,800,7705,1090,9,0
11654,[Straghess] Standard (DLC),0,1149,3700,0,0,1090,9,0
11655,[Straghess] Standard (DLC),0,1149,4000,12002,0,1090,9,0
11656,[Straghess] Standard (DLC),0,1150,0,10,7600,1090,9,0
11657,[Straghess] Standard (DLC),0,1150,0,0,0,1090,9,0
11658,[Straghess] Standard (DLC),0,1150,190,704,0,1090,9,0
11659,[Straghess] Standard (DLC),0,1150,300,1101,0,1090,9,0
11660,[Straghess] Standard (DLC),0,1150,310,1105,0,1090,9,0
11661,[Straghess] Standard (DLC),0,1150,320,9000,0,1090,9,0
11662,[Straghess] Standard (DLC),0,1150,350,0,0,1090,9,0
11663,[Straghess] Standard (DLC),0,1150,360,1304,0,1090,9,0
11664,[Straghess] Standard (DLC),0,1150,800,0,8006,1090,9,0
11665,[Straghess] Standard (DLC),0,1150,3700,0,0,1090,9,0
11666,[Straghess] Standard (DLC),0,1150,4000,12002,0,1090,9,0
11667,[Straghess] Standard (DLC),0,1151,0,10,7600,1090,9,0
11668,[Straghess] Standard (DLC),0,1151,0,10001,8081,1090,9,0
11669,[Straghess] Standard (DLC),0,1151,190,706,0,1090,9,0
11670,[Straghess] Standard (DLC),0,1151,300,1102,0,1090,9,0
11671,[Straghess] Standard (DLC),0,1151,310,1105,0,1090,9,0
11672,[Straghess] Standard (DLC),0,1151,350,0,0,1090,9,0
11673,[Straghess] Standard (DLC),0,1151,360,1304,0,1090,9,0
11674,[Straghess] Standard (DLC),0,1151,800,0,8005,1090,9,0
11675,[Straghess] Standard (DLC),0,1151,3130,800,7705,1090,9,0
11676,[Straghess] Standard (DLC),0,1151,3700,1100,0,1090,9,0
11677,[Straghess] Standard (DLC),0,1151,4000,12002,0,1090,9,0
11678,[Straghess] Standard (DLC),0,1152,0,10,7600,1090,9,0
11679,[Straghess] Standard (DLC),0,1152,0,604,8075,1090,9,0
11680,[Straghess] Standard (DLC),0,1152,190,701,0,1090,9,0
11681,[Straghess] Standard (DLC),0,1152,300,1102,0,1090,9,0
11682,[Straghess] Standard (DLC),0,1152,310,1105,0,1090,9,0
11683,[Straghess] Standard (DLC),0,1152,350,0,0,1090,9,0
11684,[Straghess] Standard (DLC),0,1152,360,1304,0,1090,9,0
11685,[Straghess] Standard (DLC),0,1152,800,0,8009,1090,9,0
11686,[Straghess] Standard (DLC),0,1152,3040,800,7705,1090,9,0
11687,[Straghess] Standard (DLC),0,1152,3100,220,0,1090,9,0
11688,[Straghess] Standard (DLC),0,1152,3700,1100,0,1090,9,0
11689,[Straghess] Standard (DLC),0,1152,4000,12003,0,1090,9,0
11690,[Straghess] Standard (DLC),0,1153,0,10,7600,1090,9,0
11691,[Straghess] Standard (DLC),0,1153,0,0,0,1090,9,0
11692,[Straghess] Standard (DLC),0,1153,190,702,0,1090,9,0
11693,[Straghess] Standard (DLC),0,1153,300,1101,0,1090,9,0
11694,[Straghess] Standard (DLC),0,1153,310,1105,0,1090,9,0
11695,[Straghess] Standard (DLC),0,1153,320,9000,0,1090,9,0
11696,[Straghess] Standard (DLC),0,1153,350,0,0,1090,9,0
11697,[Straghess] Standard (DLC),0,1153,360,1304,0,1090,9,0
11698,[Straghess] Standard (DLC),0,1153,800,0,8009,1090,9,0
11699,[Straghess] Standard (DLC),0,1153,3700,1100,0,1090,9,0
11700,[Straghess] Standard (DLC),0,1153,4000,12003,0,1090,9,0
11701,[Straghess] Standard (DLC),0,1154,0,10,7600,1090,9,0
11702,[Straghess] Standard (DLC),0,1154,0,603,8076,1090,9,0
11703,[Straghess] Standard (DLC),0,1154,190,704,0,1090,9,0
11704,[Straghess] Standard (DLC),0,1154,300,1101,0,1090,9,0
11705,[Straghess] Standard (DLC),0,1154,310,1105,0,1090,9,0
11706,[Straghess] Standard (DLC),0,1154,320,9000,0,1090,9,0
11707,[Straghess] Standard (DLC),0,1154,350,0,0,1090,9,0
11708,[Straghess] Standard (DLC),0,1154,360,1304,0,1090,9,0
11709,[Straghess] Standard (DLC),0,1154,800,0,8008,1090,9,0
11710,[Straghess] Standard (DLC),0,1154,3050,801,7725,1090,9,0
11711,[Straghess] Standard (DLC),0,1154,3100,220,0,1090,9,0
11712,[Straghess] Standard (DLC),0,1154,3700,1100,0,1090,9,0
11713,[Straghess] Standard (DLC),0,1154,4000,12002,0,1090,9,0
11714,[Straghess] Standard (DLC),0,1155,0,10,7600,1090,9,0
11715,[Straghess] Standard (DLC),0,1155,0,600,8077,1090,9,0
11716,[Straghess] Standard (DLC),0,1155,190,706,0,1090,9,0
11717,[Straghess] Standard (DLC),0,1155,300,1101,0,1090,9,0
11718,[Straghess] Standard (DLC),0,1155,310,1105,0,1090,9,0
11719,[Straghess] Standard (DLC),0,1155,320,9000,0,1090,9,0
11720,[Straghess] Standard (DLC),0,1155,350,0,0,1090,9,0
11721,[Straghess] Standard (DLC),0,1155,360,1304,0,1090,9,0
11722,[Straghess] Standard (DLC),0,1155,800,0,8009,1090,9,0
11723,[Straghess] Standard (DLC),0,1155,3120,801,7725,1090,9,0
11724,[Straghess] Standard (DLC),0,1155,3700,1100,0,1090,9,0
11725,[Straghess] Standard (DLC),0,1155,4000,12002,0,1090,9,0
11726,[Straghess] Standard (DLC),0,1156,0,10,7600,1090,9,0
11727,[Straghess] Standard (DLC),0,1156,0,10001,8081,1090,9,0
11728,[Straghess] Standard (DLC),0,1156,190,703,0,1090,9,0
11729,[Straghess] Standard (DLC),0,1156,300,1102,0,1090,9,0
11730,[Straghess] Standard (DLC),0,1156,310,1105,0,1090,9,0
11731,[Straghess] Standard (DLC),0,1156,350,0,0,1090,9,0
11732,[Straghess] Standard (DLC),0,1156,360,1304,0,1090,9,0
11733,[Straghess] Standard (DLC),0,1156,800,0,8004,1090,9,0
11734,[Straghess] Standard (DLC),0,1156,3130,800,7705,1090,9,0
11735,[Straghess] Standard (DLC),0,1156,3700,1100,0,1090,9,0
11736,[Straghess] Standard (DLC),0,1156,4000,12002,0,1090,9,0
11737,[Straghess] Standard (DLC),0,1157,0,10,7600,1090,9,0
11738,[Straghess] Standard (DLC),0,1157,0,0,0,1090,9,0
11739,[Straghess] Standard (DLC),0,1157,190,707,0,1090,9,0
11740,[Straghess] Standard (DLC),0,1157,300,1102,0,1090,9,0
11741,[Straghess] Standard (DLC),0,1157,310,1105,0,1090,9,0
11742,[Straghess] Standard (DLC),0,1157,350,1104,0,1090,9,0
11743,[Straghess] Standard (DLC),0,1157,360,1303,0,1090,9,0
11744,[Straghess] Standard (DLC),0,1157,800,0,8011,1090,9,0
11745,[Straghess] Standard (DLC),0,1157,3700,1100,0,1090,9,0
11746,[Straghess] Standard (DLC),0,1157,4000,12003,0,1090,9,0
11747,[Straghess] Standard (DLC),0,1158,0,10,7600,1090,9,0
11748,[Straghess] Standard (DLC),0,1158,0,10001,8081,1090,9,0
11749,[Straghess] Standard (DLC),0,1158,190,704,0,1090,9,0
11750,[Straghess] Standard (DLC),0,1158,300,1102,0,1090,9,0
11751,[Straghess] Standard (DLC),0,1158,310,1105,0,1090,9,0
11752,[Straghess] Standard (DLC),0,1158,350,1104,0,1090,9,0
11753,[Straghess] Standard (DLC),0,1158,360,1303,0,1090,9,0
11754,[Straghess] Standard (DLC),0,1158,800,0,8001,1090,9,0
11755,[Straghess] Standard (DLC),0,1158,3130,800,7705,1090,9,0
11756,[Straghess] Standard (DLC),0,1158,3700,0,0,1090,9,0
11757,[Straghess] Standard (DLC),0,1158,4000,12002,0,1090,9,0
11758,[Straghess] Standard (DLC),0,1159,0,10,7600,1090,9,0
11759,[Straghess] Standard (DLC),0,1159,0,600,8077,1090,9,0
11760,[Straghess] Standard (DLC),0,1159,190,704,0,1090,9,0
11761,[Straghess] Standard (DLC),0,1159,300,1102,0,1090,9,0
11762,[Straghess] Standard (DLC),0,1159,310,1105,0,1090,9,0
11763,[Straghess] Standard (DLC),0,1159,350,0,0,1090,9,0
11764,[Straghess] Standard (DLC),0,1159,360,1304,0,1090,9,0
11765,[Straghess] Standard (DLC),0,1159,800,0,8010,1090,9,0
11766,[Straghess] Standard (DLC),0,1159,3120,800,7705,1090,9,0
11767,[Straghess] Standard (DLC),0,1159,3700,0,0,1090,9,0
11768,[Straghess] Standard (DLC),0,1159,4000,12003,0,1090,9,0
11769,[Straghess] Mountaintops (DLC),0,1160,0,11,7601,1091,9,1
11770,[Straghess] Mountaintops (DLC),0,1160,0,602,8079,1091,9,1
11771,[Straghess] Mountaintops (DLC),0,1160,150,9002,0,1091,9,1
11772,[Straghess] Mountaintops (DLC),0,1160,190,701,0,1091,9,1
11773,[Straghess] Mountaintops (DLC),0,1160,300,1101,0,1091,9,1
11774,[Straghess] Mountaintops (DLC),0,1160,310,1105,0,1091,9,1
11775,[Straghess] Mountaintops (DLC),0,1160,320,9001,0,1091,9,1
11776,[Straghess] Mountaintops (DLC),0,1160,350,0,0,1091,9,1
11777,[Straghess] Mountaintops (DLC),0,1160,360,1301,0,1091,9,1
11778,[Straghess] Mountaintops (DLC),0,1160,800,0,8003,1091,9,1
11779,[Straghess] Mountaintops (DLC),0,1160,3070,801,7725,1091,9,1
11780,[Straghess] Mountaintops (DLC),0,1160,3100,220,0,1091,9,1
11781,[Straghess] Mountaintops (DLC),0,1160,3700,0,0,1091,9,1
11782,[Straghess] Mountaintops (DLC),0,1160,4000,12003,0,1091,9,1
11783,[Straghess] Mountaintops (DLC),0,1161,0,11,7601,1091,9,1
11784,[Straghess] Mountaintops (DLC),0,1161,0,604,8075,1091,9,1
11785,[Straghess] Mountaintops (DLC),0,1161,150,9002,0,1091,9,1
11786,[Straghess] Mountaintops (DLC),0,1161,190,701,0,1091,9,1
11787,[Straghess] Mountaintops (DLC),0,1161,300,1102,0,1091,9,1
11788,[Straghess] Mountaintops (DLC),0,1161,310,1106,0,1091,9,1
11789,[Straghess] Mountaintops (DLC),0,1161,350,0,0,1091,9,1
11790,[Straghess] Mountaintops (DLC),0,1161,360,1301,0,1091,9,1
11791,[Straghess] Mountaintops (DLC),0,1161,800,0,8008,1091,9,1
11792,[Straghess] Mountaintops (DLC),0,1161,3040,800,7705,1091,9,1
11793,[Straghess] Mountaintops (DLC),0,1161,3100,220,0,1091,9,1
11794,[Straghess] Mountaintops (DLC),0,1161,3700,0,0,1091,9,1
11795,[Straghess] Mountaintops (DLC),0,1161,4000,12003,0,1091,9,1
11796,[Straghess] Mountaintops (DLC),0,1162,0,11,7601,1091,9,1
11797,[Straghess] Mountaintops (DLC),0,1162,0,10001,8081,1091,9,1
11798,[Straghess] Mountaintops (DLC),0,1162,150,9002,0,1091,9,1
11799,[Straghess] Mountaintops (DLC),0,1162,190,701,0,1091,9,1
11800,[Straghess] Mountaintops (DLC),0,1162,300,1101,0,1091,9,1
11801,[Straghess] Mountaintops (DLC),0,1162,310,1105,0,1091,9,1
11802,[Straghess] Mountaintops (DLC),0,1162,320,9001,0,1091,9,1
11803,[Straghess] Mountaintops (DLC),0,1162,350,0,0,1091,9,1
11804,[Straghess] Mountaintops (DLC),0,1162,360,1301,0,1091,9,1
11805,[Straghess] Mountaintops (DLC),0,1162,800,0,8007,1091,9,1
11806,[Straghess] Mountaintops (DLC),0,1162,3130,800,7705,1091,9,1
11807,[Straghess] Mountaintops (DLC),0,1162,3700,0,0,1091,9,1
11808,[Straghess] Mountaintops (DLC),0,1162,4000,12002,0,1091,9,1
11809,[Straghess] Mountaintops (DLC),0,1163,0,11,7601,1091,9,1
11810,[Straghess] Mountaintops (DLC),0,1163,0,0,0,1091,9,1
11811,[Straghess] Mountaintops (DLC),0,1163,150,9002,0,1091,9,1
11812,[Straghess] Mountaintops (DLC),0,1163,190,704,0,1091,9,1
11813,[Straghess] Mountaintops (DLC),0,1163,300,1102,0,1091,9,1
11814,[Straghess] Mountaintops (DLC),0,1163,310,1105,0,1091,9,1
11815,[Straghess] Mountaintops (DLC),0,1163,350,1104,0,1091,9,1
11816,[Straghess] Mountaintops (DLC),0,1163,360,1300,0,1091,9,1
11817,[Straghess] Mountaintops (DLC),0,1163,800,0,8008,1091,9,1
11818,[Straghess] Mountaintops (DLC),0,1163,3700,1100,0,1091,9,1
11819,[Straghess] Mountaintops (DLC),0,1163,4000,12003,0,1091,9,1
11820,[Straghess] Mountaintops (DLC),0,1164,0,11,7601,1091,9,1
11821,[Straghess] Mountaintops (DLC),0,1164,0,0,0,1091,9,1
11822,[Straghess] Mountaintops (DLC),0,1164,150,9002,0,1091,9,1
11823,[Straghess] Mountaintops (DLC),0,1164,190,706,0,1091,9,1
11824,[Straghess] Mountaintops (DLC),0,1164,300,1102,0,1091,9,1
11825,[Straghess] Mountaintops (DLC),0,1164,310,1106,0,1091,9,1
11826,[Straghess] Mountaintops (DLC),0,1164,350,0,0,1091,9,1
11827,[Straghess] Mountaintops (DLC),0,1164,360,1301,0,1091,9,1
11828,[Straghess] Mountaintops (DLC),0,1164,800,0,8000,1091,9,1
11829,[Straghess] Mountaintops (DLC),0,1164,3700,0,0,1091,9,1
11830,[Straghess] Mountaintops (DLC),0,1164,4000,12002,0,1091,9,1
11831,[Straghess] The Crater (DLC),0,1165,0,12,7602,1092,9,2
11832,[Straghess] The Crater (DLC),0,1165,0,10001,8081,1092,9,2
11833,[Straghess] The Crater (DLC),0,1165,150,9002,0,1092,9,2
11834,[Straghess] The Crater (DLC),0,1165,190,700,0,1092,9,2
11835,[Straghess] The Crater (DLC),0,1165,300,1102,0,1092,9,2
11836,[Straghess] The Crater (DLC),0,1165,310,1105,0,1092,9,2
11837,[Straghess] The Crater (DLC),0,1165,350,0,0,1092,9,2
11838,[Straghess] The Crater (DLC),0,1165,360,1301,0,1092,9,2
11839,[Straghess] The Crater (DLC),0,1165,800,0,8005,1092,9,2
11840,[Straghess] The Crater (DLC),0,1165,3130,800,7705,1092,9,2
11841,[Straghess] The Crater (DLC),0,1165,3700,0,0,1092,9,2
11842,[Straghess] The Crater (DLC),0,1165,4000,12002,0,1092,9,2
11843,[Straghess] The Crater (DLC),0,1166,0,12,7602,1092,9,2
11844,[Straghess] The Crater (DLC),0,1166,0,603,8076,1092,9,2
11845,[Straghess] The Crater (DLC),0,1166,150,9002,0,1092,9,2
11846,[Straghess] The Crater (DLC),0,1166,190,704,0,1092,9,2
11847,[Straghess] The Crater (DLC),0,1166,300,1101,0,1092,9,2
11848,[Straghess] The Crater (DLC),0,1166,310,1105,0,1092,9,2
11849,[Straghess] The Crater (DLC),0,1166,320,9001,0,1092,9,2
11850,[Straghess] The Crater (DLC),0,1166,350,0,0,1092,9,2
11851,[Straghess] The Crater (DLC),0,1166,360,1301,0,1092,9,2
11852,[Straghess] The Crater (DLC),0,1166,800,0,8011,1092,9,2
11853,[Straghess] The Crater (DLC),0,1166,3050,800,7705,1092,9,2
11854,[Straghess] The Crater (DLC),0,1166,3100,220,0,1092,9,2
11855,[Straghess] The Crater (DLC),0,1166,3700,0,0,1092,9,2
11856,[Straghess] The Crater (DLC),0,1166,4000,12003,0,1092,9,2
11857,[Straghess] The Crater (DLC),0,1167,0,12,7602,1092,9,2
11858,[Straghess] The Crater (DLC),0,1167,0,10000,8080,1092,9,2
11859,[Straghess] The Crater (DLC),0,1167,150,9002,0,1092,9,2
11860,[Straghess] The Crater (DLC),0,1167,190,702,0,1092,9,2
11861,[Straghess] The Crater (DLC),0,1167,300,1101,0,1092,9,2
11862,[Straghess] The Crater (DLC),0,1167,310,1105,0,1092,9,2
11863,[Straghess] The Crater (DLC),0,1167,320,9001,0,1092,9,2
11864,[Straghess] The Crater (DLC),0,1167,350,0,0,1092,9,2
11865,[Straghess] The Crater (DLC),0,1167,360,1301,0,1092,9,2
11866,[Straghess] The Crater (DLC),0,1167,800,0,8010,1092,9,2
11867,[Straghess] The Crater (DLC),0,1167,3110,801,7725,1092,9,2
11868,[Straghess] The Crater (DLC),0,1167,3700,0,0,1092,9,2
11869,[Straghess] The Crater (DLC),0,1167,4000,12003,0,1092,9,2
11870,[Straghess] The Crater (DLC),0,1168,0,12,7602,1092,9,2
11871,[Straghess] The Crater (DLC),0,1168,0,0,0,1092,9,2
11872,[Straghess] The Crater (DLC),0,1168,150,9002,0,1092,9,2
11873,[Straghess] The Crater (DLC),0,1168,190,701,0,1092,9,2
11874,[Straghess] The Crater (DLC),0,1168,300,1101,0,1092,9,2
11875,[Straghess] The Crater (DLC),0,1168,310,1105,0,1092,9,2
11876,[Straghess] The Crater (DLC),0,1168,320,9001,0,1092,9,2
11877,[Straghess] The Crater (DLC),0,1168,350,1104,0,1092,9,2
11878,[Straghess] The Crater (DLC),0,1168,360,1300,0,1092,9,2
11879,[Straghess] The Crater (DLC),0,1168,800,0,8005,1092,9,2
11880,[Straghess] The Crater (DLC),0,1168,3700,0,0,1092,9,2
11881,[Straghess] The Crater (DLC),0,1168,4000,12003,0,1092,9,2
11882,[Straghess] The Crater (DLC),0,1169,0,12,7602,1092,9,2
11883,[Straghess] The Crater (DLC),0,1169,0,0,0,1092,9,2
11884,[Straghess] The Crater (DLC),0,1169,150,9002,0,1092,9,2
11885,[Straghess] The Crater (DLC),0,1169,190,705,0,1092,9,2
11886,[Straghess] The Crater (DLC),0,1169,300,1102,0,1092,9,2
11887,[Straghess] The Crater (DLC),0,1169,310,1105,0,1092,9,2
11888,[Straghess] The Crater (DLC),0,1169,350,0,0,1092,9,2
11889,[Straghess] The Crater (DLC),0,1169,360,1301,0,1092,9,2
11890,[Straghess] The Crater (DLC),0,1169,800,0,8004,1092,9,2
11891,[Straghess] The Crater (DLC),0,1169,3700,1100,0,1092,9,2
11892,[Straghess] The Crater (DLC),0,1169,4000,12003,0,1092,9,2
11893,[Straghess] Rotted Woods (DLC),0,1170,0,13,7603,1093,9,3
11894,[Straghess] Rotted Woods (DLC),0,1170,0,10001,8081,1093,9,3
11895,[Straghess] Rotted Woods (DLC),0,1170,150,9002,0,1093,9,3
11896,[Straghess] Rotted Woods (DLC),0,1170,190,703,0,1093,9,3
11897,[Straghess] Rotted Woods (DLC),0,1170,300,1102,0,1093,9,3
11898,[Straghess] Rotted Woods (DLC),0,1170,310,1105,0,1093,9,3
11899,[Straghess] Rotted Woods (DLC),0,1170,350,0,0,1093,9,3
11900,[Straghess] Rotted Woods (DLC),0,1170,360,1303,0,1093,9,3
11901,[Straghess] Rotted Woods (DLC),0,1170,500,0,1057300590,1093,9,3
11902,[Straghess] Rotted Woods (DLC),0,1170,800,0,8005,1093,9,3
11903,[Straghess] Rotted Woods (DLC),0,1170,3130,800,7705,1093,9,3
11904,[Straghess] Rotted Woods (DLC),0,1170,3700,0,0,1093,9,3
11905,[Straghess] Rotted Woods (DLC),0,1170,4000,12002,0,1093,9,3
11906,[Straghess] Rotted Woods (DLC),0,1171,0,13,7603,1093,9,3
11907,[Straghess] Rotted Woods (DLC),0,1171,0,601,8078,1093,9,3
11908,[Straghess] Rotted Woods (DLC),0,1171,150,9002,0,1093,9,3
11909,[Straghess] Rotted Woods (DLC),0,1171,190,703,0,1093,9,3
11910,[Straghess] Rotted Woods (DLC),0,1171,300,1102,0,1093,9,3
11911,[Straghess] Rotted Woods (DLC),0,1171,310,1105,0,1093,9,3
11912,[Straghess] Rotted Woods (DLC),0,1171,350,0,0,1093,9,3
11913,[Straghess] Rotted Woods (DLC),0,1171,360,1303,0,1093,9,3
11914,[Straghess] Rotted Woods (DLC),0,1171,500,0,1046300590,1093,9,3
11915,[Straghess] Rotted Woods (DLC),0,1171,800,0,8006,1093,9,3
11916,[Straghess] Rotted Woods (DLC),0,1171,3060,801,7725,1093,9,3
11917,[Straghess] Rotted Woods (DLC),0,1171,3100,220,0,1093,9,3
11918,[Straghess] Rotted Woods (DLC),0,1171,3700,0,0,1093,9,3
11919,[Straghess] Rotted Woods (DLC),0,1171,4000,12002,0,1093,9,3
11920,[Straghess] Rotted Woods (DLC),0,1172,0,13,7603,1093,9,3
11921,[Straghess] Rotted Woods (DLC),0,1172,0,10000,8080,1093,9,3
11922,[Straghess] Rotted Woods (DLC),0,1172,150,9002,0,1093,9,3
11923,[Straghess] Rotted Woods (DLC),0,1172,190,708,0,1093,9,3
11924,[Straghess] Rotted Woods (DLC),0,1172,300,1101,0,1093,9,3
11925,[Straghess] Rotted Woods (DLC),0,1172,310,1105,0,1093,9,3
11926,[Straghess] Rotted Woods (DLC),0,1172,320,9001,0,1093,9,3
11927,[Straghess] Rotted Woods (DLC),0,1172,350,0,0,1093,9,3
11928,[Straghess] Rotted Woods (DLC),0,1172,360,1303,0,1093,9,3
11929,[Straghess] Rotted Woods (DLC),0,1172,500,0,1047300590,1093,9,3
11930,[Straghess] Rotted Woods (DLC),0,1172,800,0,8001,1093,9,3
11931,[Straghess] Rotted Woods (DLC),0,1172,3110,801,7725,1093,9,3
11932,[Straghess] Rotted Woods (DLC),0,1172,3700,0,0,1093,9,3
11933,[Straghess] Rotted Woods (DLC),0,1172,4000,12002,0,1093,9,3
11934,[Straghess] Rotted Woods (DLC),0,1173,0,13,7603,1093,9,3
11935,[Straghess] Rotted Woods (DLC),0,1173,0,0,0,1093,9,3
11936,[Straghess] Rotted Woods (DLC),0,1173,150,9002,0,1093,9,3
11937,[Straghess] Rotted Woods (DLC),0,1173,190,703,0,1093,9,3
11938,[Straghess] Rotted Woods (DLC),0,1173,300,1101,0,1093,9,3
11939,[Straghess] Rotted Woods (DLC),0,1173,310,1105,0,1093,9,3
11940,[Straghess] Rotted Woods (DLC),0,1173,320,9001,0,1093,9,3
11941,[Straghess] Rotted Woods (DLC),0,1173,350,0,0,1093,9,3
11942,[Straghess] Rotted Woods (DLC),0,1173,360,1303,0,1093,9,3
11943,[Straghess] Rotted Woods (DLC),0,1173,500,0,1046300590,1093,9,3
11944,[Straghess] Rotted Woods (DLC),0,1173,800,0,8008,1093,9,3
11945,[Straghess] Rotted Woods (DLC),0,1173,3700,1100,0,1093,9,3
11946,[Straghess] Rotted Woods (DLC),0,1173,4000,12003,0,1093,9,3
11947,[Straghess] Rotted Woods (DLC),0,1174,0,13,7603,1093,9,3
11948,[Straghess] Rotted Woods (DLC),0,1174,0,0,0,1093,9,3
11949,[Straghess] Rotted Woods (DLC),0,1174,150,9002,0,1093,9,3
11950,[Straghess] Rotted Woods (DLC),0,1174,190,708,0,1093,9,3
11951,[Straghess] Rotted Woods (DLC),0,1174,300,1102,0,1093,9,3
11952,[Straghess] Rotted Woods (DLC),0,1174,310,1105,0,1093,9,3
11953,[Straghess] Rotted Woods (DLC),0,1174,350,0,0,1093,9,3
11954,[Straghess] Rotted Woods (DLC),0,1174,360,1303,0,1093,9,3
11955,[Straghess] Rotted Woods (DLC),0,1174,500,0,1047300590,1093,9,3
11956,[Straghess] Rotted Woods (DLC),0,1174,800,0,8006,1093,9,3
11957,[Straghess] Rotted Woods (DLC),0,1174,3700,0,0,1093,9,3
11958,[Straghess] Rotted Woods (DLC),0,1174,4000,12002,0,1093,9,3
11959,[Straghess] Great Hollow (DLC),0,1175,0,14,7604,1094,9,4
11960,[Straghess] Great Hollow (DLC),0,1175,0,140,1038400230,1094,9,4
11961,[Straghess] Great Hollow (DLC),0,1175,0,15002,0,1094,9,4
11962,[Straghess] Great Hollow (DLC),0,1175,0,15003,0,1094,9,4
11963,[Straghess] Great Hollow (DLC),0,1175,0,15101,0,1094,9,4
11964,[Straghess] Great Hollow (DLC),0,1175,0,15102,0,1094,9,4
11965,[Straghess] Great Hollow (DLC),0,1175,0,15105,0,1094,9,4
11966,[Straghess] Great Hollow (DLC),0,1175,160,13002,1059400300,1094,9,4
11967,[Straghess] Great Hollow (DLC),0,1175,530,801,7727,1094,9,4
11968,[Straghess] Great Hollow (DLC),0,1175,3600,0,8002,1094,9,4
11969,[Straghess] Great Hollow (DLC),0,1175,3700,1100,0,1094,9,4
11970,[Straghess] Great Hollow (DLC),0,1176,0,14,7604,1094,9,4
11971,[Straghess] Great Hollow (DLC),0,1176,0,603,8076,1094,9,4
11972,[Straghess] Great Hollow (DLC),0,1176,0,15001,0,1094,9,4
11973,[Straghess] Great Hollow (DLC),0,1176,0,15004,0,1094,9,4
11974,[Straghess] Great Hollow (DLC),0,1176,0,15101,0,1094,9,4
11975,[Straghess] Great Hollow (DLC),0,1176,0,15102,0,1094,9,4
11976,[Straghess] Great Hollow (DLC),0,1176,0,15104,0,1094,9,4
11977,[Straghess] Great Hollow (DLC),0,1176,160,13001,1036400300,1094,9,4
11978,[Straghess] Great Hollow (DLC),0,1176,540,801,7725,1094,9,4
11979,[Straghess] Great Hollow (DLC),0,1176,3600,0,8005,1094,9,4
11980,[Straghess] Great Hollow (DLC),0,1176,3700,0,0,1094,9,4
11981,[Straghess] Great Hollow (DLC),0,1177,0,14,7604,1094,9,4
11982,[Straghess] Great Hollow (DLC),0,1177,0,10001,0,1094,9,4
11983,[Straghess] Great Hollow (DLC),0,1177,0,15001,0,1094,9,4
11984,[Straghess] Great Hollow (DLC),0,1177,0,15005,0,1094,9,4
11985,[Straghess] Great Hollow (DLC),0,1177,0,15100,0,1094,9,4
11986,[Straghess] Great Hollow (DLC),0,1177,0,15103,0,1094,9,4
11987,[Straghess] Great Hollow (DLC),0,1177,0,15104,0,1094,9,4
11988,[Straghess] Great Hollow (DLC),0,1177,160,13002,1059400300,1094,9,4
11989,[Straghess] Great Hollow (DLC),0,1177,530,801,0,1094,9,4
11990,[Straghess] Great Hollow (DLC),0,1177,3600,0,8004,1094,9,4
11991,[Straghess] Great Hollow (DLC),0,1177,3700,0,0,1094,9,4
11992,[Straghess] Great Hollow (DLC),0,1178,0,14,7604,1094,9,4
11993,[Straghess] Great Hollow (DLC),0,1178,0,10000,8080,1094,9,4
11994,[Straghess] Great Hollow (DLC),0,1178,0,15001,0,1094,9,4
11995,[Straghess] Great Hollow (DLC),0,1178,0,15003,0,1094,9,4
11996,[Straghess] Great Hollow (DLC),0,1178,0,15100,0,1094,9,4
11997,[Straghess] Great Hollow (DLC),0,1178,0,15102,0,1094,9,4
11998,[Straghess] Great Hollow (DLC),0,1178,0,15105,0,1094,9,4
11999,[Straghess] Great Hollow (DLC),0,1178,160,13002,1059400300,1094,9,4
12000,[Straghess] Great Hollow (DLC),0,1178,510,801,7725,1094,9,4
12001,[Straghess] Great Hollow (DLC),0,1178,3600,0,8006,1094,9,4
12002,[Straghess] Great Hollow (DLC),0,1178,3700,0,0,1094,9,4
12003,[Straghess] Great Hollow (DLC),0,1179,0,14,7604,1094,9,4
12004,[Straghess] Great Hollow (DLC),0,1179,0,600,8077,1094,9,4
12005,[Straghess] Great Hollow (DLC),0,1179,0,15002,0,1094,9,4
12006,[Straghess] Great Hollow (DLC),0,1179,0,15004,0,1094,9,4
12007,[Straghess] Great Hollow (DLC),0,1179,0,15101,0,1094,9,4
12008,[Straghess] Great Hollow (DLC),0,1179,0,15103,0,1094,9,4
12009,[Straghess] Great Hollow (DLC),0,1179,0,15104,0,1094,9,4
12010,[Straghess] Great Hollow (DLC),0,1179,160,13002,1059400300,1094,9,4
12011,[Straghess] Great Hollow (DLC),0,1179,520,801,7725,1094,9,4
12012,[Straghess] Great Hollow (DLC),0,1179,3600,0,8008,1094,9,4
12013,[Straghess] Great Hollow (DLC),0,1179,3700,0,0,1094,9,4
12014,[Straghess] Great Hollow (DLC),0,1180,0,14,7604,1094,9,4
12015,[Straghess] Great Hollow (DLC),0,1180,0,602,8079,1094,9,4
12016,[Straghess] Great Hollow (DLC),0,1180,0,15002,0,1094,9,4
12017,[Straghess] Great Hollow (DLC),0,1180,0,15004,0,1094,9,4
12018,[Straghess] Great Hollow (DLC),0,1180,0,15100,0,1094,9,4
12019,[Straghess] Great Hollow (DLC),0,1180,0,15103,0,1094,9,4
12020,[Straghess] Great Hollow (DLC),0,1180,0,15104,0,1094,9,4
12021,[Straghess] Great Hollow (DLC),0,1180,160,13000,1026400300,1094,9,4
12022,[Straghess] Great Hollow (DLC),0,1180,560,801,7725,1094,9,4
12023,[Straghess] Great Hollow (DLC),0,1180,3600,0,8008,1094,9,4
12024,[Straghess] Great Hollow (DLC),0,1180,3700,0,0,1094,9,4
12025,[Straghess] Great Hollow (DLC),0,1181,0,14,7604,1094,9,4
12026,[Straghess] Great Hollow (DLC),0,1181,0,0,0,1094,9,4
12027,[Straghess] Great Hollow (DLC),0,1181,0,15001,0,1094,9,4
12028,[Straghess] Great Hollow (DLC),0,1181,0,15005,0,1094,9,4
12029,[Straghess] Great Hollow (DLC),0,1181,0,15100,0,1094,9,4
12030,[Straghess] Great Hollow (DLC),0,1181,0,15103,0,1094,9,4
12031,[Straghess] Great Hollow (DLC),0,1181,0,15105,0,1094,9,4
12032,[Straghess] Great Hollow (DLC),0,1181,160,13000,1026400300,1094,9,4
12033,[Straghess] Great Hollow (DLC),0,1181,3600,0,8004,1094,9,4
12034,[Straghess] Great Hollow (DLC),0,1181,3700,1100,0,1094,9,4
12035,[Straghess] Great Hollow (DLC),0,1182,0,14,7604,1094,9,4
12036,[Straghess] Great Hollow (DLC),0,1182,0,120,0,1094,9,4
12037,[Straghess] Great Hollow (DLC),0,1182,0,15002,0,1094,9,4
12038,[Straghess] Great Hollow (DLC),0,1182,0,15005,0,1094,9,4
12039,[Straghess] Great Hollow (DLC),0,1182,0,15101,0,1094,9,4
12040,[Straghess] Great Hollow (DLC),0,1182,0,15103,0,1094,9,4
12041,[Straghess] Great Hollow (DLC),0,1182,0,15105,0,1094,9,4
12042,[Straghess] Great Hollow (DLC),0,1182,160,13002,1059400300,1094,9,4
12043,[Straghess] Great Hollow (DLC),0,1182,530,800,7700,1094,9,4
12044,[Straghess] Great Hollow (DLC),0,1182,3600,0,8006,1094,9,4
12045,[Straghess] Great Hollow (DLC),0,1182,3700,0,0,1094,9,4
12046,[Straghess] Great Hollow (DLC),0,1183,0,14,7604,1094,9,4
12047,[Straghess] Great Hollow (DLC),0,1183,0,0,0,1094,9,4
12048,[Straghess] Great Hollow (DLC),0,1183,0,15001,0,1094,9,4
12049,[Straghess] Great Hollow (DLC),0,1183,0,15004,0,1094,9,4
12050,[Straghess] Great Hollow (DLC),0,1183,0,15100,0,1094,9,4
12051,[Straghess] Great Hollow (DLC),0,1183,0,15102,0,1094,9,4
12052,[Straghess] Great Hollow (DLC),0,1183,0,15104,0,1094,9,4
12053,[Straghess] Great Hollow (DLC),0,1183,160,13002,1059400300,1094,9,4
12054,[Straghess] Great Hollow (DLC),0,1183,3600,0,8000,1094,9,4
12055,[Straghess] Great Hollow (DLC),0,1183,3700,0,0,1094,9,4
12056,[Straghess] Great Hollow (DLC),0,1184,0,14,7604,1094,9,4
12057,[Straghess] Great Hollow (DLC),0,1184,0,0,0,1094,9,4
12058,[Straghess] Great Hollow (DLC),0,1184,0,15002,0,1094,9,4
12059,[Straghess] Great Hollow (DLC),0,1184,0,15004,0,1094,9,4
12060,[Straghess] Great Hollow (DLC),0,1184,0,15100,0,1094,9,4
12061,[Straghess] Great Hollow (DLC),0,1184,0,15103,0,1094,9,4
12062,[Straghess] Great Hollow (DLC),0,1184,0,15105,0,1094,9,4
12063,[Straghess] Great Hollow (DLC),0,1184,160,13002,1059400300,1094,9,4
12064,[Straghess] Great Hollow (DLC),0,1184,3600,0,8005,1094,9,4
12065,[Straghess] Great Hollow (DLC),0,1184,3700,1100,0,1094,9,4
12066,[Straghess] Great Hollow (DLC),0,1185,0,14,7604,1094,9,4
12067,[Straghess] Great Hollow (DLC),0,1185,0,120,0,1094,9,4
12068,[Straghess] Great Hollow (DLC),0,1185,0,15001,0,1094,9,4
12069,[Straghess] Great Hollow (DLC),0,1185,0,15005,0,1094,9,4
12070,[Straghess] Great Hollow (DLC),0,1185,0,15100,0,1094,9,4
12071,[Straghess] Great Hollow (DLC),0,1185,0,15102,0,1094,9,4
12072,[Straghess] Great Hollow (DLC),0,1185,0,15105,0,1094,9,4
12073,[Straghess] Great Hollow (DLC),0,1185,160,13000,1026400300,1094,9,4
12074,[Straghess] Great Hollow (DLC),0,1185,530,800,7700,1094,9,4
12075,[Straghess] Great Hollow (DLC),0,1185,3600,0,8011,1094,9,4
12076,[Straghess] Great Hollow (DLC),0,1185,3700,0,0,1094,9,4
12077,[Straghess] Great Hollow (DLC),0,1186,0,14,7604,1094,9,4
12078,[Straghess] Great Hollow (DLC),0,1186,0,602,8079,1094,9,4
12079,[Straghess] Great Hollow (DLC),0,1186,0,15002,0,1094,9,4
12080,[Straghess] Great Hollow (DLC),0,1186,0,15005,0,1094,9,4
12081,[Straghess] Great Hollow (DLC),0,1186,0,15100,0,1094,9,4
12082,[Straghess] Great Hollow (DLC),0,1186,0,15102,0,1094,9,4
12083,[Straghess] Great Hollow (DLC),0,1186,0,15104,0,1094,9,4
12084,[Straghess] Great Hollow (DLC),0,1186,160,13001,1036400300,1094,9,4
12085,[Straghess] Great Hollow (DLC),0,1186,560,801,7725,1094,9,4
12086,[Straghess] Great Hollow (DLC),0,1186,3600,0,8003,1094,9,4
12087,[Straghess] Great Hollow (DLC),0,1186,3700,0,0,1094,9,4
12088,[Straghess] Great Hollow (DLC),0,1187,0,14,7604,1094,9,4
12089,[Straghess] Great Hollow (DLC),0,1187,0,10000,8080,1094,9,4
12090,[Straghess] Great Hollow (DLC),0,1187,0,15002,0,1094,9,4
12091,[Straghess] Great Hollow (DLC),0,1187,0,15003,0,1094,9,4
12092,[Straghess] Great Hollow (DLC),0,1187,0,15100,0,1094,9,4
12093,[Straghess] Great Hollow (DLC),0,1187,0,15103,0,1094,9,4
12094,[Straghess] Great Hollow (DLC),0,1187,0,15104,0,1094,9,4
12095,[Straghess] Great Hollow (DLC),0,1187,160,13001,1036400300,1094,9,4
12096,[Straghess] Great Hollow (DLC),0,1187,510,801,7725,1094,9,4
12097,[Straghess] Great Hollow (DLC),0,1187,3600,0,8001,1094,9,4
12098,[Straghess] Great Hollow (DLC),0,1187,3700,0,0,1094,9,4
12099,[Straghess] Great Hollow (DLC),0,1188,0,14,7604,1094,9,4
12100,[Straghess] Great Hollow (DLC),0,1188,0,603,8076,1094,9,4
12101,[Straghess] Great Hollow (DLC),0,1188,0,15001,0,1094,9,4
12102,[Straghess] Great Hollow (DLC),0,1188,0,15004,0,1094,9,4
12103,[Straghess] Great Hollow (DLC),0,1188,0,15101,0,1094,9,4
12104,[Straghess] Great Hollow (DLC),0,1188,0,15102,0,1094,9,4
12105,[Straghess] Great Hollow (DLC),0,1188,0,15104,0,1094,9,4
12106,[Straghess] Great Hollow (DLC),0,1188,160,13001,1036400300,1094,9,4
12107,[Straghess] Great Hollow (DLC),0,1188,540,800,7705,1094,9,4
12108,[Straghess] Great Hollow (DLC),0,1188,3600,0,8010,1094,9,4
12109,[Straghess] Great Hollow (DLC),0,1188,3700,1100,0,1094,9,4
12110,[Straghess] Great Hollow (DLC),0,1189,0,14,7604,1094,9,4
12111,[Straghess] Great Hollow (DLC),0,1189,0,0,0,1094,9,4
12112,[Straghess] Great Hollow (DLC),0,1189,0,15002,0,1094,9,4
12113,[Straghess] Great Hollow (DLC),0,1189,0,15005,0,1094,9,4
12114,[Straghess] Great Hollow (DLC),0,1189,0,15101,0,1094,9,4
12115,[Straghess] Great Hollow (DLC),0,1189,0,15102,0,1094,9,4
12116,[Straghess] Great Hollow (DLC),0,1189,0,15105,0,1094,9,4
12117,[Straghess] Great Hollow (DLC),0,1189,160,13001,1036400300,1094,9,4
12118,[Straghess] Great Hollow (DLC),0,1189,3600,0,8000,1094,9,4
12119,[Straghess] Great Hollow (DLC),0,1189,3700,0,0,1094,9,4
12120,[Straghess] Great Hollow (DLC),0,1190,0,14,7604,1094,9,4
12121,[Straghess] Great Hollow (DLC),0,1190,0,120,0,1094,9,4
12122,[Straghess] Great Hollow (DLC),0,1190,0,15002,0,1094,9,4
12123,[Straghess] Great Hollow (DLC),0,1190,0,15003,0,1094,9,4
12124,[Straghess] Great Hollow (DLC),0,1190,0,15101,0,1094,9,4
12125,[Straghess] Great Hollow (DLC),0,1190,0,15103,0,1094,9,4
12126,[Straghess] Great Hollow (DLC),0,1190,0,15105,0,1094,9,4
12127,[Straghess] Great Hollow (DLC),0,1190,160,13002,1059400300,1094,9,4
12128,[Straghess] Great Hollow (DLC),0,1190,530,801,7720,1094,9,4
12129,[Straghess] Great Hollow (DLC),0,1190,3600,0,8007,1094,9,4
12130,[Straghess] Great Hollow (DLC),0,1190,3700,1100,0,1094,9,4
12131,[Straghess] Great Hollow (DLC),0,1191,0,14,7604,1094,9,4
12132,[Straghess] Great Hollow (DLC),0,1191,0,0,0,1094,9,4
12133,[Straghess] Great Hollow (DLC),0,1191,0,15001,0,1094,9,4
12134,[Straghess] Great Hollow (DLC),0,1191,0,15005,0,1094,9,4
12135,[Straghess] Great Hollow (DLC),0,1191,0,15100,0,1094,9,4
12136,[Straghess] Great Hollow (DLC),0,1191,0,15102,0,1094,9,4
12137,[Straghess] Great Hollow (DLC),0,1191,0,15105,0,1094,9,4
12138,[Straghess] Great Hollow (DLC),0,1191,160,13000,1026400300,1094,9,4
12139,[Straghess] Great Hollow (DLC),0,1191,3600,0,8007,1094,9,4
12140,[Straghess] Great Hollow (DLC),0,1191,3700,0,0,1094,9,4
12141,[Straghess] Great Hollow (DLC),0,1192,0,14,7604,1094,9,4
12142,[Straghess] Great Hollow (DLC),0,1192,0,601,8078,1094,9,4
12143,[Straghess] Great Hollow (DLC),0,1192,0,15001,0,1094,9,4
12144,[Straghess] Great Hollow (DLC),0,1192,0,15003,0,1094,9,4
12145,[Straghess] Great Hollow (DLC),0,1192,0,15101,0,1094,9,4
12146,[Straghess] Great Hollow (DLC),0,1192,0,15102,0,1094,9,4
12147,[Straghess] Great Hollow (DLC),0,1192,0,15105,0,1094,9,4
12148,[Straghess] Great Hollow (DLC),0,1192,160,13000,1026400300,1094,9,4
12149,[Straghess] Great Hollow (DLC),0,1192,550,800,7705,1094,9,4
12150,[Straghess] Great Hollow (DLC),0,1192,3600,0,8002,1094,9,4
12151,[Straghess] Great Hollow (DLC),0,1192,3700,0,0,1094,9,4
12152,[Straghess] Great Hollow (DLC),0,1193,0,14,7604,1094,9,4
12153,[Straghess] Great Hollow (DLC),0,1193,0,0,0,1094,9,4
12154,[Straghess] Great Hollow (DLC),0,1193,0,15002,0,1094,9,4
12155,[Straghess] Great Hollow (DLC),0,1193,0,15003,0,1094,9,4
12156,[Straghess] Great Hollow (DLC),0,1193,0,15101,0,1094,9,4
12157,[Straghess] Great Hollow (DLC),0,1193,0,15103,0,1094,9,4
12158,[Straghess] Great Hollow (DLC),0,1193,0,15104,0,1094,9,4
12159,[Straghess] Great Hollow (DLC),0,1193,160,13000,1026400300,1094,9,4
12160,[Straghess] Great Hollow (DLC),0,1193,3600,0,8009,1094,9,4
12161,[Straghess] Great Hollow (DLC),0,1193,3700,1100,0,1094,9,4
12162,[Straghess] Great Hollow (DLC),0,1194,0,14,7604,1094,9,4
12163,[Straghess] Great Hollow (DLC),0,1194,0,0,0,1094,9,4
12164,[Straghess] Great Hollow (DLC),0,1194,0,15001,0,1094,9,4
12165,[Straghess] Great Hollow (DLC),0,1194,0,15005,0,1094,9,4
12166,[Straghess] Great Hollow (DLC),0,1194,0,15101,0,1094,9,4
12167,[Straghess] Great Hollow (DLC),0,1194,0,15103,0,1094,9,4
12168,[Straghess] Great Hollow (DLC),0,1194,0,15104,0,1094,9,4
12169,[Straghess] Great Hollow (DLC),0,1194,160,13001,1036400300,1094,9,4
12170,[Straghess] Great Hollow (DLC),0,1194,3600,0,8009,1094,9,4
12171,[Straghess] Great Hollow (DLC),0,1194,3700,0,0,1094,9,4
12172,[Straghess] Shrouded City (DLC),0,1195,0,15,7605,1095,9,5
12173,[Straghess] Shrouded City (DLC),0,1195,0,0,0,1095,9,5
12174,[Straghess] Shrouded City (DLC),0,1195,150,9002,0,1095,9,5
12175,[Straghess] Shrouded City (DLC),0,1195,190,703,0,1095,9,5
12176,[Straghess] Shrouded City (DLC),0,1195,300,1102,0,1095,9,5
12177,[Straghess] Shrouded City (DLC),0,1195,310,1105,0,1095,9,5
12178,[Straghess] Shrouded City (DLC),0,1195,350,0,0,1095,9,5
12179,[Straghess] Shrouded City (DLC),0,1195,360,1303,0,1095,9,5
12180,[Straghess] Shrouded City (DLC),0,1195,800,0,8004,1095,9,5
12181,[Straghess] Shrouded City (DLC),0,1195,3700,1100,0,1095,9,5
12182,[Straghess] Shrouded City (DLC),0,1195,4000,12002,0,1095,9,5
12183,[Straghess] Shrouded City (DLC),0,1196,0,15,7605,1095,9,5
12184,[Straghess] Shrouded City (DLC),0,1196,0,604,8075,1095,9,5
12185,[Straghess] Shrouded City (DLC),0,1196,150,9002,0,1095,9,5
12186,[Straghess] Shrouded City (DLC),0,1196,190,702,0,1095,9,5
12187,[Straghess] Shrouded City (DLC),0,1196,300,1101,0,1095,9,5
12188,[Straghess] Shrouded City (DLC),0,1196,310,1105,0,1095,9,5
12189,[Straghess] Shrouded City (DLC),0,1196,320,9001,0,1095,9,5
12190,[Straghess] Shrouded City (DLC),0,1196,350,0,0,1095,9,5
12191,[Straghess] Shrouded City (DLC),0,1196,360,1303,0,1095,9,5
12192,[Straghess] Shrouded City (DLC),0,1196,800,0,8006,1095,9,5
12193,[Straghess] Shrouded City (DLC),0,1196,3040,801,7725,1095,9,5
12194,[Straghess] Shrouded City (DLC),0,1196,3100,220,0,1095,9,5
12195,[Straghess] Shrouded City (DLC),0,1196,3700,0,0,1095,9,5
12196,[Straghess] Shrouded City (DLC),0,1196,4000,12002,0,1095,9,5
12197,[Straghess] Shrouded City (DLC),0,1197,0,15,7605,1095,9,5
12198,[Straghess] Shrouded City (DLC),0,1197,0,10001,8081,1095,9,5
12199,[Straghess] Shrouded City (DLC),0,1197,150,9002,0,1095,9,5
12200,[Straghess] Shrouded City (DLC),0,1197,190,706,0,1095,9,5
12201,[Straghess] Shrouded City (DLC),0,1197,300,1102,0,1095,9,5
12202,[Straghess] Shrouded City (DLC),0,1197,310,1105,0,1095,9,5
12203,[Straghess] Shrouded City (DLC),0,1197,350,0,0,1095,9,5
12204,[Straghess] Shrouded City (DLC),0,1197,360,1303,0,1095,9,5
12205,[Straghess] Shrouded City (DLC),0,1197,800,0,8010,1095,9,5
12206,[Straghess] Shrouded City (DLC),0,1197,3130,800,7705,1095,9,5
12207,[Straghess] Shrouded City (DLC),0,1197,3700,0,0,1095,9,5
12208,[Straghess] Shrouded City (DLC),0,1197,4000,12003,0,1095,9,5
12209,[Straghess] Shrouded City (DLC),0,1198,0,15,7605,1095,9,5
12210,[Straghess] Shrouded City (DLC),0,1198,0,0,0,1095,9,5
12211,[Straghess] Shrouded City (DLC),0,1198,150,9002,0,1095,9,5
12212,[Straghess] Shrouded City (DLC),0,1198,190,704,0,1095,9,5
12213,[Straghess] Shrouded City (DLC),0,1198,300,1102,0,1095,9,5
12214,[Straghess] Shrouded City (DLC),0,1198,310,1105,0,1095,9,5
12215,[Straghess] Shrouded City (DLC),0,1198,350,1104,0,1095,9,5
12216,[Straghess] Shrouded City (DLC),0,1198,360,1302,0,1095,9,5
12217,[Straghess] Shrouded City (DLC),0,1198,800,0,8007,1095,9,5
12218,[Straghess] Shrouded City (DLC),0,1198,3700,0,0,1095,9,5
12219,[Straghess] Shrouded City (DLC),0,1198,4000,12002,0,1095,9,5
12220,[Straghess] Shrouded City (DLC),0,1199,0,15,7605,1095,9,5
12221,[Straghess] Shrouded City (DLC),0,1199,0,10000,8080,1095,9,5
12222,[Straghess] Shrouded City (DLC),0,1199,150,9002,0,1095,9,5
12223,[Straghess] Shrouded City (DLC),0,1199,190,702,0,1095,9,5
12224,[Straghess] Shrouded City (DLC),0,1199,300,1102,0,1095,9,5
12225,[Straghess] Shrouded City (DLC),0,1199,310,1105,0,1095,9,5
12226,[Straghess] Shrouded City (DLC),0,1199,350,1104,0,1095,9,5
12227,[Straghess] Shrouded City (DLC),0,1199,360,1302,0,1095,9,5
12228,[Straghess] Shrouded City (DLC),0,1199,800,0,8004,1095,9,5
12229,[Straghess] Shrouded City (DLC),0,1199,3110,801,7725,1095,9,5
12230,[Straghess] Shrouded City (DLC),0,1199,3700,0,0,1095,9,5
12231,[Straghess] Shrouded City (DLC),0,1199,4000,12003,0,1095,9,5
