variationId,spotId,variationType,patternId,id
3030,1,1,0,1
3420,1,0,1,2
3420,1,0,2,3
3000,1,1,3,4
3220,1,0,4,5
3420,1,0,5,6
3400,1,2,6,7
3220,1,0,7,8
3410,1,3,8,9
3400,1,3,9,10
3810,1,0,10,11
3000,1,0,11,12
3030,1,1,12,13
3030,1,0,13,14
3810,1,1,14,15
3410,1,1,15,16
2100,1,0,16,17
3410,1,3,17,18
3000,1,0,18,19
3420,1,0,19,20
3430,1,0,20,21
3200,1,0,21,22
3400,1,3,22,23
3810,1,0,23,24
3400,1,1,24,25
3210,1,2,30,26
3800,1,1,31,27
3210,1,0,32,28
3030,1,1,33,29
3430,1,0,34,30
3400,1,2,35,31
3810,1,1,36,32
3410,1,4,37,33
3800,1,0,38,34
3410,1,1,39,35
3030,1,0,40,36
3400,1,2,41,37
3410,1,1,42,38
3800,1,1,43,39
3400,1,3,44,40
3400,1,3,45,41
3220,1,0,46,42
3400,1,2,47,43
3410,1,0,48,44
3430,1,0,49,45
3810,1,0,50,46
3410,1,1,51,47
3200,1,0,52,48
3420,1,0,53,49
3810,1,1,54,50
3200,1,0,55,51
3220,1,0,56,52
3410,1,0,57,53
3200,1,1,58,54
3220,1,0,59,55
3200,1,0,60,56
3400,1,3,61,57
3200,1,0,62,58
3810,1,1,63,59
3400,1,1,64,60
3220,1,0,70,61
3220,1,0,71,62
3800,1,1,72,63
3400,1,3,73,64
3410,1,3,74,65
3200,1,0,75,66
3400,1,0,76,67
3220,1,1,77,68
3410,1,0,78,69
3800,1,1,79,70
3430,1,0,80,71
3410,1,4,81,72
3810,1,0,82,73
3400,1,0,83,74
3210,1,0,84,75
3030,1,1,85,76
3410,1,2,86,77
3810,1,0,87,78
3000,1,0,88,79
3030,1,1,89,80
3210,1,0,90,81
3410,1,3,91,82
3410,1,4,92,83
3200,1,0,93,84
3200,1,1,94,85
3200,1,0,95,86
3410,1,0,96,87
3410,1,4,97,88
3410,1,2,98,89
3410,1,0,99,90
3030,1,1,100,91
3800,1,0,101,92
3200,1,0,102,93
3210,1,0,103,94
3800,1,1,104,95
3000,1,0,110,96
3000,1,1,111,97
3030,1,1,112,98
3810,1,0,113,99
3220,1,0,114,100
3800,1,1,115,101
3200,1,1,116,102
3810,1,1,117,103
3000,1,1,118,104
3400,1,1,119,105
3400,1,1,120,106
3210,1,2,121,107
3220,1,1,122,108
3210,1,2,123,109
3220,1,1,124,110
3410,1,1,125,111
3030,1,1,126,112
3810,1,1,127,113
3810,1,0,128,114
3410,1,3,129,115
3410,1,2,130,116
3400,1,2,131,117
3220,1,1,132,118
3800,1,0,133,119
3030,1,1,134,120
3220,1,1,135,121
3000,1,0,136,122
3000,1,1,137,123
3400,1,0,138,124
3410,1,1,139,125
3800,1,0,140,126
3030,1,0,141,127
3810,1,1,142,128
3200,1,0,143,129
3000,1,0,144,130
3200,1,1,150,131
3200,1,0,151,132
3410,1,3,152,133
3410,1,2,153,134
3210,1,1,154,135
3000,1,1,155,136
3400,1,0,156,137
3000,1,0,157,138
3410,1,3,158,139
3410,1,3,159,140
3400,1,3,160,141
3400,1,2,161,142
3000,1,1,162,143
3000,1,0,163,144
3000,1,0,164,145
3200,1,0,165,146
3800,1,1,166,147
3810,1,1,167,148
3420,1,0,168,149
3220,1,1,169,150
3400,1,2,170,151
3410,1,2,171,152
3400,1,0,172,153
3400,1,2,173,154
3210,1,0,174,155
3810,1,0,175,156
3210,1,1,176,157
3220,1,1,177,158
3030,1,0,178,159
3800,1,1,179,160
3000,1,1,180,161
3200,1,1,181,162
3410,1,0,182,163
3220,1,1,183,164
3400,1,0,184,165
3810,1,0,190,166
3210,1,2,191,167
3200,1,1,192,168
3400,1,1,193,169
3430,1,0,194,170
3420,1,0,195,171
3210,1,1,196,172
3030,1,0,197,173
3220,1,1,198,174
3030,1,1,199,175
3400,1,2,200,176
3220,1,1,201,177
3400,1,3,202,178
3400,1,0,203,179
3410,1,3,204,180
3210,1,1,205,181
3400,1,3,206,182
3410,1,1,207,183
3200,1,0,208,184
3210,1,2,209,185
3420,1,0,210,186
3410,1,4,211,187
3400,1,0,212,188
3200,1,0,213,189
3200,1,1,214,190
3000,1,1,215,191
3210,1,2,216,192
3030,1,0,217,193
3810,1,0,218,194
3210,1,1,219,195
3220,1,1,220,196
3000,1,1,221,197
3430,1,0,222,198
3410,1,4,223,199
3810,1,1,224,200
3200,1,0,230,201
3400,1,2,231,202
3410,1,3,232,203
3410,1,4,233,204
3810,1,0,234,205
3400,1,1,235,206
3220,1,0,236,207
3000,1,0,237,208
3400,1,0,238,209
3220,1,1,239,210
3400,1,2,240,211
3030,1,0,241,212
3400,1,3,242,213
3810,1,1,243,214
3420,1,0,244,215
3220,1,0,245,216
3210,1,0,246,217
3430,1,0,247,218
3400,1,0,248,219
3030,1,1,249,220
3430,1,0,250,221
3200,1,1,251,222
3220,1,0,252,223
3000,1,1,253,224
3400,1,3,254,225
3220,1,1,255,226
3410,1,3,256,227
3400,1,0,257,228
3800,1,1,258,229
3000,1,0,259,230
3800,1,0,260,231
3810,1,1,261,232
3400,1,1,262,233
3030,1,1,263,234
3410,1,4,264,235
3810,1,0,270,236
3000,1,1,271,237
3430,1,0,272,238
3410,1,3,273,239
3220,1,0,274,240
3210,1,2,275,241
3400,1,0,276,242
3220,1,1,277,243
3810,1,0,278,244
3430,1,0,279,245
3400,1,1,280,246
3210,1,0,281,247
3200,1,0,282,248
3400,1,0,283,249
3410,1,3,284,250
3800,1,1,285,251
3800,1,0,286,252
3410,1,2,287,253
3400,1,1,288,254
3800,1,1,289,255
3220,1,1,290,256
3400,1,3,291,257
3800,1,1,292,258
3210,1,0,293,259
3400,1,1,294,260
3400,1,2,295,261
3200,1,1,296,262
3810,1,0,297,263
3000,1,0,298,264
3410,1,0,299,265
3800,1,1,300,266
3000,1,0,301,267
3410,1,3,302,268
3430,1,0,303,269
3410,1,1,304,270
3210,1,2,310,271
3810,1,0,311,272
3400,1,3,312,273
3000,1,0,313,274
3000,1,1,314,275
3810,1,0,315,276
3000,1,1,316,277
3400,1,3,317,278
3210,1,1,318,279
3000,1,0,319,280
3410,1,0,1000,281
3400,1,2,1001,282
5011,1,4,1002,283
5001,1,1,1003,284
3220,1,0,1004,285
5006,1,0,1010,286
3410,1,0,1011,287
5000,1,1,1012,288
3800,1,1,1013,289
3220,1,0,1014,290
5005,1,0,1020,291
5011,1,4,1021,292
5010,1,4,1022,293
5002,1,0,1023,294
5010,1,3,1024,295
5003,1,0,1030,296
3410,1,4,1031,297
3200,1,0,1032,298
3000,1,1,1033,299
3410,1,2,1034,300
5005,1,0,1040,301
5010,1,3,1041,302
3400,1,2,1042,303
5005,1,0,1043,304
3800,1,1,1044,305
3430,1,0,1050,306
5001,1,1,1051,307
3200,1,1,1052,308
5011,1,3,1053,309
5005,1,0,1054,310
5005,1,0,1060,311
3220,1,1,1061,312
5010,1,2,1062,313
5000,1,1,1063,314
5011,1,3,1064,315
3800,1,1,1070,316
3800,1,0,1071,317
5010,1,3,1072,318
5011,1,2,1073,319
3400,1,2,1074,320
5004,1,0,1080,321
5006,1,0,1081,322
3210,1,2,1082,323
5006,1,0,1083,324
5003,1,0,1084,325
5010,1,0,1085,326
3200,1,0,1086,327
5004,1,0,1087,328
3410,1,2,1088,329
5010,1,0,1089,330
3800,1,0,1090,331
3400,1,2,1091,332
5010,1,3,1092,333
5010,1,2,1093,334
3810,1,0,1094,335
3200,1,0,1095,336
5010,1,3,1096,337
5001,1,1,1097,338
5003,1,0,1098,339
5010,1,0,1099,340
3400,1,1,1100,341
5011,1,2,1101,342
5001,1,1,1102,343
3210,1,1,1103,344
5011,1,2,1104,345
5001,1,1,1110,346
5010,1,4,1111,347
5005,1,0,1112,348
3420,1,0,1113,349
5003,1,0,1114,350
3400,1,3,1135,351
5010,1,4,1136,352
5002,1,0,1137,353
3400,1,3,1138,354
5010,1,3,1139,355
5003,1,0,1140,356
5011,1,3,1141,357
5001,1,1,1142,358
5006,1,0,1143,359
5011,1,3,1144,360
5004,1,0,1145,361
3800,1,0,1146,362
5010,1,3,1147,363
5002,1,0,1148,364
5010,1,2,1149,365
3030,1,1,1150,366
5003,1,0,1151,367
3400,1,1,1152,368
3410,1,1,1153,369
3220,1,1,1154,370
5001,1,1,1155,371
5001,1,1,1156,372
3810,1,1,1157,373
5010,1,4,1158,374
5010,1,4,1159,375
5010,1,3,1160,376
3400,1,2,1161,377
3030,1,1,1162,378
5003,1,0,1163,379
5010,1,3,1164,380
5011,1,4,1170,381
5011,1,4,1171,382
3000,1,0,1172,383
3410,1,2,1173,384
3200,1,1,1174,385
5010,1,0,1195,386
3210,1,1,1196,387
3420,1,0,1197,388
5010,1,3,1198,389
5011,1,2,1199,390
3030,2,0,0,391
3210,2,0,1,392
3410,2,3,2,393
3400,2,0,3,394
3200,2,1,4,395
3420,2,0,5,396
3220,2,1,6,397
3400,2,3,7,398
3810,2,1,8,399
3210,2,2,9,400
3000,2,1,10,401
3410,2,4,11,402
3800,2,0,12,403
3200,2,0,13,404
3030,2,0,14,405
3210,2,2,15,406
3430,2,0,16,407
3400,2,0,17,408
3810,2,1,18,409
3000,2,1,19,410
3800,2,1,25,411
3800,2,0,26,412
3400,2,0,27,413
3410,2,1,28,414
3810,2,1,29,415
3800,2,0,30,416
3200,2,0,31,417
3400,2,3,32,418
3220,2,1,33,419
3810,2,1,34,420
3810,2,1,35,421
3220,2,1,36,422
3000,2,1,37,423
3400,2,3,38,424
3000,2,1,39,425
3210,2,0,40,426
3400,2,3,41,427
3410,2,0,42,428
3810,2,0,43,429
3410,2,3,44,430
3220,2,0,45,431
3400,2,1,46,432
3030,2,1,47,433
3410,2,1,48,434
3430,2,0,49,435
3210,2,1,50,436
3400,2,2,51,437
3810,2,1,52,438
3420,2,0,53,439
3220,2,1,54,440
3000,2,0,55,441
3410,2,0,56,442
3410,2,3,57,443
3400,2,0,58,444
3800,2,0,59,445
3810,2,1,65,446
3000,2,0,66,447
3030,2,0,67,448
3400,2,2,68,449
3810,2,0,69,450
3410,2,3,70,451
3810,2,0,71,452
3400,2,2,72,453
3800,2,1,73,454
3430,2,0,74,455
3800,2,0,75,456
3210,2,1,76,457
3210,2,2,77,458
3200,2,1,78,459
3220,2,1,79,460
3430,2,0,80,461
3220,2,1,81,462
3200,2,0,82,463
3400,2,0,83,464
3200,2,0,84,465
3220,2,1,85,466
3220,2,1,86,467
3210,2,2,87,468
3000,2,1,88,469
3810,2,0,89,470
3000,2,1,90,471
3030,2,1,91,472
3220,2,0,92,473
3400,2,0,93,474
3220,2,0,94,475
3200,2,1,95,476
3810,2,0,96,477
3000,2,0,97,478
3210,2,1,98,479
3400,2,3,99,480
3000,2,1,105,481
3000,2,0,106,482
3800,2,1,107,483
3000,2,1,108,484
3410,2,2,109,485
3210,2,1,110,486
3410,2,4,111,487
3410,2,3,112,488
3410,2,2,113,489
3420,2,0,114,490
3200,2,0,115,491
3410,2,1,116,492
3220,2,0,117,493
3200,2,1,118,494
3220,2,0,119,495
3400,2,1,120,496
3410,2,4,121,497
3810,2,0,122,498
3000,2,0,123,499
3220,2,1,124,500
3000,2,0,125,501
3410,2,4,126,502
3210,2,2,127,503
2030,2,0,128,504
3800,2,0,129,505
3410,2,2,130,506
3030,2,1,131,507
3210,2,2,132,508
3810,2,1,133,509
3030,2,0,134,510
3430,2,0,135,511
3420,2,0,136,512
3410,2,4,137,513
3030,2,1,138,514
3410,2,1,139,515
3000,2,0,145,516
3800,2,0,146,517
3800,2,1,147,518
3220,2,1,148,519
3000,2,1,149,520
3200,2,0,150,521
3800,2,1,151,522
3200,2,0,152,523
3220,2,1,153,524
3410,2,4,154,525
3410,2,2,155,526
3410,2,3,156,527
3200,2,1,157,528
3210,2,1,158,529
3210,2,2,159,530
3200,2,0,160,531
3410,2,1,161,532
3420,2,0,162,533
3220,2,1,163,534
3800,2,1,164,535
3400,2,2,165,536
3200,2,1,166,537
3000,2,1,167,538
3430,2,0,168,539
3210,2,1,169,540
3400,2,2,170,541
3210,2,2,171,542
3410,2,2,172,543
3200,2,1,173,544
3200,2,1,174,545
3210,2,0,175,546
3410,2,4,176,547
3410,2,1,177,548
3410,2,4,178,549
3410,2,3,179,550
3810,2,1,185,551
3810,2,0,186,552
3800,2,0,187,553
3400,2,0,188,554
3030,2,1,189,555
3410,2,0,190,556
3220,2,0,191,557
3200,2,1,192,558
3220,2,1,193,559
3410,2,2,194,560
3420,2,0,195,561
3210,2,2,196,562
3030,2,1,197,563
3810,2,0,198,564
3000,2,0,199,565
3400,2,2,200,566
3410,2,1,201,567
3000,2,1,202,568
3410,2,1,203,569
3210,2,0,204,570
3800,2,1,205,571
3400,2,3,206,572
3210,2,1,207,573
3400,2,0,208,574
3200,2,0,209,575
3210,2,2,210,576
3200,2,0,211,577
3220,2,1,212,578
3800,2,1,213,579
3410,2,2,214,580
3430,2,0,215,581
3410,2,2,216,582
3200,2,0,217,583
3220,2,0,218,584
3410,2,0,219,585
3210,2,0,225,586
3210,2,1,226,587
3400,2,0,227,588
3220,2,0,228,589
3810,2,0,229,590
3410,2,0,230,591
3400,2,2,231,592
3000,2,0,232,593
3410,2,4,233,594
3810,2,0,234,595
3030,2,1,235,596
3200,2,1,236,597
3400,2,0,237,598
3410,2,1,238,599
3800,2,0,239,600
3410,2,4,240,601
3030,2,0,241,602
3030,2,0,242,603
3430,2,0,243,604
3410,2,4,244,605
3030,2,0,245,606
3810,2,0,246,607
3000,2,1,247,608
3410,2,1,248,609
3210,2,0,249,610
3810,2,0,250,611
3410,2,4,251,612
3200,2,1,252,613
3400,2,2,253,614
3410,2,1,254,615
3000,2,1,255,616
3810,2,0,256,617
3400,2,3,257,618
3220,2,1,258,619
3410,2,4,259,620
3800,2,1,265,621
3200,2,1,266,622
3200,2,0,267,623
3400,2,0,268,624
3400,2,3,269,625
3200,2,1,270,626
3210,2,1,271,627
3220,2,1,272,628
3030,2,0,273,629
3210,2,2,274,630
3210,2,0,275,631
3220,2,1,276,632
3000,2,1,277,633
3200,2,0,278,634
3400,2,0,279,635
3800,2,1,280,636
3000,2,1,281,637
3000,2,1,282,638
3410,2,4,283,639
3410,2,2,284,640
3410,2,1,285,641
3030,2,1,286,642
3220,2,0,287,643
3000,2,0,288,644
3400,2,1,289,645
3220,2,1,290,646
3430,2,0,291,647
3030,2,0,292,648
3210,2,2,293,649
3430,2,0,294,650
3210,2,0,295,651
3810,2,1,296,652
3800,2,1,297,653
3410,2,3,298,654
3210,2,2,299,655
3400,2,0,305,656
3810,2,0,306,657
3210,2,1,307,658
3210,2,1,308,659
3200,2,0,309,660
3030,2,0,310,661
3000,2,0,311,662
3800,2,0,312,663
3810,2,0,313,664
3200,2,1,314,665
3410,2,4,315,666
3000,2,1,316,667
3810,2,1,317,668
3810,2,1,318,669
3210,2,0,319,670
5002,2,0,1000,671
3420,2,0,1001,672
5003,2,0,1002,673
5010,2,2,1003,674
5002,2,0,1004,675
3800,2,1,1010,676
3800,2,0,1011,677
5001,2,1,1012,678
3210,2,2,1013,679
3210,2,0,1014,680
3410,2,4,1020,681
3200,2,0,1021,682
5006,2,0,1022,683
3800,2,1,1023,684
5011,2,4,1024,685
5003,2,0,1030,686
5011,2,2,1031,687
5011,2,2,1032,688
3030,2,0,1033,689
3410,2,0,1034,690
3200,2,0,1040,691
3200,2,0,1041,692
5011,2,6,1042,693
5002,2,0,1043,694
5001,2,1,1044,695
3400,2,2,1050,696
5001,2,1,1051,697
3200,2,1,1052,698
5000,2,1,1053,699
5005,2,0,1054,700
5011,2,2,1060,701
5010,2,0,1061,702
5004,2,0,1062,703
3800,2,0,1063,704
5006,2,0,1064,705
5010,2,3,1070,706
5006,2,0,1071,707
5005,2,0,1072,708
5011,2,3,1073,709
5011,2,3,1074,710
5004,2,0,1080,711
3430,2,0,1081,712
3220,2,0,1082,713
5010,2,3,1083,714
5000,2,1,1084,715
5001,2,1,1085,716
5004,2,0,1086,717
5011,2,4,1087,718
3430,2,0,1088,719
5000,2,1,1089,720
5000,2,1,1090,721
3410,2,4,1091,722
5010,2,2,1092,723
3400,2,1,1093,724
3400,2,0,1094,725
3210,2,2,1095,726
3200,2,1,1096,727
3210,2,2,1097,728
3410,2,2,1098,729
5010,2,0,1099,730
3800,2,1,1105,731
5010,2,3,1106,732
5000,2,1,1107,733
3210,2,0,1108,734
5010,2,0,1109,735
5006,2,0,1110,736
3220,2,0,1111,737
5010,2,2,1112,738
5010,2,4,1113,739
5011,2,4,1114,740
5006,2,0,1135,741
5010,2,2,1136,742
3800,2,0,1137,743
5005,2,0,1138,744
5010,2,3,1139,745
5010,2,2,1140,746
5011,2,4,1141,747
5010,2,0,1142,748
5011,2,3,1143,749
3800,2,1,1144,750
5011,2,3,1145,751
5010,2,4,1146,752
3410,2,2,1147,753
5010,2,0,1148,754
3210,2,0,1149,755
3220,2,1,1150,756
5010,2,4,1151,757
5010,2,2,1152,758
5005,2,0,1153,759
5010,2,4,1154,760
5010,2,3,1155,761
5001,2,1,1156,762
3410,2,3,1157,763
5003,2,0,1158,764
5011,2,4,1159,765
5002,2,0,1165,766
3430,2,0,1166,767
3430,2,0,1167,768
3030,2,0,1168,769
5011,2,6,1169,770
5011,2,4,1170,771
5011,2,4,1171,772
5005,2,0,1172,773
5000,2,1,1173,774
3810,2,1,1174,775
5006,2,0,1195,776
5001,2,1,1196,777
5011,2,2,1197,778
5011,2,4,1198,779
3810,2,0,1199,780
3810,3,1,0,781
3410,3,0,1,782
3410,3,3,2,783
3410,3,1,3,784
3030,3,1,4,785
3800,3,1,5,786
3410,3,0,6,787
3000,3,0,7,788
3420,3,0,8,789
3200,3,1,9,790
3030,3,1,10,791
3030,3,1,11,792
3410,3,2,12,793
3000,3,0,13,794
3410,3,0,14,795
3210,3,1,15,796
3410,3,1,16,797
3200,3,1,17,798
2060,3,0,18,799
3800,3,1,19,800
3810,3,1,30,801
3210,3,0,31,802
3030,3,1,32,803
3000,3,0,33,804
3000,3,1,34,805
3410,3,1,35,806
3000,3,1,36,807
3400,3,2,37,808
3210,3,2,38,809
3220,3,0,39,810
3430,3,0,40,811
3220,3,0,41,812
3220,3,0,42,813
3400,3,3,43,814
3030,3,0,44,815
3410,3,2,45,816
3220,3,1,46,817
3030,3,1,47,818
3810,3,1,48,819
3400,3,1,49,820
3000,3,0,50,821
3410,3,1,51,822
3410,3,0,52,823
3200,3,0,53,824
3400,3,3,54,825
3220,3,0,55,826
3000,3,0,56,827
3810,3,0,57,828
3400,3,0,58,829
3800,3,1,59,830
3210,3,1,70,831
3220,3,0,71,832
3220,3,0,72,833
3810,3,1,73,834
3210,3,0,74,835
3210,3,2,75,836
3210,3,2,76,837
3400,3,0,77,838
3030,3,1,78,839
3210,3,1,79,840
3220,3,1,80,841
3410,3,1,81,842
3410,3,3,82,843
3410,3,4,83,844
3810,3,1,84,845
3410,3,3,85,846
3400,3,2,86,847
3210,3,0,87,848
3200,3,1,88,849
3210,3,1,89,850
3000,3,0,90,851
3410,3,3,91,852
3400,3,3,92,853
3400,3,0,93,854
3000,3,1,94,855
3200,3,0,95,856
3410,3,0,96,857
3030,3,0,97,858
3800,3,1,98,859
3410,3,0,99,860
3410,3,0,110,861
3420,3,0,111,862
3220,3,1,112,863
3800,3,0,113,864
3410,3,0,114,865
3200,3,0,115,866
3810,3,0,116,867
3200,3,1,117,868
3210,3,0,118,869
3400,3,3,119,870
3220,3,1,120,871
3410,3,3,121,872
3210,3,0,122,873
3200,3,0,123,874
3430,3,0,124,875
3220,3,0,125,876
3210,3,0,126,877
3000,3,1,127,878
3410,3,2,128,879
3410,3,0,129,880
3220,3,1,130,881
3430,3,0,131,882
3210,3,2,132,883
3220,3,1,133,884
3400,3,3,134,885
3800,3,1,135,886
3410,3,1,136,887
3220,3,1,137,888
3210,3,0,138,889
3000,3,1,139,890
3200,3,0,150,891
3420,3,0,151,892
2060,3,0,152,893
3400,3,0,153,894
3420,3,0,154,895
3030,3,0,155,896
3000,3,1,156,897
3410,3,4,157,898
3220,3,0,158,899
3200,3,1,159,900
3000,3,0,160,901
3000,3,0,161,902
3420,3,0,162,903
3810,3,0,163,904
3200,3,1,164,905
3400,3,1,165,906
3410,3,0,166,907
3410,3,0,167,908
3200,3,1,168,909
3810,3,0,169,910
3410,3,2,170,911
3220,3,1,171,912
3410,3,3,172,913
3210,3,1,173,914
3030,3,1,174,915
3000,3,1,175,916
3400,3,1,176,917
3000,3,1,177,918
3810,3,0,178,919
3410,3,3,179,920
3800,3,0,190,921
3220,3,0,191,922
3410,3,4,192,923
3800,3,0,193,924
3000,3,1,194,925
3410,3,1,195,926
3210,3,1,196,927
3410,3,4,197,928
3000,3,1,198,929
3410,3,3,199,930
3400,3,0,200,931
3000,3,1,201,932
3220,3,0,202,933
3400,3,0,203,934
3030,3,1,204,935
3400,3,0,205,936
3400,3,3,206,937
3030,3,0,207,938
3400,3,0,208,939
3810,3,0,209,940
3030,3,1,210,941
3210,3,0,211,942
3810,3,0,212,943
3400,3,0,213,944
3410,3,0,214,945
3430,3,0,215,946
3030,3,0,216,947
3420,3,0,217,948
3410,3,3,218,949
3800,3,0,219,950
3000,3,1,230,951
3210,3,1,231,952
3030,3,0,232,953
3210,3,2,233,954
3220,3,1,234,955
3210,3,0,235,956
3030,3,1,236,957
3200,3,1,237,958
3800,3,0,238,959
3200,3,0,239,960
3220,3,0,240,961
3220,3,1,241,962
3810,3,0,242,963
3430,3,0,243,964
3410,3,4,244,965
3800,3,0,245,966
3210,3,2,246,967
3410,3,4,247,968
3210,3,0,248,969
3000,3,1,249,970
3410,3,1,250,971
3400,3,3,251,972
3030,3,1,252,973
3410,3,1,253,974
3410,3,0,254,975
3210,3,0,255,976
3000,3,0,256,977
3030,3,0,257,978
3220,3,0,258,979
3410,3,2,259,980
3430,3,0,270,981
3810,3,0,271,982
3810,3,0,272,983
3400,3,0,273,984
3210,3,2,274,985
3400,3,0,275,986
3410,3,3,276,987
3400,3,3,277,988
3210,3,0,278,989
3400,3,0,279,990
3400,3,1,280,991
3800,3,1,281,992
3030,3,0,282,993
3210,3,1,283,994
3210,3,1,284,995
3200,3,0,285,996
3220,3,0,286,997
3810,3,1,287,998
3430,3,0,288,999
3400,3,1,289,1000
3410,3,1,290,1001
3410,3,4,291,1002
3410,3,1,292,1003
3800,3,0,293,1004
3410,3,4,294,1005
3430,3,0,295,1006
3410,3,0,296,1007
3400,3,3,297,1008
3000,3,1,298,1009
3000,3,1,299,1010
3810,3,0,310,1011
3420,3,0,311,1012
3200,3,0,312,1013
3210,3,2,313,1014
3430,3,0,314,1015
3420,3,0,315,1016
3430,3,0,316,1017
3420,3,0,317,1018
3220,3,0,318,1019
3220,3,0,319,1020
5011,3,6,1000,1021
5011,3,4,1001,1022
3430,3,0,1002,1023
5011,3,6,1003,1024
5002,3,0,1004,1025
5011,3,3,1010,1026
5000,3,1,1011,1027
5001,3,1,1012,1028
3800,3,1,1013,1029
5006,3,0,1014,1030
5011,3,4,1020,1031
5011,3,6,1021,1032
5011,3,3,1022,1033
3400,3,0,1023,1034
3200,3,0,1024,1035
3810,3,0,1030,1036
5002,3,0,1031,1037
5004,3,0,1032,1038
5001,3,1,1033,1039
5002,3,0,1034,1040
5011,3,4,1040,1041
5005,3,0,1041,1042
3420,3,0,1042,1043
3810,3,0,1043,1044
5011,3,3,1044,1045
5004,3,0,1050,1046
3410,3,2,1051,1047
3220,3,1,1052,1048
3210,3,0,1053,1049
3410,3,4,1054,1050
3200,3,0,1060,1051
5010,3,3,1061,1052
3400,3,2,1062,1053
5000,3,1,1063,1054
5011,3,6,1064,1055
3410,3,4,1070,1056
5010,3,4,1071,1057
5005,3,0,1072,1058
5004,3,0,1073,1059
3410,3,1,1074,1060
3220,3,1,1080,1061
3400,3,2,1081,1062
5010,3,2,1082,1063
5011,3,3,1083,1064
5010,3,3,1084,1065
3410,3,1,1085,1066
5011,3,3,1086,1067
5004,3,0,1087,1068
5001,3,1,1088,1069
3410,3,3,1089,1070
5010,3,2,1090,1071
5000,3,1,1091,1072
3800,3,0,1092,1073
3410,3,0,1093,1074
3400,3,2,1094,1075
5003,3,0,1095,1076
5005,3,0,1096,1077
5001,3,1,1097,1078
5011,3,2,1098,1079
5010,3,3,1099,1080
5010,3,0,1110,1081
3800,3,1,1111,1082
3800,3,1,1112,1083
3400,3,2,1113,1084
5011,3,4,1114,1085
3000,3,0,1135,1086
5011,3,3,1136,1087
5010,3,0,1137,1088
3800,3,0,1138,1089
5011,3,4,1139,1090
5010,3,3,1140,1091
5010,3,4,1141,1092
5001,3,1,1142,1093
5011,3,6,1143,1094
5011,3,3,1144,1095
3810,3,0,1145,1096
5011,3,3,1146,1097
5000,3,1,1147,1098
3030,3,1,1148,1099
3210,3,0,1149,1100
3200,3,0,1150,1101
5010,3,0,1151,1102
5011,3,2,1152,1103
5000,3,1,1153,1104
3210,3,0,1154,1105
3000,3,0,1155,1106
5006,3,0,1156,1107
5011,3,3,1157,1108
5003,3,0,1158,1109
5010,3,4,1159,1110
5006,3,0,1170,1111
3200,3,0,1171,1112
3210,3,2,1172,1113
3030,3,1,1173,1114
3220,3,1,1174,1115
3220,3,0,1195,1116
5011,3,4,1196,1117
5011,3,2,1197,1118
3200,3,1,1198,1119
3410,3,0,1199,1120
3210,4,2,0,1121
3420,4,0,1,1122
3800,4,0,2,1123
3410,4,0,3,1124
3030,4,1,4,1125
3200,4,0,5,1126
3220,4,1,6,1127
3200,4,0,7,1128
3210,4,1,8,1129
3200,4,0,9,1130
3420,4,0,10,1131
3420,4,0,11,1132
3400,4,2,12,1133
3220,4,0,13,1134
3410,4,3,14,1135
3810,4,0,15,1136
3030,4,1,16,1137
3800,4,1,17,1138
3410,4,2,18,1139
3410,4,0,19,1140
3200,4,0,20,1141
3800,4,1,21,1142
3030,4,0,22,1143
3000,4,0,23,1144
3030,4,1,24,1145
3200,4,0,30,1146
3810,4,1,31,1147
3220,4,1,32,1148
3000,4,0,33,1149
3430,4,0,34,1150
3220,4,0,35,1151
3030,4,0,36,1152
3810,4,0,37,1153
3000,4,0,38,1154
3410,4,2,39,1155
3400,4,2,40,1156
3000,4,1,41,1157
3220,4,0,42,1158
3400,4,3,43,1159
3800,4,1,44,1160
3410,4,2,45,1161
3200,4,0,46,1162
3430,4,0,47,1163
3410,4,0,48,1164
3400,4,1,49,1165
3030,4,1,50,1166
3800,4,1,51,1167
2110,4,0,52,1168
3410,4,1,53,1169
3800,4,1,54,1170
3810,4,1,55,1171
3410,4,0,56,1172
3030,4,1,57,1173
3220,4,0,58,1174
3220,4,1,59,1175
3410,4,2,60,1176
3210,4,2,61,1177
3410,4,4,62,1178
3030,4,1,63,1179
3030,4,1,64,1180
3030,4,1,70,1181
3030,4,0,71,1182
3410,4,3,72,1183
3400,4,3,73,1184
3000,4,0,74,1185
3810,4,0,75,1186
3800,4,1,76,1187
3800,4,1,77,1188
3400,4,3,78,1189
3420,4,0,79,1190
3400,4,3,80,1191
3210,4,2,81,1192
3800,4,1,82,1193
3400,4,0,83,1194
3420,4,0,84,1195
3810,4,0,85,1196
3000,4,1,86,1197
3210,4,2,87,1198
3410,4,2,88,1199
3810,4,0,89,1200
3220,4,0,90,1201
3210,4,1,91,1202
3800,4,0,92,1203
3410,4,1,93,1204
3210,4,0,94,1205
3800,4,0,95,1206
3210,4,2,96,1207
3400,4,0,97,1208
3400,4,0,98,1209
3030,4,1,99,1210
3210,4,1,100,1211
3030,4,0,101,1212
3810,4,1,102,1213
3810,4,0,103,1214
3430,4,0,104,1215
3210,4,0,110,1216
3800,4,1,111,1217
3000,4,1,112,1218
3030,4,0,113,1219
3220,4,0,114,1220
3030,4,0,115,1221
3410,4,3,116,1222
3810,4,0,117,1223
3210,4,1,118,1224
3210,4,0,119,1225
3030,4,1,120,1226
3800,4,1,121,1227
3410,4,2,122,1228
3000,4,0,123,1229
3810,4,0,124,1230
3400,4,0,125,1231
3210,4,1,126,1232
3000,4,1,127,1233
3400,4,3,128,1234
3810,4,0,129,1235
3410,4,0,130,1236
3410,4,0,131,1237
3410,4,0,132,1238
3000,4,0,133,1239
3220,4,0,134,1240
3400,4,3,135,1241
3800,4,0,136,1242
3220,4,1,137,1243
3210,4,1,138,1244
3810,4,0,139,1245
3410,4,2,140,1246
3030,4,0,141,1247
3810,4,0,142,1248
3210,4,1,143,1249
3810,4,1,144,1250
3030,4,1,150,1251
3220,4,0,151,1252
3200,4,0,152,1253
3200,4,0,153,1254
3410,4,4,154,1255
3400,4,1,155,1256
3210,4,0,156,1257
3200,4,0,157,1258
3800,4,0,158,1259
3210,4,1,159,1260
3400,4,1,160,1261
3220,4,0,161,1262
3810,4,1,162,1263
3220,4,0,163,1264
3410,4,1,164,1265
3210,4,1,165,1266
3400,4,0,166,1267
3220,4,1,167,1268
3200,4,0,168,1269
3410,4,0,169,1270
3030,4,1,170,1271
2110,4,0,171,1272
3000,4,1,172,1273
3800,4,1,173,1274
3430,4,0,174,1275
3410,4,3,175,1276
3220,4,0,176,1277
3200,4,0,177,1278
3200,4,1,178,1279
3410,4,2,179,1280
3410,4,0,180,1281
3000,4,0,181,1282
3220,4,1,182,1283
3000,4,0,183,1284
3030,4,1,184,1285
3810,4,0,190,1286
3400,4,1,191,1287
3810,4,0,192,1288
3810,4,1,193,1289
3800,4,0,194,1290
3200,4,1,195,1291
3030,4,1,196,1292
3220,4,1,197,1293
3410,4,3,198,1294
3220,4,0,199,1295
3430,4,0,200,1296
3220,4,0,201,1297
3410,4,1,202,1298
3000,4,0,203,1299
3410,4,2,204,1300
3030,4,0,205,1301
3800,4,0,206,1302
3400,4,0,207,1303
3420,4,0,208,1304
3400,4,2,209,1305
3410,4,4,210,1306
3410,4,4,211,1307
3000,4,0,212,1308
3400,4,1,213,1309
3400,4,2,214,1310
3410,4,3,215,1311
3030,4,0,216,1312
3800,4,0,217,1313
3410,4,4,218,1314
3800,4,0,219,1315
3810,4,1,220,1316
3800,4,0,221,1317
3810,4,1,222,1318
3410,4,4,223,1319
3400,4,3,224,1320
3430,4,0,230,1321
3810,4,1,231,1322
3810,4,0,232,1323
3000,4,1,233,1324
3420,4,0,234,1325
3400,4,1,235,1326
3810,4,1,236,1327
3430,4,0,237,1328
3210,4,0,238,1329
3210,4,1,239,1330
3800,4,0,240,1331
3030,4,1,241,1332
2110,4,0,242,1333
3030,4,0,243,1334
3410,4,4,244,1335
3000,4,1,245,1336
3200,4,0,246,1337
3430,4,0,247,1338
3000,4,0,248,1339
3810,4,1,249,1340
3420,4,0,250,1341
3200,4,1,251,1342
3810,4,0,252,1343
3200,4,0,253,1344
3000,4,1,254,1345
3800,4,1,255,1346
3000,4,0,256,1347
3400,4,3,257,1348
3400,4,3,258,1349
3030,4,1,259,1350
3000,4,1,260,1351
3200,4,0,261,1352
3800,4,0,262,1353
3800,4,1,263,1354
3000,4,1,264,1355
3030,4,1,270,1356
3410,4,3,271,1357
3810,4,1,272,1358
3210,4,0,273,1359
3420,4,0,274,1360
3810,4,1,275,1361
3400,4,1,276,1362
3420,4,0,277,1363
3810,4,1,278,1364
3800,4,1,279,1365
3810,4,0,280,1366
3220,4,0,281,1367
3200,4,1,282,1368
3800,4,1,283,1369
3030,4,0,284,1370
3810,4,0,285,1371
3800,4,0,286,1372
3220,4,0,287,1373
3430,4,0,288,1374
3810,4,1,289,1375
3410,4,3,290,1376
3220,4,1,291,1377
3030,4,0,292,1378
3000,4,1,293,1379
3400,4,1,294,1380
3400,4,2,295,1381
3000,4,0,296,1382
3410,4,0,297,1383
3200,4,1,298,1384
3000,4,0,299,1385
3410,4,4,300,1386
3810,4,1,301,1387
3220,4,1,302,1388
3210,4,0,303,1389
3030,4,1,304,1390
3220,4,1,310,1391
3210,4,2,311,1392
3430,4,0,312,1393
3800,4,1,313,1394
3200,4,1,314,1395
3800,4,0,315,1396
3200,4,0,316,1397
3400,4,3,317,1398
3000,4,1,318,1399
3030,4,0,319,1400
3420,4,0,1000,1401
3420,4,0,1001,1402
3400,4,0,1002,1403
3800,4,1,1003,1404
3220,4,0,1004,1405
3200,4,1,1010,1406
5000,4,1,1011,1407
3210,4,2,1012,1408
5011,4,4,1013,1409
5006,4,0,1014,1410
3410,4,2,1020,1411
5011,4,4,1021,1412
5002,4,0,1022,1413
3400,4,0,1023,1414
5010,4,3,1024,1415
3200,4,1,1030,1416
5011,4,2,1031,1417
3800,4,1,1032,1418
5010,4,2,1033,1419
3410,4,0,1034,1420
5011,4,6,1040,1421
3220,4,0,1041,1422
3430,4,0,1042,1423
3210,4,2,1043,1424
5010,4,2,1044,1425
3410,4,4,1050,1426
3410,4,0,1051,1427
5004,4,0,1052,1428
5002,4,0,1053,1429
3030,4,0,1054,1430
5011,4,6,1060,1431
3210,4,1,1061,1432
5003,4,0,1062,1433
3210,4,1,1063,1434
5000,4,1,1064,1435
3800,4,0,1070,1436
3810,4,1,1071,1437
3810,4,1,1072,1438
5011,4,3,1073,1439
3800,4,0,1074,1440
3220,4,0,1080,1441
5011,4,4,1081,1442
3000,4,0,1082,1443
3400,4,2,1083,1444
3200,4,0,1084,1445
5010,4,0,1085,1446
3220,4,1,1086,1447
3000,4,0,1087,1448
3430,4,0,1088,1449
3410,4,2,1089,1450
5004,4,0,1090,1451
3030,4,1,1091,1452
5001,4,1,1092,1453
3400,4,1,1093,1454
3400,4,0,1094,1455
3220,4,1,1095,1456
5010,4,3,1096,1457
3200,4,0,1097,1458
5003,4,0,1098,1459
3810,4,0,1099,1460
3400,4,1,1100,1461
5001,4,1,1101,1462
5011,4,2,1102,1463
5010,4,2,1103,1464
3220,4,0,1104,1465
3800,4,1,1110,1466
3800,4,0,1111,1467
3800,4,1,1112,1468
5010,4,4,1113,1469
3000,4,0,1114,1470
5011,4,6,1135,1471
5006,4,0,1136,1472
5010,4,0,1137,1473
3410,4,1,1138,1474
5010,4,4,1139,1475
3810,4,1,1140,1476
3410,4,2,1141,1477
5003,4,0,1142,1478
3410,4,3,1143,1479
5001,4,1,1144,1480
5010,4,0,1145,1481
3220,4,0,1146,1482
3800,4,1,1147,1483
5002,4,0,1148,1484
5010,4,0,1149,1485
5002,4,0,1150,1486
3800,4,0,1151,1487
5010,4,2,1152,1488
5000,4,1,1153,1489
5004,4,0,1154,1490
3030,4,0,1155,1491
3210,4,1,1156,1492
5003,4,0,1157,1493
5004,4,0,1158,1494
5004,4,0,1159,1495
3420,4,0,1160,1496
5004,4,0,1161,1497
5010,4,2,1162,1498
5010,4,0,1163,1499
3800,4,0,1164,1500
3220,4,0,1170,1501
3220,4,1,1171,1502
5004,4,0,1172,1503
3410,4,2,1173,1504
5000,4,1,1174,1505
3810,4,0,1195,1506
5011,4,3,1196,1507
3800,4,1,1197,1508
3800,4,1,1198,1509
5006,4,0,1199,1510
3220,5,1,0,1511
3810,5,1,1,1512
3200,5,1,2,1513
3400,5,0,3,1514
3400,5,1,4,1515
3220,5,0,5,1516
3810,5,0,6,1517
3410,5,0,7,1518
3200,5,1,8,1519
3800,5,0,9,1520
3210,5,2,10,1521
3220,5,0,11,1522
3210,5,2,12,1523
3400,5,2,13,1524
3410,5,3,14,1525
3420,5,0,15,1526
3810,5,0,16,1527
3030,5,0,17,1528
3800,5,0,18,1529
3000,5,1,19,1530
3420,5,0,25,1531
3210,5,1,26,1532
3030,5,1,27,1533
3810,5,1,28,1534
3030,5,1,29,1535
3410,5,0,30,1536
3000,5,0,31,1537
3210,5,0,32,1538
3410,5,0,33,1539
3400,5,3,34,1540
3030,5,0,35,1541
3410,5,0,36,1542
3400,5,2,37,1543
3000,5,1,38,1544
3800,5,1,39,1545
3030,5,0,40,1546
3000,5,1,41,1547
3410,5,1,42,1548
3030,5,0,43,1549
3200,5,0,44,1550
3810,5,0,45,1551
3030,5,1,46,1552
3810,5,0,47,1553
3810,5,1,48,1554
3030,5,1,49,1555
3410,5,3,50,1556
3030,5,0,51,1557
3210,5,1,52,1558
3030,5,1,53,1559
3410,5,0,54,1560
3810,5,1,55,1561
3800,5,0,56,1562
3000,5,1,57,1563
3030,5,0,58,1564
3220,5,0,59,1565
3210,5,1,65,1566
3200,5,0,66,1567
3420,5,0,67,1568
3400,5,2,68,1569
3400,5,2,69,1570
3000,5,1,70,1571
3420,5,0,71,1572
3030,5,0,72,1573
3210,5,1,73,1574
3410,5,3,74,1575
3030,5,1,75,1576
3400,5,1,76,1577
3810,5,0,77,1578
3810,5,0,78,1579
3400,5,2,79,1580
3030,5,0,80,1581
3810,5,1,81,1582
3410,5,3,82,1583
3030,5,0,83,1584
3410,5,4,84,1585
3410,5,0,85,1586
3800,5,1,86,1587
3400,5,1,87,1588
3410,5,1,88,1589
3410,5,4,89,1590
3400,5,0,90,1591
3410,5,3,91,1592
3030,5,0,92,1593
3030,5,0,93,1594
3420,5,0,94,1595
3200,5,0,95,1596
3210,5,1,96,1597
3220,5,1,97,1598
3030,5,1,98,1599
3800,5,0,99,1600
3200,5,0,105,1601
3420,5,0,106,1602
3030,5,1,107,1603
3400,5,2,108,1604
3810,5,1,109,1605
3210,5,1,110,1606
3210,5,1,111,1607
3030,5,1,112,1608
3000,5,1,113,1609
3800,5,1,114,1610
3410,5,2,115,1611
3410,5,4,116,1612
3410,5,1,117,1613
3800,5,0,118,1614
3810,5,0,119,1615
3430,5,0,120,1616
3200,5,1,121,1617
3000,5,0,122,1618
3410,5,3,123,1619
3210,5,0,124,1620
3400,5,1,125,1621
3210,5,0,126,1622
3810,5,0,127,1623
3000,5,1,128,1624
3810,5,0,129,1625
3800,5,0,130,1626
3430,5,0,131,1627
3800,5,1,132,1628
3000,5,1,133,1629
3210,5,0,134,1630
3000,5,0,135,1631
3220,5,1,136,1632
3000,5,1,137,1633
3210,5,0,138,1634
3400,5,3,139,1635
3800,5,0,145,1636
3000,5,0,146,1637
3410,5,4,147,1638
3410,5,0,148,1639
3200,5,0,149,1640
3400,5,1,150,1641
3000,5,0,151,1642
3410,5,0,152,1643
3810,5,0,153,1644
3800,5,1,154,1645
3800,5,0,155,1646
3800,5,0,156,1647
3400,5,2,157,1648
3800,5,0,158,1649
3030,5,0,159,1650
3400,5,3,160,1651
3810,5,0,161,1652
3200,5,1,162,1653
3430,5,0,163,1654
3410,5,2,164,1655
3210,5,1,165,1656
3810,5,0,166,1657
3410,5,2,167,1658
3810,5,1,168,1659
3810,5,0,169,1660
3000,5,1,170,1661
3810,5,1,171,1662
3220,5,1,172,1663
3810,5,1,173,1664
3410,5,1,174,1665
3410,5,4,175,1666
3400,5,1,176,1667
3800,5,1,177,1668
3000,5,0,178,1669
3000,5,0,179,1670
3220,5,0,185,1671
3410,5,3,186,1672
3400,5,3,187,1673
3810,5,1,188,1674
3810,5,1,189,1675
3200,5,0,190,1676
3400,5,1,191,1677
3420,5,0,192,1678
3000,5,0,193,1679
3200,5,0,194,1680
3210,5,0,195,1681
3410,5,0,196,1682
3810,5,1,197,1683
3430,5,0,198,1684
3800,5,1,199,1685
3000,5,0,200,1686
3000,5,0,201,1687
3000,5,0,202,1688
3200,5,1,203,1689
3210,5,1,204,1690
3810,5,0,205,1691
3030,5,0,206,1692
3400,5,0,207,1693
3810,5,0,208,1694
3000,5,1,209,1695
3000,5,1,210,1696
3030,5,1,211,1697
3400,5,1,212,1698
3030,5,1,213,1699
3220,5,0,214,1700
3220,5,1,215,1701
3210,5,2,216,1702
3410,5,0,217,1703
3800,5,0,218,1704
3210,5,1,219,1705
3400,5,0,225,1706
3000,5,1,226,1707
3800,5,1,227,1708
3400,5,0,228,1709
3030,5,1,229,1710
3210,5,1,230,1711
3800,5,0,231,1712
3400,5,0,232,1713
3800,5,0,233,1714
3420,5,0,234,1715
3410,5,2,235,1716
3800,5,0,236,1717
3810,5,1,237,1718
3000,5,1,238,1719
3030,5,1,239,1720
3810,5,1,240,1721
3200,5,1,241,1722
3400,5,3,242,1723
3200,5,1,243,1724
3210,5,2,244,1725
3410,5,1,245,1726
3410,5,0,246,1727
3200,5,0,247,1728
3800,5,1,248,1729
3410,5,2,249,1730
3030,5,1,250,1731
3220,5,0,251,1732
3400,5,2,252,1733
3220,5,0,253,1734
3810,5,1,254,1735
3220,5,1,255,1736
3800,5,1,256,1737
3210,5,1,257,1738
3000,5,1,258,1739
3800,5,0,259,1740
3810,5,1,265,1741
3030,5,0,266,1742
3030,5,0,267,1743
3210,5,0,268,1744
3000,5,0,269,1745
3810,5,0,270,1746
3410,5,3,271,1747
3420,5,0,272,1748
3800,5,1,273,1749
3810,5,0,274,1750
3810,5,0,275,1751
3030,5,0,276,1752
3210,5,2,277,1753
3410,5,2,278,1754
3200,5,0,279,1755
3220,5,1,280,1756
3000,5,0,281,1757
3410,5,0,282,1758
3400,5,0,283,1759
3410,5,3,284,1760
3220,5,0,285,1761
3220,5,0,286,1762
3420,5,0,287,1763
3000,5,1,288,1764
3800,5,1,289,1765
3030,5,1,290,1766
3200,5,0,291,1767
3800,5,1,292,1768
3030,5,0,293,1769
3000,5,0,294,1770
3800,5,1,295,1771
3030,5,1,296,1772
3000,5,0,297,1773
3810,5,1,298,1774
3410,5,2,299,1775
3210,5,0,305,1776
3400,5,2,306,1777
3410,5,4,307,1778
3000,5,1,308,1779
3810,5,1,309,1780
3400,5,3,310,1781
3810,5,1,311,1782
3030,5,0,312,1783
3400,5,3,313,1784
3810,5,0,314,1785
3200,5,0,315,1786
3810,5,1,316,1787
3200,5,1,317,1788
3420,5,0,318,1789
3400,5,0,319,1790
3810,5,1,1000,1791
3420,5,0,1001,1792
5011,5,2,1002,1793
3410,5,1,1003,1794
3810,5,1,1004,1795
3810,5,1,1010,1796
3410,5,0,1011,1797
3000,5,1,1012,1798
3810,5,1,1013,1799
3030,5,0,1014,1800
5010,5,2,1020,1801
5006,5,0,1021,1802
3030,5,0,1022,1803
5010,5,4,1023,1804
3000,5,1,1024,1805
5003,5,0,1030,1806
3800,5,1,1031,1807
5011,5,2,1032,1808
3400,5,2,1033,1809
5010,5,2,1034,1810
5011,5,4,1040,1811
5002,5,0,1041,1812
3800,5,0,1042,1813
5011,5,6,1043,1814
5001,5,1,1044,1815
5004,5,0,1050,1816
5001,5,1,1051,1817
5011,5,4,1052,1818
5010,5,2,1053,1819
5006,5,0,1054,1820
5010,5,2,1060,1821
3810,5,0,1061,1822
3000,5,0,1062,1823
5011,5,4,1063,1824
5010,5,2,1064,1825
5010,5,3,1070,1826
3800,5,0,1071,1827
3210,5,1,1072,1828
3200,5,1,1073,1829
3810,5,0,1074,1830
3210,5,0,1080,1831
5002,5,0,1081,1832
3000,5,0,1082,1833
3800,5,0,1083,1834
3810,5,0,1084,1835
3800,5,0,1085,1836
5000,5,1,1086,1837
3210,5,0,1087,1838
3430,5,0,1088,1839
5010,5,0,1089,1840
3400,5,3,1090,1841
5010,5,4,1091,1842
3800,5,0,1092,1843
3030,5,1,1093,1844
3810,5,1,1094,1845
5011,5,2,1095,1846
5010,5,4,1096,1847
5001,5,1,1097,1848
5011,5,6,1098,1849
3400,5,3,1099,1850
5010,5,2,1105,1851
3800,5,1,1106,1852
5010,5,3,1107,1853
5011,5,6,1108,1854
5005,5,0,1109,1855
3220,5,0,1110,1856
5011,5,4,1111,1857
3220,5,1,1112,1858
3420,5,0,1113,1859
3410,5,3,1114,1860
3400,5,0,1135,1861
3810,5,0,1136,1862
3410,5,4,1137,1863
3810,5,1,1138,1864
5011,5,4,1139,1865
3210,5,1,1140,1866
3410,5,2,1141,1867
3210,5,0,1142,1868
5005,5,0,1143,1869
3800,5,0,1144,1870
5011,5,6,1145,1871
5001,5,1,1146,1872
3400,5,3,1147,1873
5001,5,1,1148,1874
3220,5,0,1149,1875
5005,5,0,1150,1876
3810,5,0,1151,1877
3400,5,0,1152,1878
3000,5,0,1153,1879
5010,5,4,1154,1880
3220,5,1,1155,1881
3810,5,0,1156,1882
5011,5,2,1157,1883
3810,5,0,1158,1884
5011,5,4,1159,1885
3210,5,1,1165,1886
3430,5,0,1166,1887
3030,5,0,1167,1888
3410,5,2,1168,1889
5006,5,0,1169,1890
3810,5,0,1170,1891
3800,5,0,1171,1892
5004,5,0,1172,1893
3030,5,0,1173,1894
3800,5,1,1174,1895
3810,5,0,1195,1896
3030,5,1,1196,1897
3410,5,2,1197,1898
3220,5,1,1198,1899
3800,5,1,1199,1900
3210,6,1,0,1901
3400,6,2,1,1902
3420,6,0,2,1903
3220,6,1,3,1904
3200,6,1,4,1905
3200,6,1,5,1906
3000,6,1,6,1907
3800,6,1,7,1908
3000,6,0,8,1909
3210,6,2,9,1910
3200,6,0,10,1911
3200,6,1,11,1912
3030,6,1,12,1913
3400,6,0,13,1914
3800,6,0,14,1915
3030,6,0,15,1916
3210,6,2,16,1917
3800,6,0,17,1918
3410,6,2,18,1919
3430,6,0,19,1920
3030,6,1,20,1921
3800,6,1,21,1922
3400,6,3,22,1923
3200,6,0,23,1924
3000,6,0,24,1925
3800,6,0,25,1926
3420,6,0,26,1927
3200,6,0,27,1928
3810,6,0,28,1929
3430,6,0,29,1930
3410,6,0,30,1931
3030,6,0,31,1932
3410,6,4,32,1933
3810,6,1,33,1934
3220,6,1,34,1935
3410,6,0,35,1936
3210,6,0,36,1937
3210,6,2,37,1938
3200,6,0,38,1939
3000,6,1,39,1940
3420,6,0,40,1941
3220,6,1,41,1942
3220,6,0,42,1943
3030,6,1,43,1944
3810,6,0,44,1945
3200,6,0,45,1946
3030,6,1,46,1947
3800,6,0,47,1948
3210,6,2,48,1949
3200,6,1,49,1950
3800,6,1,50,1951
3410,6,1,51,1952
3210,6,1,52,1953
3220,6,0,53,1954
3810,6,1,54,1955
3210,6,2,55,1956
3400,6,0,56,1957
3210,6,0,57,1958
3210,6,0,58,1959
3000,6,0,59,1960
3810,6,1,60,1961
3000,6,0,61,1962
3200,6,0,62,1963
3410,6,3,63,1964
3410,6,3,64,1965
3210,6,0,65,1966
3800,6,1,66,1967
3800,6,0,67,1968
3810,6,0,68,1969
3810,6,1,69,1970
3800,6,1,70,1971
3420,6,0,71,1972
3410,6,3,72,1973
3810,6,1,73,1974
3430,6,0,74,1975
3220,6,0,75,1976
3410,6,0,76,1977
3410,6,3,77,1978
3420,6,0,78,1979
3810,6,1,79,1980
3800,6,1,80,1981
3410,6,4,81,1982
3210,6,0,82,1983
3200,6,0,83,1984
3030,6,1,84,1985
3200,6,1,85,1986
3220,6,1,86,1987
3030,6,0,87,1988
3220,6,1,88,1989
3400,6,3,89,1990
3210,6,0,90,1991
3420,6,0,91,1992
3210,6,2,92,1993
3200,6,1,93,1994
3200,6,1,94,1995
3030,6,0,95,1996
3430,6,0,96,1997
3410,6,4,97,1998
3210,6,1,98,1999
3810,6,0,99,2000
3210,6,1,100,2001
3030,6,0,101,2002
3200,6,1,102,2003
3210,6,0,103,2004
3410,6,4,104,2005
3800,6,1,105,2006
3800,6,0,106,2007
3200,6,0,107,2008
3220,6,0,108,2009
3030,6,0,109,2010
3000,6,1,110,2011
3800,6,0,111,2012
3410,6,4,112,2013
3220,6,1,113,2014
3410,6,0,114,2015
3200,6,1,115,2016
3030,6,1,116,2017
3210,6,1,117,2018
3210,6,1,118,2019
3800,6,0,119,2020
3810,6,0,120,2021
3200,6,1,121,2022
3400,6,3,122,2023
3000,6,1,123,2024
3420,6,0,124,2025
3400,6,0,125,2026
3220,6,1,126,2027
3000,6,1,127,2028
3410,6,2,128,2029
3430,6,0,129,2030
3220,6,1,130,2031
3430,6,0,131,2032
3000,6,0,132,2033
3420,6,0,133,2034
3400,6,3,134,2035
3410,6,0,135,2036
3420,6,0,136,2037
3030,6,1,137,2038
3400,6,3,138,2039
3800,6,0,139,2040
3810,6,0,140,2041
3410,6,3,141,2042
3810,6,0,142,2043
3200,6,0,143,2044
3030,6,1,144,2045
3410,6,2,145,2046
3810,6,0,146,2047
2140,6,0,147,2048
3410,6,0,148,2049
3200,6,1,149,2050
3800,6,0,150,2051
3410,6,4,151,2052
3410,6,3,152,2053
3410,6,2,153,2054
3210,6,1,154,2055
3810,6,1,155,2056
3410,6,4,156,2057
3400,6,1,157,2058
3400,6,2,158,2059
3410,6,3,159,2060
3210,6,0,160,2061
3030,6,0,161,2062
3430,6,0,162,2063
3000,6,0,163,2064
3210,6,1,164,2065
3200,6,0,165,2066
3210,6,2,166,2067
3220,6,1,167,2068
3410,6,4,168,2069
3410,6,0,169,2070
3410,6,2,170,2071
3800,6,0,171,2072
3000,6,0,172,2073
3030,6,0,173,2074
3400,6,3,174,2075
3400,6,2,175,2076
3220,6,1,176,2077
3210,6,0,177,2078
3220,6,1,178,2079
3810,6,0,179,2080
3210,6,0,180,2081
3410,6,4,181,2082
3400,6,2,182,2083
3210,6,2,183,2084
3430,6,0,184,2085
3410,6,1,185,2086
3220,6,1,186,2087
3800,6,1,187,2088
3810,6,1,188,2089
3200,6,1,189,2090
3210,6,2,190,2091
3800,6,0,191,2092
3030,6,1,192,2093
3030,6,0,193,2094
3430,6,0,194,2095
3200,6,1,195,2096
3000,6,1,196,2097
3210,6,1,197,2098
3810,6,0,198,2099
3030,6,1,199,2100
3430,6,0,200,2101
3200,6,0,201,2102
3000,6,1,202,2103
3430,6,0,203,2104
3030,6,1,204,2105
3400,6,3,205,2106
3200,6,0,206,2107
3410,6,1,207,2108
3000,6,0,208,2109
3800,6,0,209,2110
3410,6,4,210,2111
3410,6,4,211,2112
3000,6,1,212,2113
3400,6,1,213,2114
3220,6,1,214,2115
3000,6,1,215,2116
3200,6,0,216,2117
3420,6,0,217,2118
3000,6,0,218,2119
3210,6,1,219,2120
3210,6,2,220,2121
3210,6,2,221,2122
3210,6,0,222,2123
3030,6,0,223,2124
3400,6,3,224,2125
3400,6,0,225,2126
3430,6,0,226,2127
3400,6,0,227,2128
3030,6,0,228,2129
3200,6,0,229,2130
3430,6,0,230,2131
3000,6,1,231,2132
3200,6,0,232,2133
3220,6,1,233,2134
3800,6,1,234,2135
3410,6,0,235,2136
3800,6,0,236,2137
3220,6,1,237,2138
3400,6,3,238,2139
3400,6,0,239,2140
3200,6,1,240,2141
3220,6,1,241,2142
3800,6,1,242,2143
3810,6,0,243,2144
3220,6,0,244,2145
3000,6,1,245,2146
3210,6,2,246,2147
3410,6,4,247,2148
3430,6,0,248,2149
3410,6,0,249,2150
3200,6,1,250,2151
3410,6,4,251,2152
3210,6,0,252,2153
3220,6,0,253,2154
3220,6,1,254,2155
3220,6,0,255,2156
3030,6,0,256,2157
3420,6,0,257,2158
3210,6,2,258,2159
3210,6,0,259,2160
3000,6,1,260,2161
3210,6,1,261,2162
3200,6,1,262,2163
3410,6,0,263,2164
3800,6,1,264,2165
3200,6,0,265,2166
3410,6,0,266,2167
2140,6,0,267,2168
3030,6,1,268,2169
3220,6,1,269,2170
3810,6,1,270,2171
3430,6,0,271,2172
3030,6,1,272,2173
3200,6,0,273,2174
3800,6,0,274,2175
3400,6,2,275,2176
3800,6,1,276,2177
3210,6,1,277,2178
2140,6,0,278,2179
3220,6,1,279,2180
3200,6,1,280,2181
3410,6,0,281,2182
3200,6,0,282,2183
3400,6,1,283,2184
3810,6,0,284,2185
3410,6,3,285,2186
3200,6,1,286,2187
3420,6,0,287,2188
3430,6,0,288,2189
3200,6,1,289,2190
3410,6,1,290,2191
3430,6,0,291,2192
3200,6,1,292,2193
3400,6,0,293,2194
3800,6,1,294,2195
3030,6,1,295,2196
3810,6,1,296,2197
3400,6,3,297,2198
3200,6,0,298,2199
3210,6,0,299,2200
3030,6,0,300,2201
3220,6,0,301,2202
3430,6,0,302,2203
3430,6,0,303,2204
3210,6,0,304,2205
3400,6,1,305,2206
3030,6,0,306,2207
3400,6,0,307,2208
3220,6,1,308,2209
3030,6,1,309,2210
3030,6,0,310,2211
3000,6,1,311,2212
3210,6,0,312,2213
3030,6,0,313,2214
3810,6,1,314,2215
3220,6,1,315,2216
3210,6,2,316,2217
3800,6,1,317,2218
3800,6,1,318,2219
3000,6,0,319,2220
5002,6,0,1000,2221
3810,6,1,1001,2222
5005,6,0,1002,2223
3410,6,1,1003,2224
3200,6,0,1004,2225
3810,6,1,1010,2226
5011,6,2,1011,2227
3220,6,0,1012,2228
3200,6,0,1013,2229
5011,6,3,1014,2230
5010,6,0,1020,2231
3200,6,1,1021,2232
3200,6,0,1022,2233
5004,6,0,1023,2234
5010,6,2,1024,2235
5011,6,2,1030,2236
3400,6,2,1031,2237
3210,6,0,1032,2238
5001,6,1,1033,2239
3400,6,2,1034,2240
5000,6,1,1040,2241
3810,6,0,1041,2242
3400,6,2,1042,2243
5010,6,0,1043,2244
5011,6,3,1044,2245
5010,6,3,1050,2246
3000,6,1,1051,2247
5004,6,0,1052,2248
5000,6,1,1053,2249
3000,6,0,1054,2250
5005,6,0,1060,2251
5010,6,0,1061,2252
3410,6,2,1062,2253
5011,6,4,1063,2254
5006,6,0,1064,2255
5002,6,0,1070,2256
5011,6,6,1071,2257
5011,6,6,1072,2258
3210,6,0,1073,2259
3410,6,0,1074,2260
5010,6,3,1080,2261
3410,6,3,1081,2262
5010,6,4,1082,2263
3410,6,3,1083,2264
5011,6,3,1084,2265
5001,6,1,1085,2266
5011,6,4,1086,2267
3000,6,0,1087,2268
3800,6,1,1088,2269
5010,6,4,1089,2270
5010,6,3,1090,2271
5010,6,4,1091,2272
5005,6,0,1092,2273
3000,6,1,1093,2274
5001,6,1,1094,2275
3210,6,2,1095,2276
5010,6,0,1096,2277
5010,6,0,1097,2278
5010,6,3,1098,2279
3400,6,3,1099,2280
5010,6,2,1100,2281
5011,6,4,1101,2282
5005,6,0,1102,2283
3210,6,1,1103,2284
3200,6,1,1104,2285
5003,6,0,1105,2286
5001,6,1,1106,2287
5011,6,6,1107,2288
3210,6,0,1108,2289
5002,6,0,1109,2290
5010,6,0,1110,2291
5010,6,4,1111,2292
3200,6,1,1112,2293
5000,6,1,1113,2294
3410,6,3,1114,2295
3030,6,1,1135,2296
5006,6,0,1136,2297
3400,6,0,1137,2298
5010,6,0,1138,2299
3800,6,1,1139,2300
5010,6,4,1140,2301
5001,6,1,1141,2302
5003,6,0,1142,2303
3400,6,0,1143,2304
3400,6,1,1144,2305
3400,6,1,1145,2306
5011,6,3,1146,2307
5003,6,0,1147,2308
3210,6,1,1148,2309
5011,6,3,1149,2310
5011,6,2,1150,2311
5003,6,0,1151,2312
5003,6,0,1152,2313
5011,6,4,1153,2314
5011,6,2,1154,2315
5001,6,1,1155,2316
5010,6,2,1156,2317
3410,6,0,1157,2318
3200,6,1,1158,2319
5005,6,0,1159,2320
3000,6,1,1160,2321
5011,6,6,1161,2322
3200,6,0,1162,2323
5003,6,0,1163,2324
3800,6,1,1164,2325
5011,6,2,1165,2326
5001,6,1,1166,2327
5002,6,0,1167,2328
5010,6,3,1168,2329
5011,6,6,1169,2330
5011,6,4,1170,2331
5005,6,0,1171,2332
3210,6,2,1172,2333
5010,6,0,1173,2334
5011,6,3,1174,2335
5010,6,4,1195,2336
3210,6,0,1196,2337
5003,6,0,1197,2338
3800,6,1,1198,2339
5010,6,3,1199,2340
3410,7,1,0,2341
3210,7,0,1,2342
3810,7,1,2,2343
3210,7,1,3,2344
3000,7,1,4,2345
3410,7,0,5,2346
3800,7,1,6,2347
3200,7,1,7,2348
3000,7,1,8,2349
3030,7,1,9,2350
3810,7,1,10,2351
3800,7,0,11,2352
3000,7,1,12,2353
3810,7,1,13,2354
3810,7,1,14,2355
3210,7,2,15,2356
3410,7,1,16,2357
3400,7,0,17,2358
3200,7,0,18,2359
3430,7,0,19,2360
3420,7,0,20,2361
3810,7,0,21,2362
3030,7,1,22,2363
3030,7,1,23,2364
3400,7,1,24,2365
3000,7,0,25,2366
3800,7,1,26,2367
3200,7,1,27,2368
3000,7,1,28,2369
3800,7,0,29,2370
3210,7,2,30,2371
3410,7,2,31,2372
3000,7,0,32,2373
3200,7,0,33,2374
3200,7,1,34,2375
3210,7,1,40,2376
3000,7,1,41,2377
3200,7,1,42,2378
3410,7,2,43,2379
3400,7,2,44,2380
3030,7,0,45,2381
3810,7,1,46,2382
3000,7,1,47,2383
3220,7,0,48,2384
3000,7,1,49,2385
3220,7,1,50,2386
3210,7,2,51,2387
3030,7,0,52,2388
3400,7,1,53,2389
3030,7,0,54,2390
3400,7,2,55,2391
3220,7,0,56,2392
3410,7,0,57,2393
3810,7,0,58,2394
3430,7,0,59,2395
3800,7,0,60,2396
3800,7,0,61,2397
3410,7,4,62,2398
3030,7,0,63,2399
3210,7,2,64,2400
3410,7,2,65,2401
3800,7,1,66,2402
3800,7,0,67,2403
3200,7,1,68,2404
3000,7,0,69,2405
3420,7,0,70,2406
3200,7,0,71,2407
3210,7,1,72,2408
3420,7,0,73,2409
3810,7,0,74,2410
3410,7,2,80,2411
3410,7,1,81,2412
3210,7,2,82,2413
3400,7,2,83,2414
3220,7,0,84,2415
3410,7,3,85,2416
3030,7,0,86,2417
3220,7,1,87,2418
3800,7,1,88,2419
3000,7,1,89,2420
3210,7,0,90,2421
3210,7,0,91,2422
3410,7,2,92,2423
3200,7,0,93,2424
3030,7,0,94,2425
3410,7,1,95,2426
3000,7,0,96,2427
3800,7,1,97,2428
3400,7,0,98,2429
3030,7,1,99,2430
3410,7,0,100,2431
3410,7,4,101,2432
3400,7,2,102,2433
3030,7,1,103,2434
3000,7,1,104,2435
3400,7,1,105,2436
3410,7,0,106,2437
3030,7,0,107,2438
3410,7,4,108,2439
3210,7,0,109,2440
3810,7,0,110,2441
3800,7,1,111,2442
3220,7,1,112,2443
3410,7,2,113,2444
3800,7,0,114,2445
3400,7,1,120,2446
3000,7,1,121,2447
3220,7,0,122,2448
3800,7,1,123,2449
3810,7,0,124,2450
3000,7,1,125,2451
3800,7,0,126,2452
3410,7,2,127,2453
3210,7,2,128,2454
3000,7,0,129,2455
3000,7,0,130,2456
3200,7,1,131,2457
3030,7,1,132,2458
3410,7,1,133,2459
3800,7,1,134,2460
3800,7,1,135,2461
3000,7,0,136,2462
3220,7,1,137,2463
3800,7,0,138,2464
3400,7,3,139,2465
3030,7,0,140,2466
3800,7,0,141,2467
3030,7,0,142,2468
3210,7,1,143,2469
3430,7,0,144,2470
3000,7,1,145,2471
3410,7,2,146,2472
3810,7,0,147,2473
3220,7,1,148,2474
3000,7,1,149,2475
3000,7,0,150,2476
3220,7,0,151,2477
3030,7,1,152,2478
3030,7,1,153,2479
3220,7,1,154,2480
3200,7,1,160,2481
3210,7,0,161,2482
3810,7,1,162,2483
3410,7,4,163,2484
3810,7,1,164,2485
3410,7,4,165,2486
3410,7,2,166,2487
3220,7,1,167,2488
3030,7,1,168,2489
3210,7,1,169,2490
3220,7,1,170,2491
3410,7,2,171,2492
3210,7,0,172,2493
3200,7,1,173,2494
3810,7,1,174,2495
3210,7,2,175,2496
3210,7,1,176,2497
3000,7,1,177,2498
3200,7,0,178,2499
3030,7,0,179,2500
3210,7,0,180,2501
3200,7,1,181,2502
3220,7,0,182,2503
3220,7,1,183,2504
3220,7,1,184,2505
3410,7,1,185,2506
3810,7,1,186,2507
3400,7,3,187,2508
3000,7,1,188,2509
3810,7,1,189,2510
3000,7,0,190,2511
3030,7,0,191,2512
3210,7,2,192,2513
3210,7,2,193,2514
3800,7,1,194,2515
3400,7,2,200,2516
3800,7,0,201,2517
3220,7,1,202,2518
3800,7,0,203,2519
3410,7,0,204,2520
3200,7,1,205,2521
3810,7,0,206,2522
3210,7,1,207,2523
3200,7,0,208,2524
3210,7,2,209,2525
3800,7,0,210,2526
3800,7,0,211,2527
3210,7,0,212,2528
3210,7,0,213,2529
3410,7,2,214,2530
3200,7,0,215,2531
3410,7,3,216,2532
3200,7,1,217,2533
3030,7,0,218,2534
3030,7,0,219,2535
3410,7,0,220,2536
3030,7,0,221,2537
3400,7,3,222,2538
3430,7,0,223,2539
3210,7,2,224,2540
3810,7,0,225,2541
3410,7,3,226,2542
3220,7,1,227,2543
3800,7,1,228,2544
3410,7,2,229,2545
3030,7,0,230,2546
3400,7,0,231,2547
3200,7,0,232,2548
3030,7,0,233,2549
3420,7,0,234,2550
3410,7,4,240,2551
3800,7,1,241,2552
3220,7,1,242,2553
3030,7,1,243,2554
3800,7,1,244,2555
3030,7,0,245,2556
3210,7,0,246,2557
3410,7,3,247,2558
3410,7,1,248,2559
3000,7,1,249,2560
3800,7,0,250,2561
3410,7,1,251,2562
3000,7,1,252,2563
3030,7,0,253,2564
3220,7,1,254,2565
3400,7,0,255,2566
3400,7,0,256,2567
3400,7,3,257,2568
3400,7,3,258,2569
3400,7,1,259,2570
3810,7,0,260,2571
3410,7,3,261,2572
3200,7,1,262,2573
3200,7,1,263,2574
3210,7,2,264,2575
3030,7,0,265,2576
3210,7,2,266,2577
3000,7,0,267,2578
3030,7,0,268,2579
3800,7,0,269,2580
3430,7,0,270,2581
3210,7,1,271,2582
3000,7,0,272,2583
3410,7,3,273,2584
3030,7,1,274,2585
3400,7,3,280,2586
3410,7,4,281,2587
3000,7,1,282,2588
3400,7,0,283,2589
3800,7,1,284,2590
3410,7,3,285,2591
3410,7,0,286,2592
3420,7,0,287,2593
3800,7,0,288,2594
3030,7,1,289,2595
3210,7,1,290,2596
3000,7,0,291,2597
3210,7,0,292,2598
3210,7,2,293,2599
3210,7,1,294,2600
3400,7,3,295,2601
3800,7,1,296,2602
3410,7,0,297,2603
3400,7,1,298,2604
3210,7,2,299,2605
3400,7,2,300,2606
3410,7,1,301,2607
3220,7,1,302,2608
3410,7,0,303,2609
3210,7,0,304,2610
3030,7,1,305,2611
3410,7,4,306,2612
3030,7,0,307,2613
3810,7,0,308,2614
3030,7,0,309,2615
3810,7,1,310,2616
3200,7,1,311,2617
3210,7,0,312,2618
3200,7,1,313,2619
3210,7,2,314,2620
5010,7,0,1000,2621
5005,7,0,1001,2622
3810,7,0,1002,2623
3810,7,1,1003,2624
3210,7,1,1004,2625
5002,7,0,1010,2626
5011,7,2,1011,2627
3210,7,0,1012,2628
3210,7,2,1013,2629
5010,7,4,1014,2630
5006,7,0,1020,2631
3000,7,0,1021,2632
5011,7,3,1022,2633
3810,7,0,1023,2634
5010,7,2,1024,2635
5010,7,4,1030,2636
3810,7,0,1031,2637
3810,7,1,1032,2638
3030,7,0,1033,2639
3030,7,1,1034,2640
5000,7,1,1040,2641
3810,7,1,1041,2642
5001,7,1,1042,2643
3220,7,1,1043,2644
5010,7,3,1044,2645
5010,7,3,1050,2646
3400,7,0,1051,2647
3220,7,0,1052,2648
3800,7,0,1053,2649
3400,7,1,1054,2650
3210,7,1,1060,2651
3210,7,1,1061,2652
3410,7,2,1062,2653
3220,7,1,1063,2654
3030,7,0,1064,2655
5002,7,0,1070,2656
3200,7,1,1071,2657
3220,7,1,1072,2658
3810,7,1,1073,2659
5011,7,6,1074,2660
5010,7,3,1080,2661
3000,7,0,1081,2662
5000,7,1,1082,2663
5011,7,3,1083,2664
3200,7,0,1084,2665
3400,7,2,1085,2666
5010,7,3,1086,2667
3200,7,1,1087,2668
3810,7,1,1088,2669
3030,7,1,1089,2670
5010,7,4,1090,2671
5000,7,1,1091,2672
5001,7,1,1092,2673
5010,7,3,1093,2674
5011,7,3,1094,2675
5000,7,1,1095,2676
3220,7,1,1096,2677
3810,7,0,1097,2678
5000,7,1,1098,2679
5011,7,2,1099,2680
3030,7,0,1100,2681
3210,7,0,1101,2682
3810,7,1,1102,2683
3800,7,0,1103,2684
3030,7,1,1104,2685
3800,7,1,1105,2686
5000,7,1,1106,2687
3800,7,0,1107,2688
5002,7,0,1108,2689
3200,7,1,1109,2690
5010,7,3,1110,2691
5005,7,0,1111,2692
5010,7,2,1112,2693
3000,7,1,1113,2694
3030,7,1,1114,2695
2000,7,0,1140,2696
5011,7,3,1141,2697
5003,7,0,1142,2698
3420,7,0,1143,2699
5001,7,1,1144,2700
3400,7,3,1145,2701
3200,7,0,1146,2702
5003,7,0,1147,2703
3200,7,0,1148,2704
3210,7,0,1149,2705
5002,7,0,1150,2706
3220,7,1,1151,2707
5003,7,0,1152,2708
5000,7,1,1153,2709
3210,7,1,1154,2710
5010,7,3,1155,2711
5011,7,4,1156,2712
3430,7,0,1157,2713
5010,7,2,1158,2714
3410,7,0,1159,2715
5003,7,0,1160,2716
3400,7,0,1161,2717
5005,7,0,1162,2718
5010,7,3,1163,2719
3210,7,2,1164,2720
3800,7,0,1165,2721
5011,7,3,1166,2722
5010,7,2,1167,2723
3000,7,1,1168,2724
3800,7,0,1169,2725
3800,7,0,1170,2726
3220,7,1,1171,2727
5011,7,2,1172,2728
5010,7,2,1173,2729
5004,7,0,1174,2730
3430,8,0,0,2731
3200,8,0,1,2732
3210,8,0,2,2733
3810,8,0,3,2734
3800,8,0,4,2735
3000,8,1,5,2736
3410,8,0,6,2737
3030,8,0,7,2738
3420,8,0,8,2739
3000,8,1,9,2740
3410,8,3,10,2741
3400,8,2,11,2742
3210,8,2,12,2743
3210,8,2,13,2744
3200,8,1,14,2745
3220,8,0,15,2746
3800,8,0,16,2747
3030,8,1,17,2748
3220,8,0,18,2749
3200,8,0,19,2750
3030,8,1,20,2751
2090,8,0,21,2752
3200,8,1,22,2753
3800,8,1,23,2754
3810,8,1,24,2755
3030,8,1,30,2756
3210,8,0,31,2757
3800,8,1,32,2758
3800,8,1,33,2759
3030,8,1,34,2760
3410,8,1,35,2761
3000,8,1,36,2762
3000,8,1,37,2763
3410,8,1,38,2764
3410,8,1,39,2765
3220,8,1,40,2766
3210,8,1,41,2767
3400,8,1,42,2768
3030,8,0,43,2769
3800,8,1,44,2770
3420,8,0,45,2771
3410,8,4,46,2772
3400,8,2,47,2773
3030,8,1,48,2774
3400,8,2,49,2775
3200,8,1,50,2776
3210,8,1,51,2777
3410,8,0,52,2778
3000,8,0,53,2779
3400,8,3,54,2780
3800,8,0,55,2781
3400,8,0,56,2782
3220,8,0,57,2783
3030,8,1,58,2784
3030,8,1,59,2785
3000,8,1,60,2786
3800,8,0,61,2787
3000,8,0,62,2788
3200,8,0,63,2789
3210,8,2,64,2790
3800,8,0,68,2791
3210,8,1,70,2792
3800,8,1,71,2793
3210,8,1,72,2794
3030,8,1,73,2795
3430,8,0,74,2796
3410,8,4,75,2797
3030,8,0,76,2798
3030,8,0,77,2799
3000,8,0,78,2800
3210,8,0,79,2801
3210,8,2,80,2802
3030,8,0,81,2803
3410,8,1,82,2804
3400,8,2,83,2805
3810,8,1,84,2806
3410,8,0,85,2807
3410,8,2,86,2808
3410,8,2,87,2809
3410,8,2,88,2810
3220,8,0,89,2811
3800,8,0,90,2812
3810,8,0,91,2813
3810,8,1,92,2814
3800,8,0,93,2815
3000,8,1,94,2816
3800,8,1,95,2817
3800,8,0,96,2818
3800,8,0,97,2819
3800,8,1,98,2820
3200,8,1,99,2821
3410,8,0,100,2822
3410,8,4,101,2823
3030,8,0,102,2824
3400,8,2,103,2825
3800,8,1,104,2826
3030,8,0,105,2827
3410,8,0,110,2828
3210,8,1,111,2829
3800,8,1,112,2830
3410,8,0,113,2831
3410,8,0,114,2832
3810,8,1,115,2833
3030,8,0,116,2834
3410,8,1,117,2835
3810,8,1,118,2836
3000,8,1,119,2837
3210,8,0,120,2838
3410,8,0,121,2839
3030,8,0,122,2840
3410,8,1,123,2841
3030,8,0,124,2842
3200,8,1,125,2843
3810,8,1,126,2844
3400,8,3,127,2845
3210,8,0,128,2846
3430,8,0,129,2847
3810,8,0,130,2848
3810,8,1,131,2849
3200,8,0,132,2850
3210,8,0,133,2851
3400,8,3,134,2852
3810,8,0,135,2853
3800,8,1,136,2854
3810,8,0,137,2855
3200,8,1,138,2856
3220,8,1,139,2857
3410,8,2,140,2858
3410,8,3,141,2859
3000,8,0,142,2860
3410,8,2,143,2861
3410,8,4,144,2862
3810,8,1,148,2863
3400,8,0,150,2864
3030,8,0,151,2865
3000,8,0,152,2866
3000,8,1,153,2867
3410,8,4,154,2868
3400,8,1,155,2869
3800,8,0,156,2870
3200,8,0,157,2871
3000,8,0,158,2872
3000,8,0,159,2873
3200,8,1,160,2874
3400,8,2,161,2875
3220,8,1,162,2876
3810,8,0,163,2877
3410,8,2,164,2878
3800,8,0,165,2879
3000,8,0,166,2880
3410,8,0,167,2881
3430,8,0,168,2882
3220,8,1,169,2883
3000,8,1,170,2884
3410,8,2,171,2885
3210,8,2,172,2886
3400,8,2,173,2887
3800,8,1,174,2888
3410,8,4,175,2889
3000,8,0,176,2890
3420,8,0,177,2891
3410,8,2,178,2892
3200,8,1,179,2893
3030,8,1,180,2894
3800,8,1,181,2895
3810,8,0,182,2896
3810,8,1,183,2897
3800,8,1,184,2898
3030,8,1,190,2899
3030,8,1,191,2900
3800,8,1,192,2901
3810,8,1,193,2902
3030,8,0,194,2903
3000,8,0,195,2904
3810,8,0,196,2905
3800,8,1,197,2906
3210,8,0,198,2907
3410,8,1,199,2908
3000,8,0,200,2909
3410,8,1,201,2910
3200,8,1,202,2911
3400,8,0,203,2912
3810,8,0,204,2913
3400,8,3,205,2914
3030,8,1,206,2915
3800,8,0,207,2916
3810,8,1,208,2917
3000,8,0,209,2918
3800,8,1,210,2919
3430,8,0,211,2920
3200,8,0,212,2921
3800,8,0,213,2922
3000,8,1,214,2923
3200,8,1,215,2924
3410,8,2,216,2925
3800,8,1,217,2926
3410,8,4,218,2927
3210,8,1,219,2928
3430,8,0,220,2929
3400,8,2,221,2930
3000,8,0,222,2931
3430,8,0,223,2932
3210,8,0,224,2933
3030,8,0,229,2934
3410,8,0,230,2935
3400,8,2,231,2936
3800,8,0,232,2937
3800,8,1,233,2938
3030,8,0,234,2939
3220,8,1,235,2940
3410,8,0,236,2941
3430,8,0,237,2942
3800,8,0,238,2943
3210,8,1,239,2944
3400,8,2,240,2945
3220,8,1,241,2946
3210,8,1,242,2947
3410,8,1,243,2948
3400,8,3,244,2949
3400,8,3,245,2950
3800,8,0,246,2951
3810,8,0,247,2952
3430,8,0,248,2953
3810,8,1,249,2954
3420,8,0,250,2955
3030,8,1,251,2956
3420,8,0,252,2957
3200,8,0,253,2958
3400,8,3,254,2959
3400,8,0,255,2960
3420,8,0,256,2961
3220,8,0,257,2962
3400,8,3,258,2963
3200,8,0,259,2964
3210,8,2,260,2965
3400,8,0,261,2966
3400,8,0,262,2967
3030,8,1,263,2968
3030,8,1,264,2969
3810,8,0,268,2970
3400,8,0,270,2971
3410,8,3,271,2972
3420,8,0,272,2973
2090,8,0,273,2974
3420,8,0,274,2975
3210,8,2,275,2976
3210,8,0,276,2977
3030,8,1,277,2978
3220,8,0,278,2979
3400,8,0,279,2980
3000,8,0,280,2981
3810,8,0,281,2982
3410,8,2,282,2983
3220,8,1,283,2984
3410,8,4,284,2985
3000,8,1,285,2986
3400,8,0,286,2987
3220,8,0,287,2988
3000,8,0,288,2989
3400,8,0,289,2990
3000,8,1,290,2991
3030,8,0,291,2992
3220,8,0,292,2993
3410,8,1,293,2994
3030,8,0,294,2995
3210,8,2,295,2996
3030,8,1,296,2997
3410,8,0,297,2998
3200,8,0,298,2999
3210,8,0,299,3000
3030,8,0,300,3001
3400,8,1,301,3002
3430,8,0,302,3003
3800,8,1,303,3004
3420,8,0,304,3005
3000,8,1,306,3006
3810,8,1,310,3007
3400,8,1,311,3008
3030,8,1,312,3009
3400,8,3,313,3010
3200,8,1,314,3011
3030,8,1,315,3012
3410,8,2,316,3013
3810,8,1,317,3014
3220,8,0,318,3015
3800,8,0,319,3016
5003,8,0,1000,3017
5000,8,1,1001,3018
3400,8,0,1002,3019
5010,8,3,1003,3020
5010,8,2,1004,3021
3220,8,1,1010,3022
5010,8,3,1011,3023
5011,8,2,1012,3024
5010,8,3,1013,3025
5011,8,3,1014,3026
3800,8,1,1020,3027
3000,8,0,1021,3028
5002,8,0,1022,3029
3400,8,1,1023,3030
5001,8,1,1024,3031
3810,8,1,1030,3032
5010,8,3,1031,3033
5004,8,0,1032,3034
5010,8,4,1033,3035
5002,8,0,1034,3036
3800,8,1,1040,3037
3220,8,0,1041,3038
5001,8,1,1042,3039
5005,8,0,1043,3040
5002,8,0,1044,3041
5004,8,0,1050,3042
3410,8,0,1051,3043
5010,8,0,1052,3044
3810,8,0,1053,3045
5010,8,0,1054,3046
3800,8,0,1060,3047
3810,8,0,1061,3048
5003,8,0,1062,3049
3810,8,0,1063,3050
3210,8,2,1064,3051
5010,8,3,1070,3052
5006,8,0,1071,3053
3200,8,0,1072,3054
3800,8,0,1073,3055
5001,8,1,1074,3056
3220,8,0,1080,3057
5010,8,2,1081,3058
5010,8,4,1082,3059
3400,8,0,1083,3060
3220,8,1,1084,3061
5001,8,1,1085,3062
5010,8,3,1086,3063
5010,8,2,1087,3064
5001,8,1,1088,3065
3410,8,3,1089,3066
3410,8,2,1090,3067
5006,8,0,1091,3068
5010,8,3,1092,3069
5000,8,1,1093,3070
5001,8,1,1094,3071
3800,8,0,1095,3072
5001,8,1,1096,3073
3800,8,1,1097,3074
5011,8,2,1098,3075
5003,8,0,1099,3076
5010,8,2,1100,3077
3000,8,1,1101,3078
3410,8,4,1102,3079
5010,8,2,1103,3080
3220,8,0,1104,3081
3810,8,0,1106,3082
5010,8,0,1110,3083
5005,8,0,1111,3084
5011,8,2,1112,3085
5011,8,4,1113,3086
5010,8,2,1114,3087
5011,8,4,1135,3088
3220,8,1,1136,3089
5011,8,6,1137,3090
3800,8,0,1138,3091
3800,8,0,1139,3092
3200,8,0,1140,3093
3800,8,0,1141,3094
5011,8,4,1142,3095
5011,8,3,1143,3096
5006,8,0,1144,3097
3810,8,1,1145,3098
5001,8,1,1146,3099
3410,8,1,1147,3100
3000,8,0,1148,3101
3800,8,0,1149,3102
5011,8,2,1150,3103
3810,8,0,1151,3104
3800,8,1,1152,3105
3000,8,1,1153,3106
5011,8,2,1154,3107
3210,8,0,1155,3108
5011,8,3,1156,3109
5000,8,1,1157,3110
3200,8,1,1158,3111
3410,8,3,1159,3112
5010,8,3,1160,3113
5002,8,0,1161,3114
5005,8,0,1162,3115
5010,8,0,1163,3116
3210,8,2,1164,3117
3220,8,0,1170,3118
3810,8,0,1171,3119
3030,8,1,1172,3120
5010,8,0,1173,3121
3800,8,1,1174,3122
3210,8,1,1195,3123
5011,8,6,1196,3124
5010,8,0,1197,3125
5010,8,3,1198,3126
5001,8,1,1199,3127
3410,9,3,0,3128
3000,9,0,1,3129
3030,9,1,2,3130
3200,9,1,3,3131
3400,9,0,4,3132
3200,9,1,5,3133
3400,9,3,6,3134
3220,9,0,7,3135
3000,9,0,8,3136
3200,9,1,9,3137
3420,9,0,10,3138
3410,9,4,11,3139
3410,9,2,12,3140
3400,9,2,13,3141
3200,9,0,14,3142
3810,9,1,15,3143
3220,9,1,16,3144
3800,9,0,17,3145
3400,9,1,18,3146
3210,9,2,19,3147
3810,9,1,30,3148
3430,9,0,31,3149
3810,9,1,32,3150
3200,9,0,33,3151
3800,9,1,34,3152
3220,9,1,35,3153
3400,9,2,36,3154
3210,9,1,37,3155
3800,9,1,38,3156
3220,9,0,39,3157
3420,9,0,40,3158
3810,9,1,41,3159
3410,9,1,42,3160
3210,9,1,43,3161
3220,9,1,44,3162
3030,9,0,45,3163
3220,9,1,46,3164
3410,9,2,47,3165
3030,9,0,48,3166
3800,9,0,49,3167
3410,9,0,50,3168
3810,9,0,51,3169
3000,9,1,52,3170
3030,9,1,53,3171
3000,9,1,54,3172
3420,9,0,55,3173
3410,9,0,56,3174
3210,9,1,57,3175
3210,9,0,58,3176
3000,9,0,59,3177
3800,9,0,70,3178
3410,9,4,71,3179
3030,9,1,72,3180
3200,9,1,73,3181
3800,9,1,74,3182
3410,9,1,75,3183
3000,9,0,76,3184
3030,9,1,77,3185
3810,9,0,78,3186
3030,9,0,79,3187
3800,9,1,80,3188
3030,9,1,81,3189
3410,9,4,82,3190
3810,9,1,83,3191
3410,9,1,84,3192
3410,9,0,85,3193
3410,9,2,86,3194
3410,9,2,87,3195
3200,9,1,88,3196
3410,9,4,89,3197
3410,9,2,90,3198
3430,9,0,91,3199
3000,9,0,92,3200
3210,9,2,93,3201
3420,9,0,94,3202
3420,9,0,95,3203
3410,9,0,96,3204
3210,9,0,97,3205
3200,9,0,98,3206
3220,9,0,99,3207
3400,9,1,110,3208
3000,9,1,111,3209
3220,9,1,112,3210
3410,9,2,113,3211
3030,9,1,114,3212
3410,9,1,115,3213
3410,9,1,116,3214
3000,9,1,117,3215
3430,9,0,118,3216
3420,9,0,119,3217
3410,9,0,120,3218
3000,9,1,121,3219
3400,9,0,122,3220
3410,9,3,123,3221
3200,9,0,124,3222
3410,9,1,125,3223
3000,9,1,126,3224
3420,9,0,127,3225
3210,9,0,128,3226
3410,9,0,129,3227
3030,9,0,130,3228
3410,9,0,131,3229
3400,9,1,132,3230
3410,9,1,133,3231
3210,9,0,134,3232
3200,9,1,135,3233
3210,9,1,136,3234
3220,9,0,137,3235
3400,9,1,138,3236
3210,9,2,139,3237
3030,9,1,150,3238
3410,9,4,151,3239
3800,9,0,152,3240
3410,9,2,153,3241
3810,9,0,154,3242
3210,9,1,155,3243
3200,9,0,156,3244
3400,9,2,157,3245
3410,9,2,158,3246
3810,9,0,159,3247
3800,9,1,160,3248
3200,9,0,161,3249
3220,9,1,162,3250
3030,9,1,163,3251
3410,9,1,164,3252
3800,9,1,165,3253
3410,9,2,166,3254
3210,9,2,167,3255
3210,9,1,168,3256
3410,9,1,169,3257
3800,9,1,170,3258
3410,9,2,171,3259
3000,9,1,172,3260
3410,9,4,173,3261
3800,9,1,174,3262
3410,9,3,175,3263
3810,9,0,176,3264
3200,9,0,177,3265
3030,9,0,178,3266
3200,9,0,179,3267
3000,9,0,190,3268
3400,9,1,191,3269
3030,9,1,192,3270
3400,9,3,193,3271
3200,9,0,194,3272
3200,9,0,195,3273
3420,9,0,196,3274
3810,9,1,197,3275
3210,9,2,198,3276
3410,9,1,199,3277
3400,9,0,200,3278
3800,9,0,201,3279
3400,9,3,202,3280
3210,9,2,203,3281
3410,9,2,204,3282
3210,9,1,205,3283
3220,9,0,206,3284
3210,9,1,207,3285
3210,9,1,208,3286
3000,9,1,209,3287
3420,9,0,210,3288
3400,9,2,211,3289
3000,9,1,212,3290
3220,9,1,213,3291
3000,9,0,214,3292
3800,9,0,215,3293
3800,9,1,216,3294
3410,9,0,217,3295
3430,9,0,218,3296
3200,9,0,219,3297
3200,9,0,230,3298
3030,9,1,231,3299
3210,9,1,232,3300
3410,9,4,233,3301
3400,9,1,234,3302
3410,9,0,235,3303
3410,9,4,236,3304
3210,9,0,237,3305
3210,9,2,238,3306
3220,9,1,239,3307
3400,9,2,240,3308
3400,9,1,241,3309
3220,9,0,242,3310
3210,9,1,243,3311
3220,9,0,244,3312
3430,9,0,245,3313
3410,9,0,246,3314
3210,9,1,247,3315
3000,9,0,248,3316
3810,9,0,249,3317
3030,9,1,250,3318
3030,9,1,251,3319
3210,9,0,252,3320
3000,9,1,253,3321
3030,9,0,254,3322
3420,9,0,255,3323
3400,9,0,256,3324
3210,9,0,257,3325
3420,9,0,258,3326
3220,9,0,259,3327
3030,9,0,270,3328
3030,9,0,271,3329
3210,9,2,272,3330
3210,9,0,273,3331
3420,9,0,274,3332
3000,9,1,275,3333
3810,9,0,276,3334
3210,9,2,277,3335
3000,9,0,278,3336
3210,9,2,279,3337
3220,9,0,280,3338
3410,9,4,281,3339
3220,9,0,282,3340
3030,9,1,283,3341
3810,9,0,284,3342
3410,9,1,285,3343
3400,9,0,286,3344
3210,9,0,287,3345
3430,9,0,288,3346
3210,9,1,289,3347
3810,9,0,290,3348
3430,9,0,291,3349
3200,9,1,292,3350
3410,9,1,293,3351
3410,9,4,294,3352
3800,9,1,295,3353
3200,9,1,296,3354
3210,9,2,297,3355
3210,9,1,298,3356
3430,9,0,299,3357
3410,9,4,310,3358
3810,9,0,311,3359
3400,9,3,312,3360
3000,9,0,313,3361
3030,9,0,314,3362
3810,9,0,315,3363
3810,9,1,316,3364
3030,9,0,317,3365
3420,9,0,318,3366
3210,9,2,319,3367
3410,9,1,1000,3368
5005,9,0,1001,3369
5011,9,4,1002,3370
5001,9,1,1003,3371
5010,9,2,1004,3372
5006,9,0,1010,3373
5011,9,2,1011,3374
5011,9,4,1012,3375
5011,9,4,1013,3376
3000,9,0,1014,3377
5005,9,0,1020,3378
3200,9,1,1021,3379
3000,9,0,1022,3380
3810,9,0,1023,3381
3030,9,1,1024,3382
5011,9,2,1030,3383
3400,9,2,1031,3384
5010,9,3,1032,3385
5010,9,4,1033,3386
5010,9,3,1034,3387
5000,9,1,1040,3388
5011,9,3,1041,3389
5011,9,6,1042,3390
5005,9,0,1043,3391
3220,9,0,1044,3392
5011,9,4,1050,3393
5003,9,0,1051,3394
5010,9,0,1052,3395
5011,9,6,1053,3396
5011,9,3,1054,3397
3200,9,1,1060,3398
3220,9,1,1061,3399
5010,9,0,1062,3400
3220,9,1,1063,3401
3210,9,0,1064,3402
3400,9,0,1070,3403
5006,9,0,1071,3404
5010,9,4,1072,3405
5011,9,2,1073,3406
5001,9,1,1074,3407
5010,9,4,1080,3408
5010,9,4,1081,3409
3200,9,0,1082,3410
5001,9,1,1083,3411
5000,9,1,1084,3412
5000,9,1,1085,3413
3200,9,0,1086,3414
5011,9,2,1087,3415
5011,9,2,1088,3416
5000,9,1,1089,3417
5000,9,1,1090,3418
5010,9,2,1091,3419
3210,9,1,1092,3420
2050,9,0,1093,3421
5011,9,3,1094,3422
5010,9,0,1095,3423
5010,9,4,1096,3424
5010,9,0,1097,3425
3400,9,2,1098,3426
5003,9,0,1099,3427
3220,9,0,1110,3428
3220,9,1,1111,3429
5003,9,0,1112,3430
5003,9,0,1113,3431
2050,9,0,1114,3432
5011,9,6,1135,3433
3210,9,1,1136,3434
3400,9,3,1137,3435
3400,9,3,1138,3436
3410,9,0,1139,3437
5003,9,0,1140,3438
3400,9,2,1141,3439
3000,9,1,1142,3440
3000,9,1,1143,3441
5011,9,2,1144,3442
3400,9,0,1145,3443
5000,9,1,1146,3444
5003,9,0,1147,3445
5010,9,4,1148,3446
5006,9,0,1149,3447
5002,9,0,1150,3448
3210,9,0,1151,3449
5010,9,0,1152,3450
5011,9,4,1153,3451
5010,9,4,1154,3452
5011,9,3,1155,3453
5011,9,3,1156,3454
3430,9,0,1157,3455
3220,9,0,1158,3456
3800,9,0,1159,3457
5011,9,6,1170,3458
5010,9,4,1171,3459
5011,9,3,1172,3460
5002,9,0,1173,3461
5010,9,0,1174,3462
5006,9,0,1195,3463
3000,9,0,1196,3464
3800,9,1,1197,3465
5002,9,0,1198,3466
5010,9,2,1199,3467
3410,10,1,0,3468
3410,10,0,1,3469
3210,10,1,2,3470
3030,10,1,3,3471
3420,10,0,4,3472
3410,10,0,5,3473
3400,10,2,6,3474
3220,10,0,7,3475
3420,10,0,8,3476
3800,10,1,9,3477
3400,10,1,10,3478
3200,10,0,11,3479
3030,10,1,12,3480
3800,10,1,13,3481
3000,10,0,14,3482
3410,10,1,15,3483
3400,10,2,16,3484
3030,10,0,17,3485
3200,10,0,18,3486
3800,10,0,19,3487
3030,10,0,20,3488
3210,10,0,21,3489
3420,10,0,22,3490
3800,10,1,23,3491
3400,10,1,24,3492
3410,10,0,25,3493
3420,10,0,26,3494
3410,10,0,27,3495
3210,10,2,28,3496
3030,10,1,29,3497
3030,10,0,30,3498
3430,10,0,31,3499
3400,10,3,32,3500
3220,10,1,33,3501
3810,10,1,34,3502
3400,10,2,40,3503
3220,10,1,41,3504
3220,10,1,42,3505
3030,10,0,43,3506
3400,10,3,44,3507
3420,10,0,45,3508
3430,10,0,46,3509
3210,10,0,47,3510
3030,10,0,48,3511
3810,10,1,49,3512
3800,10,1,50,3513
3200,10,0,51,3514
3410,10,3,52,3515
3200,10,0,53,3516
3210,10,2,54,3517
3400,10,0,55,3518
3210,10,2,56,3519
3210,10,0,57,3520
3400,10,1,58,3521
3210,10,1,59,3522
3430,10,0,60,3523
2040,10,0,61,3524
3400,10,3,62,3525
3030,10,1,63,3526
3410,10,3,64,3527
3810,10,0,65,3528
3810,10,1,66,3529
3400,10,0,67,3530
3400,10,3,68,3531
3000,10,1,69,3532
3420,10,0,70,3533
3420,10,0,71,3534
2040,10,0,72,3535
3420,10,0,73,3536
3210,10,2,74,3537
3430,10,0,80,3538
3800,10,0,81,3539
3030,10,0,82,3540
3410,10,4,83,3541
3200,10,0,84,3542
3220,10,0,85,3543
3420,10,0,86,3544
3030,10,1,87,3545
3220,10,1,88,3546
3210,10,2,89,3547
3810,10,1,90,3548
3430,10,0,91,3549
3200,10,1,92,3550
3000,10,1,93,3551
3200,10,1,94,3552
3410,10,2,95,3553
3030,10,0,96,3554
3800,10,0,97,3555
3400,10,0,98,3556
3410,10,3,99,3557
3410,10,0,100,3558
3000,10,1,101,3559
3000,10,1,102,3560
3800,10,1,103,3561
3430,10,0,104,3562
3210,10,2,105,3563
3410,10,0,106,3564
3030,10,1,107,3565
3810,10,1,108,3566
3810,10,0,109,3567
3210,10,0,110,3568
3030,10,1,111,3569
3410,10,4,112,3570
3220,10,0,113,3571
3220,10,1,114,3572
3000,10,0,120,3573
3220,10,0,121,3574
3400,10,0,122,3575
3000,10,1,123,3576
3030,10,0,124,3577
3800,10,1,125,3578
3000,10,1,126,3579
3030,10,0,127,3580
3420,10,0,128,3581
3410,10,3,129,3582
3200,10,0,130,3583
3220,10,1,131,3584
3400,10,1,132,3585
3400,10,0,133,3586
3210,10,0,134,3587
3200,10,0,135,3588
3420,10,0,136,3589
3220,10,1,137,3590
3400,10,0,138,3591
3810,10,0,139,3592
3400,10,3,140,3593
3810,10,0,141,3594
3210,10,1,142,3595
3000,10,0,143,3596
3430,10,0,144,3597
3210,10,1,145,3598
3430,10,0,146,3599
3220,10,0,147,3600
3420,10,0,148,3601
3800,10,0,149,3602
3810,10,0,150,3603
3420,10,0,151,3604
3200,10,1,152,3605
3810,10,0,153,3606
3000,10,0,154,3607
3200,10,1,160,3608
3220,10,0,161,3609
3400,10,1,162,3610
3220,10,1,163,3611
3220,10,1,164,3612
3410,10,4,165,3613
3000,10,1,166,3614
3810,10,1,167,3615
3420,10,0,168,3616
3220,10,0,169,3617
3400,10,3,170,3618
3400,10,1,171,3619
3220,10,1,172,3620
3410,10,1,173,3621
2040,10,0,174,3622
3800,10,0,175,3623
3410,10,4,176,3624
3030,10,1,177,3625
3200,10,0,178,3626
3400,10,3,179,3627
3410,10,0,180,3628
3000,10,0,181,3629
3410,10,0,182,3630
3810,10,1,183,3631
3030,10,0,184,3632
3430,10,0,185,3633
3030,10,0,186,3634
3210,10,0,187,3635
3410,10,1,188,3636
3030,10,1,189,3637
3410,10,0,190,3638
3400,10,3,191,3639
3410,10,4,192,3640
3220,10,1,193,3641
3800,10,0,194,3642
3200,10,1,200,3643
3410,10,4,201,3644
3410,10,2,202,3645
3220,10,1,203,3646
3410,10,3,204,3647
3210,10,1,205,3648
3220,10,1,206,3649
3810,10,1,207,3650
3410,10,3,208,3651
3200,10,1,209,3652
3210,10,1,210,3653
3210,10,0,211,3654
3400,10,1,212,3655
3210,10,0,213,3656
3200,10,1,214,3657
3200,10,0,215,3658
3210,10,0,216,3659
3210,10,1,217,3660
3000,10,0,218,3661
3400,10,0,219,3662
3220,10,1,220,3663
3400,10,0,221,3664
3430,10,0,222,3665
3430,10,0,223,3666
3210,10,2,224,3667
3410,10,1,225,3668
3210,10,0,226,3669
3810,10,0,227,3670
3800,10,0,228,3671
3200,10,0,229,3672
3800,10,0,230,3673
3030,10,1,231,3674
3810,10,0,232,3675
3030,10,0,233,3676
3210,10,2,234,3677
3410,10,0,240,3678
3810,10,0,241,3679
3030,10,0,242,3680
3200,10,0,243,3681
3210,10,2,244,3682
3210,10,0,245,3683
3000,10,1,246,3684
3210,10,1,247,3685
3220,10,0,248,3686
3000,10,1,249,3687
3210,10,0,250,3688
3400,10,3,251,3689
3030,10,1,252,3690
3210,10,2,253,3691
3210,10,1,254,3692
3800,10,1,255,3693
3210,10,1,256,3694
3810,10,0,257,3695
3400,10,2,258,3696
3400,10,1,259,3697
3800,10,0,260,3698
3030,10,1,261,3699
3210,10,1,262,3700
3200,10,1,263,3701
3410,10,2,264,3702
3030,10,1,265,3703
3420,10,0,266,3704
3410,10,2,267,3705
3400,10,0,268,3706
3200,10,1,269,3707
3200,10,0,270,3708
3030,10,0,271,3709
3220,10,1,272,3710
3800,10,1,273,3711
3030,10,0,274,3712
3400,10,3,280,3713
3430,10,0,281,3714
3200,10,1,282,3715
3400,10,0,283,3716
3220,10,0,284,3717
3400,10,1,285,3718
3030,10,1,286,3719
3410,10,4,287,3720
3000,10,1,288,3721
3220,10,0,289,3722
3210,10,1,290,3723
3810,10,1,291,3724
3410,10,0,292,3725
3200,10,0,293,3726
3810,10,0,294,3727
3200,10,0,295,3728
3410,10,3,296,3729
3430,10,0,297,3730
3210,10,1,298,3731
3410,10,0,299,3732
3210,10,1,300,3733
3220,10,1,301,3734
3430,10,0,302,3735
3200,10,1,303,3736
3210,10,2,304,3737
3400,10,0,305,3738
3210,10,0,306,3739
3400,10,0,307,3740
3220,10,1,308,3741
3410,10,2,309,3742
3400,10,3,310,3743
3200,10,1,311,3744
3030,10,1,312,3745
3410,10,3,313,3746
3410,10,0,314,3747
5003,10,0,1000,3748
3400,10,1,1001,3749
5003,10,0,1002,3750
3410,10,3,1003,3751
5004,10,0,1004,3752
5011,10,4,1010,3753
5010,10,0,1011,3754
3220,10,0,1012,3755
3200,10,1,1013,3756
5002,10,0,1014,3757
5011,10,4,1020,3758
3030,10,0,1021,3759
3200,10,0,1022,3760
5004,10,0,1023,3761
3220,10,0,1024,3762
5011,10,2,1030,3763
5010,10,3,1031,3764
5004,10,0,1032,3765
5006,10,0,1033,3766
5000,10,1,1034,3767
3810,10,0,1040,3768
5010,10,2,1041,3769
5011,10,4,1042,3770
3210,10,2,1043,3771
5011,10,3,1044,3772
3410,10,4,1050,3773
5010,10,3,1051,3774
3220,10,1,1052,3775
5002,10,0,1053,3776
5011,10,3,1054,3777
3210,10,1,1060,3778
3200,10,0,1061,3779
5011,10,3,1062,3780
3210,10,2,1063,3781
5000,10,1,1064,3782
5011,10,6,1070,3783
3210,10,2,1071,3784
3210,10,1,1072,3785
3210,10,0,1073,3786
5006,10,0,1074,3787
5011,10,6,1080,3788
5006,10,0,1081,3789
5006,10,0,1082,3790
3810,10,1,1083,3791
3800,10,1,1084,3792
3800,10,1,1085,3793
3210,10,1,1086,3794
3210,10,0,1087,3795
3410,10,4,1088,3796
3430,10,0,1089,3797
5010,10,3,1090,3798
3410,10,3,1091,3799
3220,10,1,1092,3800
3410,10,3,1093,3801
5011,10,2,1094,3802
5011,10,6,1095,3803
2040,10,0,1096,3804
3810,10,0,1097,3805
5000,10,1,1098,3806
3410,10,4,1099,3807
5010,10,0,1100,3808
5006,10,0,1101,3809
3410,10,4,1102,3810
3200,10,0,1103,3811
5002,10,0,1104,3812
5010,10,2,1105,3813
5001,10,1,1106,3814
5010,10,3,1107,3815
5010,10,3,1108,3816
3210,10,2,1109,3817
3810,10,0,1110,3818
5002,10,0,1111,3819
3200,10,1,1112,3820
5003,10,0,1113,3821
3400,10,0,1114,3822
3210,10,2,1140,3823
3410,10,0,1141,3824
3000,10,1,1142,3825
5010,10,4,1143,3826
5001,10,1,1144,3827
5010,10,0,1145,3828
3200,10,1,1146,3829
5011,10,6,1147,3830
3030,10,1,1148,3831
5000,10,1,1149,3832
5011,10,4,1150,3833
3220,10,0,1151,3834
3400,10,1,1152,3835
3400,10,3,1153,3836
5004,10,0,1154,3837
3210,10,2,1155,3838
3220,10,0,1156,3839
5000,10,1,1157,3840
5010,10,0,1158,3841
5005,10,0,1159,3842
5006,10,0,1160,3843
3800,10,0,1161,3844
5011,10,3,1162,3845
5006,10,0,1163,3846
5011,10,4,1164,3847
5003,10,0,1165,3848
5011,10,4,1166,3849
5001,10,1,1167,3850
5006,10,0,1168,3851
5000,10,1,1169,3852
3200,10,0,1170,3853
3220,10,1,1171,3854
3210,10,2,1172,3855
3410,10,0,1173,3856
3200,10,1,1174,3857
4341,11,0,0,3858
4000,11,9,1,3859
4340,11,1,2,3860
3790,11,0,3,3861
4300,11,1,4,3862
4501,11,0,5,3863
4100,11,0,6,3864
4100,11,0,7,3865
4340,11,1,8,3866
4101,11,0,9,3867
4300,11,1,10,3868
4100,11,0,11,3869
4000,11,5,12,3870
4000,11,1,13,3871
4100,11,0,14,3872
4100,11,0,15,3873
4350,11,1,16,3874
4100,11,0,17,3875
4100,11,0,18,3876
4000,11,8,19,3877
4350,11,1,20,3878
4000,11,4,21,3879
4300,11,1,22,3880
4300,11,1,23,3881
4100,11,0,24,3882
4100,11,0,25,3883
4100,11,0,26,3884
4501,11,0,27,3885
4100,11,0,28,3886
4100,11,0,29,3887
4300,11,0,35,3888
4100,11,0,36,3889
4341,11,0,37,3890
4100,11,0,38,3891
4301,11,0,39,3892
4000,11,7,40,3893
4000,11,7,41,3894
4000,11,0,42,3895
4100,11,0,43,3896
4300,11,1,44,3897
4100,11,0,45,3898
4100,11,0,46,3899
3790,11,0,47,3900
4500,11,0,48,3901
4100,11,0,49,3902
3790,11,0,50,3903
4501,11,0,51,3904
4100,11,0,52,3905
4100,11,0,53,3906
4500,11,0,54,3907
4500,11,0,55,3908
4500,11,0,56,3909
4100,11,0,57,3910
4000,11,6,58,3911
4350,11,1,59,3912
4100,11,0,60,3913
3790,11,0,61,3914
4350,11,1,62,3915
4341,11,1,63,3916
4340,11,1,64,3917
4401,11,0,65,3918
4100,11,0,66,3919
4301,11,1,67,3920
4300,11,0,68,3921
4100,11,0,69,3922
4000,11,3,75,3923
4100,11,0,76,3924
4340,11,1,77,3925
4300,11,1,78,3926
4000,11,7,79,3927
4301,11,0,80,3928
4500,11,0,81,3929
4500,11,0,82,3930
4340,11,1,83,3931
4000,11,3,84,3932
4000,11,7,85,3933
4341,11,0,86,3934
4401,11,0,87,3935
4500,11,0,88,3936
4300,11,0,89,3937
4500,11,0,90,3938
4100,11,0,91,3939
4000,11,2,92,3940
4100,11,0,93,3941
4100,11,0,94,3942
4300,11,1,95,3943
4340,11,0,96,3944
4100,11,0,97,3945
4100,11,0,98,3946
4350,11,1,99,3947
4100,11,0,100,3948
4000,11,5,101,3949
4350,11,1,102,3950
4000,11,6,103,3951
4101,11,1,104,3952
4100,11,0,105,3953
4100,11,0,106,3954
4100,11,0,107,3955
4300,11,0,108,3956
4100,11,0,109,3957
4340,11,1,115,3958
4100,11,0,116,3959
4341,11,0,117,3960
4500,11,0,118,3961
4100,11,0,119,3962
4000,11,8,120,3963
4000,11,2,121,3964
4500,11,0,122,3965
4000,11,8,123,3966
4100,11,0,124,3967
4340,11,0,125,3968
4100,11,0,126,3969
4100,11,0,127,3970
4100,11,0,128,3971
4500,11,0,129,3972
4301,11,1,130,3973
4100,11,0,131,3974
4100,11,0,132,3975
4340,11,0,133,3976
3790,11,0,134,3977
4100,11,0,135,3978
4100,11,0,136,3979
4000,11,7,137,3980
4100,11,0,138,3981
4000,11,7,139,3982
4340,11,0,140,3983
4100,11,0,141,3984
4100,11,0,142,3985
4100,11,0,143,3986
4100,11,0,144,3987
4340,11,0,145,3988
4300,11,1,146,3989
4301,11,0,147,3990
4350,11,1,148,3991
4501,11,0,149,3992
4000,11,7,155,3993
4500,11,0,156,3994
3790,11,0,157,3995
4300,11,0,158,3996
3790,11,0,159,3997
4500,11,0,160,3998
4100,11,0,161,3999
4100,11,0,162,4000
4000,11,7,163,4001
4000,11,0,164,4002
4301,11,1,165,4003
3790,11,0,166,4004
4100,11,0,167,4005
4000,11,1,168,4006
4000,11,0,169,4007
4500,11,0,170,4008
4100,11,0,171,4009
4100,11,0,172,4010
4101,11,0,173,4011
4000,11,2,174,4012
4401,11,0,175,4013
4100,11,0,176,4014
4100,11,0,177,4015
4100,11,0,178,4016
4100,11,0,179,4017
4500,11,0,180,4018
4000,11,0,181,4019
4100,11,0,182,4020
4100,11,0,183,4021
4100,11,0,184,4022
3790,11,0,185,4023
4100,11,0,186,4024
3790,11,0,187,4025
4341,11,1,188,4026
4340,11,1,189,4027
4500,11,0,195,4028
4341,11,1,196,4029
4000,11,9,197,4030
4500,11,0,198,4031
4100,11,0,199,4032
3790,11,0,200,4033
4100,11,0,201,4034
4100,11,0,202,4035
4350,11,1,203,4036
4300,11,1,204,4037
4000,11,8,205,4038
4000,11,9,206,4039
4350,11,1,207,4040
4000,11,8,208,4041
4100,11,0,209,4042
3790,11,0,210,4043
4340,11,1,211,4044
4300,11,1,212,4045
4300,11,1,213,4046
4300,11,0,214,4047
4300,11,0,215,4048
4350,11,1,216,4049
4100,11,0,217,4050
4000,11,9,218,4051
4100,11,0,219,4052
4100,11,0,220,4053
4100,11,0,221,4054
4500,11,0,222,4055
4300,11,1,223,4056
4500,11,0,224,4057
4100,11,0,225,4058
4500,11,0,226,4059
4300,11,1,227,4060
4340,11,0,228,4061
4340,11,0,229,4062
4302,11,0,235,4063
4100,11,0,236,4064
4000,11,5,237,4065
4341,11,1,238,4066
4401,11,0,239,4067
4100,11,0,240,4068
4100,11,0,241,4069
4100,11,0,242,4070
4350,11,1,243,4071
4401,11,0,244,4072
4100,11,0,245,4073
4302,11,0,246,4074
4501,11,0,247,4075
4101,11,0,248,4076
4500,11,0,249,4077
4500,11,0,250,4078
4340,11,0,251,4079
4500,11,0,252,4080
4500,11,0,253,4081
4100,11,0,254,4082
4100,11,0,255,4083
4100,11,0,256,4084
4350,11,1,257,4085
4000,11,5,258,4086
4350,11,1,259,4087
4100,11,0,260,4088
4302,11,0,261,4089
4500,11,0,262,4090
3790,11,0,263,4091
4100,11,0,264,4092
4100,11,0,265,4093
4100,11,0,266,4094
4100,11,0,267,4095
4100,11,0,268,4096
4000,11,0,269,4097
4100,11,0,275,4098
4350,11,1,276,4099
4101,11,0,277,4100
4000,11,1,278,4101
3790,11,0,279,4102
4341,11,0,280,4103
4100,11,0,281,4104
4100,11,0,282,4105
4350,11,1,283,4106
4500,11,0,284,4107
4302,11,0,285,4108
4500,11,0,286,4109
4101,11,0,287,4110
4100,11,0,288,4111
4350,11,1,289,4112
4100,11,0,290,4113
4100,11,0,291,4114
4300,11,0,292,4115
4100,11,0,293,4116
4300,11,0,294,4117
4100,11,0,295,4118
4500,11,0,296,4119
4000,11,6,297,4120
4100,11,0,298,4121
4500,11,0,299,4122
4000,11,3,300,4123
4000,11,7,301,4124
4000,11,2,302,4125
4000,11,5,303,4126
4100,11,0,304,4127
3790,11,0,305,4128
4350,11,1,306,4129
4000,11,3,307,4130
4341,11,0,308,4131
4100,11,0,309,4132
4000,11,2,315,4133
4100,11,0,316,4134
3790,11,0,317,4135
3790,11,0,318,4136
3790,11,0,319,4137
4000,11,0,1000,4138
4500,11,0,1001,4139
4100,11,0,1002,4140
4300,11,0,1003,4141
4340,11,1,1004,4142
4100,11,0,1010,4143
4300,11,1,1011,4144
4100,11,0,1012,4145
4000,11,8,1013,4146
4000,11,7,1014,4147
4300,11,1,1020,4148
4100,11,0,1021,4149
4350,11,1,1022,4150
4340,11,1,1023,4151
4340,11,1,1024,4152
4350,11,1,1030,4153
4100,11,0,1031,4154
4100,11,0,1032,4155
4500,11,0,1033,4156
4000,11,5,1034,4157
4340,11,1,1040,4158
4100,11,0,1041,4159
4000,11,6,1042,4160
4100,11,0,1043,4161
4500,11,0,1044,4162
4350,11,1,1050,4163
4350,11,1,1051,4164
4000,11,2,1052,4165
4100,11,0,1053,4166
4500,11,0,1054,4167
4401,11,0,1060,4168
4000,11,6,1061,4169
4500,11,0,1062,4170
4340,11,0,1063,4171
4302,11,0,1064,4172
3790,11,0,1070,4173
4100,11,0,1071,4174
4501,11,0,1072,4175
4500,11,0,1073,4176
4000,11,3,1074,4177
4300,11,1,1080,4178
4350,11,1,1081,4179
4350,11,1,1082,4180
4100,11,0,1083,4181
4100,11,0,1084,4182
4000,11,0,1085,4183
4301,11,0,1086,4184
4341,11,1,1087,4185
4100,11,0,1088,4186
4301,11,1,1089,4187
4500,11,0,1090,4188
4000,11,7,1091,4189
4100,11,0,1092,4190
3790,11,0,1093,4191
4300,11,0,1094,4192
4501,11,0,1095,4193
4101,11,0,1096,4194
4000,11,7,1097,4195
4500,11,0,1098,4196
4000,11,9,1099,4197
4100,11,0,1100,4198
4340,11,1,1101,4199
4100,11,0,1102,4200
4300,11,1,1103,4201
4302,11,0,1104,4202
4101,11,0,1105,4203
4500,11,0,1106,4204
4340,11,1,1107,4205
4100,11,0,1108,4206
4100,11,0,1109,4207
4100,11,0,1135,4208
3790,11,0,1136,4209
4100,11,0,1137,4210
4340,11,0,1138,4211
4100,11,0,1139,4212
4100,11,0,1140,4213
4100,11,0,1141,4214
4100,11,0,1142,4215
4500,11,0,1143,4216
4100,11,0,1144,4217
4000,11,7,1145,4218
4000,11,9,1146,4219
4101,11,0,1147,4220
4100,11,0,1148,4221
4300,11,0,1149,4222
4000,11,4,1150,4223
4300,11,1,1151,4224
4300,11,0,1152,4225
4100,11,0,1153,4226
4500,11,0,1154,4227
4000,11,2,1155,4228
4000,11,2,1156,4229
4340,11,1,1157,4230
4500,11,0,1158,4231
4350,11,1,1159,4232
4100,11,0,1160,4233
4340,11,1,1161,4234
4100,11,0,1162,4235
4100,11,0,1163,4236
4340,11,1,1164,4237
4100,11,0,1165,4238
4000,11,5,1166,4239
4340,11,1,1167,4240
3790,11,0,1168,4241
4341,11,1,1169,4242
4300,11,1,1195,4243
4340,11,1,1196,4244
4100,11,0,1197,4245
4100,11,0,1198,4246
4000,11,6,1199,4247
4100,12,0,0,4248
4000,12,6,1,4249
4340,12,1,2,4250
4000,12,5,3,4251
4500,12,0,4,4252
4300,12,1,5,4253
4500,12,0,6,4254
4000,12,4,7,4255
4000,12,7,8,4256
4500,12,0,9,4257
4100,12,0,10,4258
4300,12,1,11,4259
4300,12,0,12,4260
3790,12,0,13,4261
4100,12,0,14,4262
4100,12,0,15,4263
4000,12,0,16,4264
4300,12,0,17,4265
4000,12,0,18,4266
4501,12,0,19,4267
4300,12,0,25,4268
4340,12,0,26,4269
4100,12,0,27,4270
4501,12,0,28,4271
4301,12,1,29,4272
4000,12,2,30,4273
4101,12,0,31,4274
4500,12,0,32,4275
4000,12,4,33,4276
4100,12,0,34,4277
4100,12,0,35,4278
4100,12,0,36,4279
4100,12,0,37,4280
4100,12,0,38,4281
4340,12,0,39,4282
4340,12,0,40,4283
4302,12,0,41,4284
4000,12,6,42,4285
4100,12,0,43,4286
4300,12,1,44,4287
4340,12,0,45,4288
4500,12,0,46,4289
4302,12,0,47,4290
4100,12,0,48,4291
4100,12,0,49,4292
4000,12,8,50,4293
4500,12,0,51,4294
4000,12,3,52,4295
4100,12,0,53,4296
4000,12,7,54,4297
4000,12,1,55,4298
4100,12,0,56,4299
4340,12,0,57,4300
3790,12,0,58,4301
4500,12,0,59,4302
4100,12,0,65,4303
4100,12,0,66,4304
4100,12,0,67,4305
4340,12,1,68,4306
4000,12,4,69,4307
4100,12,0,70,4308
4500,12,0,71,4309
4000,12,1,72,4310
4300,12,1,73,4311
4500,12,0,74,4312
4300,12,0,75,4313
4100,12,0,76,4314
4401,12,0,77,4315
4100,12,0,78,4316
4100,12,0,79,4317
4100,12,0,80,4318
4101,12,0,81,4319
4300,12,0,82,4320
4000,12,6,83,4321
4340,12,1,84,4322
4500,12,0,85,4323
4340,12,1,86,4324
4000,12,0,87,4325
4000,12,0,88,4326
4000,12,8,89,4327
4000,12,2,90,4328
4340,12,0,91,4329
4100,12,0,92,4330
4300,12,0,93,4331
4100,12,0,94,4332
4000,12,2,95,4333
4000,12,5,96,4334
4300,12,1,97,4335
4350,12,1,98,4336
4100,12,0,99,4337
4100,12,0,105,4338
3790,12,0,106,4339
4401,12,0,107,4340
4340,12,1,108,4341
4100,12,0,109,4342
4500,12,0,110,4343
4000,12,4,111,4344
4090,12,7,112,4345
4100,12,0,113,4346
4302,12,0,114,4347
4100,12,0,115,4348
3790,12,0,116,4349
4000,12,5,117,4350
4401,12,0,118,4351
4100,12,0,119,4352
4000,12,3,120,4353
4000,12,5,121,4354
4300,12,0,122,4355
4100,12,0,123,4356
3790,12,0,124,4357
4100,12,0,125,4358
4100,12,0,126,4359
4100,12,0,127,4360
4100,12,0,128,4361
4301,12,1,129,4362
4500,12,0,130,4363
4300,12,0,131,4364
4301,12,1,132,4365
4500,12,0,133,4366
4340,12,1,134,4367
4301,12,1,135,4368
4340,12,1,136,4369
4100,12,0,137,4370
4300,12,0,138,4371
4000,12,1,139,4372
4341,12,1,145,4373
4100,12,0,146,4374
4100,12,0,147,4375
4100,12,0,148,4376
4300,12,0,149,4377
4100,12,0,150,4378
4302,12,0,151,4379
4000,12,2,152,4380
4100,12,0,153,4381
4100,12,0,154,4382
4302,12,0,155,4383
4100,12,0,156,4384
4300,12,1,157,4385
4500,12,0,158,4386
4341,12,1,159,4387
4100,12,0,160,4388
4500,12,0,161,4389
4100,12,0,162,4390
4500,12,0,163,4391
4350,12,1,164,4392
4100,12,0,165,4393
4101,12,0,166,4394
4350,12,1,167,4395
4340,12,0,168,4396
4000,12,4,169,4397
4000,12,6,170,4398
4340,12,1,171,4399
4500,12,0,172,4400
4100,12,0,173,4401
4500,12,0,174,4402
4000,12,3,175,4403
4300,12,1,176,4404
4100,12,0,177,4405
4340,12,0,178,4406
4100,12,0,179,4407
4100,12,0,185,4408
4100,12,0,186,4409
4340,12,1,187,4410
4350,12,1,188,4411
4500,12,0,189,4412
3790,12,0,190,4413
4300,12,1,191,4414
4000,12,4,192,4415
4302,12,0,193,4416
4100,12,0,194,4417
4100,12,0,195,4418
4100,12,0,196,4419
4101,12,0,197,4420
4100,12,0,198,4421
4300,12,0,199,4422
4350,12,1,200,4423
4000,12,9,201,4424
4100,12,0,202,4425
4340,12,0,203,4426
3790,12,0,204,4427
4401,12,0,205,4428
4500,12,0,206,4429
4350,12,1,207,4430
4100,12,0,208,4431
4500,12,0,209,4432
4501,12,0,210,4433
4100,12,0,211,4434
4000,12,7,212,4435
4350,12,1,213,4436
4100,12,0,214,4437
4300,12,0,215,4438
4340,12,0,216,4439
4100,12,0,217,4440
4340,12,1,218,4441
4500,12,0,219,4442
4350,12,1,225,4443
4341,12,1,226,4444
4500,12,0,227,4445
4500,12,0,228,4446
4300,12,1,229,4447
3790,12,0,230,4448
4100,12,0,231,4449
4340,12,1,232,4450
4000,12,0,233,4451
4500,12,0,234,4452
4100,12,0,235,4453
4341,12,1,236,4454
4302,12,0,237,4455
4350,12,1,238,4456
4100,12,0,239,4457
3790,12,0,240,4458
4500,12,0,241,4459
4000,12,6,242,4460
4340,12,1,243,4461
4340,12,0,244,4462
4100,12,0,245,4463
4340,12,0,246,4464
4100,12,0,247,4465
4100,12,0,248,4466
4340,12,1,249,4467
4100,12,0,250,4468
4350,12,1,251,4469
4350,12,1,252,4470
4100,12,0,253,4471
4341,12,1,254,4472
4000,12,8,255,4473
4401,12,0,256,4474
4100,12,0,257,4475
4100,12,0,258,4476
4100,12,0,259,4477
4401,12,0,265,4478
4300,12,0,266,4479
4101,12,0,267,4480
3790,12,0,268,4481
4301,12,1,269,4482
4350,12,1,270,4483
4100,12,0,271,4484
4340,12,1,272,4485
4100,12,0,273,4486
4302,12,0,274,4487
4000,12,2,275,4488
4401,12,0,276,4489
4100,12,0,277,4490
4100,12,0,278,4491
4000,12,8,279,4492
4300,12,1,280,4493
4350,12,1,281,4494
4100,12,0,282,4495
4100,12,0,283,4496
4000,12,7,284,4497
4100,12,0,285,4498
4350,12,1,286,4499
4300,12,1,287,4500
4101,12,0,288,4501
4350,12,1,289,4502
4300,12,1,290,4503
4000,12,5,291,4504
4000,12,5,292,4505
4301,12,1,293,4506
4100,12,0,294,4507
4100,12,0,295,4508
3790,12,0,296,4509
4100,12,0,297,4510
4300,12,0,298,4511
4100,12,0,299,4512
4340,12,1,305,4513
4340,12,1,306,4514
4100,12,0,307,4515
4100,12,0,308,4516
4101,12,0,309,4517
4100,12,0,310,4518
4101,12,0,311,4519
4401,12,0,312,4520
4300,12,0,313,4521
3790,12,0,314,4522
4100,12,0,315,4523
4000,12,7,316,4524
4100,12,0,317,4525
4300,12,1,318,4526
4340,12,0,319,4527
4300,12,0,1000,4528
4340,12,1,1001,4529
4000,12,9,1002,4530
4500,12,0,1003,4531
4500,12,0,1004,4532
4301,12,1,1010,4533
4000,12,3,1011,4534
4302,12,0,1012,4535
4100,12,0,1013,4536
4500,12,0,1014,4537
4100,12,0,1020,4538
4500,12,0,1021,4539
4000,12,6,1022,4540
4000,12,4,1023,4541
4501,12,0,1024,4542
4000,12,1,1030,4543
4100,12,0,1031,4544
3790,12,0,1032,4545
4350,12,1,1033,4546
4100,12,0,1034,4547
4340,12,1,1040,4548
4500,12,0,1041,4549
4350,12,1,1042,4550
4000,12,7,1043,4551
4000,12,0,1044,4552
4350,12,1,1050,4553
4100,12,0,1051,4554
4500,12,0,1052,4555
4350,12,1,1053,4556
4350,12,1,1054,4557
4100,12,0,1060,4558
4100,12,0,1061,4559
4340,12,1,1062,4560
4100,12,0,1063,4561
4000,12,6,1064,4562
4100,12,0,1070,4563
4350,12,1,1071,4564
4340,12,0,1072,4565
4000,12,5,1073,4566
4340,12,0,1074,4567
4500,12,0,1080,4568
4000,12,9,1081,4569
4100,12,0,1082,4570
4340,12,1,1083,4571
4341,12,0,1084,4572
4101,12,0,1085,4573
4100,12,0,1086,4574
4340,12,0,1087,4575
4000,12,3,1088,4576
4000,12,3,1089,4577
4500,12,0,1090,4578
4340,12,1,1091,4579
4101,12,0,1092,4580
4100,12,0,1093,4581
4401,12,0,1094,4582
4100,12,0,1095,4583
4000,12,3,1096,4584
4300,12,1,1097,4585
4000,12,5,1098,4586
4500,12,0,1099,4587
4000,12,7,1105,4588
4000,12,8,1106,4589
4000,12,6,1107,4590
4000,12,2,1108,4591
4340,12,1,1109,4592
4300,12,1,1110,4593
4000,12,7,1111,4594
4300,12,0,1112,4595
4100,12,0,1113,4596
4100,12,0,1114,4597
4100,12,0,1135,4598
4301,12,0,1136,4599
4100,12,0,1137,4600
4500,12,0,1138,4601
4500,12,0,1139,4602
4350,12,1,1140,4603
4300,12,0,1141,4604
4100,12,0,1142,4605
4340,12,0,1143,4606
4000,12,2,1144,4607
4500,12,0,1145,4608
4300,12,0,1146,4609
4500,12,0,1147,4610
4300,12,1,1148,4611
4340,12,1,1149,4612
4340,12,1,1150,4613
4000,12,0,1151,4614
4300,12,1,1152,4615
4302,12,0,1153,4616
4340,12,1,1154,4617
4000,12,7,1155,4618
4000,12,9,1156,4619
4500,12,0,1157,4620
3790,12,0,1158,4621
4100,12,0,1159,4622
4000,12,0,1165,4623
4100,12,0,1166,4624
4501,12,0,1167,4625
4300,12,1,1168,4626
4100,12,0,1169,4627
4300,12,0,1170,4628
4100,12,0,1171,4629
3790,12,0,1172,4630
4000,12,3,1173,4631
4100,12,0,1174,4632
4100,12,0,1195,4633
4302,12,0,1196,4634
4300,12,1,1197,4635
4000,12,6,1198,4636
4341,12,1,1199,4637
4100,13,0,0,4638
4350,13,1,1,4639
4350,13,1,2,4640
4100,13,0,3,4641
4350,13,1,4,4642
4300,13,0,5,4643
4100,13,0,6,4644
4100,13,0,7,4645
4500,13,0,8,4646
4300,13,1,9,4647
4100,13,0,10,4648
4100,13,0,11,4649
4100,13,0,12,4650
4100,13,0,13,4651
4340,13,1,14,4652
4340,13,1,15,4653
4100,13,0,16,4654
4500,13,0,17,4655
4300,13,0,18,4656
4500,13,0,19,4657
4300,13,0,20,4658
4340,13,1,21,4659
4500,13,0,22,4660
4100,13,0,23,4661
4100,13,0,24,4662
4100,13,0,25,4663
4340,13,0,26,4664
4300,13,1,27,4665
4500,13,0,28,4666
4100,13,0,29,4667
4500,13,0,30,4668
4500,13,0,31,4669
4300,13,1,32,4670
4000,13,2,33,4671
3790,13,0,34,4672
4100,13,0,35,4673
4340,13,1,36,4674
4100,13,0,37,4675
4100,13,0,38,4676
3790,13,0,39,4677
4340,13,0,40,4678
4100,13,0,41,4679
4340,13,1,42,4680
4300,13,0,43,4681
4000,13,6,44,4682
4100,13,0,45,4683
4350,13,1,46,4684
4350,13,1,47,4685
4500,13,0,48,4686
4000,13,0,49,4687
4500,13,0,50,4688
4100,13,0,51,4689
4100,13,0,52,4690
4300,13,0,53,4691
4500,13,0,54,4692
4000,13,2,55,4693
3790,13,0,56,4694
4100,13,0,57,4695
4300,13,0,58,4696
4300,13,0,59,4697
4000,13,4,60,4698
4340,13,1,61,4699
4500,13,0,62,4700
4300,13,0,63,4701
4100,13,0,64,4702
4000,13,6,65,4703
4100,13,0,66,4704
4300,13,0,67,4705
4100,13,0,68,4706
4100,13,0,69,4707
4350,13,1,70,4708
4100,13,0,71,4709
4300,13,1,72,4710
4300,13,0,73,4711
4100,13,0,74,4712
4000,13,5,75,4713
4100,13,0,76,4714
4100,13,0,77,4715
4000,13,6,78,4716
4100,13,0,79,4717
3790,13,0,80,4718
4100,13,0,81,4719
4100,13,0,82,4720
4350,13,1,83,4721
4100,13,0,84,4722
4100,13,0,85,4723
4340,13,1,86,4724
4000,13,3,87,4725
4340,13,1,88,4726
3790,13,0,89,4727
4100,13,0,90,4728
4500,13,0,91,4729
4100,13,0,92,4730
4100,13,0,93,4731
4340,13,1,94,4732
4100,13,0,95,4733
4000,13,4,96,4734
4500,13,0,97,4735
4500,13,0,98,4736
4000,13,6,99,4737
4000,13,3,100,4738
4340,13,1,101,4739
4300,13,1,102,4740
4340,13,1,103,4741
4100,13,0,104,4742
4350,13,1,105,4743
4100,13,0,106,4744
4340,13,0,107,4745
4100,13,0,108,4746
4300,13,0,109,4747
4000,13,5,110,4748
4100,13,0,111,4749
4100,13,0,112,4750
4100,13,0,113,4751
3790,13,0,114,4752
4100,13,0,115,4753
4340,13,0,116,4754
4350,13,1,117,4755
4100,13,0,118,4756
4000,13,5,119,4757
4340,13,0,120,4758
4000,13,9,121,4759
4100,13,0,122,4760
4500,13,0,123,4761
4000,13,0,124,4762
4500,13,0,125,4763
4100,13,0,126,4764
4500,13,0,127,4765
4340,13,1,128,4766
4500,13,0,129,4767
4300,13,0,130,4768
4500,13,0,131,4769
4340,13,1,132,4770
4500,13,0,133,4771
4350,13,1,134,4772
4340,13,1,135,4773
4340,13,1,136,4774
4350,13,1,137,4775
4500,13,0,138,4776
4100,13,0,139,4777
4100,13,0,140,4778
4340,13,1,141,4779
4000,13,0,142,4780
4340,13,0,143,4781
4300,13,1,144,4782
4100,13,0,145,4783
4350,13,1,146,4784
4000,13,6,147,4785
4340,13,0,148,4786
4100,13,0,149,4787
4000,13,8,150,4788
4340,13,1,151,4789
4100,13,0,152,4790
4000,13,6,153,4791
4340,13,0,154,4792
4000,13,8,155,4793
4350,13,1,156,4794
4000,13,0,157,4795
4000,13,6,158,4796
4350,13,1,159,4797
4090,13,5,160,4798
4000,13,1,161,4799
4350,13,1,162,4800
4000,13,3,163,4801
4500,13,0,164,4802
4000,13,6,165,4803
4000,13,9,166,4804
4340,13,1,167,4805
4500,13,0,168,4806
3790,13,0,169,4807
4000,13,7,170,4808
4100,13,0,171,4809
4100,13,0,172,4810
4100,13,0,173,4811
4340,13,0,174,4812
4300,13,0,175,4813
4000,13,2,176,4814
3790,13,0,177,4815
4000,13,1,178,4816
4000,13,7,179,4817
4340,13,0,180,4818
3790,13,0,181,4819
4100,13,0,182,4820
4000,13,7,183,4821
4000,13,5,184,4822
4500,13,0,185,4823
4340,13,1,186,4824
4100,13,0,187,4825
4090,13,0,188,4826
4100,13,0,189,4827
4300,13,0,190,4828
4090,13,1,191,4829
4300,13,1,192,4830
4100,13,0,193,4831
4300,13,1,194,4832
4100,13,0,195,4833
4100,13,0,196,4834
4340,13,0,197,4835
3790,13,0,198,4836
4100,13,0,199,4837
4100,13,0,200,4838
4100,13,0,201,4839
4340,13,1,202,4840
4500,13,0,203,4841
4100,13,0,204,4842
4000,13,9,205,4843
4100,13,0,206,4844
4500,13,0,207,4845
4350,13,1,208,4846
4500,13,0,209,4847
4500,13,0,210,4848
4100,13,0,211,4849
4340,13,0,212,4850
4100,13,0,213,4851
4500,13,0,214,4852
4300,13,0,215,4853
4100,13,0,216,4854
4000,13,7,217,4855
4300,13,1,218,4856
4100,13,0,219,4857
4340,13,0,220,4858
4100,13,0,221,4859
4300,13,1,222,4860
4340,13,0,223,4861
4000,13,1,224,4862
4100,13,0,225,4863
4340,13,1,226,4864
4340,13,1,227,4865
4000,13,4,228,4866
4340,13,0,229,4867
4000,13,2,230,4868
4100,13,0,231,4869
4100,13,0,232,4870
4100,13,0,233,4871
4000,13,0,234,4872
4500,13,0,235,4873
4100,13,0,236,4874
4100,13,0,237,4875
3790,13,0,238,4876
4000,13,3,239,4877
4300,13,0,240,4878
4000,13,1,241,4879
4100,13,0,242,4880
4000,13,4,243,4881
4300,13,1,244,4882
4000,13,7,245,4883
4300,13,1,246,4884
4300,13,0,247,4885
4000,13,0,248,4886
4340,13,1,249,4887
4100,13,0,250,4888
4340,13,0,251,4889
4500,13,0,252,4890
4000,13,9,253,4891
4100,13,0,254,4892
4340,13,0,255,4893
4000,13,0,256,4894
4100,13,0,257,4895
4000,13,2,258,4896
4100,13,0,259,4897
4300,13,1,260,4898
4300,13,1,261,4899
4000,13,6,262,4900
4100,13,0,263,4901
4100,13,0,264,4902
4100,13,0,265,4903
3790,13,0,266,4904
4300,13,1,267,4905
4340,13,1,268,4906
4300,13,0,269,4907
3790,13,0,270,4908
4100,13,0,271,4909
4500,13,0,272,4910
4100,13,0,273,4911
4000,13,5,274,4912
4350,13,1,275,4913
4300,13,0,276,4914
4300,13,0,277,4915
4100,13,0,278,4916
4340,13,1,279,4917
4100,13,0,280,4918
4100,13,0,281,4919
4500,13,0,282,4920
4340,13,0,283,4921
4000,13,0,284,4922
4000,13,8,285,4923
4100,13,0,286,4924
4500,13,0,287,4925
4000,13,6,288,4926
4100,13,0,289,4927
4340,13,0,290,4928
4340,13,1,291,4929
4100,13,0,292,4930
4100,13,0,293,4931
4340,13,1,294,4932
4340,13,0,295,4933
4000,13,8,296,4934
4100,13,0,297,4935
4340,13,1,298,4936
4340,13,1,299,4937
4100,13,0,300,4938
4100,13,0,301,4939
4000,13,9,302,4940
4300,13,1,303,4941
4350,13,1,304,4942
4100,13,0,305,4943
4100,13,0,306,4944
4340,13,1,307,4945
4100,13,0,308,4946
4100,13,0,309,4947
4100,13,0,310,4948
4100,13,0,311,4949
4100,13,0,312,4950
4100,13,0,313,4951
4340,13,1,314,4952
4000,13,7,315,4953
4100,13,0,316,4954
4100,13,0,317,4955
4000,13,6,318,4956
4100,13,0,319,4957
4500,13,0,1000,4958
4100,13,0,1001,4959
4000,13,1,1002,4960
4000,13,3,1003,4961
4500,13,0,1004,4962
4100,13,0,1010,4963
4100,13,0,1011,4964
4300,13,1,1012,4965
4300,13,0,1013,4966
4100,13,0,1014,4967
4000,13,5,1020,4968
4500,13,0,1021,4969
4100,13,0,1022,4970
3790,13,0,1023,4971
4500,13,0,1024,4972
4500,13,0,1030,4973
4100,13,0,1031,4974
4000,13,9,1032,4975
4350,13,1,1033,4976
4500,13,0,1034,4977
4340,13,1,1040,4978
4500,13,0,1041,4979
4000,13,9,1042,4980
4100,13,0,1043,4981
4100,13,0,1044,4982
4100,13,0,1050,4983
4500,13,0,1051,4984
4100,13,0,1052,4985
4000,13,6,1053,4986
4000,13,7,1054,4987
4000,13,6,1060,4988
4500,13,0,1061,4989
4340,13,1,1062,4990
4100,13,0,1063,4991
4100,13,0,1064,4992
4500,13,0,1070,4993
4300,13,1,1071,4994
3790,13,0,1072,4995
4000,13,4,1073,4996
4000,13,6,1074,4997
4100,13,0,1080,4998
4100,13,0,1081,4999
4500,13,0,1082,5000
4300,13,1,1083,5001
4350,13,1,1084,5002
4350,13,1,1085,5003
4340,13,0,1086,5004
4100,13,0,1087,5005
4000,13,0,1088,5006
4300,13,0,1089,5007
4100,13,0,1090,5008
4500,13,0,1091,5009
4500,13,0,1092,5010
4000,13,5,1093,5011
4100,13,0,1094,5012
4500,13,0,1095,5013
4300,13,1,1096,5014
4340,13,1,1097,5015
4100,13,0,1098,5016
4300,13,1,1099,5017
4350,13,1,1100,5018
4300,13,1,1101,5019
4300,13,1,1102,5020
4300,13,1,1103,5021
4000,13,6,1104,5022
4340,13,0,1105,5023
4100,13,0,1106,5024
4300,13,0,1107,5025
4340,13,0,1108,5026
4000,13,3,1109,5027
4100,13,0,1110,5028
4000,13,3,1111,5029
4000,13,3,1112,5030
4500,13,0,1113,5031
4100,13,0,1114,5032
4100,13,0,1135,5033
4000,13,1,1136,5034
4500,13,0,1137,5035
4100,13,0,1138,5036
4000,13,3,1139,5037
4340,13,1,1140,5038
4000,13,0,1141,5039
4500,13,0,1142,5040
4340,13,0,1143,5041
4500,13,0,1144,5042
4340,13,1,1145,5043
4300,13,0,1146,5044
4000,13,5,1147,5045
4100,13,0,1148,5046
4300,13,0,1149,5047
4300,13,1,1150,5048
4100,13,0,1151,5049
4100,13,0,1152,5050
4350,13,1,1153,5051
4100,13,0,1154,5052
3790,13,0,1155,5053
4000,13,3,1156,5054
4100,13,0,1157,5055
4500,13,0,1158,5056
4500,13,0,1159,5057
4500,13,0,1160,5058
4000,13,7,1161,5059
4300,13,0,1162,5060
4350,13,1,1163,5061
4100,13,0,1164,5062
4100,13,0,1165,5063
4100,13,0,1166,5064
3790,13,0,1167,5065
4100,13,0,1168,5066
4000,13,2,1169,5067
4100,13,0,1170,5068
4100,13,0,1171,5069
4340,13,1,1172,5070
4340,13,1,1173,5071
3790,13,0,1174,5072
3790,13,0,1195,5073
4000,13,9,1196,5074
4000,13,3,1197,5075
3790,13,0,1198,5076
4350,13,1,1199,5077
4100,14,0,0,5078
4340,14,0,1,5079
4350,14,1,2,5080
4000,14,8,3,5081
4000,14,6,4,5082
4000,14,9,5,5083
4100,14,0,6,5084
4100,14,0,7,5085
4101,14,0,8,5086
4100,14,0,9,5087
4101,14,0,10,5088
4300,14,1,11,5089
4100,14,0,12,5090
4301,14,0,13,5091
4341,14,1,14,5092
4300,14,1,15,5093
4340,14,0,16,5094
4500,14,0,17,5095
4300,14,0,18,5096
4300,14,0,19,5097
4350,14,1,20,5098
4100,14,0,21,5099
4100,14,0,22,5100
4100,14,0,23,5101
4500,14,0,24,5102
4500,14,0,25,5103
4302,14,0,26,5104
4100,14,0,27,5105
4340,14,0,28,5106
4100,14,0,29,5107
4300,14,1,30,5108
4100,14,0,31,5109
4100,14,0,32,5110
4100,14,0,33,5111
4000,14,7,34,5112
4100,14,0,40,5113
4350,14,1,41,5114
4100,14,0,42,5115
4340,14,0,43,5116
4100,14,0,44,5117
4340,14,0,45,5118
4300,14,1,46,5119
4300,14,1,47,5120
4300,14,1,48,5121
4101,14,0,49,5122
4100,14,0,50,5123
4100,14,0,51,5124
4300,14,1,52,5125
4100,14,0,53,5126
4340,14,1,54,5127
3790,14,0,55,5128
4300,14,1,56,5129
4100,14,0,57,5130
4341,14,0,58,5131
4350,14,1,59,5132
4340,14,0,60,5133
4341,14,0,61,5134
4300,14,1,62,5135
4100,14,0,63,5136
4100,14,0,64,5137
4500,14,0,65,5138
4350,14,1,66,5139
4000,14,0,67,5140
4500,14,0,68,5141
4301,14,1,69,5142
4340,14,0,70,5143
4100,14,0,71,5144
4340,14,1,72,5145
4300,14,1,73,5146
4000,14,4,74,5147
4500,14,0,80,5148
4340,14,0,81,5149
4300,14,0,82,5150
4100,14,0,83,5151
4500,14,0,84,5152
4340,14,1,85,5153
4500,14,0,86,5154
4500,14,0,87,5155
4100,14,0,88,5156
4100,14,0,89,5157
4340,14,1,90,5158
4500,14,0,91,5159
4000,14,8,92,5160
4100,14,0,93,5161
4100,14,0,94,5162
4100,14,0,95,5163
4101,14,1,96,5164
4100,14,0,97,5165
4340,14,0,98,5166
4100,14,0,99,5167
3790,14,0,100,5168
4100,14,0,101,5169
4100,14,0,102,5170
4100,14,0,103,5171
4000,14,3,104,5172
4300,14,1,105,5173
4000,14,5,106,5174
4100,14,0,107,5175
4100,14,0,108,5176
4000,14,6,109,5177
4401,14,0,110,5178
4302,14,0,111,5179
4100,14,0,112,5180
4000,14,6,113,5181
4100,14,0,114,5182
4340,14,0,120,5183
4340,14,0,121,5184
4100,14,0,122,5185
4101,14,0,123,5186
4000,14,4,124,5187
4341,14,0,125,5188
4300,14,1,126,5189
4000,14,3,127,5190
4300,14,0,128,5191
4000,14,1,129,5192
4000,14,0,130,5193
4340,14,0,131,5194
4500,14,0,132,5195
4340,14,0,133,5196
4501,14,0,134,5197
4500,14,0,135,5198
4100,14,0,136,5199
4500,14,0,137,5200
4341,14,1,138,5201
4500,14,0,139,5202
4341,14,1,140,5203
4100,14,0,141,5204
4301,14,0,142,5205
4000,14,4,143,5206
4300,14,1,144,5207
4340,14,0,145,5208
4100,14,0,146,5209
4300,14,0,147,5210
4340,14,0,148,5211
4350,14,1,149,5212
4101,14,0,150,5213
4100,14,0,151,5214
4341,14,0,152,5215
4100,14,0,153,5216
4100,14,0,154,5217
4100,14,0,160,5218
4000,14,8,161,5219
4301,14,0,162,5220
4300,14,1,163,5221
4100,14,0,164,5222
4350,14,1,165,5223
4100,14,0,166,5224
4100,14,0,167,5225
4302,14,0,168,5226
4500,14,0,169,5227
4300,14,1,170,5228
4100,14,0,171,5229
4300,14,1,172,5230
4100,14,0,173,5231
3790,14,0,174,5232
4500,14,0,175,5233
4340,14,1,176,5234
4000,14,5,177,5235
4000,14,6,178,5236
4500,14,0,179,5237
4000,14,4,180,5238
4340,14,1,181,5239
4340,14,1,182,5240
4100,14,0,183,5241
4340,14,0,184,5242
4100,14,0,185,5243
4000,14,3,186,5244
4100,14,0,187,5245
4000,14,9,188,5246
4100,14,0,189,5247
4501,14,0,190,5248
4401,14,0,191,5249
4100,14,0,192,5250
4350,14,1,193,5251
4340,14,0,194,5252
4100,14,0,200,5253
4500,14,0,201,5254
4340,14,1,202,5255
4302,14,0,203,5256
4350,14,1,204,5257
4340,14,0,205,5258
4341,14,1,206,5259
4000,14,3,207,5260
4100,14,0,208,5261
4100,14,0,209,5262
4340,14,0,210,5263
4501,14,0,211,5264
4500,14,0,212,5265
4300,14,1,213,5266
4000,14,7,214,5267
4100,14,0,215,5268
4350,14,1,216,5269
4100,14,0,217,5270
4101,14,0,218,5271
4340,14,1,219,5272
4100,14,0,220,5273
4340,14,1,221,5274
4100,14,0,222,5275
4100,14,0,223,5276
4000,14,0,224,5277
4341,14,1,225,5278
4100,14,0,226,5279
4100,14,0,227,5280
4341,14,0,228,5281
4100,14,0,229,5282
4000,14,5,230,5283
4100,14,0,231,5284
4350,14,1,232,5285
4100,14,0,233,5286
4100,14,0,234,5287
4300,14,1,240,5288
4401,14,0,241,5289
4000,14,9,242,5290
4302,14,0,243,5291
4300,14,1,244,5292
4101,14,0,245,5293
4500,14,0,246,5294
4100,14,0,247,5295
4100,14,0,248,5296
4100,14,0,249,5297
4100,14,0,250,5298
4500,14,0,251,5299
4000,14,6,252,5300
4500,14,0,253,5301
4500,14,0,254,5302
4300,14,1,255,5303
4100,14,0,256,5304
4350,14,1,257,5305
4100,14,0,258,5306
4500,14,0,259,5307
4340,14,0,260,5308
4300,14,0,261,5309
4100,14,0,262,5310
4000,14,4,263,5311
4300,14,1,264,5312
4000,14,6,265,5313
4100,14,0,266,5314
4350,14,1,267,5315
4500,14,0,268,5316
4000,14,3,269,5317
4500,14,0,270,5318
4100,14,0,271,5319
4000,14,4,272,5320
4500,14,0,273,5321
4100,14,0,274,5322
3790,14,0,280,5323
4100,14,0,281,5324
4100,14,0,282,5325
4100,14,0,283,5326
4501,14,0,284,5327
4100,14,0,285,5328
4000,14,6,286,5329
4100,14,0,287,5330
4100,14,0,288,5331
4401,14,0,289,5332
4300,14,1,290,5333
4301,14,1,291,5334
4340,14,1,292,5335
4500,14,0,293,5336
4300,14,0,294,5337
4300,14,0,295,5338
4300,14,1,296,5339
4500,14,0,297,5340
4300,14,0,298,5341
4340,14,1,299,5342
4100,14,0,300,5343
4340,14,1,301,5344
4300,14,0,302,5345
4300,14,0,303,5346
4000,14,3,304,5347
4501,14,0,305,5348
4100,14,0,306,5349
4300,14,0,307,5350
4340,14,1,308,5351
4350,14,1,309,5352
4300,14,0,310,5353
4100,14,0,311,5354
4300,14,1,312,5355
4000,14,4,313,5356
4100,14,0,314,5357
4000,14,9,1000,5358
4100,14,0,1001,5359
4301,14,1,1002,5360
4100,14,0,1003,5361
4340,14,0,1004,5362
4500,14,0,1010,5363
4300,14,0,1011,5364
4000,14,4,1012,5365
4340,14,1,1013,5366
4300,14,0,1014,5367
4500,14,0,1020,5368
4101,14,0,1021,5369
4500,14,0,1022,5370
4101,14,0,1023,5371
4340,14,1,1024,5372
4100,14,0,1030,5373
4340,14,1,1031,5374
4341,14,1,1032,5375
4101,14,0,1033,5376
4501,14,0,1034,5377
4100,14,0,1040,5378
4301,14,1,1041,5379
4100,14,0,1042,5380
4340,14,1,1043,5381
4000,14,7,1044,5382
4100,14,0,1050,5383
4300,14,0,1051,5384
4000,14,3,1052,5385
4000,14,7,1053,5386
4100,14,0,1054,5387
3790,14,0,1060,5388
4340,14,1,1061,5389
4100,14,0,1062,5390
4000,14,0,1063,5391
4340,14,1,1064,5392
4100,14,0,1070,5393
4300,14,1,1071,5394
4100,14,0,1072,5395
4300,14,1,1073,5396
3790,14,0,1074,5397
4340,14,0,1080,5398
4341,14,0,1081,5399
4340,14,1,1082,5400
4100,14,0,1083,5401
4000,14,2,1084,5402
4100,14,0,1085,5403
4340,14,0,1086,5404
4500,14,0,1087,5405
4101,14,0,1088,5406
4100,14,0,1089,5407
4350,14,1,1090,5408
4000,14,8,1091,5409
4000,14,9,1092,5410
4300,14,0,1093,5411
4100,14,0,1094,5412
4100,14,0,1095,5413
4500,14,0,1096,5414
4401,14,0,1097,5415
4000,14,3,1098,5416
4100,14,0,1099,5417
4301,14,1,1100,5418
4000,14,8,1101,5419
4100,14,0,1102,5420
4501,14,0,1103,5421
4340,14,0,1104,5422
4100,14,0,1105,5423
4100,14,0,1106,5424
4301,14,0,1107,5425
4000,14,7,1108,5426
4100,14,0,1109,5427
4100,14,0,1110,5428
4100,14,0,1111,5429
4100,14,0,1112,5430
4302,14,0,1113,5431
4341,14,1,1114,5432
3790,14,0,1140,5433
4340,14,0,1141,5434
4000,14,2,1142,5435
4100,14,0,1143,5436
4340,14,1,1144,5437
4340,14,0,1145,5438
4000,14,6,1146,5439
4100,14,0,1147,5440
4300,14,1,1148,5441
4500,14,0,1149,5442
4340,14,1,1150,5443
4100,14,0,1151,5444
4300,14,0,1152,5445
4500,14,0,1153,5446
4000,14,6,1154,5447
4100,14,0,1155,5448
4300,14,0,1156,5449
4000,14,7,1157,5450
4100,14,0,1158,5451
3790,14,0,1159,5452
4000,14,3,1160,5453
4100,14,0,1161,5454
4000,14,2,1162,5455
4300,14,1,1163,5456
4340,14,0,1164,5457
4301,14,1,1165,5458
4100,14,0,1166,5459
4100,14,0,1167,5460
4350,14,1,1168,5461
4500,14,0,1169,5462
4100,14,0,1170,5463
4350,14,1,1171,5464
4000,14,0,1172,5465
4100,14,0,1173,5466
4350,14,1,1174,5467
4500,15,0,0,5468
4500,15,0,1,5469
4350,15,1,2,5470
4300,15,0,3,5471
4500,15,0,4,5472
4100,15,0,5,5473
4300,15,0,6,5474
4341,15,1,7,5475
4000,15,9,8,5476
4350,15,1,9,5477
4000,15,1,10,5478
4341,15,0,11,5479
4350,15,1,12,5480
4350,15,1,13,5481
4340,15,1,14,5482
4100,15,0,15,5483
4350,15,1,16,5484
4300,15,0,17,5485
4100,15,0,18,5486
4000,15,1,19,5487
4100,15,0,20,5488
4500,15,0,21,5489
4000,15,7,22,5490
4000,15,7,23,5491
4300,15,0,24,5492
4340,15,0,25,5493
4100,15,0,26,5494
3790,15,0,27,5495
4100,15,0,28,5496
4340,15,0,29,5497
4340,15,0,35,5498
4100,15,0,36,5499
4000,15,9,37,5500
4301,15,0,38,5501
4100,15,0,39,5502
4340,15,1,40,5503
4500,15,0,41,5504
4000,15,8,42,5505
4500,15,0,43,5506
4100,15,0,44,5507
4350,15,1,45,5508
3790,15,0,46,5509
4500,15,0,47,5510
4100,15,0,48,5511
4000,15,5,49,5512
4501,15,0,50,5513
4000,15,0,51,5514
4401,15,0,52,5515
4000,15,5,53,5516
4100,15,0,54,5517
4000,15,4,55,5518
4301,15,0,56,5519
4000,15,1,57,5520
4300,15,0,58,5521
4300,15,0,59,5522
4340,15,1,60,5523
4350,15,1,61,5524
4100,15,0,62,5525
4000,15,2,63,5526
4101,15,0,64,5527
4300,15,0,65,5528
4340,15,1,66,5529
4100,15,0,67,5530
4000,15,3,68,5531
4000,15,9,69,5532
3790,15,0,75,5533
4340,15,1,76,5534
3790,15,0,77,5535
4302,15,0,78,5536
4340,15,0,79,5537
4100,15,0,80,5538
4340,15,0,81,5539
4000,15,7,82,5540
3790,15,0,83,5541
4301,15,0,84,5542
4341,15,0,85,5543
4300,15,0,86,5544
4300,15,1,87,5545
4000,15,2,88,5546
4500,15,0,89,5547
4300,15,1,90,5548
3790,15,0,91,5549
4340,15,0,92,5550
4000,15,7,93,5551
4302,15,0,94,5552
4000,15,3,95,5553
4100,15,0,96,5554
4000,15,0,97,5555
4100,15,0,98,5556
4340,15,0,99,5557
4341,15,1,100,5558
4341,15,1,101,5559
4100,15,0,102,5560
4302,15,0,103,5561
4340,15,1,104,5562
4100,15,0,105,5563
4341,15,1,106,5564
4100,15,0,107,5565
4401,15,0,108,5566
4500,15,0,109,5567
4000,15,8,115,5568
4100,15,0,116,5569
4100,15,0,117,5570
4300,15,1,118,5571
4000,15,1,119,5572
4300,15,1,120,5573
4500,15,0,121,5574
4340,15,0,122,5575
4300,15,1,123,5576
4301,15,0,124,5577
4100,15,0,125,5578
4000,15,4,126,5579
4100,15,0,127,5580
4000,15,4,128,5581
4340,15,1,129,5582
4100,15,0,130,5583
3790,15,0,131,5584
4000,15,7,132,5585
4300,15,1,133,5586
4350,15,1,134,5587
4000,15,5,135,5588
4340,15,0,136,5589
4100,15,0,137,5590
4300,15,1,138,5591
4401,15,0,139,5592
4000,15,9,140,5593
4100,15,0,141,5594
4340,15,1,142,5595
4340,15,0,143,5596
4341,15,0,144,5597
4340,15,1,145,5598
4100,15,0,147,5599
4100,15,0,148,5600
4000,15,2,149,5601
4300,15,0,155,5602
4000,15,6,156,5603
4500,15,0,157,5604
4000,15,0,158,5605
4100,15,0,159,5606
4340,15,0,160,5607
4100,15,0,161,5608
4350,15,1,162,5609
4350,15,1,163,5610
4340,15,0,164,5611
4100,15,0,165,5612
4500,15,0,166,5613
4301,15,0,167,5614
4000,15,0,168,5615
4340,15,1,169,5616
4300,15,0,170,5617
4500,15,0,171,5618
4000,15,7,172,5619
4500,15,0,173,5620
4401,15,0,174,5621
4300,15,0,175,5622
4340,15,1,176,5623
4350,15,1,177,5624
3790,15,0,178,5625
4100,15,0,179,5626
4100,15,0,180,5627
4100,15,0,181,5628
4300,15,1,182,5629
4341,15,1,183,5630
4340,15,0,184,5631
4341,15,0,185,5632
4300,15,0,186,5633
4000,15,4,187,5634
4100,15,0,188,5635
4000,15,2,189,5636
3790,15,0,195,5637
4340,15,0,196,5638
4300,15,0,197,5639
4100,15,0,198,5640
4000,15,5,199,5641
4350,15,1,200,5642
4340,15,0,201,5643
4300,15,1,202,5644
4000,15,8,203,5645
4300,15,1,204,5646
4300,15,0,205,5647
4500,15,0,206,5648
4000,15,2,207,5649
4500,15,0,208,5650
4000,15,3,209,5651
4340,15,0,210,5652
4300,15,1,211,5653
4100,15,0,212,5654
4302,15,0,213,5655
4000,15,5,214,5656
4101,15,0,215,5657
4350,15,1,216,5658
4500,15,0,217,5659
4000,15,8,218,5660
4000,15,9,219,5661
4000,15,7,220,5662
4341,15,0,221,5663
4301,15,1,222,5664
4301,15,0,223,5665
4100,15,0,224,5666
4300,15,0,225,5667
4000,15,0,226,5668
4000,15,7,227,5669
4300,15,1,228,5670
4100,15,0,229,5671
4340,15,0,235,5672
4000,15,6,236,5673
4350,15,1,237,5674
4100,15,0,238,5675
4300,15,0,239,5676
4300,15,1,240,5677
4300,15,0,241,5678
3790,15,0,242,5679
4350,15,1,243,5680
4100,15,0,244,5681
4100,15,0,245,5682
4100,15,0,246,5683
4100,15,0,247,5684
4500,15,0,248,5685
4000,15,9,249,5686
4341,15,1,250,5687
4302,15,0,251,5688
4301,15,0,252,5689
3790,15,0,253,5690
4000,15,1,254,5691
4100,15,0,255,5692
4300,15,1,256,5693
4000,15,6,257,5694
4300,15,1,258,5695
4350,15,1,259,5696
4341,15,0,260,5697
4100,15,0,261,5698
4350,15,1,262,5699
4301,15,0,263,5700
4340,15,0,264,5701
4500,15,0,265,5702
4100,15,0,266,5703
4100,15,0,267,5704
4100,15,0,268,5705
4100,15,0,269,5706
4101,15,0,275,5707
4100,15,0,276,5708
4100,15,0,277,5709
4341,15,0,278,5710
4300,15,1,279,5711
4500,15,0,280,5712
4000,15,2,281,5713
4302,15,0,282,5714
4100,15,0,283,5715
4300,15,1,284,5716
4300,15,0,285,5717
4341,15,0,286,5718
4340,15,0,287,5719
4500,15,0,288,5720
3790,15,0,289,5721
4100,15,0,290,5722
4340,15,1,291,5723
4000,15,3,292,5724
4000,15,9,293,5725
4100,15,0,294,5726
4000,15,9,295,5727
4100,15,0,296,5728
4300,15,0,297,5729
4000,15,5,298,5730
4000,15,0,299,5731
4340,15,0,300,5732
4000,15,9,301,5733
4300,15,1,302,5734
4300,15,1,303,5735
4340,15,1,304,5736
4000,15,3,305,5737
4000,15,4,306,5738
4300,15,0,307,5739
4340,15,0,308,5740
4350,15,1,309,5741
4301,15,1,315,5742
4501,15,0,316,5743
4000,15,4,317,5744
4100,15,0,318,5745
4000,15,8,319,5746
4000,15,7,1000,5747
4302,15,0,1001,5748
4350,15,1,1002,5749
4100,15,0,1003,5750
4340,15,0,1004,5751
4300,15,1,1010,5752
4341,15,0,1011,5753
4100,15,0,1012,5754
4100,15,0,1013,5755
4500,15,0,1014,5756
4000,15,4,1020,5757
4000,15,0,1021,5758
4100,15,0,1022,5759
4500,15,0,1023,5760
4350,15,1,1024,5761
4500,15,0,1030,5762
4000,15,4,1031,5763
4100,15,0,1032,5764
4100,15,0,1033,5765
4340,15,0,1034,5766
4100,15,0,1040,5767
3790,15,0,1041,5768
4000,15,5,1042,5769
4000,15,4,1043,5770
4340,15,1,1044,5771
4101,15,0,1050,5772
4350,15,1,1051,5773
4500,15,0,1052,5774
4501,15,0,1053,5775
4350,15,1,1054,5776
4340,15,0,1060,5777
4341,15,1,1061,5778
4340,15,1,1062,5779
4340,15,1,1063,5780
4340,15,0,1064,5781
4000,15,5,1070,5782
4500,15,0,1071,5783
4000,15,6,1072,5784
4340,15,0,1073,5785
4100,15,0,1074,5786
4401,15,0,1080,5787
4100,15,0,1081,5788
4100,15,0,1082,5789
4341,15,0,1083,5790
4300,15,1,1084,5791
4350,15,1,1085,5792
4000,15,1,1086,5793
4500,15,0,1087,5794
4350,15,1,1088,5795
4500,15,0,1089,5796
4100,15,0,1090,5797
4100,15,0,1091,5798
4000,15,4,1092,5799
4100,15,0,1093,5800
4300,15,0,1094,5801
3790,15,0,1095,5802
4340,15,0,1096,5803
4500,15,0,1097,5804
4100,15,0,1098,5805
4100,15,0,1099,5806
4100,15,0,1100,5807
4100,15,0,1101,5808
4500,15,0,1102,5809
4000,15,8,1103,5810
4100,15,0,1104,5811
4500,15,0,1105,5812
3790,15,0,1106,5813
4000,15,3,1107,5814
4340,15,0,1108,5815
4100,15,0,1109,5816
4000,15,0,1135,5817
4100,15,0,1136,5818
4341,15,0,1137,5819
4000,15,6,1138,5820
4100,15,0,1139,5821
4500,15,0,1140,5822
4100,15,0,1141,5823
4340,15,0,1142,5824
4000,15,3,1143,5825
4340,15,0,1144,5826
4000,15,0,1145,5827
4501,15,0,1146,5828
4500,15,0,1147,5829
4500,15,0,1148,5830
4100,15,0,1149,5831
4100,15,0,1150,5832
4350,15,1,1151,5833
4000,15,7,1152,5834
4100,15,0,1153,5835
4000,15,3,1154,5836
4350,15,1,1155,5837
4100,15,0,1156,5838
4501,15,0,1157,5839
4100,15,0,1158,5840
4000,15,0,1159,5841
3790,15,0,1160,5842
4300,15,1,1161,5843
4100,15,0,1162,5844
4350,15,1,1163,5845
4340,15,1,1164,5846
4300,15,1,1165,5847
4500,15,0,1166,5848
4100,15,0,1167,5849
4100,15,0,1168,5850
4300,15,0,1169,5851
4000,15,6,1195,5852
4100,15,0,1196,5853
4000,15,7,1197,5854
4300,15,0,1198,5855
4340,15,0,1199,5856
4000,16,8,0,5857
4100,16,0,1,5858
4000,16,4,2,5859
4100,16,0,3,5860
4000,16,8,4,5861
4000,16,2,5,5862
4340,16,0,6,5863
3790,16,0,7,5864
4500,16,0,8,5865
4100,16,0,9,5866
4300,16,1,10,5867
4100,16,0,11,5868
4500,16,0,12,5869
4500,16,0,13,5870
4100,16,0,14,5871
4000,16,2,15,5872
4000,16,4,16,5873
4000,16,9,17,5874
4350,16,1,18,5875
4300,16,1,19,5876
4000,16,1,20,5877
4300,16,0,21,5878
4340,16,1,22,5879
4300,16,1,23,5880
3790,16,0,24,5881
4100,16,0,25,5882
4000,16,8,26,5883
4000,16,7,27,5884
3790,16,0,28,5885
4300,16,1,29,5886
4100,16,0,30,5887
4100,16,0,31,5888
4340,16,1,32,5889
4100,16,0,33,5890
4340,16,0,34,5891
4000,16,1,40,5892
4100,16,0,41,5893
4100,16,0,42,5894
4500,16,0,43,5895
4500,16,0,44,5896
4000,16,5,45,5897
4100,16,0,46,5898
4100,16,0,47,5899
4000,16,6,48,5900
4500,16,0,49,5901
4500,16,0,50,5902
4500,16,0,51,5903
4300,16,0,52,5904
4350,16,1,53,5905
4100,16,0,54,5906
4100,16,0,55,5907
4350,16,1,56,5908
4340,16,0,57,5909
4340,16,1,58,5910
4500,16,0,59,5911
4340,16,1,60,5912
4000,16,2,61,5913
4100,16,0,62,5914
4100,16,0,63,5915
4340,16,1,64,5916
4100,16,0,65,5917
4000,16,8,66,5918
4100,16,0,67,5919
4100,16,0,68,5920
4340,16,1,69,5921
4500,16,0,70,5922
4340,16,1,71,5923
3790,16,0,72,5924
4100,16,0,73,5925
4340,16,1,74,5926
4000,16,5,80,5927
4340,16,0,81,5928
4500,16,0,82,5929
4000,16,5,83,5930
4100,16,0,84,5931
4100,16,0,85,5932
4100,16,0,86,5933
4100,16,0,87,5934
4500,16,0,88,5935
4000,16,7,89,5936
4100,16,0,90,5937
4100,16,0,91,5938
4100,16,0,92,5939
4500,16,0,93,5940
4000,16,4,94,5941
4500,16,0,95,5942
3790,16,0,96,5943
4340,16,0,97,5944
4000,16,8,98,5945
4500,16,0,99,5946
4100,16,0,100,5947
4350,16,1,101,5948
4350,16,1,102,5949
4340,16,1,103,5950
4100,16,0,104,5951
4300,16,1,105,5952
4100,16,0,106,5953
4300,16,1,107,5954
4100,16,0,108,5955
4100,16,0,109,5956
4340,16,1,110,5957
4100,16,0,111,5958
4100,16,0,112,5959
4100,16,0,113,5960
4100,16,0,114,5961
4100,16,0,120,5962
4100,16,0,121,5963
4100,16,0,122,5964
4100,16,0,123,5965
4500,16,0,124,5966
4000,16,6,125,5967
4500,16,0,126,5968
3790,16,0,127,5969
4100,16,0,128,5970
4100,16,0,129,5971
4100,16,0,130,5972
4100,16,0,131,5973
4340,16,0,132,5974
4100,16,0,133,5975
4000,16,3,134,5976
4000,16,9,135,5977
4100,16,0,136,5978
4100,16,0,137,5979
4000,16,0,138,5980
4300,16,1,139,5981
4100,16,0,140,5982
4000,16,7,141,5983
4100,16,0,142,5984
4300,16,0,143,5985
4100,16,0,144,5986
4500,16,0,145,5987
4100,16,0,146,5988
4100,16,0,147,5989
4000,16,1,148,5990
3790,16,0,149,5991
4100,16,0,150,5992
4100,16,0,151,5993
3790,16,0,152,5994
4100,16,0,153,5995
3790,16,0,154,5996
4500,16,0,160,5997
4000,16,2,161,5998
4100,16,0,162,5999
4100,16,0,163,6000
4100,16,0,164,6001
4300,16,0,165,6002
4100,16,0,166,6003
4000,16,1,167,6004
4000,16,3,168,6005
4100,16,0,169,6006
4500,16,0,170,6007
4000,16,5,171,6008
4000,16,9,172,6009
4300,16,0,173,6010
4100,16,0,174,6011
4340,16,0,175,6012
4000,16,3,176,6013
4100,16,0,177,6014
4000,16,2,178,6015
4500,16,0,179,6016
4100,16,0,180,6017
4100,16,0,181,6018
4000,16,1,182,6019
4000,16,1,183,6020
4340,16,0,184,6021
4100,16,0,185,6022
4100,16,0,186,6023
4100,16,0,187,6024
3790,16,0,188,6025
4100,16,0,189,6026
4100,16,0,190,6027
3790,16,0,191,6028
4100,16,0,192,6029
4100,16,0,193,6030
4100,16,0,194,6031
4100,16,0,200,6032
4000,16,2,201,6033
4100,16,0,202,6034
4000,16,4,203,6035
4350,16,1,204,6036
4100,16,0,205,6037
3790,16,0,206,6038
4100,16,0,207,6039
4000,16,6,208,6040
4340,16,1,209,6041
4100,16,0,210,6042
4100,16,0,211,6043
4000,16,3,212,6044
4100,16,0,213,6045
3790,16,0,214,6046
4340,16,1,215,6047
4100,16,0,216,6048
4300,16,0,217,6049
4100,16,0,218,6050
4500,16,0,219,6051
4100,16,0,220,6052
4100,16,0,221,6053
4000,16,1,222,6054
4100,16,0,223,6055
4100,16,0,224,6056
4350,16,1,225,6057
4350,16,1,226,6058
4100,16,0,227,6059
4100,16,0,228,6060
4000,16,3,229,6061
4100,16,0,230,6062
4000,16,3,231,6063
4000,16,8,232,6064
4300,16,0,233,6065
4350,16,1,234,6066
4000,16,8,240,6067
3790,16,0,241,6068
4500,16,0,242,6069
4100,16,0,243,6070
4000,16,7,244,6071
4300,16,0,245,6072
4100,16,0,246,6073
4300,16,1,247,6074
4000,16,3,248,6075
4100,16,0,249,6076
3790,16,0,250,6077
4000,16,4,251,6078
4000,16,5,252,6079
4100,16,0,253,6080
4300,16,1,254,6081
4000,16,6,255,6082
4340,16,1,256,6083
4100,16,0,257,6084
4300,16,0,258,6085
3790,16,0,259,6086
4300,16,1,260,6087
4100,16,0,261,6088
4100,16,0,262,6089
4300,16,1,263,6090
4300,16,1,264,6091
4000,16,8,265,6092
4300,16,0,266,6093
4100,16,0,267,6094
4300,16,1,268,6095
4100,16,0,269,6096
4100,16,0,270,6097
4340,16,0,271,6098
4000,16,3,272,6099
4000,16,9,273,6100
4340,16,1,274,6101
4100,16,0,280,6102
4500,16,0,281,6103
4340,16,1,282,6104
4350,16,1,283,6105
4000,16,4,284,6106
4000,16,3,285,6107
4350,16,1,286,6108
4340,16,0,287,6109
4000,16,4,288,6110
4000,16,7,289,6111
4500,16,0,290,6112
4100,16,0,291,6113
4100,16,0,292,6114
4000,16,6,293,6115
4500,16,0,294,6116
4100,16,0,295,6117
4100,16,0,296,6118
4500,16,0,297,6119
3790,16,0,298,6120
4100,16,0,299,6121
4100,16,0,300,6122
4300,16,0,301,6123
4100,16,0,302,6124
4100,16,0,303,6125
4340,16,1,304,6126
4100,16,0,305,6127
4100,16,0,306,6128
4100,16,0,307,6129
4340,16,0,308,6130
4000,16,8,309,6131
4340,16,0,310,6132
4500,16,0,311,6133
4100,16,0,312,6134
4350,16,1,313,6135
4000,16,6,314,6136
4300,16,1,1000,6137
4100,16,0,1001,6138
4340,16,0,1002,6139
4300,16,1,1003,6140
4000,16,6,1004,6141
4000,16,6,1010,6142
4000,16,7,1011,6143
4300,16,1,1012,6144
4000,16,5,1013,6145
4100,16,0,1014,6146
4300,16,0,1020,6147
4300,16,0,1021,6148
3790,16,0,1022,6149
4000,16,9,1023,6150
4000,16,0,1024,6151
4350,16,1,1030,6152
4000,16,0,1031,6153
4500,16,0,1032,6154
4100,16,0,1033,6155
4340,16,0,1034,6156
4300,16,0,1040,6157
4300,16,1,1041,6158
4340,16,1,1042,6159
4340,16,1,1043,6160
4340,16,0,1044,6161
4000,16,4,1050,6162
4100,16,0,1051,6163
4100,16,0,1052,6164
4100,16,0,1053,6165
4000,16,0,1054,6166
4100,16,0,1060,6167
4500,16,0,1061,6168
4300,16,0,1062,6169
4100,16,0,1063,6170
4500,16,0,1064,6171
4500,16,0,1070,6172
4000,16,1,1071,6173
4100,16,0,1072,6174
4100,16,0,1073,6175
4500,16,0,1074,6176
4000,16,3,1080,6177
4100,16,0,1081,6178
4000,16,5,1082,6179
3790,16,0,1083,6180
4100,16,0,1084,6181
4100,16,0,1085,6182
4500,16,0,1086,6183
4100,16,0,1087,6184
4500,16,0,1088,6185
4500,16,0,1089,6186
4000,16,6,1090,6187
4100,16,0,1091,6188
4300,16,0,1092,6189
4500,16,0,1093,6190
4300,16,1,1094,6191
4000,16,5,1095,6192
4500,16,0,1096,6193
4100,16,0,1097,6194
3790,16,0,1098,6195
4000,16,7,1099,6196
4100,16,0,1100,6197
4500,16,0,1101,6198
4300,16,0,1102,6199
4100,16,0,1103,6200
4340,16,1,1104,6201
4300,16,0,1105,6202
4350,16,1,1106,6203
4300,16,0,1107,6204
4100,16,0,1108,6205
4500,16,0,1109,6206
4500,16,0,1110,6207
4100,16,0,1111,6208
4100,16,0,1112,6209
4000,16,8,1113,6210
4100,16,0,1114,6211
4100,16,0,1140,6212
4300,16,0,1141,6213
4500,16,0,1142,6214
4340,16,1,1143,6215
4100,16,0,1144,6216
4100,16,0,1145,6217
4340,16,0,1146,6218
4300,16,1,1147,6219
4100,16,0,1148,6220
4100,16,0,1149,6221
4500,16,0,1150,6222
4500,16,0,1151,6223
4300,16,1,1152,6224
4000,16,4,1153,6225
4000,16,9,1154,6226
4100,16,0,1155,6227
4100,16,0,1156,6228
4500,16,0,1157,6229
4340,16,1,1158,6230
4000,16,5,1159,6231
4300,16,1,1160,6232
3790,16,0,1161,6233
4340,16,0,1162,6234
4100,16,0,1163,6235
4100,16,0,1164,6236
4100,16,0,1165,6237
4300,16,1,1166,6238
4000,16,0,1167,6239
4500,16,0,1168,6240
4340,16,0,1169,6241
4340,16,0,1170,6242
3790,16,0,1171,6243
4100,16,0,1172,6244
4100,16,0,1173,6245
4100,16,0,1174,6246
4340,17,0,0,6247
4100,17,0,1,6248
4100,17,0,2,6249
4302,17,0,3,6250
3790,17,0,4,6251
4000,17,5,5,6252
4000,17,3,6,6253
4300,17,0,7,6254
4100,17,0,8,6255
4300,17,1,9,6256
4500,17,0,10,6257
4000,17,3,11,6258
4500,17,0,12,6259
4300,17,0,13,6260
4340,17,1,14,6261
4500,17,0,15,6262
4340,17,0,16,6263
4302,17,0,17,6264
4350,17,1,18,6265
4100,17,0,19,6266
4101,17,0,20,6267
4100,17,0,21,6268
4100,17,0,22,6269
4401,17,0,23,6270
4301,17,0,24,6271
4000,17,0,25,6272
4340,17,0,26,6273
4000,17,4,27,6274
4300,17,0,28,6275
4340,17,0,29,6276
4401,17,0,30,6277
3790,17,0,31,6278
4341,17,0,32,6279
4302,17,0,33,6280
4100,17,0,34,6281
3790,17,0,35,6282
3790,17,0,36,6283
4300,17,1,37,6284
3790,17,0,38,6285
4000,17,3,39,6286
4100,17,0,40,6287
4340,17,1,41,6288
4100,17,0,42,6289
4301,17,0,43,6290
4341,17,1,44,6291
4000,17,9,45,6292
4300,17,1,46,6293
4100,17,0,47,6294
4300,17,0,48,6295
3790,17,0,49,6296
4100,17,0,50,6297
3790,17,0,51,6298
4000,17,6,52,6299
4500,17,0,53,6300
4340,17,1,54,6301
4350,17,1,55,6302
4100,17,0,56,6303
4350,17,1,57,6304
4100,17,0,58,6305
4301,17,1,59,6306
4401,17,0,60,6307
4100,17,0,61,6308
4501,17,0,62,6309
4100,17,0,63,6310
4340,17,1,64,6311
4100,17,0,65,6312
4350,17,1,66,6313
4000,17,5,67,6314
4301,17,0,68,6315
4500,17,0,69,6316
4100,17,0,70,6317
4401,17,0,71,6318
4100,17,0,72,6319
4341,17,0,73,6320
4000,17,3,74,6321
4100,17,0,75,6322
4300,17,1,76,6323
4500,17,0,77,6324
4100,17,0,78,6325
4300,17,1,79,6326
4300,17,1,80,6327
4350,17,1,81,6328
4300,17,1,82,6329
4100,17,0,83,6330
4340,17,0,84,6331
4340,17,1,85,6332
4000,17,8,86,6333
4100,17,0,87,6334
4100,17,0,88,6335
4100,17,0,89,6336
4000,17,6,90,6337
4000,17,4,91,6338
4401,17,0,92,6339
4501,17,0,93,6340
4300,17,1,94,6341
4341,17,0,95,6342
4500,17,0,96,6343
4101,17,0,97,6344
4350,17,1,98,6345
4340,17,0,99,6346
4500,17,0,100,6347
4000,17,2,101,6348
4301,17,0,102,6349
4500,17,0,103,6350
4000,17,5,104,6351
4301,17,1,105,6352
4340,17,0,106,6353
4000,17,2,107,6354
4000,17,2,108,6355
3790,17,0,109,6356
4100,17,0,110,6357
3790,17,0,111,6358
4000,17,4,112,6359
4000,17,4,113,6360
4350,17,1,114,6361
4101,17,0,115,6362
4341,17,0,116,6363
3790,17,0,117,6364
4000,17,5,118,6365
4300,17,1,119,6366
4100,17,0,120,6367
4100,17,0,121,6368
4000,17,3,122,6369
4000,17,0,123,6370
4350,17,1,124,6371
4340,17,1,125,6372
4340,17,1,126,6373
4350,17,1,127,6374
4500,17,0,128,6375
4100,17,0,129,6376
4300,17,0,130,6377
4101,17,0,131,6378
4340,17,1,132,6379
4100,17,0,133,6380
4350,17,1,134,6381
4340,17,1,135,6382
4000,17,4,136,6383
4341,17,0,137,6384
4300,17,0,138,6385
4300,17,1,139,6386
4500,17,0,140,6387
4000,17,5,141,6388
4000,17,9,142,6389
4340,17,0,143,6390
4300,17,0,144,6391
4000,17,4,145,6392
4000,17,8,146,6393
3790,17,0,147,6394
4501,17,0,148,6395
4000,17,5,149,6396
4340,17,1,150,6397
4000,17,0,151,6398
4340,17,1,152,6399
4101,17,0,153,6400
4100,17,0,154,6401
4100,17,0,155,6402
4100,17,0,156,6403
4100,17,0,157,6404
4100,17,0,158,6405
4300,17,1,159,6406
4300,17,1,160,6407
4500,17,0,161,6408
4300,17,0,162,6409
4500,17,0,163,6410
4350,17,1,164,6411
4350,17,1,165,6412
4340,17,0,166,6413
4000,17,3,167,6414
4100,17,0,168,6415
4100,17,0,169,6416
4100,17,0,170,6417
4300,17,0,171,6418
4000,17,8,172,6419
4000,17,7,173,6420
4100,17,0,174,6421
4100,17,0,175,6422
4401,17,0,176,6423
4000,17,7,177,6424
4100,17,0,178,6425
4300,17,0,179,6426
4301,17,1,180,6427
4302,17,0,181,6428
4341,17,0,182,6429
4350,17,1,183,6430
4401,17,0,184,6431
4300,17,0,185,6432
4000,17,2,186,6433
4300,17,1,187,6434
4300,17,0,188,6435
4000,17,0,189,6436
4100,17,0,190,6437
4100,17,0,191,6438
4100,17,0,192,6439
3790,17,0,193,6440
4341,17,0,194,6441
4341,17,1,195,6442
4000,17,2,196,6443
4100,17,0,197,6444
4300,17,1,198,6445
3790,17,0,199,6446
4500,17,0,200,6447
4000,17,5,201,6448
4000,17,2,202,6449
4000,17,7,203,6450
4000,17,3,204,6451
4500,17,0,205,6452
4350,17,1,206,6453
4300,17,0,207,6454
4341,17,0,208,6455
4341,17,0,209,6456
4100,17,0,210,6457
4500,17,0,211,6458
3790,17,0,212,6459
4350,17,1,213,6460
4100,17,0,214,6461
4100,17,0,215,6462
4000,17,7,216,6463
4401,17,0,217,6464
4500,17,0,218,6465
4300,17,0,219,6466
4340,17,0,220,6467
3790,17,0,221,6468
4100,17,0,222,6469
4100,17,0,223,6470
4350,17,1,224,6471
4350,17,1,225,6472
4100,17,0,226,6473
4100,17,0,227,6474
4100,17,0,228,6475
4302,17,0,229,6476
4350,17,1,230,6477
4350,17,1,231,6478
4341,17,1,232,6479
4500,17,0,233,6480
3790,17,0,234,6481
4000,17,3,235,6482
4000,17,1,236,6483
4500,17,0,237,6484
4500,17,0,238,6485
3790,17,0,239,6486
4500,17,0,240,6487
4500,17,0,241,6488
4500,17,0,242,6489
4100,17,0,243,6490
4500,17,0,244,6491
4500,17,0,245,6492
4300,17,1,246,6493
4500,17,0,247,6494
4340,17,1,248,6495
4401,17,0,249,6496
4000,17,8,250,6497
4340,17,0,251,6498
4100,17,0,252,6499
4100,17,0,253,6500
4500,17,0,254,6501
4300,17,1,255,6502
4300,17,1,256,6503
4500,17,0,257,6504
4500,17,0,258,6505
4340,17,1,259,6506
4000,17,6,260,6507
4000,17,2,261,6508
4100,17,0,262,6509
4300,17,0,263,6510
4501,17,0,264,6511
4340,17,1,265,6512
4000,17,6,266,6513
4300,17,1,267,6514
4101,17,0,268,6515
3790,17,0,269,6516
4100,17,0,270,6517
4000,17,9,271,6518
4100,17,0,272,6519
4000,17,3,273,6520
4350,17,1,274,6521
4300,17,1,275,6522
4000,17,1,276,6523
4500,17,0,277,6524
4000,17,3,278,6525
4100,17,0,279,6526
4000,17,9,280,6527
4500,17,0,281,6528
4350,17,1,282,6529
4000,17,8,283,6530
4100,17,0,284,6531
4100,17,0,285,6532
3790,17,0,286,6533
4100,17,0,287,6534
4340,17,0,288,6535
4000,17,3,289,6536
4000,17,9,290,6537
3790,17,0,291,6538
4300,17,0,292,6539
4340,17,0,293,6540
4101,17,0,294,6541
4500,17,0,295,6542
4300,17,0,296,6543
4000,17,9,297,6544
4500,17,0,298,6545
4100,17,0,299,6546
4341,17,0,300,6547
4340,17,1,301,6548
4100,17,0,302,6549
4100,17,0,303,6550
4340,17,1,304,6551
4000,17,9,305,6552
4341,17,1,306,6553
4100,17,0,307,6554
4500,17,0,308,6555
3790,17,0,309,6556
4341,17,1,310,6557
4000,17,9,311,6558
4000,17,4,312,6559
4000,17,6,313,6560
4100,17,0,314,6561
4100,17,0,315,6562
4000,17,5,316,6563
4301,17,0,317,6564
4000,17,0,318,6565
4501,17,0,319,6566
4100,17,0,1000,6567
4340,17,0,1001,6568
4350,17,1,1002,6569
4500,17,0,1003,6570
4100,17,0,1004,6571
4300,17,1,1010,6572
4500,17,0,1011,6573
4000,17,1,1012,6574
4100,17,0,1013,6575
3790,17,0,1014,6576
4401,17,0,1020,6577
4100,17,0,1021,6578
4500,17,0,1022,6579
4100,17,0,1023,6580
4340,17,1,1024,6581
4101,17,0,1030,6582
3790,17,0,1031,6583
4340,17,1,1032,6584
4000,17,3,1033,6585
4100,17,0,1034,6586
4301,17,1,1040,6587
4100,17,0,1041,6588
4500,17,0,1042,6589
4300,17,1,1043,6590
4340,17,0,1044,6591
4500,17,0,1050,6592
4100,17,0,1051,6593
4340,17,0,1052,6594
4100,17,0,1053,6595
4100,17,0,1054,6596
4500,17,0,1060,6597
4100,17,0,1061,6598
4000,17,0,1062,6599
4301,17,0,1063,6600
4340,17,0,1064,6601
4340,17,0,1070,6602
4100,17,0,1071,6603
4000,17,0,1072,6604
4301,17,0,1073,6605
4300,17,1,1074,6606
4000,17,2,1080,6607
4340,17,1,1081,6608
4100,17,0,1082,6609
4100,17,0,1083,6610
4350,17,1,1084,6611
4500,17,0,1085,6612
4100,17,0,1086,6613
4340,17,0,1087,6614
4340,17,0,1088,6615
4100,17,0,1089,6616
4300,17,0,1090,6617
3790,17,0,1091,6618
4000,17,2,1092,6619
4100,17,0,1093,6620
4000,17,4,1094,6621
4300,17,1,1095,6622
4100,17,0,1096,6623
4100,17,0,1097,6624
4340,17,1,1098,6625
4000,17,1,1099,6626
4000,17,4,1100,6627
4100,17,0,1101,6628
4000,17,9,1102,6629
4350,17,1,1103,6630
4100,17,0,1104,6631
4100,17,0,1105,6632
4302,17,0,1106,6633
4100,17,0,1107,6634
4100,17,0,1108,6635
4340,17,0,1109,6636
4350,17,1,1110,6637
4340,17,0,1111,6638
3790,17,0,1112,6639
4100,17,0,1113,6640
4000,17,7,1114,6641
4300,17,0,1135,6642
4100,17,0,1136,6643
3790,17,0,1137,6644
4101,17,0,1138,6645
4301,17,1,1139,6646
4000,17,0,1140,6647
4500,17,0,1141,6648
4350,17,1,1142,6649
4340,17,1,1143,6650
4000,17,4,1144,6651
4341,17,1,1145,6652
4100,17,0,1146,6653
4100,17,0,1147,6654
4301,17,0,1148,6655
4401,17,0,1149,6656
4100,17,0,1150,6657
4300,17,1,1151,6658
4300,17,1,1152,6659
4340,17,0,1153,6660
4300,17,1,1154,6661
4000,17,0,1155,6662
4340,17,0,1156,6663
4340,17,1,1157,6664
4000,17,2,1158,6665
4300,17,0,1159,6666
4100,17,0,1160,6667
4100,17,0,1161,6668
4100,17,0,1162,6669
4100,17,0,1163,6670
4500,17,0,1164,6671
3790,17,0,1165,6672
4300,17,0,1166,6673
4100,17,0,1167,6674
4000,17,3,1168,6675
4000,17,4,1169,6676
4000,17,9,1170,6677
4000,17,4,1171,6678
4301,17,0,1172,6679
3790,17,0,1173,6680
4302,17,0,1174,6681
4000,17,2,1195,6682
4100,17,0,1196,6683
4100,17,0,1197,6684
4100,17,0,1198,6685
4100,17,0,1199,6686
4300,18,0,0,6687
4350,18,1,1,6688
4301,18,0,2,6689
4300,18,0,3,6690
4100,18,0,4,6691
4100,18,0,5,6692
4340,18,0,6,6693
4000,18,1,7,6694
4100,18,0,8,6695
4300,18,1,9,6696
3790,18,0,10,6697
4500,18,0,11,6698
4301,18,0,12,6699
4350,18,1,13,6700
4500,18,0,14,6701
4000,18,7,15,6702
4500,18,0,16,6703
4100,18,0,17,6704
4500,18,0,18,6705
4300,18,1,19,6706
4100,18,0,20,6707
4000,18,8,21,6708
4302,18,0,22,6709
4340,18,1,23,6710
4350,18,1,24,6711
3790,18,0,25,6712
4100,18,0,26,6713
4350,18,1,27,6714
4000,18,2,28,6715
4300,18,1,29,6716
4000,18,4,30,6717
4340,18,0,31,6718
4000,18,9,32,6719
4350,18,1,33,6720
4501,18,0,34,6721
4000,18,4,40,6722
4340,18,1,41,6723
4301,18,0,42,6724
4340,18,0,43,6725
4350,18,1,44,6726
4100,18,0,45,6727
4100,18,0,46,6728
4100,18,0,47,6729
4000,18,2,48,6730
4300,18,1,49,6731
4000,18,4,50,6732
4000,18,8,51,6733
4500,18,0,52,6734
4101,18,0,53,6735
4100,18,0,54,6736
4100,18,0,55,6737
4500,18,0,56,6738
4500,18,0,57,6739
4500,18,0,58,6740
4000,18,0,59,6741
4100,18,0,60,6742
4100,18,0,61,6743
4100,18,0,62,6744
4350,18,1,63,6745
4350,18,1,64,6746
3790,18,0,65,6747
4500,18,0,66,6748
4300,18,1,67,6749
4100,18,0,68,6750
4300,18,0,69,6751
4000,18,4,70,6752
4000,18,3,71,6753
4301,18,1,72,6754
4000,18,6,73,6755
4301,18,0,74,6756
4000,18,8,80,6757
4340,18,0,81,6758
4100,18,0,82,6759
4500,18,0,83,6760
4000,18,9,84,6761
4000,18,2,85,6762
4100,18,0,86,6763
4100,18,0,87,6764
4340,18,0,88,6765
4350,18,1,89,6766
4301,18,1,90,6767
4000,18,5,91,6768
4500,18,0,92,6769
4000,18,3,93,6770
4300,18,1,94,6771
4340,18,0,95,6772
4340,18,0,96,6773
4000,18,1,97,6774
4341,18,0,98,6775
4500,18,0,99,6776
4350,18,1,100,6777
3790,18,0,101,6778
4300,18,1,102,6779
4340,18,0,103,6780
4100,18,0,104,6781
4000,18,0,105,6782
4350,18,1,106,6783
4500,18,0,107,6784
3790,18,0,108,6785
4341,18,1,109,6786
4100,18,0,110,6787
4340,18,1,111,6788
4340,18,1,112,6789
4340,18,0,113,6790
4000,18,8,114,6791
4100,18,0,120,6792
4100,18,0,121,6793
4300,18,0,122,6794
3790,18,0,123,6795
4000,18,2,124,6796
4340,18,0,125,6797
4300,18,1,126,6798
4000,18,9,127,6799
4301,18,0,128,6800
4100,18,0,129,6801
3790,18,0,130,6802
4000,18,2,131,6803
4000,18,2,132,6804
4100,18,0,133,6805
4100,18,0,134,6806
4100,18,0,135,6807
4500,18,0,136,6808
4000,18,5,137,6809
4100,18,0,138,6810
4350,18,1,139,6811
4100,18,0,140,6812
4500,18,0,141,6813
3790,18,0,142,6814
4100,18,0,143,6815
4100,18,0,144,6816
4100,18,0,145,6817
4000,18,9,146,6818
4300,18,1,147,6819
4350,18,1,148,6820
4100,18,0,149,6821
4340,18,1,150,6822
4500,18,0,151,6823
4000,18,8,152,6824
3790,18,0,153,6825
4302,18,0,154,6826
4401,18,0,160,6827
4401,18,0,161,6828
4300,18,0,162,6829
4100,18,0,163,6830
4501,18,0,164,6831
4000,18,4,165,6832
4300,18,0,166,6833
4500,18,0,167,6834
4100,18,0,168,6835
4100,18,0,169,6836
4100,18,0,170,6837
4000,18,1,171,6838
4340,18,0,172,6839
4000,18,6,173,6840
4500,18,0,174,6841
4340,18,0,175,6842
4100,18,0,176,6843
4000,18,4,177,6844
4100,18,0,178,6845
4300,18,1,179,6846
4000,18,6,180,6847
4000,18,9,181,6848
4100,18,0,182,6849
4340,18,0,183,6850
4300,18,0,184,6851
4340,18,0,185,6852
4300,18,0,186,6853
4500,18,0,187,6854
4100,18,0,188,6855
4301,18,0,189,6856
4100,18,0,190,6857
4000,18,3,191,6858
4300,18,0,192,6859
4100,18,0,193,6860
4000,18,0,194,6861
4000,18,9,200,6862
4300,18,1,201,6863
4000,18,4,202,6864
4100,18,0,203,6865
4500,18,0,204,6866
4100,18,0,205,6867
4350,18,1,206,6868
4501,18,0,207,6869
4300,18,0,208,6870
4300,18,0,209,6871
4000,18,3,210,6872
4000,18,9,211,6873
4500,18,0,212,6874
4100,18,0,213,6875
4101,18,0,214,6876
4000,18,8,215,6877
4340,18,0,216,6878
4000,18,6,217,6879
4100,18,0,218,6880
4000,18,8,219,6881
4300,18,1,220,6882
4340,18,1,221,6883
4300,18,1,222,6884
4101,18,0,224,6885
4000,18,5,225,6886
3790,18,0,226,6887
4101,18,0,227,6888
4100,18,0,228,6889
4000,18,2,229,6890
4301,18,0,230,6891
4000,18,7,231,6892
4100,18,0,232,6893
4000,18,8,233,6894
4501,18,0,234,6895
4100,18,0,240,6896
4000,18,4,241,6897
4301,18,0,242,6898
4000,18,7,243,6899
4500,18,0,244,6900
4300,18,1,245,6901
4300,18,1,246,6902
4000,18,8,247,6903
4350,18,1,248,6904
4340,18,0,249,6905
4500,18,0,250,6906
4100,18,0,251,6907
4100,18,0,252,6908
4302,18,0,253,6909
4100,18,0,254,6910
4500,18,0,255,6911
3790,18,0,256,6912
4340,18,0,257,6913
4300,18,1,258,6914
4000,18,2,259,6915
4100,18,0,260,6916
4100,18,0,261,6917
4340,18,1,262,6918
4100,18,0,263,6919
4000,18,7,264,6920
4100,18,0,265,6921
4341,18,1,266,6922
4000,18,0,267,6923
4100,18,0,268,6924
4100,18,0,269,6925
4100,18,0,270,6926
4401,18,0,271,6927
4100,18,0,272,6928
4340,18,1,273,6929
4350,18,1,274,6930
4500,18,0,280,6931
4000,18,5,281,6932
4500,18,0,282,6933
4500,18,0,283,6934
4300,18,0,284,6935
4500,18,0,285,6936
4340,18,0,286,6937
4300,18,1,287,6938
4500,18,0,288,6939
4100,18,0,289,6940
4340,18,0,290,6941
4100,18,0,291,6942
4500,18,0,292,6943
4340,18,0,293,6944
4000,18,9,294,6945
4401,18,0,295,6946
4500,18,0,296,6947
4301,18,1,297,6948
4100,18,0,298,6949
4340,18,1,299,6950
4000,18,2,300,6951
4100,18,0,301,6952
4100,18,0,302,6953
4100,18,0,303,6954
4100,18,0,304,6955
4100,18,0,305,6956
4000,18,0,306,6957
4340,18,1,307,6958
4000,18,9,308,6959
4100,18,0,309,6960
4000,18,3,310,6961
4000,18,8,311,6962
4000,18,0,312,6963
4100,18,0,313,6964
4302,18,0,314,6965
4100,18,0,1000,6966
4340,18,0,1001,6967
4100,18,0,1002,6968
3790,18,0,1003,6969
4000,18,2,1004,6970
4300,18,0,1010,6971
4300,18,0,1011,6972
4300,18,0,1012,6973
4500,18,0,1013,6974
4301,18,1,1014,6975
4100,18,0,1020,6976
4340,18,0,1021,6977
4340,18,1,1022,6978
4000,18,0,1023,6979
4100,18,0,1024,6980
4340,18,0,1030,6981
4300,18,0,1031,6982
4300,18,1,1032,6983
4100,18,0,1033,6984
4100,18,0,1034,6985
3790,18,0,1040,6986
4100,18,0,1041,6987
4101,18,0,1042,6988
4341,18,0,1043,6989
4100,18,0,1044,6990
4000,18,2,1050,6991
4301,18,0,1051,6992
4100,18,0,1052,6993
4000,18,2,1053,6994
4000,18,4,1054,6995
4300,18,0,1060,6996
4100,18,0,1061,6997
4000,18,6,1062,6998
4000,18,6,1063,6999
4100,18,0,1064,7000
4000,18,2,1070,7001
4100,18,0,1071,7002
4100,18,0,1072,7003
4100,18,0,1073,7004
4100,18,0,1074,7005
3790,18,0,1080,7006
4500,18,0,1081,7007
4000,18,6,1082,7008
4000,18,0,1083,7009
4300,18,1,1084,7010
4340,18,1,1085,7011
4340,18,1,1086,7012
4350,18,1,1087,7013
4100,18,0,1088,7014
4340,18,1,1089,7015
4501,18,0,1090,7016
4340,18,1,1091,7017
4350,18,1,1092,7018
4500,18,0,1093,7019
4300,18,0,1094,7020
4000,18,1,1095,7021
4100,18,0,1096,7022
4300,18,1,1097,7023
4401,18,0,1098,7024
4500,18,0,1099,7025
4300,18,0,1100,7026
4100,18,0,1101,7027
4302,18,0,1102,7028
4100,18,0,1103,7029
4000,18,8,1104,7030
3790,18,0,1105,7031
4100,18,0,1106,7032
4100,18,0,1107,7033
4301,18,1,1108,7034
4340,18,0,1109,7035
4000,18,5,1110,7036
4100,18,0,1111,7037
4301,18,0,1112,7038
4340,18,1,1113,7039
4000,18,3,1114,7040
4100,18,0,1140,7041
4100,18,0,1141,7042
4301,18,1,1142,7043
4100,18,0,1143,7044
4000,18,8,1144,7045
4100,18,0,1145,7046
4100,18,0,1146,7047
4000,18,8,1147,7048
4500,18,0,1148,7049
4340,18,1,1149,7050
4340,18,1,1150,7051
4100,18,0,1151,7052
4301,18,1,1152,7053
4000,18,1,1153,7054
4100,18,0,1154,7055
4100,18,0,1155,7056
4340,18,0,1156,7057
4100,18,0,1157,7058
4340,18,0,1158,7059
4000,18,4,1159,7060
4401,18,0,1160,7061
4101,18,0,1161,7062
4341,18,1,1162,7063
4500,18,0,1163,7064
4100,18,0,1164,7065
4340,18,1,1165,7066
4300,18,0,1166,7067
4500,18,0,1167,7068
4302,18,0,1168,7069
4100,18,0,1169,7070
4100,18,0,1170,7071
4100,18,0,1171,7072
4500,18,0,1172,7073
4500,18,0,1173,7074
4000,18,2,1174,7075
4691,19,0,0,7076
4664,19,0,0,7077
4687,19,0,1,7078
4654,19,0,1,7079
4688,19,0,2,7080
4664,19,0,2,7081
4682,19,0,3,7082
4674,19,0,3,7083
4695,19,0,4,7084
4668,19,0,4,7085
4691,19,0,5,7086
4654,19,0,5,7087
4681,19,0,6,7088
4653,19,0,6,7089
4688,19,0,7,7090
4654,19,0,7,7091
4688,19,0,8,7092
4666,19,0,8,7093
4688,19,0,9,7094
4654,19,0,9,7095
4688,19,0,10,7096
4652,19,0,10,7097
4691,19,0,11,7098
4666,19,0,11,7099
4681,19,0,12,7100
4674,19,0,12,7101
4687,19,0,13,7102
4667,19,0,13,7103
4682,19,0,14,7104
4674,19,0,14,7105
4681,19,0,15,7106
4663,19,0,15,7107
4691,19,0,16,7108
4668,19,0,16,7109
4682,19,0,17,7110
4664,19,0,17,7111
4682,19,0,18,7112
4666,19,0,18,7113
4688,19,0,19,7114
4668,19,0,19,7115
4682,19,0,20,7116
4654,19,0,20,7117
4695,19,0,21,7118
4667,19,0,21,7119
4686,19,0,22,7120
4668,19,0,22,7121
4686,19,0,23,7122
4663,19,0,23,7123
4682,19,0,24,7124
4668,19,0,24,7125
4691,19,0,25,7126
4666,19,0,25,7127
4688,19,0,26,7128
4664,19,0,26,7129
4686,19,0,27,7130
4664,19,0,27,7131
4681,19,0,28,7132
4674,19,0,28,7133
4691,19,0,29,7134
4667,19,0,29,7135
4681,19,0,30,7136
4654,19,0,30,7137
4686,19,0,31,7138
4674,19,0,31,7139
4686,19,0,32,7140
4666,19,0,32,7141
4682,19,0,33,7142
4654,19,0,33,7143
4695,19,0,34,7144
4674,19,0,34,7145
4695,19,0,40,7146
4674,19,0,40,7147
4687,19,0,41,7148
4653,19,0,41,7149
4687,19,0,42,7150
4667,19,0,42,7151
4686,19,0,43,7152
4663,19,0,43,7153
4687,19,0,44,7154
4664,19,0,44,7155
4681,19,0,45,7156
4667,19,0,45,7157
4686,19,0,46,7158
4654,19,0,46,7159
4682,19,0,47,7160
4664,19,0,47,7161
4695,19,0,48,7162
4666,19,0,48,7163
4682,19,0,49,7164
4652,19,0,49,7165
4688,19,0,50,7166
4668,19,0,50,7167
4691,19,0,51,7168
4666,19,0,51,7169
4686,19,0,52,7170
4664,19,0,52,7171
4691,19,0,53,7172
4652,19,0,53,7173
4688,19,0,54,7174
4674,19,0,54,7175
4687,19,0,55,7176
4652,19,0,55,7177
4686,19,0,56,7178
4656,19,0,56,7179
4686,19,0,57,7180
4652,19,0,57,7181
4688,19,0,58,7182
4656,19,0,58,7183
4695,19,0,59,7184
4666,19,0,59,7185
4682,19,0,60,7186
4654,19,0,60,7187
4681,19,0,61,7188
4654,19,0,61,7189
4688,19,0,62,7190
4666,19,0,62,7191
4695,19,0,63,7192
4656,19,0,63,7193
4687,19,0,64,7194
4653,19,0,64,7195
4691,19,0,65,7196
4654,19,0,65,7197
4691,19,0,66,7198
4656,19,0,66,7199
4695,19,0,67,7200
4663,19,0,67,7201
4688,19,0,68,7202
4674,19,0,68,7203
4688,19,0,69,7204
4664,19,0,69,7205
4695,19,0,70,7206
4652,19,0,70,7207
4695,19,0,71,7208
4652,19,0,71,7209
4686,19,0,72,7210
4663,19,0,72,7211
4695,19,0,73,7212
4653,19,0,73,7213
4682,19,0,74,7214
4667,19,0,74,7215
4682,19,0,80,7216
4654,19,0,80,7217
4682,19,0,81,7218
4653,19,0,81,7219
4688,19,0,82,7220
4664,19,0,82,7221
4688,19,0,83,7222
4653,19,0,83,7223
4695,19,0,84,7224
4656,19,0,84,7225
4686,19,0,85,7226
4663,19,0,85,7227
4688,19,0,86,7228
4663,19,0,86,7229
4695,19,0,87,7230
4666,19,0,87,7231
4686,19,0,88,7232
4654,19,0,88,7233
4682,19,0,89,7234
4656,19,0,89,7235
4686,19,0,90,7236
4652,19,0,90,7237
4682,19,0,91,7238
4666,19,0,91,7239
4695,19,0,92,7240
4654,19,0,92,7241
4681,19,0,93,7242
4653,19,0,93,7243
4687,19,0,94,7244
4664,19,0,94,7245
4691,19,0,95,7246
4664,19,0,95,7247
4688,19,0,96,7248
4667,19,0,96,7249
4695,19,0,97,7250
4667,19,0,97,7251
4687,19,0,98,7252
4654,19,0,98,7253
4682,19,0,99,7254
4653,19,0,99,7255
4687,19,0,100,7256
4653,19,0,100,7257
4695,19,0,101,7258
4674,19,0,101,7259
4681,19,0,102,7260
4656,19,0,102,7261
4681,19,0,103,7262
4653,19,0,103,7263
4691,19,0,104,7264
4652,19,0,104,7265
4691,19,0,105,7266
4664,19,0,105,7267
4695,19,0,106,7268
4667,19,0,106,7269
4686,19,0,107,7270
4666,19,0,107,7271
4695,19,0,108,7272
4653,19,0,108,7273
4691,19,0,109,7274
4654,19,0,109,7275
4687,19,0,110,7276
4652,19,0,110,7277
4686,19,0,111,7278
4654,19,0,111,7279
4682,19,0,112,7280
4666,19,0,112,7281
4688,19,0,113,7282
4654,19,0,113,7283
4686,19,0,114,7284
4654,19,0,114,7285
4682,19,0,120,7286
4656,19,0,120,7287
4691,19,0,121,7288
4652,19,0,121,7289
4695,19,0,122,7290
4663,19,0,122,7291
4687,19,0,123,7292
4666,19,0,123,7293
4686,19,0,124,7294
4653,19,0,124,7295
4691,19,0,125,7296
4663,19,0,125,7297
4688,19,0,126,7298
4652,19,0,126,7299
4691,19,0,127,7300
4653,19,0,127,7301
4687,19,0,128,7302
4667,19,0,128,7303
4681,19,0,129,7304
4666,19,0,129,7305
4681,19,0,130,7306
4666,19,0,130,7307
4695,19,0,131,7308
4674,19,0,131,7309
4682,19,0,132,7310
4666,19,0,132,7311
4688,19,0,133,7312
4674,19,0,133,7313
4691,19,0,134,7314
4668,19,0,134,7315
4691,19,0,135,7316
4653,19,0,135,7317
4688,19,0,136,7318
4668,19,0,136,7319
4682,19,0,137,7320
4656,19,0,137,7321
4687,19,0,138,7322
4653,19,0,138,7323
4686,19,0,139,7324
4652,19,0,139,7325
4682,19,0,140,7326
4663,19,0,140,7327
4681,19,0,141,7328
4654,19,0,141,7329
4691,19,0,142,7330
4663,19,0,142,7331
4687,19,0,143,7332
4663,19,0,143,7333
4695,19,0,144,7334
4663,19,0,144,7335
4681,19,0,145,7336
4654,19,0,145,7337
4681,19,0,146,7338
4664,19,0,146,7339
4695,19,0,147,7340
4668,19,0,147,7341
4686,19,0,148,7342
4656,19,0,148,7343
4695,19,0,149,7344
4653,19,0,149,7345
4682,19,0,150,7346
4656,19,0,150,7347
4695,19,0,151,7348
4666,19,0,151,7349
4688,19,0,152,7350
4666,19,0,152,7351
4687,19,0,153,7352
4674,19,0,153,7353
4695,19,0,154,7354
4674,19,0,154,7355
4686,19,0,160,7356
4663,19,0,160,7357
4681,19,0,161,7358
4664,19,0,161,7359
4695,19,0,162,7360
4654,19,0,162,7361
4691,19,0,163,7362
4653,19,0,163,7363
4691,19,0,164,7364
4667,19,0,164,7365
4691,19,0,165,7366
4668,19,0,165,7367
4681,19,0,166,7368
4656,19,0,166,7369
4695,19,0,167,7370
4667,19,0,167,7371
4681,19,0,168,7372
4668,19,0,168,7373
4687,19,0,169,7374
4663,19,0,169,7375
4695,19,0,170,7376
4663,19,0,170,7377
4688,19,0,171,7378
4652,19,0,171,7379
4687,19,0,172,7380
4674,19,0,172,7381
4681,19,0,173,7382
4664,19,0,173,7383
4687,19,0,174,7384
4667,19,0,174,7385
4695,19,0,175,7386
4668,19,0,175,7387
4688,19,0,176,7388
4668,19,0,176,7389
4688,19,0,177,7390
4653,19,0,177,7391
4687,19,0,178,7392
4663,19,0,178,7393
4691,19,0,179,7394
4664,19,0,179,7395
4686,19,0,180,7396
4674,19,0,180,7397
4681,19,0,181,7398
4674,19,0,181,7399
4686,19,0,182,7400
4667,19,0,182,7401
4687,19,0,183,7402
4664,19,0,183,7403
4691,19,0,184,7404
4652,19,0,184,7405
4681,19,0,185,7406
4654,19,0,185,7407
4686,19,0,186,7408
4656,19,0,186,7409
4681,19,0,187,7410
4664,19,0,187,7411
4691,19,0,188,7412
4654,19,0,188,7413
4687,19,0,189,7414
4668,19,0,189,7415
4695,19,0,190,7416
4654,19,0,190,7417
4687,19,0,191,7418
4653,19,0,191,7419
4686,19,0,192,7420
4663,19,0,192,7421
4687,19,0,193,7422
4663,19,0,193,7423
4688,19,0,194,7424
4666,19,0,194,7425
4687,19,0,200,7426
4663,19,0,200,7427
4695,19,0,201,7428
4654,19,0,201,7429
4695,19,0,202,7430
4663,19,0,202,7431
4688,19,0,203,7432
4674,19,0,203,7433
4687,19,0,204,7434
4652,19,0,204,7435
4682,19,0,205,7436
4654,19,0,205,7437
4686,19,0,206,7438
4666,19,0,206,7439
4681,19,0,207,7440
4674,19,0,207,7441
4682,19,0,208,7442
4653,19,0,208,7443
4682,19,0,209,7444
4654,19,0,209,7445
4686,19,0,210,7446
4674,19,0,210,7447
4686,19,0,211,7448
4668,19,0,211,7449
4695,19,0,212,7450
4654,19,0,212,7451
4686,19,0,213,7452
4664,19,0,213,7453
4682,19,0,214,7454
4656,19,0,214,7455
4686,19,0,215,7456
4652,19,0,215,7457
4687,19,0,216,7458
4666,19,0,216,7459
4691,19,0,217,7460
4674,19,0,217,7461
4682,19,0,218,7462
4652,19,0,218,7463
4686,19,0,219,7464
4656,19,0,219,7465
4695,19,0,220,7466
4654,19,0,220,7467
4688,19,0,221,7468
4666,19,0,221,7469
4682,19,0,222,7470
4666,19,0,222,7471
4691,19,0,223,7472
4668,19,0,223,7473
4681,19,0,224,7474
4668,19,0,224,7475
4688,19,0,225,7476
4674,19,0,225,7477
4686,19,0,226,7478
4668,19,0,226,7479
4687,19,0,227,7480
4668,19,0,227,7481
4686,19,0,228,7482
4652,19,0,228,7483
4691,19,0,229,7484
4674,19,0,229,7485
4695,19,0,230,7486
4674,19,0,230,7487
4687,19,0,231,7488
4652,19,0,231,7489
4686,19,0,232,7490
4664,19,0,232,7491
4681,19,0,233,7492
4652,19,0,233,7493
4691,19,0,234,7494
4652,19,0,234,7495
4686,19,0,240,7496
4653,19,0,240,7497
4691,19,0,241,7498
4664,19,0,241,7499
4688,19,0,242,7500
4663,19,0,242,7501
4688,19,0,243,7502
4654,19,0,243,7503
4688,19,0,244,7504
4674,19,0,244,7505
4687,19,0,245,7506
4668,19,0,245,7507
4691,19,0,246,7508
4663,19,0,246,7509
4682,19,0,247,7510
4667,19,0,247,7511
4688,19,0,248,7512
4663,19,0,248,7513
4681,19,0,249,7514
4674,19,0,249,7515
4687,19,0,250,7516
4674,19,0,250,7517
4686,19,0,251,7518
4668,19,0,251,7519
4682,19,0,252,7520
4674,19,0,252,7521
4691,19,0,253,7522
4667,19,0,253,7523
4687,19,0,254,7524
4653,19,0,254,7525
4687,19,0,255,7526
4674,19,0,255,7527
4687,19,0,256,7528
4653,19,0,256,7529
4686,19,0,257,7530
4674,19,0,257,7531
4686,19,0,258,7532
4674,19,0,258,7533
4687,19,0,259,7534
4667,19,0,259,7535
4682,19,0,260,7536
4656,19,0,260,7537
4688,19,0,261,7538
4664,19,0,261,7539
4695,19,0,262,7540
4666,19,0,262,7541
4686,19,0,263,7542
4674,19,0,263,7543
4691,19,0,264,7544
4668,19,0,264,7545
4687,19,0,265,7546
4654,19,0,265,7547
4691,19,0,266,7548
4664,19,0,266,7549
4686,19,0,267,7550
4668,19,0,267,7551
4682,19,0,268,7552
4656,19,0,268,7553
4681,19,0,269,7554
4656,19,0,269,7555
4682,19,0,270,7556
4652,19,0,270,7557
4682,19,0,271,7558
4652,19,0,271,7559
4686,19,0,272,7560
4653,19,0,272,7561
4687,19,0,273,7562
4654,19,0,273,7563
4688,19,0,274,7564
4663,19,0,274,7565
4681,19,0,280,7566
4653,19,0,280,7567
4686,19,0,281,7568
4663,19,0,281,7569
4687,19,0,282,7570
4666,19,0,282,7571
4682,19,0,283,7572
4652,19,0,283,7573
4691,19,0,284,7574
4666,19,0,284,7575
4691,19,0,285,7576
4654,19,0,285,7577
4695,19,0,286,7578
4652,19,0,286,7579
4691,19,0,287,7580
4653,19,0,287,7581
4681,19,0,288,7582
4663,19,0,288,7583
4681,19,0,289,7584
4666,19,0,289,7585
4682,19,0,290,7586
4656,19,0,290,7587
4691,19,0,291,7588
4668,19,0,291,7589
4695,19,0,292,7590
4668,19,0,292,7591
4687,19,0,293,7592
4652,19,0,293,7593
4686,19,0,294,7594
4667,19,0,294,7595
4682,19,0,295,7596
4663,19,0,295,7597
4681,19,0,296,7598
4654,19,0,296,7599
4687,19,0,297,7600
4652,19,0,297,7601
4682,19,0,298,7602
4667,19,0,298,7603
4681,19,0,299,7604
4668,19,0,299,7605
4688,19,0,300,7606
4667,19,0,300,7607
4682,19,0,301,7608
4674,19,0,301,7609
4687,19,0,302,7610
4654,19,0,302,7611
4695,19,0,303,7612
4664,19,0,303,7613
4682,19,0,304,7614
4653,19,0,304,7615
4691,19,0,305,7616
4653,19,0,305,7617
4691,19,0,306,7618
4664,19,0,306,7619
4695,19,0,307,7620
4666,19,0,307,7621
4687,19,0,308,7622
4666,19,0,308,7623
4691,19,0,309,7624
4666,19,0,309,7625
4695,19,0,310,7626
4654,19,0,310,7627
4681,19,0,311,7628
4656,19,0,311,7629
4686,19,0,312,7630
4663,19,0,312,7631
4687,19,0,313,7632
4674,19,0,313,7633
4682,19,0,314,7634
4652,19,0,314,7635
4682,19,0,1000,7636
4654,19,0,1000,7637
4686,19,0,1001,7638
4668,19,0,1001,7639
4681,19,0,1002,7640
4674,19,0,1002,7641
4682,19,0,1003,7642
4667,19,0,1003,7643
4688,19,0,1004,7644
4653,19,0,1004,7645
4687,19,0,1010,7646
4653,19,0,1010,7647
4688,19,0,1011,7648
4674,19,0,1011,7649
4681,19,0,1012,7650
4656,19,0,1012,7651
4686,19,0,1013,7652
4667,19,0,1013,7653
4691,19,0,1014,7654
4654,19,0,1014,7655
4688,19,0,1020,7656
4654,19,0,1020,7657
4686,19,0,1021,7658
4652,19,0,1021,7659
4687,19,0,1022,7660
4654,19,0,1022,7661
4682,19,0,1023,7662
4667,19,0,1023,7663
4681,19,0,1024,7664
4663,19,0,1024,7665
4687,19,0,1030,7666
4653,19,0,1030,7667
4682,19,0,1031,7668
4674,19,0,1031,7669
4691,19,0,1032,7670
4663,19,0,1032,7671
4682,19,0,1033,7672
4668,19,0,1033,7673
4691,19,0,1034,7674
4667,19,0,1034,7675
4695,19,0,1040,7676
4663,19,0,1040,7677
4681,19,0,1041,7678
4654,19,0,1041,7679
4695,19,0,1042,7680
4664,19,0,1042,7681
4695,19,0,1043,7682
4668,19,0,1043,7683
4681,19,0,1044,7684
4664,19,0,1044,7685
4695,19,0,1050,7686
4666,19,0,1050,7687
4682,19,0,1051,7688
4663,19,0,1051,7689
4682,19,0,1052,7690
4654,19,0,1052,7691
4695,19,0,1053,7692
4653,19,0,1053,7693
4686,19,0,1054,7694
4656,19,0,1054,7695
4687,19,0,1060,7696
4653,19,0,1060,7697
4688,19,0,1061,7698
4656,19,0,1061,7699
4681,19,0,1062,7700
4656,19,0,1062,7701
4688,19,0,1063,7702
4667,19,0,1063,7703
4688,19,0,1064,7704
4668,19,0,1064,7705
4695,19,0,1070,7706
4664,19,0,1070,7707
4682,19,0,1071,7708
4664,19,0,1071,7709
4681,19,0,1072,7710
4656,19,0,1072,7711
4681,19,0,1073,7712
4674,19,0,1073,7713
4687,19,0,1074,7714
4668,19,0,1074,7715
4688,19,0,1080,7716
4664,19,0,1080,7717
4682,19,0,1081,7718
4668,19,0,1081,7719
4682,19,0,1082,7720
4674,19,0,1082,7721
4695,19,0,1083,7722
4664,19,0,1083,7723
4682,19,0,1084,7724
4668,19,0,1084,7725
4688,19,0,1085,7726
4674,19,0,1085,7727
4682,19,0,1086,7728
4668,19,0,1086,7729
4695,19,0,1087,7730
4664,19,0,1087,7731
4682,19,0,1088,7732
4667,19,0,1088,7733
4695,19,0,1089,7734
4653,19,0,1089,7735
4687,19,0,1090,7736
4653,19,0,1090,7737
4691,19,0,1091,7738
4653,19,0,1091,7739
4687,19,0,1092,7740
4667,19,0,1092,7741
4691,19,0,1093,7742
4654,19,0,1093,7743
4681,19,0,1094,7744
4667,19,0,1094,7745
4691,19,0,1095,7746
4667,19,0,1095,7747
4687,19,0,1096,7748
4653,19,0,1096,7749
4691,19,0,1097,7750
4656,19,0,1097,7751
4681,19,0,1098,7752
4656,19,0,1098,7753
4686,19,0,1099,7754
4663,19,0,1099,7755
4687,19,0,1100,7756
4654,19,0,1100,7757
4681,19,0,1101,7758
4654,19,0,1101,7759
4686,19,0,1102,7760
4653,19,0,1102,7761
4682,19,0,1103,7762
4652,19,0,1103,7763
4681,19,0,1104,7764
4666,19,0,1104,7765
4695,19,0,1105,7766
4667,19,0,1105,7767
4681,19,0,1106,7768
4668,19,0,1106,7769
4681,19,0,1107,7770
4652,19,0,1107,7771
4682,19,0,1108,7772
4674,19,0,1108,7773
4682,19,0,1109,7774
4653,19,0,1109,7775
4691,19,0,1110,7776
4664,19,0,1110,7777
4687,19,0,1111,7778
4668,19,0,1111,7779
4686,19,0,1112,7780
4652,19,0,1112,7781
4686,19,0,1113,7782
4664,19,0,1113,7783
4687,19,0,1114,7784
4668,19,0,1114,7785
4686,19,0,1140,7786
4667,19,0,1140,7787
4695,19,0,1141,7788
4667,19,0,1141,7789
4695,19,0,1142,7790
4656,19,0,1142,7791
4681,19,0,1143,7792
4674,19,0,1143,7793
4695,19,0,1144,7794
4664,19,0,1144,7795
4681,19,0,1145,7796
4664,19,0,1145,7797
4681,19,0,1146,7798
4663,19,0,1146,7799
4686,19,0,1147,7800
4674,19,0,1147,7801
4682,19,0,1148,7802
4652,19,0,1148,7803
4682,19,0,1149,7804
4654,19,0,1149,7805
4682,19,0,1150,7806
4668,19,0,1150,7807
4688,19,0,1151,7808
4668,19,0,1151,7809
4682,19,0,1152,7810
4654,19,0,1152,7811
4688,19,0,1153,7812
4666,19,0,1153,7813
4695,19,0,1154,7814
4664,19,0,1154,7815
4686,19,0,1155,7816
4674,19,0,1155,7817
4695,19,0,1156,7818
4668,19,0,1156,7819
4695,19,0,1157,7820
4674,19,0,1157,7821
4686,19,0,1158,7822
4654,19,0,1158,7823
4681,19,0,1159,7824
4668,19,0,1159,7825
4688,19,0,1160,7826
4656,19,0,1160,7827
4687,19,0,1161,7828
4652,19,0,1161,7829
4686,19,0,1162,7830
4654,19,0,1162,7831
4695,19,0,1163,7832
4652,19,0,1163,7833
4681,19,0,1164,7834
4652,19,0,1164,7835
4681,19,0,1165,7836
4674,19,0,1165,7837
4686,19,0,1166,7838
4652,19,0,1166,7839
4682,19,0,1167,7840
4652,19,0,1167,7841
4688,19,0,1168,7842
4668,19,0,1168,7843
4695,19,0,1169,7844
4674,19,0,1169,7845
4686,19,0,1170,7846
4664,19,0,1170,7847
4682,19,0,1171,7848
4674,19,0,1171,7849
4687,19,0,1172,7850
4664,19,0,1172,7851
4682,19,0,1173,7852
4656,19,0,1173,7853
4682,19,0,1174,7854
4654,19,0,1174,7855
4942,20,0,0,7856
4943,20,0,1,7857
4941,20,0,2,7858
4941,20,0,3,7859
4941,20,0,4,7860
4943,20,0,5,7861
4942,20,0,6,7862
4943,20,0,7,7863
4943,20,0,8,7864
4943,20,0,9,7865
4941,20,0,10,7866
4942,20,0,11,7867
4942,20,0,12,7868
4942,20,0,13,7869
4942,20,0,14,7870
4943,20,0,15,7871
4942,20,0,16,7872
4941,20,0,17,7873
4942,20,0,18,7874
4943,20,0,19,7875
4941,20,0,20,7876
4942,20,0,21,7877
4942,20,0,22,7878
4941,20,0,23,7879
4942,20,0,24,7880
4942,20,0,25,7881
4942,20,0,26,7882
4941,20,0,27,7883
4943,20,0,28,7884
4942,20,0,29,7885
4943,20,0,30,7886
4943,20,0,31,7887
4941,20,0,32,7888
4941,20,0,33,7889
4941,20,0,34,7890
4942,20,0,40,7891
4941,20,0,41,7892
4943,20,0,42,7893
4943,20,0,43,7894
4941,20,0,44,7895
4943,20,0,45,7896
4941,20,0,46,7897
4942,20,0,47,7898
4942,20,0,48,7899
4941,20,0,49,7900
4943,20,0,50,7901
4942,20,0,51,7902
4941,20,0,52,7903
4941,20,0,53,7904
4943,20,0,54,7905
4943,20,0,55,7906
4943,20,0,56,7907
4942,20,0,57,7908
4942,20,0,58,7909
4943,20,0,59,7910
4941,20,0,60,7911
4942,20,0,61,7912
4943,20,0,62,7913
4941,20,0,63,7914
4941,20,0,64,7915
4943,20,0,65,7916
4942,20,0,66,7917
4943,20,0,67,7918
4942,20,0,68,7919
4942,20,0,69,7920
4942,20,0,70,7921
4941,20,0,71,7922
4943,20,0,72,7923
4942,20,0,73,7924
4943,20,0,74,7925
4943,20,0,80,7926
4942,20,0,81,7927
4941,20,0,82,7928
4942,20,0,83,7929
4942,20,0,84,7930
4942,20,0,85,7931
4943,20,0,86,7932
4942,20,0,87,7933
4942,20,0,88,7934
4942,20,0,89,7935
4941,20,0,90,7936
4943,20,0,91,7937
4941,20,0,92,7938
4942,20,0,93,7939
4943,20,0,94,7940
4942,20,0,95,7941
4943,20,0,96,7942
4943,20,0,97,7943
4943,20,0,98,7944
4943,20,0,99,7945
4941,20,0,100,7946
4943,20,0,101,7947
4941,20,0,102,7948
4942,20,0,103,7949
4942,20,0,104,7950
4943,20,0,105,7951
4943,20,0,106,7952
4941,20,0,107,7953
4942,20,0,108,7954
4942,20,0,109,7955
4943,20,0,110,7956
4942,20,0,111,7957
4943,20,0,112,7958
4942,20,0,113,7959
4941,20,0,114,7960
4941,20,0,120,7961
4943,20,0,121,7962
4941,20,0,122,7963
4942,20,0,123,7964
4941,20,0,124,7965
4943,20,0,125,7966
4942,20,0,126,7967
4943,20,0,127,7968
4943,20,0,128,7969
4942,20,0,129,7970
4942,20,0,130,7971
4941,20,0,131,7972
4942,20,0,132,7973
4942,20,0,133,7974
4943,20,0,134,7975
4942,20,0,135,7976
4943,20,0,136,7977
4943,20,0,137,7978
4943,20,0,138,7979
4941,20,0,139,7980
4943,20,0,140,7981
4942,20,0,141,7982
4943,20,0,142,7983
4941,20,0,143,7984
4943,20,0,144,7985
4941,20,0,145,7986
4943,20,0,146,7987
4942,20,0,147,7988
4941,20,0,148,7989
4943,20,0,149,7990
4943,20,0,150,7991
4943,20,0,151,7992
4943,20,0,152,7993
4943,20,0,153,7994
4943,20,0,154,7995
4941,20,0,160,7996
4941,20,0,161,7997
4942,20,0,162,7998
4942,20,0,163,7999
4943,20,0,164,8000
4941,20,0,165,8001
4942,20,0,166,8002
4943,20,0,167,8003
4941,20,0,168,8004
4943,20,0,169,8005
4942,20,0,170,8006
4941,20,0,171,8007
4941,20,0,172,8008
4941,20,0,173,8009
4943,20,0,174,8010
4941,20,0,175,8011
4941,20,0,176,8012
4942,20,0,177,8013
4943,20,0,178,8014
4941,20,0,179,8015
4943,20,0,180,8016
4941,20,0,181,8017
4941,20,0,182,8018
4941,20,0,183,8019
4942,20,0,184,8020
4943,20,0,185,8021
4942,20,0,186,8022
4943,20,0,187,8023
4941,20,0,188,8024
4942,20,0,189,8025
4941,20,0,190,8026
4943,20,0,191,8027
4941,20,0,192,8028
4942,20,0,193,8029
4943,20,0,194,8030
4943,20,0,200,8031
4943,20,0,201,8032
4942,20,0,202,8033
4943,20,0,203,8034
4941,20,0,204,8035
4943,20,0,205,8036
4941,20,0,206,8037
4943,20,0,207,8038
4942,20,0,208,8039
4943,20,0,209,8040
4942,20,0,210,8041
4941,20,0,211,8042
4942,20,0,212,8043
4942,20,0,213,8044
4941,20,0,214,8045
4943,20,0,215,8046
4941,20,0,216,8047
4943,20,0,217,8048
4943,20,0,218,8049
4943,20,0,219,8050
4942,20,0,220,8051
4941,20,0,221,8052
4943,20,0,222,8053
4942,20,0,223,8054
4941,20,0,224,8055
4941,20,0,225,8056
4941,20,0,226,8057
4941,20,0,227,8058
4941,20,0,228,8059
4943,20,0,229,8060
4943,20,0,230,8061
4943,20,0,231,8062
4941,20,0,232,8063
4943,20,0,233,8064
4943,20,0,234,8065
4943,20,0,240,8066
4942,20,0,241,8067
4943,20,0,242,8068
4943,20,0,243,8069
4943,20,0,244,8070
4942,20,0,245,8071
4941,20,0,246,8072
4941,20,0,247,8073
4941,20,0,248,8074
4941,20,0,249,8075
4942,20,0,250,8076
4942,20,0,251,8077
4943,20,0,252,8078
4942,20,0,253,8079
4942,20,0,254,8080
4941,20,0,255,8081
4941,20,0,256,8082
4943,20,0,257,8083
4942,20,0,258,8084
4941,20,0,259,8085
4943,20,0,260,8086
4942,20,0,261,8087
4943,20,0,262,8088
4941,20,0,263,8089
4942,20,0,264,8090
4942,20,0,265,8091
4942,20,0,266,8092
4941,20,0,267,8093
4941,20,0,268,8094
4943,20,0,269,8095
4941,20,0,270,8096
4941,20,0,271,8097
4942,20,0,272,8098
4941,20,0,273,8099
4942,20,0,274,8100
4941,20,0,280,8101
4942,20,0,281,8102
4941,20,0,282,8103
4942,20,0,283,8104
4942,20,0,284,8105
4941,20,0,285,8106
4942,20,0,286,8107
4942,20,0,287,8108
4942,20,0,288,8109
4942,20,0,289,8110
4941,20,0,290,8111
4943,20,0,291,8112
4941,20,0,292,8113
4942,20,0,293,8114
4941,20,0,294,8115
4942,20,0,295,8116
4941,20,0,296,8117
4941,20,0,297,8118
4942,20,0,298,8119
4942,20,0,299,8120
4942,20,0,300,8121
4942,20,0,301,8122
4942,20,0,302,8123
4942,20,0,303,8124
4941,20,0,304,8125
4941,20,0,305,8126
4941,20,0,306,8127
4942,20,0,307,8128
4942,20,0,308,8129
4941,20,0,309,8130
4942,20,0,310,8131
4943,20,0,311,8132
4941,20,0,312,8133
4941,20,0,313,8134
4943,20,0,314,8135
4941,20,0,1000,8136
4941,20,0,1001,8137
4943,20,0,1002,8138
4941,20,0,1003,8139
4943,20,0,1004,8140
4941,20,0,1010,8141
4941,20,0,1011,8142
4941,20,0,1012,8143
4942,20,0,1013,8144
4942,20,0,1014,8145
4943,20,0,1020,8146
4943,20,0,1021,8147
4941,20,0,1022,8148
4942,20,0,1023,8149
4942,20,0,1024,8150
4942,20,0,1030,8151
4941,20,0,1031,8152
4943,20,0,1032,8153
4941,20,0,1033,8154
4943,20,0,1034,8155
4942,20,0,1040,8156
4943,20,0,1041,8157
4942,20,0,1042,8158
4941,20,0,1043,8159
4942,20,0,1044,8160
4942,20,0,1050,8161
4943,20,0,1051,8162
4943,20,0,1052,8163
4942,20,0,1053,8164
4941,20,0,1054,8165
4942,20,0,1060,8166
4941,20,0,1061,8167
4943,20,0,1062,8168
4943,20,0,1063,8169
4941,20,0,1064,8170
4943,20,0,1070,8171
4943,20,0,1071,8172
4941,20,0,1072,8173
4943,20,0,1073,8174
4941,20,0,1074,8175
4941,20,0,1080,8176
4943,20,0,1081,8177
4943,20,0,1082,8178
4943,20,0,1083,8179
4943,20,0,1084,8180
4941,20,0,1085,8181
4943,20,0,1086,8182
4943,20,0,1087,8183
4942,20,0,1088,8184
4942,20,0,1089,8185
4941,20,0,1090,8186
4941,20,0,1091,8187
4941,20,0,1092,8188
4942,20,0,1093,8189
4941,20,0,1094,8190
4941,20,0,1095,8191
4942,20,0,1096,8192
4943,20,0,1097,8193
4941,20,0,1098,8194
4942,20,0,1099,8195
4943,20,0,1100,8196
4941,20,0,1101,8197
4943,20,0,1102,8198
4943,20,0,1103,8199
4942,20,0,1104,8200
4942,20,0,1105,8201
4942,20,0,1106,8202
4943,20,0,1107,8203
4941,20,0,1108,8204
4942,20,0,1109,8205
4942,20,0,1110,8206
4942,20,0,1111,8207
4941,20,0,1112,8208
4943,20,0,1113,8209
4942,20,0,1114,8210
4943,20,0,1140,8211
4942,20,0,1141,8212
4943,20,0,1142,8213
4942,20,0,1143,8214
4942,20,0,1144,8215
4941,20,0,1145,8216
4943,20,0,1146,8217
4941,20,0,1147,8218
4943,20,0,1148,8219
4941,20,0,1149,8220
4941,20,0,1150,8221
4942,20,0,1151,8222
4941,20,0,1152,8223
4942,20,0,1153,8224
4943,20,0,1154,8225
4943,20,0,1155,8226
4943,20,0,1156,8227
4943,20,0,1157,8228
4942,20,0,1158,8229
4943,20,0,1159,8230
4943,20,0,1160,8231
4941,20,0,1161,8232
4941,20,0,1162,8233
4942,20,0,1163,8234
4941,20,0,1164,8235
4941,20,0,1165,8236
4942,20,0,1166,8237
4941,20,0,1167,8238
4941,20,0,1168,8239
4942,20,0,1169,8240
4943,20,0,1170,8241
4943,20,0,1171,8242
4941,20,0,1172,8243
4941,20,0,1173,8244
4941,20,0,1174,8245
4674,21,0,0,8246
4663,21,0,1,8247
4671,21,0,2,8248
4653,21,0,3,8249
4659,21,0,4,8250
4659,21,0,5,8251
4666,21,0,6,8252
4551,21,0,7,8253
4655,21,0,8,8254
4655,21,0,9,8255
4654,21,0,10,8256
4657,21,0,11,8257
4669,21,0,12,8258
4671,21,0,13,8259
4665,21,0,14,8260
4674,21,0,15,8261
4671,21,0,16,8262
4654,21,0,17,8263
4668,21,0,18,8264
4662,21,0,19,8265
4652,21,0,20,8266
4672,21,0,21,8267
4657,21,0,22,8268
4653,21,0,23,8269
4659,21,0,24,8270
4655,21,0,30,8271
4672,21,0,31,8272
4657,21,0,32,8273
4655,21,0,33,8274
4651,21,0,34,8275
4672,21,0,35,8276
4663,21,0,36,8277
4658,21,0,37,8278
4551,21,0,38,8279
4551,21,0,39,8280
4667,21,0,40,8281
4672,21,0,41,8282
4677,21,0,42,8283
4677,21,0,43,8284
4662,21,0,44,8285
4655,21,0,45,8286
4672,21,0,46,8287
4672,21,0,47,8288
4667,21,0,48,8289
4671,21,0,49,8290
4677,21,0,50,8291
4671,21,0,51,8292
4669,21,0,52,8293
4672,21,0,53,8294
4672,21,0,54,8295
4654,21,0,55,8296
4667,21,0,56,8297
4668,21,0,57,8298
4669,21,0,58,8299
4655,21,0,59,8300
4668,21,0,60,8301
4651,21,0,61,8302
4651,21,0,62,8303
4658,21,0,63,8304
4654,21,0,64,8305
4674,21,0,70,8306
4663,21,0,71,8307
4653,21,0,72,8308
4671,21,0,73,8309
4671,21,0,74,8310
4677,21,0,75,8311
4672,21,0,76,8312
4667,21,0,77,8313
4674,21,0,78,8314
4662,21,0,79,8315
4657,21,0,80,8316
4654,21,0,81,8317
4665,21,0,82,8318
4551,21,0,83,8319
4672,21,0,84,8320
4671,21,0,85,8321
4658,21,0,86,8322
4657,21,0,87,8323
4657,21,0,88,8324
4657,21,0,89,8325
4666,21,0,90,8326
4653,21,0,91,8327
4657,21,0,92,8328
4677,21,0,93,8329
4671,21,0,94,8330
4666,21,0,95,8331
4651,21,0,96,8332
4655,21,0,97,8333
4653,21,0,98,8334
4671,21,0,99,8335
4666,21,0,100,8336
4657,21,0,101,8337
4654,21,0,102,8338
4666,21,0,103,8339
4668,21,0,104,8340
4672,21,0,110,8341
4665,21,0,111,8342
4669,21,0,112,8343
4672,21,0,113,8344
4665,21,0,114,8345
4665,21,0,115,8346
4666,21,0,116,8347
4663,21,0,117,8348
4655,21,0,118,8349
4663,21,0,119,8350
4653,21,0,120,8351
4668,21,0,121,8352
4657,21,0,122,8353
4664,21,0,123,8354
4659,21,0,124,8355
4659,21,0,125,8356
4551,21,0,126,8357
4677,21,0,127,8358
4654,21,0,128,8359
4668,21,0,129,8360
4656,21,0,130,8361
4653,21,0,131,8362
4664,21,0,132,8363
4667,21,0,133,8364
4655,21,0,134,8365
4667,21,0,135,8366
4674,21,0,136,8367
4659,21,0,137,8368
4666,21,0,138,8369
4666,21,0,139,8370
4677,21,0,140,8371
4651,21,0,141,8372
4658,21,0,142,8373
4655,21,0,143,8374
4652,21,0,144,8375
4654,21,0,150,8376
4662,21,0,151,8377
4655,21,0,152,8378
4657,21,0,153,8379
4665,21,0,154,8380
4671,21,0,155,8381
4668,21,0,156,8382
4677,21,0,157,8383
4662,21,0,158,8384
4657,21,0,159,8385
4651,21,0,160,8386
4655,21,0,161,8387
4659,21,0,162,8388
4659,21,0,163,8389
4651,21,0,164,8390
4677,21,0,165,8391
4665,21,0,166,8392
4672,21,0,167,8393
4658,21,0,168,8394
4667,21,0,169,8395
4668,21,0,170,8396
4665,21,0,171,8397
4652,21,0,172,8398
4669,21,0,173,8399
4652,21,0,174,8400
4663,21,0,175,8401
4665,21,0,176,8402
4666,21,0,177,8403
4658,21,0,178,8404
4654,21,0,179,8405
4652,21,0,180,8406
4653,21,0,181,8407
4657,21,0,182,8408
4671,21,0,183,8409
4662,21,0,184,8410
4668,21,0,190,8411
4672,21,0,191,8412
4672,21,0,192,8413
4651,21,0,193,8414
4651,21,0,194,8415
4657,21,0,195,8416
4657,21,0,196,8417
4669,21,0,197,8418
4651,21,0,198,8419
4656,21,0,199,8420
4671,21,0,200,8421
4662,21,0,201,8422
4671,21,0,202,8423
4655,21,0,203,8424
4666,21,0,204,8425
4659,21,0,205,8426
4657,21,0,206,8427
4659,21,0,207,8428
4654,21,0,208,8429
4663,21,0,209,8430
4666,21,0,210,8431
4667,21,0,211,8432
4666,21,0,212,8433
4667,21,0,213,8434
4551,21,0,214,8435
4657,21,0,215,8436
4677,21,0,216,8437
4677,21,0,217,8438
4663,21,0,218,8439
4666,21,0,219,8440
4672,21,0,220,8441
4665,21,0,221,8442
4657,21,0,222,8443
4677,21,0,223,8444
4671,21,0,224,8445
4653,21,0,230,8446
4659,21,0,231,8447
4677,21,0,232,8448
4669,21,0,233,8449
4551,21,0,234,8450
4657,21,0,235,8451
4662,21,0,236,8452
4652,21,0,237,8453
4657,21,0,238,8454
4657,21,0,239,8455
4664,21,0,240,8456
4662,21,0,241,8457
4677,21,0,242,8458
4671,21,0,243,8459
4671,21,0,244,8460
4653,21,0,245,8461
4652,21,0,246,8462
4551,21,0,247,8463
4672,21,0,248,8464
4666,21,0,249,8465
4658,21,0,250,8466
4669,21,0,251,8467
4669,21,0,252,8468
4662,21,0,253,8469
4654,21,0,254,8470
4677,21,0,255,8471
4668,21,0,256,8472
4671,21,0,257,8473
4662,21,0,258,8474
4658,21,0,259,8475
4667,21,0,260,8476
4666,21,0,261,8477
4663,21,0,262,8478
4666,21,0,263,8479
4672,21,0,264,8480
4674,21,0,270,8481
4659,21,0,271,8482
4659,21,0,272,8483
4669,21,0,273,8484
4665,21,0,274,8485
4663,21,0,275,8486
4672,21,0,276,8487
4657,21,0,277,8488
4672,21,0,278,8489
4677,21,0,279,8490
4665,21,0,280,8491
4677,21,0,281,8492
4672,21,0,282,8493
4671,21,0,283,8494
4669,21,0,284,8495
4656,21,0,285,8496
4677,21,0,286,8497
4674,21,0,287,8498
4659,21,0,288,8499
4674,21,0,289,8500
4659,21,0,290,8501
4669,21,0,291,8502
4659,21,0,292,8503
4657,21,0,293,8504
4677,21,0,294,8505
4668,21,0,295,8506
4671,21,0,296,8507
4657,21,0,297,8508
4551,21,0,298,8509
4651,21,0,299,8510
4652,21,0,300,8511
4665,21,0,301,8512
4671,21,0,302,8513
4677,21,0,303,8514
4656,21,0,304,8515
4662,21,0,310,8516
4662,21,0,311,8517
4651,21,0,312,8518
4654,21,0,313,8519
4654,21,0,314,8520
4651,21,0,315,8521
4664,21,0,316,8522
4662,21,0,317,8523
4671,21,0,318,8524
4665,21,0,319,8525
4659,21,0,1000,8526
4671,21,0,1001,8527
4672,21,0,1002,8528
4659,21,0,1003,8529
4663,21,0,1004,8530
4671,21,0,1010,8531
4657,21,0,1011,8532
4653,21,0,1012,8533
4671,21,0,1013,8534
4655,21,0,1014,8535
4551,21,0,1020,8536
4669,21,0,1021,8537
4667,21,0,1022,8538
4671,21,0,1023,8539
4671,21,0,1024,8540
4671,21,0,1030,8541
4662,21,0,1031,8542
4657,21,0,1032,8543
4667,21,0,1033,8544
4669,21,0,1034,8545
4653,21,0,1040,8546
4666,21,0,1041,8547
4663,21,0,1042,8548
4662,21,0,1043,8549
4669,21,0,1044,8550
4651,21,0,1050,8551
4671,21,0,1051,8552
4657,21,0,1052,8553
4654,21,0,1053,8554
4666,21,0,1054,8555
4651,21,0,1060,8556
4671,21,0,1061,8557
4654,21,0,1062,8558
4666,21,0,1063,8559
4672,21,0,1064,8560
4674,21,0,1070,8561
4668,21,0,1071,8562
4665,21,0,1072,8563
4671,21,0,1073,8564
4657,21,0,1074,8565
4665,21,0,1080,8566
4659,21,0,1081,8567
4671,21,0,1082,8568
4657,21,0,1083,8569
4667,21,0,1084,8570
4664,21,0,1085,8571
4669,21,0,1086,8572
4671,21,0,1087,8573
4668,21,0,1088,8574
4666,21,0,1089,8575
4674,21,0,1090,8576
4655,21,0,1091,8577
4671,21,0,1092,8578
4669,21,0,1093,8579
4651,21,0,1094,8580
4662,21,0,1095,8581
4662,21,0,1096,8582
4662,21,0,1097,8583
4666,21,0,1098,8584
4668,21,0,1099,8585
4653,21,0,1100,8586
4657,21,0,1101,8587
4657,21,0,1102,8588
4671,21,0,1103,8589
4652,21,0,1104,8590
4652,21,0,1110,8591
4671,21,0,1111,8592
4671,21,0,1112,8593
4662,21,0,1113,8594
4674,21,0,1114,8595
4657,21,0,1135,8596
4662,21,0,1136,8597
4657,21,0,1137,8598
4654,21,0,1138,8599
4677,21,0,1139,8600
4654,21,0,1140,8601
4662,21,0,1141,8602
4663,21,0,1142,8603
4662,21,0,1143,8604
4652,21,0,1144,8605
4654,21,0,1145,8606
4667,21,0,1146,8607
4657,21,0,1147,8608
4656,21,0,1148,8609
4658,21,0,1149,8610
4655,21,0,1150,8611
4657,21,0,1151,8612
4669,21,0,1152,8613
4672,21,0,1153,8614
4653,21,0,1154,8615
4662,21,0,1155,8616
4659,21,0,1156,8617
4664,21,0,1157,8618
4668,21,0,1158,8619
4674,21,0,1159,8620
4665,21,0,1160,8621
4666,21,0,1161,8622
4668,21,0,1162,8623
4551,21,0,1163,8624
4669,21,0,1164,8625
4651,21,0,1170,8626
4677,21,0,1171,8627
4666,21,0,1172,8628
4659,21,0,1173,8629
4671,21,0,1174,8630
4669,21,0,1195,8631
4659,21,0,1196,8632
4657,21,0,1197,8633
4663,21,0,1198,8634
4669,21,0,1199,8635
4663,22,0,0,8636
4668,22,0,1,8637
4663,22,0,2,8638
4654,22,0,3,8639
4671,22,0,4,8640
4657,22,0,5,8641
4662,22,0,6,8642
4658,22,0,7,8643
4653,22,0,8,8644
4663,22,0,9,8645
4674,22,0,10,8646
4655,22,0,11,8647
4655,22,0,12,8648
4672,22,0,13,8649
4657,22,0,14,8650
4667,22,0,15,8651
4651,22,0,16,8652
4662,22,0,17,8653
4663,22,0,18,8654
4663,22,0,19,8655
4551,22,0,20,8656
4652,22,0,21,8657
4664,22,0,22,8658
4669,22,0,23,8659
4662,22,0,24,8660
4659,22,0,25,8661
4667,22,0,26,8662
4656,22,0,27,8663
4663,22,0,28,8664
4652,22,0,29,8665
4663,22,0,35,8666
4665,22,0,36,8667
4669,22,0,37,8668
4651,22,0,38,8669
4671,22,0,39,8670
4668,22,0,40,8671
4666,22,0,41,8672
4653,22,0,42,8673
4667,22,0,43,8674
4659,22,0,44,8675
4665,22,0,45,8676
4668,22,0,46,8677
4669,22,0,47,8678
4677,22,0,48,8679
4655,22,0,49,8680
4671,22,0,50,8681
4656,22,0,51,8682
4674,22,0,52,8683
4663,22,0,53,8684
4664,22,0,54,8685
4674,22,0,55,8686
4666,22,0,56,8687
4662,22,0,57,8688
4651,22,0,58,8689
4656,22,0,59,8690
4677,22,0,60,8691
4669,22,0,61,8692
4655,22,0,62,8693
4677,22,0,63,8694
4551,22,0,64,8695
4653,22,0,65,8696
4677,22,0,66,8697
4655,22,0,67,8698
4663,22,0,68,8699
4665,22,0,69,8700
4667,22,0,75,8701
4654,22,0,76,8702
4653,22,0,77,8703
4667,22,0,78,8704
4677,22,0,79,8705
4656,22,0,80,8706
4658,22,0,81,8707
4667,22,0,82,8708
4658,22,0,83,8709
4668,22,0,84,8710
4677,22,0,85,8711
4656,22,0,86,8712
4658,22,0,87,8713
4667,22,0,88,8714
4672,22,0,89,8715
4551,22,0,90,8716
4652,22,0,91,8717
4659,22,0,92,8718
4657,22,0,93,8719
4669,22,0,94,8720
4677,22,0,95,8721
4654,22,0,96,8722
4665,22,0,97,8723
4658,22,0,98,8724
4551,22,0,99,8725
4669,22,0,100,8726
4663,22,0,101,8727
4662,22,0,102,8728
4659,22,0,103,8729
4651,22,0,104,8730
4667,22,0,105,8731
4671,22,0,106,8732
4656,22,0,107,8733
4666,22,0,108,8734
4667,22,0,109,8735
4655,22,0,115,8736
4672,22,0,116,8737
4551,22,0,117,8738
4662,22,0,118,8739
4659,22,0,119,8740
4671,22,0,120,8741
4671,22,0,121,8742
4668,22,0,122,8743
4672,22,0,123,8744
4663,22,0,124,8745
4652,22,0,125,8746
4671,22,0,126,8747
4663,22,0,127,8748
4668,22,0,128,8749
4671,22,0,129,8750
4667,22,0,130,8751
4672,22,0,131,8752
4656,22,0,132,8753
4657,22,0,133,8754
4662,22,0,134,8755
4652,22,0,135,8756
4677,22,0,136,8757
4663,22,0,137,8758
4672,22,0,138,8759
4654,22,0,139,8760
4551,22,0,140,8761
4655,22,0,141,8762
4672,22,0,142,8763
4667,22,0,143,8764
4658,22,0,144,8765
4672,22,0,145,8766
4653,22,0,146,8767
4651,22,0,147,8768
4669,22,0,148,8769
4663,22,0,149,8770
4665,22,0,155,8771
4656,22,0,156,8772
4665,22,0,157,8773
4654,22,0,158,8774
4662,22,0,159,8775
4659,22,0,160,8776
4677,22,0,161,8777
4664,22,0,162,8778
4671,22,0,163,8779
4662,22,0,164,8780
4551,22,0,165,8781
4662,22,0,166,8782
4657,22,0,167,8783
4654,22,0,168,8784
4551,22,0,169,8785
4653,22,0,170,8786
4671,22,0,171,8787
4655,22,0,172,8788
4658,22,0,173,8789
4551,22,0,174,8790
4666,22,0,175,8791
4667,22,0,176,8792
4677,22,0,177,8793
4657,22,0,178,8794
4651,22,0,179,8795
4551,22,0,180,8796
4657,22,0,181,8797
4654,22,0,182,8798
4663,22,0,183,8799
4677,22,0,184,8800
4653,22,0,185,8801
4666,22,0,186,8802
4651,22,0,187,8803
4672,22,0,188,8804
4671,22,0,189,8805
4672,22,0,195,8806
4666,22,0,196,8807
4652,22,0,197,8808
4662,22,0,198,8809
4666,22,0,199,8810
4664,22,0,200,8811
4677,22,0,201,8812
4667,22,0,202,8813
4668,22,0,203,8814
4668,22,0,204,8815
4672,22,0,205,8816
4671,22,0,206,8817
4656,22,0,207,8818
4655,22,0,208,8819
4655,22,0,209,8820
4653,22,0,210,8821
4663,22,0,211,8822
4657,22,0,212,8823
4658,22,0,213,8824
4671,22,0,214,8825
4669,22,0,215,8826
4657,22,0,216,8827
4657,22,0,217,8828
4656,22,0,218,8829
4674,22,0,219,8830
4671,22,0,220,8831
4551,22,0,221,8832
4671,22,0,222,8833
4671,22,0,223,8834
4666,22,0,224,8835
4658,22,0,225,8836
4656,22,0,226,8837
4662,22,0,227,8838
4664,22,0,228,8839
4658,22,0,229,8840
4666,22,0,235,8841
4551,22,0,236,8842
4662,22,0,237,8843
4653,22,0,238,8844
4677,22,0,239,8845
4677,22,0,240,8846
4667,22,0,241,8847
4674,22,0,242,8848
4658,22,0,243,8849
4551,22,0,244,8850
4667,22,0,245,8851
4668,22,0,246,8852
4671,22,0,247,8853
4668,22,0,248,8854
4657,22,0,249,8855
4665,22,0,250,8856
4656,22,0,251,8857
4664,22,0,252,8858
4655,22,0,253,8859
4551,22,0,254,8860
4666,22,0,255,8861
4652,22,0,256,8862
4651,22,0,257,8863
4657,22,0,258,8864
4671,22,0,259,8865
4664,22,0,260,8866
4669,22,0,261,8867
4659,22,0,262,8868
4551,22,0,263,8869
4654,22,0,264,8870
4674,22,0,265,8871
4658,22,0,266,8872
4663,22,0,267,8873
4666,22,0,268,8874
4659,22,0,269,8875
4654,22,0,275,8876
4654,22,0,276,8877
4551,22,0,277,8878
4654,22,0,278,8879
4674,22,0,279,8880
4668,22,0,280,8881
4669,22,0,281,8882
4668,22,0,282,8883
4662,22,0,283,8884
4651,22,0,284,8885
4672,22,0,285,8886
4659,22,0,286,8887
4662,22,0,287,8888
4666,22,0,288,8889
4672,22,0,289,8890
4657,22,0,290,8891
4656,22,0,291,8892
4665,22,0,292,8893
4669,22,0,293,8894
4674,22,0,294,8895
4656,22,0,295,8896
4651,22,0,296,8897
4658,22,0,297,8898
4665,22,0,298,8899
4674,22,0,299,8900
4669,22,0,300,8901
4677,22,0,301,8902
4551,22,0,302,8903
4656,22,0,303,8904
4658,22,0,304,8905
4662,22,0,305,8906
4677,22,0,306,8907
4654,22,0,307,8908
4551,22,0,308,8909
4664,22,0,309,8910
4654,22,0,315,8911
4668,22,0,316,8912
4659,22,0,317,8913
4677,22,0,318,8914
4669,22,0,319,8915
4664,22,0,1000,8916
4659,22,0,1001,8917
4651,22,0,1002,8918
4672,22,0,1003,8919
4668,22,0,1004,8920
4662,22,0,1010,8921
4664,22,0,1011,8922
4663,22,0,1012,8923
4668,22,0,1013,8924
4651,22,0,1014,8925
4674,22,0,1020,8926
4677,22,0,1021,8927
4671,22,0,1022,8928
4677,22,0,1023,8929
4666,22,0,1024,8930
4658,22,0,1030,8931
4671,22,0,1031,8932
4659,22,0,1032,8933
4662,22,0,1033,8934
4662,22,0,1034,8935
4664,22,0,1040,8936
4662,22,0,1041,8937
4672,22,0,1042,8938
4659,22,0,1043,8939
4662,22,0,1044,8940
4656,22,0,1050,8941
4657,22,0,1051,8942
4677,22,0,1052,8943
4651,22,0,1053,8944
4551,22,0,1054,8945
4655,22,0,1060,8946
4657,22,0,1061,8947
4669,22,0,1062,8948
4652,22,0,1063,8949
4658,22,0,1064,8950
4551,22,0,1070,8951
4655,22,0,1071,8952
4651,22,0,1072,8953
4657,22,0,1073,8954
4671,22,0,1074,8955
4655,22,0,1080,8956
4664,22,0,1081,8957
4672,22,0,1082,8958
4654,22,0,1083,8959
4677,22,0,1084,8960
4677,22,0,1085,8961
4665,22,0,1086,8962
4651,22,0,1087,8963
4665,22,0,1088,8964
4551,22,0,1089,8965
4669,22,0,1090,8966
4672,22,0,1091,8967
4664,22,0,1092,8968
4651,22,0,1093,8969
4652,22,0,1094,8970
4671,22,0,1095,8971
4665,22,0,1096,8972
4663,22,0,1097,8973
4663,22,0,1098,8974
4666,22,0,1099,8975
4663,22,0,1100,8976
4658,22,0,1101,8977
4659,22,0,1102,8978
4664,22,0,1103,8979
4651,22,0,1104,8980
4677,22,0,1105,8981
4654,22,0,1106,8982
4671,22,0,1107,8983
4669,22,0,1108,8984
4652,22,0,1109,8985
4658,22,0,1135,8986
4668,22,0,1136,8987
4662,22,0,1137,8988
4651,22,0,1138,8989
4657,22,0,1139,8990
4659,22,0,1140,8991
4672,22,0,1141,8992
4657,22,0,1142,8993
4659,22,0,1143,8994
4656,22,0,1144,8995
4672,22,0,1145,8996
4655,22,0,1146,8997
4666,22,0,1147,8998
4677,22,0,1148,8999
4662,22,0,1149,9000
4669,22,0,1150,9001
4671,22,0,1151,9002
4658,22,0,1152,9003
4651,22,0,1153,9004
4651,22,0,1154,9005
4669,22,0,1155,9006
4671,22,0,1156,9007
4654,22,0,1157,9008
4551,22,0,1158,9009
4672,22,0,1159,9010
4652,22,0,1160,9011
4677,22,0,1161,9012
4666,22,0,1162,9013
4668,22,0,1163,9014
4665,22,0,1164,9015
4669,22,0,1165,9016
4662,22,0,1166,9017
4672,22,0,1167,9018
4666,22,0,1168,9019
4657,22,0,1169,9020
4665,22,0,1195,9021
4658,22,0,1196,9022
4651,22,0,1197,9023
4677,22,0,1198,9024
4672,22,0,1199,9025
4656,23,0,0,9026
4657,23,0,1,9027
4668,23,0,2,9028
4671,23,0,3,9029
4655,23,0,4,9030
4658,23,0,5,9031
4657,23,0,6,9032
4677,23,0,7,9033
4658,23,0,8,9034
4658,23,0,9,9035
4677,23,0,10,9036
4658,23,0,11,9037
4664,23,0,12,9038
4668,23,0,13,9039
4664,23,0,14,9040
4662,23,0,15,9041
4551,23,0,16,9042
4658,23,0,17,9043
4657,23,0,18,9044
4665,23,0,19,9045
4667,23,0,20,9046
4666,23,0,21,9047
4674,23,0,22,9048
4658,23,0,23,9049
4656,23,0,24,9050
4664,23,0,25,9051
4657,23,0,26,9052
4665,23,0,27,9053
4653,23,0,28,9054
4551,23,0,29,9055
4671,23,0,30,9056
4652,23,0,31,9057
4672,23,0,32,9058
4672,23,0,33,9059
4671,23,0,34,9060
4657,23,0,40,9061
4659,23,0,41,9062
4551,23,0,42,9063
4668,23,0,43,9064
4669,23,0,44,9065
4671,23,0,45,9066
4677,23,0,46,9067
4665,23,0,47,9068
4653,23,0,48,9069
4677,23,0,49,9070
4551,23,0,50,9071
4669,23,0,51,9072
4665,23,0,52,9073
4662,23,0,53,9074
4669,23,0,54,9075
4657,23,0,55,9076
4665,23,0,56,9077
4653,23,0,57,9078
4666,23,0,58,9079
4651,23,0,59,9080
4656,23,0,60,9081
4658,23,0,61,9082
4677,23,0,62,9083
4662,23,0,63,9084
4651,23,0,64,9085
4658,23,0,65,9086
4672,23,0,66,9087
4664,23,0,67,9088
4662,23,0,68,9089
4663,23,0,69,9090
4662,23,0,70,9091
4651,23,0,71,9092
4657,23,0,72,9093
4659,23,0,73,9094
4659,23,0,74,9095
4671,23,0,80,9096
4664,23,0,81,9097
4658,23,0,82,9098
4677,23,0,83,9099
4677,23,0,84,9100
4551,23,0,85,9101
4654,23,0,86,9102
4653,23,0,87,9103
4662,23,0,88,9104
4658,23,0,89,9105
4677,23,0,90,9106
4671,23,0,91,9107
4655,23,0,92,9108
4669,23,0,93,9109
4659,23,0,94,9110
4662,23,0,95,9111
4657,23,0,96,9112
4677,23,0,97,9113
4652,23,0,98,9114
4654,23,0,99,9115
4658,23,0,100,9116
4658,23,0,101,9117
4672,23,0,102,9118
4657,23,0,103,9119
4551,23,0,104,9120
4657,23,0,105,9121
4663,23,0,106,9122
4651,23,0,107,9123
4656,23,0,108,9124
4653,23,0,109,9125
4677,23,0,110,9126
4651,23,0,111,9127
4662,23,0,112,9128
4651,23,0,113,9129
4668,23,0,114,9130
4652,23,0,120,9131
4658,23,0,121,9132
4658,23,0,122,9133
4551,23,0,123,9134
4654,23,0,124,9135
4656,23,0,125,9136
4672,23,0,126,9137
4671,23,0,127,9138
4674,23,0,128,9139
4674,23,0,129,9140
4668,23,0,130,9141
4662,23,0,131,9142
4668,23,0,132,9143
4651,23,0,133,9144
4657,23,0,134,9145
4669,23,0,135,9146
4655,23,0,136,9147
4677,23,0,137,9148
4657,23,0,138,9149
4668,23,0,139,9150
4671,23,0,140,9151
4652,23,0,141,9152
4651,23,0,142,9153
4662,23,0,143,9154
4671,23,0,144,9155
4652,23,0,145,9156
4658,23,0,146,9157
4656,23,0,147,9158
4672,23,0,148,9159
4662,23,0,149,9160
4672,23,0,150,9161
4655,23,0,151,9162
4657,23,0,152,9163
4677,23,0,153,9164
4657,23,0,154,9165
4657,23,0,160,9166
4656,23,0,161,9167
4668,23,0,162,9168
4652,23,0,163,9169
4663,23,0,164,9170
4652,23,0,165,9171
4651,23,0,166,9172
4659,23,0,167,9173
4669,23,0,168,9174
4672,23,0,169,9175
4656,23,0,170,9176
4658,23,0,171,9177
4663,23,0,172,9178
4657,23,0,173,9179
4668,23,0,174,9180
4654,23,0,175,9181
4671,23,0,176,9182
4658,23,0,177,9183
4674,23,0,178,9184
4668,23,0,179,9185
4671,23,0,180,9186
4668,23,0,181,9187
4652,23,0,182,9188
4658,23,0,183,9189
4651,23,0,184,9190
4668,23,0,185,9191
4651,23,0,186,9192
4672,23,0,187,9193
4657,23,0,188,9194
4672,23,0,189,9195
4665,23,0,190,9196
4665,23,0,191,9197
4551,23,0,192,9198
4657,23,0,193,9199
4677,23,0,194,9200
4674,23,0,200,9201
4665,23,0,201,9202
4665,23,0,202,9203
4665,23,0,203,9204
4665,23,0,204,9205
4677,23,0,205,9206
4658,23,0,206,9207
4669,23,0,207,9208
4659,23,0,208,9209
4677,23,0,209,9210
4652,23,0,210,9211
4659,23,0,211,9212
4659,23,0,212,9213
4652,23,0,213,9214
4657,23,0,214,9215
4665,23,0,215,9216
4663,23,0,216,9217
4669,23,0,217,9218
4667,23,0,218,9219
4672,23,0,219,9220
4657,23,0,220,9221
4658,23,0,221,9222
4665,23,0,222,9223
4664,23,0,223,9224
4658,23,0,224,9225
4662,23,0,225,9226
4653,23,0,226,9227
4664,23,0,227,9228
4658,23,0,228,9229
4677,23,0,229,9230
4665,23,0,230,9231
4657,23,0,231,9232
4654,23,0,232,9233
4655,23,0,233,9234
4672,23,0,234,9235
4662,23,0,240,9236
4677,23,0,241,9237
4654,23,0,242,9238
4669,23,0,243,9239
4651,23,0,244,9240
4657,23,0,245,9241
4654,23,0,246,9242
4672,23,0,247,9243
4656,23,0,248,9244
4662,23,0,249,9245
4663,23,0,250,9246
4664,23,0,251,9247
4668,23,0,252,9248
4652,23,0,253,9249
4669,23,0,254,9250
4658,23,0,255,9251
4662,23,0,256,9252
4667,23,0,257,9253
4651,23,0,258,9254
4674,23,0,259,9255
4666,23,0,260,9256
4658,23,0,261,9257
4654,23,0,262,9258
4672,23,0,263,9259
4663,23,0,264,9260
4659,23,0,265,9261
4667,23,0,266,9262
4659,23,0,267,9263
4668,23,0,268,9264
4671,23,0,269,9265
4671,23,0,270,9266
4657,23,0,271,9267
4672,23,0,272,9268
4662,23,0,273,9269
4669,23,0,274,9270
4664,23,0,280,9271
4657,23,0,281,9272
4669,23,0,282,9273
4677,23,0,283,9274
4664,23,0,284,9275
4657,23,0,285,9276
4662,23,0,286,9277
4655,23,0,287,9278
4654,23,0,288,9279
4654,23,0,289,9280
4551,23,0,290,9281
4674,23,0,291,9282
4655,23,0,292,9283
4668,23,0,293,9284
4662,23,0,294,9285
4667,23,0,295,9286
4669,23,0,296,9287
4664,23,0,297,9288
4655,23,0,298,9289
4664,23,0,299,9290
4655,23,0,300,9291
4659,23,0,301,9292
4659,23,0,302,9293
4652,23,0,303,9294
4664,23,0,304,9295
4667,23,0,305,9296
4666,23,0,306,9297
4668,23,0,307,9298
4671,23,0,308,9299
4654,23,0,309,9300
4671,23,0,310,9301
4654,23,0,311,9302
4665,23,0,312,9303
4551,23,0,313,9304
4551,23,0,314,9305
4653,23,0,1000,9306
4666,23,0,1001,9307
4663,23,0,1002,9308
4668,23,0,1003,9309
4665,23,0,1004,9310
4674,23,0,1010,9311
4671,23,0,1011,9312
4659,23,0,1012,9313
4672,23,0,1013,9314
4652,23,0,1014,9315
4653,23,0,1020,9316
4656,23,0,1021,9317
4666,23,0,1022,9318
4666,23,0,1023,9319
4653,23,0,1024,9320
4651,23,0,1030,9321
4664,23,0,1031,9322
4667,23,0,1032,9323
4653,23,0,1033,9324
4652,23,0,1034,9325
4651,23,0,1040,9326
4671,23,0,1041,9327
4662,23,0,1042,9328
4666,23,0,1043,9329
4672,23,0,1044,9330
4657,23,0,1050,9331
4667,23,0,1051,9332
4666,23,0,1052,9333
4668,23,0,1053,9334
4669,23,0,1054,9335
4668,23,0,1060,9336
4653,23,0,1061,9337
4677,23,0,1062,9338
4551,23,0,1063,9339
4651,23,0,1064,9340
4671,23,0,1070,9341
4665,23,0,1071,9342
4668,23,0,1072,9343
4665,23,0,1073,9344
4651,23,0,1074,9345
4672,23,0,1080,9346
4672,23,0,1081,9347
4551,23,0,1082,9348
4656,23,0,1083,9349
4652,23,0,1084,9350
4669,23,0,1085,9351
4551,23,0,1086,9352
4668,23,0,1087,9353
4658,23,0,1088,9354
4677,23,0,1089,9355
4662,23,0,1090,9356
4671,23,0,1091,9357
4668,23,0,1092,9358
4652,23,0,1093,9359
4656,23,0,1094,9360
4666,23,0,1095,9361
4667,23,0,1096,9362
4655,23,0,1097,9363
4671,23,0,1098,9364
4672,23,0,1099,9365
4655,23,0,1100,9366
4653,23,0,1101,9367
4551,23,0,1102,9368
4668,23,0,1103,9369
4659,23,0,1104,9370
4674,23,0,1105,9371
4651,23,0,1106,9372
4663,23,0,1107,9373
4652,23,0,1108,9374
4664,23,0,1109,9375
4662,23,0,1110,9376
4659,23,0,1111,9377
4677,23,0,1112,9378
4651,23,0,1113,9379
4677,23,0,1114,9380
4551,23,0,1140,9381
4656,23,0,1141,9382
4665,23,0,1142,9383
4658,23,0,1143,9384
4671,23,0,1144,9385
4665,23,0,1145,9386
4666,23,0,1146,9387
4677,23,0,1147,9388
4662,23,0,1148,9389
4672,23,0,1149,9390
4667,23,0,1150,9391
4551,23,0,1151,9392
4665,23,0,1152,9393
4551,23,0,1153,9394
4652,23,0,1154,9395
4664,23,0,1155,9396
4674,23,0,1156,9397
4657,23,0,1157,9398
4677,23,0,1158,9399
4657,23,0,1159,9400
4667,23,0,1160,9401
4651,23,0,1161,9402
4672,23,0,1162,9403
4671,23,0,1163,9404
4672,23,0,1164,9405
4657,23,0,1165,9406
4674,23,0,1166,9407
4666,23,0,1167,9408
4667,23,0,1168,9409
4652,23,0,1169,9410
4662,23,0,1170,9411
4669,23,0,1171,9412
4672,23,0,1172,9413
4672,23,0,1173,9414
4662,23,0,1174,9415
4654,24,0,0,9416
4665,24,0,1,9417
4651,24,0,2,9418
4669,24,0,3,9419
4672,24,0,4,9420
4672,24,0,5,9421
4664,24,0,6,9422
4655,24,0,7,9423
4667,24,0,8,9424
4662,24,0,9,9425
4657,24,0,10,9426
4669,24,0,11,9427
4651,24,0,12,9428
4655,24,0,13,9429
4668,24,0,14,9430
4655,24,0,15,9431
4659,24,0,16,9432
4667,24,0,17,9433
4655,24,0,18,9434
4657,24,0,19,9435
4672,24,0,30,9436
4669,24,0,31,9437
4662,24,0,32,9438
4671,24,0,33,9439
4665,24,0,34,9440
4551,24,0,35,9441
4657,24,0,36,9442
4664,24,0,37,9443
4665,24,0,38,9444
4669,24,0,39,9445
4672,24,0,40,9446
4654,24,0,41,9447
4657,24,0,42,9448
4551,24,0,43,9449
4651,24,0,44,9450
4669,24,0,45,9451
4665,24,0,46,9452
4657,24,0,47,9453
4665,24,0,48,9454
4662,24,0,49,9455
4662,24,0,50,9456
4651,24,0,51,9457
4671,24,0,52,9458
4669,24,0,53,9459
4651,24,0,54,9460
4677,24,0,55,9461
4658,24,0,56,9462
4671,24,0,57,9463
4652,24,0,58,9464
4653,24,0,59,9465
4672,24,0,70,9466
4662,24,0,71,9467
4677,24,0,72,9468
4662,24,0,73,9469
4663,24,0,74,9470
4665,24,0,75,9471
4551,24,0,76,9472
4662,24,0,77,9473
4672,24,0,78,9474
4654,24,0,79,9475
4672,24,0,80,9476
4659,24,0,81,9477
4666,24,0,82,9478
4665,24,0,83,9479
4651,24,0,84,9480
4669,24,0,85,9481
4674,24,0,86,9482
4668,24,0,87,9483
4671,24,0,88,9484
4665,24,0,89,9485
4668,24,0,90,9486
4667,24,0,91,9487
4672,24,0,92,9488
4659,24,0,93,9489
4665,24,0,94,9490
4656,24,0,95,9491
4551,24,0,96,9492
4658,24,0,97,9493
4551,24,0,98,9494
4657,24,0,99,9495
4551,24,0,110,9496
4551,24,0,111,9497
4672,24,0,112,9498
4658,24,0,113,9499
4551,24,0,114,9500
4666,24,0,115,9501
4656,24,0,116,9502
4652,24,0,117,9503
4672,24,0,118,9504
4674,24,0,119,9505
4659,24,0,120,9506
4657,24,0,121,9507
4662,24,0,122,9508
4665,24,0,123,9509
4668,24,0,124,9510
4672,24,0,125,9511
4654,24,0,126,9512
4655,24,0,127,9513
4666,24,0,128,9514
4665,24,0,129,9515
4665,24,0,130,9516
4659,24,0,131,9517
4671,24,0,132,9518
4656,24,0,133,9519
4659,24,0,134,9520
4664,24,0,135,9521
4671,24,0,136,9522
4672,24,0,137,9523
4654,24,0,138,9524
4671,24,0,139,9525
4657,24,0,150,9526
4651,24,0,151,9527
4665,24,0,152,9528
4668,24,0,153,9529
4651,24,0,154,9530
4662,24,0,155,9531
4671,24,0,156,9532
4669,24,0,157,9533
4664,24,0,158,9534
4655,24,0,159,9535
4658,24,0,160,9536
4657,24,0,161,9537
4656,24,0,162,9538
4677,24,0,163,9539
4551,24,0,164,9540
4659,24,0,165,9541
4659,24,0,166,9542
4651,24,0,167,9543
4655,24,0,168,9544
4659,24,0,169,9545
4671,24,0,170,9546
4672,24,0,171,9547
4551,24,0,172,9548
4665,24,0,173,9549
4674,24,0,174,9550
4652,24,0,175,9551
4657,24,0,176,9552
4657,24,0,177,9553
4654,24,0,178,9554
4666,24,0,179,9555
4663,24,0,190,9556
4669,24,0,191,9557
4671,24,0,192,9558
4662,24,0,193,9559
4665,24,0,194,9560
4662,24,0,195,9561
4669,24,0,196,9562
4659,24,0,197,9563
4664,24,0,198,9564
4664,24,0,199,9565
4667,24,0,200,9566
4651,24,0,201,9567
4662,24,0,202,9568
4662,24,0,203,9569
4669,24,0,204,9570
4666,24,0,205,9571
4551,24,0,206,9572
4651,24,0,207,9573
4666,24,0,208,9574
4667,24,0,209,9575
4654,24,0,210,9576
4653,24,0,211,9577
4551,24,0,212,9578
4665,24,0,213,9579
4659,24,0,214,9580
4658,24,0,215,9581
4662,24,0,216,9582
4654,24,0,217,9583
4551,24,0,218,9584
4668,24,0,219,9585
4662,24,0,230,9586
4663,24,0,231,9587
4663,24,0,232,9588
4665,24,0,233,9589
4664,24,0,234,9590
4652,24,0,235,9591
4653,24,0,236,9592
4664,24,0,237,9593
4669,24,0,238,9594
4672,24,0,239,9595
4659,24,0,240,9596
4655,24,0,241,9597
4662,24,0,242,9598
4651,24,0,243,9599
4677,24,0,244,9600
4551,24,0,245,9601
4651,24,0,246,9602
4654,24,0,247,9603
4657,24,0,248,9604
4668,24,0,249,9605
4669,24,0,250,9606
4653,24,0,251,9607
4662,24,0,252,9608
4672,24,0,253,9609
4663,24,0,254,9610
4667,24,0,255,9611
4657,24,0,256,9612
4662,24,0,257,9613
4677,24,0,258,9614
4657,24,0,259,9615
4663,24,0,270,9616
4671,24,0,271,9617
4677,24,0,272,9618
4651,24,0,273,9619
4671,24,0,274,9620
4657,24,0,275,9621
4671,24,0,276,9622
4669,24,0,277,9623
4662,24,0,278,9624
4651,24,0,279,9625
4654,24,0,280,9626
4672,24,0,281,9627
4662,24,0,282,9628
4551,24,0,283,9629
4551,24,0,284,9630
4662,24,0,285,9631
4665,24,0,286,9632
4666,24,0,287,9633
4658,24,0,288,9634
4658,24,0,289,9635
4655,24,0,290,9636
4677,24,0,291,9637
4662,24,0,292,9638
4658,24,0,293,9639
4653,24,0,294,9640
4671,24,0,295,9641
4665,24,0,296,9642
4667,24,0,297,9643
4663,24,0,298,9644
4662,24,0,299,9645
4655,24,0,310,9646
4657,24,0,311,9647
4669,24,0,312,9648
4677,24,0,313,9649
4671,24,0,314,9650
4665,24,0,315,9651
4655,24,0,316,9652
4651,24,0,317,9653
4651,24,0,318,9654
4666,24,0,319,9655
4672,24,0,1000,9656
4656,24,0,1001,9657
4665,24,0,1002,9658
4669,24,0,1003,9659
4657,24,0,1004,9660
4654,24,0,1010,9661
4666,24,0,1011,9662
4677,24,0,1012,9663
4674,24,0,1013,9664
4672,24,0,1014,9665
4677,24,0,1020,9666
4659,24,0,1021,9667
4655,24,0,1022,9668
4669,24,0,1023,9669
4659,24,0,1024,9670
4657,24,0,1030,9671
4657,24,0,1031,9672
4669,24,0,1032,9673
4655,24,0,1033,9674
4651,24,0,1034,9675
4668,24,0,1040,9676
4663,24,0,1041,9677
4651,24,0,1042,9678
4654,24,0,1043,9679
4667,24,0,1044,9680
4665,24,0,1050,9681
4669,24,0,1051,9682
4658,24,0,1052,9683
4659,24,0,1053,9684
4662,24,0,1054,9685
4659,24,0,1060,9686
4668,24,0,1061,9687
4652,24,0,1062,9688
4651,24,0,1063,9689
4674,24,0,1064,9690
4658,24,0,1070,9691
4657,24,0,1071,9692
4666,24,0,1072,9693
4659,24,0,1073,9694
4669,24,0,1074,9695
4671,24,0,1080,9696
4657,24,0,1081,9697
4659,24,0,1082,9698
4666,24,0,1083,9699
4663,24,0,1084,9700
4671,24,0,1085,9701
4677,24,0,1086,9702
4655,24,0,1087,9703
4551,24,0,1088,9704
4655,24,0,1089,9705
4677,24,0,1090,9706
4666,24,0,1091,9707
4657,24,0,1092,9708
4662,24,0,1093,9709
4665,24,0,1094,9710
4653,24,0,1095,9711
4674,24,0,1096,9712
4657,24,0,1097,9713
4659,24,0,1098,9714
4671,24,0,1099,9715
4669,24,0,1110,9716
4551,24,0,1111,9717
4551,24,0,1112,9718
4677,24,0,1113,9719
4672,24,0,1114,9720
4677,24,0,1135,9721
4674,24,0,1136,9722
4659,24,0,1137,9723
4657,24,0,1138,9724
4672,24,0,1139,9725
4664,24,0,1140,9726
4651,24,0,1141,9727
4677,24,0,1142,9728
4663,24,0,1143,9729
4655,24,0,1144,9730
4658,24,0,1145,9731
4677,24,0,1146,9732
4653,24,0,1147,9733
4672,24,0,1148,9734
4677,24,0,1149,9735
4657,24,0,1150,9736
4672,24,0,1151,9737
4664,24,0,1152,9738
4664,24,0,1153,9739
4663,24,0,1154,9740
4665,24,0,1155,9741
4665,24,0,1156,9742
4663,24,0,1157,9743
4662,24,0,1158,9744
4667,24,0,1159,9745
4657,24,0,1170,9746
4663,24,0,1171,9747
4667,24,0,1172,9748
4655,24,0,1173,9749
4659,24,0,1174,9750
4662,24,0,1195,9751
4662,24,0,1196,9752
4677,24,0,1197,9753
4674,24,0,1198,9754
4662,24,0,1199,9755
4662,25,0,0,9756
4671,25,0,1,9757
4658,25,0,2,9758
4652,25,0,3,9759
4658,25,0,4,9760
4668,25,0,5,9761
4669,25,0,6,9762
4668,25,0,7,9763
4657,25,0,8,9764
4666,25,0,9,9765
4653,25,0,10,9766
4662,25,0,11,9767
4668,25,0,12,9768
4659,25,0,13,9769
4655,25,0,14,9770
4654,25,0,15,9771
4667,25,0,16,9772
4669,25,0,17,9773
4658,25,0,18,9774
4658,25,0,19,9775
4657,25,0,25,9776
4662,25,0,26,9777
4669,25,0,27,9778
4667,25,0,28,9779
4659,25,0,29,9780
4658,25,0,30,9781
4662,25,0,31,9782
4651,25,0,32,9783
4656,25,0,33,9784
4658,25,0,34,9785
4658,25,0,35,9786
4659,25,0,36,9787
4671,25,0,37,9788
4671,25,0,38,9789
4658,25,0,39,9790
4551,25,0,40,9791
4551,25,0,41,9792
4651,25,0,42,9793
4674,25,0,43,9794
4653,25,0,44,9795
4656,25,0,45,9796
4659,25,0,46,9797
4551,25,0,47,9798
4671,25,0,48,9799
4657,25,0,49,9800
4651,25,0,50,9801
4653,25,0,51,9802
4651,25,0,52,9803
4667,25,0,53,9804
4654,25,0,54,9805
4667,25,0,55,9806
4651,25,0,56,9807
4657,25,0,57,9808
4672,25,0,58,9809
4665,25,0,59,9810
4671,25,0,65,9811
4669,25,0,66,9812
4667,25,0,67,9813
4671,25,0,68,9814
4655,25,0,69,9815
4551,25,0,70,9816
4656,25,0,71,9817
4654,25,0,72,9818
4651,25,0,73,9819
4657,25,0,74,9820
4659,25,0,75,9821
4652,25,0,76,9822
4674,25,0,77,9823
4652,25,0,78,9824
4665,25,0,79,9825
4659,25,0,80,9826
4657,25,0,81,9827
4671,25,0,82,9828
4656,25,0,83,9829
4664,25,0,84,9830
4674,25,0,85,9831
4551,25,0,86,9832
4671,25,0,87,9833
4674,25,0,88,9834
4663,25,0,89,9835
4665,25,0,90,9836
4665,25,0,91,9837
4668,25,0,92,9838
4665,25,0,93,9839
4677,25,0,94,9840
4657,25,0,95,9841
4666,25,0,96,9842
4671,25,0,97,9843
4677,25,0,98,9844
4674,25,0,99,9845
4677,25,0,105,9846
4668,25,0,106,9847
4654,25,0,107,9848
4551,25,0,108,9849
4663,25,0,109,9850
4667,25,0,110,9851
4666,25,0,111,9852
4654,25,0,112,9853
4551,25,0,113,9854
4669,25,0,114,9855
4669,25,0,115,9856
4662,25,0,116,9857
4677,25,0,117,9858
4652,25,0,118,9859
4671,25,0,119,9860
4654,25,0,120,9861
4663,25,0,121,9862
4651,25,0,122,9863
4668,25,0,123,9864
4651,25,0,124,9865
4671,25,0,125,9866
4677,25,0,126,9867
4652,25,0,127,9868
4665,25,0,128,9869
4663,25,0,129,9870
4654,25,0,130,9871
4652,25,0,131,9872
4653,25,0,132,9873
4662,25,0,133,9874
4551,25,0,134,9875
4662,25,0,135,9876
4667,25,0,136,9877
4664,25,0,137,9878
4662,25,0,138,9879
4674,25,0,139,9880
4658,25,0,145,9881
4662,25,0,146,9882
4658,25,0,147,9883
4551,25,0,148,9884
4667,25,0,149,9885
4665,25,0,150,9886
4665,25,0,151,9887
4651,25,0,152,9888
4672,25,0,153,9889
4663,25,0,154,9890
4663,25,0,155,9891
4654,25,0,156,9892
4662,25,0,157,9893
4659,25,0,158,9894
4654,25,0,159,9895
4662,25,0,160,9896
4669,25,0,161,9897
4657,25,0,162,9898
4662,25,0,163,9899
4655,25,0,164,9900
4671,25,0,165,9901
4658,25,0,166,9902
4665,25,0,167,9903
4666,25,0,168,9904
4665,25,0,169,9905
4677,25,0,170,9906
4551,25,0,171,9907
4669,25,0,172,9908
4677,25,0,173,9909
4657,25,0,174,9910
4662,25,0,175,9911
4551,25,0,176,9912
4656,25,0,177,9913
4677,25,0,178,9914
4677,25,0,179,9915
4652,25,0,185,9916
4658,25,0,186,9917
4665,25,0,187,9918
4664,25,0,188,9919
4663,25,0,189,9920
4662,25,0,190,9921
4668,25,0,191,9922
4662,25,0,192,9923
4655,25,0,193,9924
4551,25,0,194,9925
4659,25,0,195,9926
4655,25,0,196,9927
4658,25,0,197,9928
4677,25,0,198,9929
4665,25,0,199,9930
4672,25,0,200,9931
4656,25,0,201,9932
4551,25,0,202,9933
4663,25,0,203,9934
4659,25,0,204,9935
4669,25,0,205,9936
4672,25,0,206,9937
4672,25,0,207,9938
4669,25,0,208,9939
4659,25,0,209,9940
4665,25,0,210,9941
4669,25,0,211,9942
4655,25,0,212,9943
4674,25,0,213,9944
4677,25,0,214,9945
4651,25,0,215,9946
4672,25,0,216,9947
4551,25,0,217,9948
4659,25,0,218,9949
4671,25,0,219,9950
4654,25,0,225,9951
4657,25,0,226,9952
4666,25,0,227,9953
4672,25,0,228,9954
4668,25,0,229,9955
4651,25,0,230,9956
4677,25,0,231,9957
4651,25,0,232,9958
4662,25,0,233,9959
4671,25,0,234,9960
4665,25,0,235,9961
4671,25,0,236,9962
4655,25,0,237,9963
4671,25,0,238,9964
4663,25,0,239,9965
4551,25,0,240,9966
4656,25,0,241,9967
4652,25,0,242,9968
4663,25,0,243,9969
4667,25,0,244,9970
4674,25,0,245,9971
4667,25,0,246,9972
4657,25,0,247,9973
4653,25,0,248,9974
4671,25,0,249,9975
4664,25,0,250,9976
4665,25,0,251,9977
4666,25,0,252,9978
4677,25,0,253,9979
4655,25,0,254,9980
4672,25,0,255,9981
4669,25,0,256,9982
4658,25,0,257,9983
4672,25,0,258,9984
4659,25,0,259,9985
4551,25,0,265,9986
4659,25,0,266,9987
4656,25,0,267,9988
4653,25,0,268,9989
4669,25,0,269,9990
4672,25,0,270,9991
4655,25,0,271,9992
4674,25,0,272,9993
4659,25,0,273,9994
4672,25,0,274,9995
4666,25,0,275,9996
4663,25,0,276,9997
4671,25,0,277,9998
4666,25,0,278,9999
4652,25,0,279,10000
4659,25,0,280,10001
4656,25,0,281,10002
4651,25,0,282,10003
4664,25,0,283,10004
4655,25,0,284,10005
4651,25,0,285,10006
4653,25,0,286,10007
4551,25,0,287,10008
4672,25,0,288,10009
4651,25,0,289,10010
4672,25,0,290,10011
4657,25,0,291,10012
4666,25,0,292,10013
4551,25,0,293,10014
4665,25,0,294,10015
4653,25,0,295,10016
4659,25,0,296,10017
4672,25,0,297,10018
4672,25,0,298,10019
4665,25,0,299,10020
4654,25,0,305,10021
4672,25,0,306,10022
4671,25,0,307,10023
4653,25,0,308,10024
4668,25,0,309,10025
4656,25,0,310,10026
4651,25,0,311,10027
4656,25,0,312,10028
4657,25,0,313,10029
4664,25,0,314,10030
4652,25,0,315,10031
4654,25,0,316,10032
4657,25,0,317,10033
4655,25,0,318,10034
4651,25,0,319,10035
4669,25,0,1000,10036
4657,25,0,1001,10037
4652,25,0,1002,10038
4666,25,0,1003,10039
4669,25,0,1004,10040
4677,25,0,1010,10041
4669,25,0,1011,10042
4668,25,0,1012,10043
4651,25,0,1013,10044
4659,25,0,1014,10045
4664,25,0,1020,10046
4658,25,0,1021,10047
4659,25,0,1022,10048
4656,25,0,1023,10049
4662,25,0,1024,10050
4654,25,0,1030,10051
4659,25,0,1031,10052
4666,25,0,1032,10053
4654,25,0,1033,10054
4668,25,0,1034,10055
4655,25,0,1040,10056
4677,25,0,1041,10057
4665,25,0,1042,10058
4677,25,0,1043,10059
4651,25,0,1044,10060
4667,25,0,1050,10061
4551,25,0,1051,10062
4655,25,0,1052,10063
4658,25,0,1053,10064
4672,25,0,1054,10065
4677,25,0,1060,10066
4677,25,0,1061,10067
4662,25,0,1062,10068
4662,25,0,1063,10069
4677,25,0,1064,10070
4651,25,0,1070,10071
4656,25,0,1071,10072
4671,25,0,1072,10073
4667,25,0,1073,10074
4658,25,0,1074,10075
4653,25,0,1080,10076
4663,25,0,1081,10077
4663,25,0,1082,10078
4671,25,0,1083,10079
4662,25,0,1084,10080
4654,25,0,1085,10081
4662,25,0,1086,10082
4667,25,0,1087,10083
4662,25,0,1088,10084
4674,25,0,1089,10085
4664,25,0,1090,10086
4677,25,0,1091,10087
4662,25,0,1092,10088
4677,25,0,1093,10089
4668,25,0,1094,10090
4669,25,0,1095,10091
4651,25,0,1096,10092
4551,25,0,1097,10093
4668,25,0,1098,10094
4674,25,0,1099,10095
4657,25,0,1105,10096
4653,25,0,1106,10097
4651,25,0,1107,10098
4551,25,0,1108,10099
4659,25,0,1109,10100
4551,25,0,1110,10101
4677,25,0,1111,10102
4663,25,0,1112,10103
4674,25,0,1113,10104
4651,25,0,1114,10105
4654,25,0,1135,10106
4671,25,0,1136,10107
4674,25,0,1137,10108
4672,25,0,1138,10109
4656,25,0,1139,10110
4669,25,0,1140,10111
4666,25,0,1141,10112
4659,25,0,1142,10113
4669,25,0,1143,10114
4551,25,0,1144,10115
4655,25,0,1145,10116
4674,25,0,1146,10117
4551,25,0,1147,10118
4664,25,0,1148,10119
4665,25,0,1149,10120
4658,25,0,1150,10121
4652,25,0,1151,10122
4657,25,0,1152,10123
4669,25,0,1153,10124
4657,25,0,1154,10125
4677,25,0,1155,10126
4663,25,0,1156,10127
4655,25,0,1157,10128
4664,25,0,1158,10129
4662,25,0,1159,10130
4656,25,0,1165,10131
4668,25,0,1166,10132
4656,25,0,1167,10133
4657,25,0,1168,10134
4662,25,0,1169,10135
4665,25,0,1170,10136
4551,25,0,1171,10137
4671,25,0,1172,10138
4657,25,0,1173,10139
4655,25,0,1174,10140
4654,25,0,1195,10141
4651,25,0,1196,10142
4667,25,0,1197,10143
4665,25,0,1198,10144
4652,25,0,1199,10145
4659,26,0,0,10146
4655,26,0,1,10147
4652,26,0,2,10148
4551,26,0,3,10149
4657,26,0,4,10150
4662,26,0,5,10151
4655,26,0,6,10152
4674,26,0,7,10153
4652,26,0,8,10154
4651,26,0,9,10155
4551,26,0,10,10156
4663,26,0,11,10157
4666,26,0,12,10158
4663,26,0,13,10159
4669,26,0,14,10160
4677,26,0,15,10161
4666,26,0,16,10162
4665,26,0,17,10163
4551,26,0,18,10164
4653,26,0,19,10165
4665,26,0,20,10166
4659,26,0,21,10167
4652,26,0,22,10168
4657,26,0,23,10169
4674,26,0,24,10170
4666,26,0,30,10171
4551,26,0,31,10172
4551,26,0,32,10173
4669,26,0,33,10174
4659,26,0,34,10175
4667,26,0,35,10176
4662,26,0,36,10177
4651,26,0,37,10178
4657,26,0,38,10179
4657,26,0,39,10180
4677,26,0,40,10181
4663,26,0,41,10182
4663,26,0,42,10183
4654,26,0,43,10184
4674,26,0,44,10185
4653,26,0,45,10186
4664,26,0,46,10187
4667,26,0,47,10188
4659,26,0,48,10189
4665,26,0,49,10190
4663,26,0,50,10191
4667,26,0,51,10192
4663,26,0,52,10193
4655,26,0,53,10194
4655,26,0,54,10195
4672,26,0,55,10196
4659,26,0,56,10197
4665,26,0,57,10198
4662,26,0,58,10199
4667,26,0,59,10200
4671,26,0,60,10201
4663,26,0,61,10202
4654,26,0,62,10203
4657,26,0,63,10204
4669,26,0,64,10205
4671,26,0,70,10206
4665,26,0,71,10207
4659,26,0,72,10208
4667,26,0,73,10209
4652,26,0,74,10210
4656,26,0,75,10211
4659,26,0,76,10212
4659,26,0,77,10213
4665,26,0,78,10214
4674,26,0,79,10215
4667,26,0,80,10216
4677,26,0,81,10217
4668,26,0,82,10218
4668,26,0,83,10219
4653,26,0,84,10220
4668,26,0,85,10221
4669,26,0,86,10222
4654,26,0,87,10223
4656,26,0,88,10224
4667,26,0,89,10225
4657,26,0,90,10226
4659,26,0,91,10227
4652,26,0,92,10228
4667,26,0,93,10229
4654,26,0,94,10230
4655,26,0,95,10231
4674,26,0,96,10232
4652,26,0,97,10233
4662,26,0,98,10234
4669,26,0,99,10235
4662,26,0,100,10236
4652,26,0,101,10237
4659,26,0,102,10238
4672,26,0,103,10239
4657,26,0,104,10240
4657,26,0,110,10241
4669,26,0,111,10242
4671,26,0,112,10243
4668,26,0,113,10244
4657,26,0,114,10245
4672,26,0,115,10246
4677,26,0,116,10247
4665,26,0,117,10248
4666,26,0,118,10249
4662,26,0,119,10250
4669,26,0,120,10251
4677,26,0,121,10252
4665,26,0,122,10253
4657,26,0,123,10254
4665,26,0,124,10255
4674,26,0,125,10256
4657,26,0,126,10257
4654,26,0,127,10258
4651,26,0,128,10259
4657,26,0,129,10260
4657,26,0,130,10261
4651,26,0,131,10262
4662,26,0,132,10263
4677,26,0,133,10264
4666,26,0,134,10265
4671,26,0,135,10266
4662,26,0,136,10267
4674,26,0,137,10268
4651,26,0,138,10269
4651,26,0,139,10270
4667,26,0,140,10271
4667,26,0,141,10272
4659,26,0,142,10273
4654,26,0,143,10274
4662,26,0,144,10275
4659,26,0,150,10276
4671,26,0,151,10277
4551,26,0,152,10278
4664,26,0,153,10279
4662,26,0,154,10280
4656,26,0,155,10281
4651,26,0,156,10282
4671,26,0,157,10283
4651,26,0,158,10284
4656,26,0,159,10285
4674,26,0,160,10286
4653,26,0,161,10287
4653,26,0,162,10288
4666,26,0,163,10289
4672,26,0,164,10290
4655,26,0,165,10291
4653,26,0,166,10292
4666,26,0,167,10293
4662,26,0,168,10294
4651,26,0,169,10295
4672,26,0,170,10296
4654,26,0,171,10297
4671,26,0,172,10298
4656,26,0,173,10299
4662,26,0,174,10300
4651,26,0,175,10301
4664,26,0,176,10302
4665,26,0,177,10303
4651,26,0,178,10304
4662,26,0,179,10305
4665,26,0,180,10306
4665,26,0,181,10307
4653,26,0,182,10308
4667,26,0,183,10309
4668,26,0,184,10310
4659,26,0,190,10311
4664,26,0,191,10312
4659,26,0,192,10313
4672,26,0,193,10314
4655,26,0,194,10315
4677,26,0,195,10316
4551,26,0,196,10317
4655,26,0,197,10318
4668,26,0,198,10319
4657,26,0,199,10320
4665,26,0,200,10321
4668,26,0,201,10322
4653,26,0,202,10323
4656,26,0,203,10324
4551,26,0,204,10325
4667,26,0,205,10326
4674,26,0,206,10327
4657,26,0,207,10328
4672,26,0,208,10329
4672,26,0,209,10330
4672,26,0,210,10331
4651,26,0,211,10332
4671,26,0,212,10333
4662,26,0,213,10334
4665,26,0,214,10335
4659,26,0,215,10336
4667,26,0,216,10337
4656,26,0,217,10338
4671,26,0,218,10339
4657,26,0,219,10340
4674,26,0,220,10341
4667,26,0,221,10342
4663,26,0,222,10343
4654,26,0,223,10344
4653,26,0,224,10345
4655,26,0,230,10346
4651,26,0,231,10347
4657,26,0,232,10348
4667,26,0,233,10349
4655,26,0,234,10350
4671,26,0,235,10351
4668,26,0,236,10352
4665,26,0,237,10353
4666,26,0,238,10354
4667,26,0,239,10355
4671,26,0,240,10356
4666,26,0,241,10357
4665,26,0,242,10358
4657,26,0,243,10359
4665,26,0,244,10360
4655,26,0,245,10361
4551,26,0,246,10362
4664,26,0,247,10363
4666,26,0,248,10364
4672,26,0,249,10365
4655,26,0,250,10366
4657,26,0,251,10367
4663,26,0,252,10368
4551,26,0,253,10369
4672,26,0,254,10370
4654,26,0,255,10371
4651,26,0,256,10372
4672,26,0,257,10373
4669,26,0,258,10374
4551,26,0,259,10375
4665,26,0,260,10376
4665,26,0,261,10377
4657,26,0,262,10378
4659,26,0,263,10379
4653,26,0,264,10380
4655,26,0,270,10381
4551,26,0,271,10382
4657,26,0,272,10383
4671,26,0,273,10384
4674,26,0,274,10385
4659,26,0,275,10386
4662,26,0,276,10387
4656,26,0,277,10388
4657,26,0,278,10389
4668,26,0,279,10390
4667,26,0,280,10391
4671,26,0,281,10392
4659,26,0,282,10393
4663,26,0,283,10394
4663,26,0,284,10395
4677,26,0,285,10396
4666,26,0,286,10397
4657,26,0,287,10398
4671,26,0,288,10399
4671,26,0,289,10400
4654,26,0,290,10401
4672,26,0,291,10402
4651,26,0,292,10403
4664,26,0,293,10404
4551,26,0,294,10405
4677,26,0,295,10406
4667,26,0,296,10407
4653,26,0,297,10408
4674,26,0,298,10409
4653,26,0,299,10410
4672,26,0,300,10411
4667,26,0,301,10412
4667,26,0,302,10413
4666,26,0,303,10414
4671,26,0,304,10415
4651,26,0,310,10416
4672,26,0,311,10417
4672,26,0,312,10418
4665,26,0,313,10419
4657,26,0,314,10420
4663,26,0,315,10421
4662,26,0,316,10422
4652,26,0,317,10423
4668,26,0,318,10424
4656,26,0,319,10425
4668,26,0,1000,10426
4663,26,0,1001,10427
4654,26,0,1002,10428
4657,26,0,1003,10429
4652,26,0,1004,10430
4667,26,0,1010,10431
4651,26,0,1011,10432
4651,26,0,1012,10433
4656,26,0,1013,10434
4663,26,0,1014,10435
4666,26,0,1020,10436
4551,26,0,1021,10437
4657,26,0,1022,10438
4668,26,0,1023,10439
4668,26,0,1024,10440
4652,26,0,1030,10441
4653,26,0,1031,10442
4672,26,0,1032,10443
4657,26,0,1033,10444
4659,26,0,1034,10445
4657,26,0,1040,10446
4652,26,0,1041,10447
4666,26,0,1042,10448
4665,26,0,1043,10449
4666,26,0,1044,10450
4664,26,0,1050,10451
4668,26,0,1051,10452
4674,26,0,1052,10453
4674,26,0,1053,10454
4677,26,0,1054,10455
4664,26,0,1060,10456
4665,26,0,1061,10457
4651,26,0,1062,10458
4677,26,0,1063,10459
4655,26,0,1064,10460
4666,26,0,1070,10461
4659,26,0,1071,10462
4674,26,0,1072,10463
4663,26,0,1073,10464
4662,26,0,1074,10465
4677,26,0,1080,10466
4669,26,0,1081,10467
4653,26,0,1082,10468
4665,26,0,1083,10469
4654,26,0,1084,10470
4551,26,0,1085,10471
4654,26,0,1086,10472
4677,26,0,1087,10473
4656,26,0,1088,10474
4672,26,0,1089,10475
4671,26,0,1090,10476
4551,26,0,1091,10477
4669,26,0,1092,10478
4656,26,0,1093,10479
4657,26,0,1094,10480
4677,26,0,1095,10481
4671,26,0,1096,10482
4654,26,0,1097,10483
4655,26,0,1098,10484
4657,26,0,1099,10485
4671,26,0,1100,10486
4662,26,0,1101,10487
4667,26,0,1102,10488
4662,26,0,1103,10489
4656,26,0,1104,10490
4657,26,0,1110,10491
4652,26,0,1111,10492
4672,26,0,1112,10493
4657,26,0,1113,10494
4654,26,0,1114,10495
4667,26,0,1135,10496
4655,26,0,1136,10497
4672,26,0,1137,10498
4665,26,0,1138,10499
4669,26,0,1139,10500
4677,26,0,1140,10501
4671,26,0,1141,10502
4672,26,0,1142,10503
4654,26,0,1143,10504
4654,26,0,1144,10505
4668,26,0,1145,10506
4669,26,0,1146,10507
4652,26,0,1147,10508
4653,26,0,1148,10509
4666,26,0,1149,10510
4551,26,0,1150,10511
4666,26,0,1151,10512
4653,26,0,1152,10513
4662,26,0,1153,10514
4665,26,0,1154,10515
4651,26,0,1155,10516
4551,26,0,1156,10517
4671,26,0,1157,10518
4666,26,0,1158,10519
4677,26,0,1159,10520
4672,26,0,1160,10521
4655,26,0,1161,10522
4656,26,0,1162,10523
4674,26,0,1163,10524
4666,26,0,1164,10525
4672,26,0,1170,10526
4666,26,0,1171,10527
4651,26,0,1172,10528
4654,26,0,1173,10529
4656,26,0,1174,10530
4659,26,0,1195,10531
4654,26,0,1196,10532
4656,26,0,1197,10533
4669,26,0,1198,10534
4671,26,0,1199,10535
4672,27,0,0,10536
4659,27,0,1,10537
4665,27,0,2,10538
4655,27,0,3,10539
4664,27,0,4,10540
4674,27,0,5,10541
4658,27,0,6,10542
4671,27,0,7,10543
4671,27,0,8,10544
4672,27,0,9,10545
4671,27,0,10,10546
4651,27,0,11,10547
4665,27,0,12,10548
4664,27,0,13,10549
4652,27,0,14,10550
4665,27,0,15,10551
4652,27,0,16,10552
4677,27,0,17,10553
4659,27,0,18,10554
4651,27,0,19,10555
4668,27,0,20,10556
4658,27,0,21,10557
4551,27,0,22,10558
4654,27,0,23,10559
4664,27,0,24,10560
4658,27,0,25,10561
4671,27,0,26,10562
4651,27,0,27,10563
4657,27,0,28,10564
4651,27,0,29,10565
4669,27,0,35,10566
4668,27,0,36,10567
4665,27,0,37,10568
4674,27,0,38,10569
4664,27,0,39,10570
4655,27,0,40,10571
4671,27,0,41,10572
4672,27,0,42,10573
4669,27,0,43,10574
4654,27,0,44,10575
4663,27,0,45,10576
4657,27,0,46,10577
4671,27,0,47,10578
4668,27,0,48,10579
4658,27,0,49,10580
4653,27,0,50,10581
4677,27,0,51,10582
4672,27,0,52,10583
4677,27,0,53,10584
4665,27,0,54,10585
4659,27,0,55,10586
4551,27,0,56,10587
4658,27,0,57,10588
4664,27,0,58,10589
4677,27,0,59,10590
4663,27,0,60,10591
4652,27,0,61,10592
4674,27,0,62,10593
4653,27,0,63,10594
4674,27,0,64,10595
4662,27,0,65,10596
4653,27,0,66,10597
4653,27,0,67,10598
4672,27,0,68,10599
4652,27,0,69,10600
4662,27,0,75,10601
4651,27,0,76,10602
4657,27,0,77,10603
4655,27,0,78,10604
4651,27,0,79,10605
4655,27,0,80,10606
4665,27,0,81,10607
4657,27,0,82,10608
4662,27,0,83,10609
4671,27,0,84,10610
4653,27,0,85,10611
4671,27,0,86,10612
4551,27,0,87,10613
4677,27,0,88,10614
4669,27,0,89,10615
4674,27,0,90,10616
4677,27,0,91,10617
4665,27,0,92,10618
4655,27,0,93,10619
4652,27,0,94,10620
4669,27,0,95,10621
4655,27,0,96,10622
4672,27,0,97,10623
4659,27,0,98,10624
4658,27,0,99,10625
4663,27,0,100,10626
4659,27,0,101,10627
4664,27,0,102,10628
4664,27,0,103,10629
4664,27,0,104,10630
4669,27,0,105,10631
4652,27,0,106,10632
4662,27,0,107,10633
4662,27,0,108,10634
4662,27,0,109,10635
4658,27,0,115,10636
4654,27,0,116,10637
4653,27,0,117,10638
4657,27,0,118,10639
4655,27,0,119,10640
4663,27,0,120,10641
4667,27,0,121,10642
4671,27,0,122,10643
4654,27,0,123,10644
4551,27,0,124,10645
4662,27,0,125,10646
4664,27,0,126,10647
4657,27,0,127,10648
4671,27,0,128,10649
4656,27,0,129,10650
4651,27,0,130,10651
4667,27,0,131,10652
4665,27,0,132,10653
4551,27,0,133,10654
4651,27,0,134,10655
4651,27,0,135,10656
4654,27,0,136,10657
4655,27,0,137,10658
4664,27,0,138,10659
4669,27,0,139,10660
4654,27,0,140,10661
4668,27,0,141,10662
4652,27,0,142,10663
4672,27,0,143,10664
4672,27,0,144,10665
4666,27,0,145,10666
4651,27,0,146,10667
4663,27,0,147,10668
4666,27,0,148,10669
4655,27,0,149,10670
4653,27,0,155,10671
4677,27,0,156,10672
4663,27,0,157,10673
4671,27,0,158,10674
4663,27,0,159,10675
4672,27,0,160,10676
4659,27,0,161,10677
4655,27,0,162,10678
4664,27,0,163,10679
4666,27,0,164,10680
4658,27,0,165,10681
4655,27,0,166,10682
4662,27,0,167,10683
4657,27,0,168,10684
4668,27,0,169,10685
4665,27,0,170,10686
4653,27,0,171,10687
4658,27,0,172,10688
4671,27,0,173,10689
4663,27,0,174,10690
4671,27,0,175,10691
4651,27,0,176,10692
4668,27,0,177,10693
4652,27,0,178,10694
4655,27,0,179,10695
4664,27,0,180,10696
4666,27,0,181,10697
4662,27,0,182,10698
4665,27,0,183,10699
4663,27,0,184,10700
4651,27,0,185,10701
4551,27,0,186,10702
4663,27,0,187,10703
4668,27,0,188,10704
4653,27,0,189,10705
4654,27,0,195,10706
4651,27,0,196,10707
4657,27,0,197,10708
4658,27,0,198,10709
4677,27,0,199,10710
4651,27,0,200,10711
4672,27,0,201,10712
4655,27,0,202,10713
4677,27,0,203,10714
4657,27,0,204,10715
4663,27,0,205,10716
4664,27,0,206,10717
4665,27,0,207,10718
4668,27,0,208,10719
4662,27,0,209,10720
4651,27,0,210,10721
4662,27,0,211,10722
4663,27,0,212,10723
4651,27,0,213,10724
4652,27,0,214,10725
4653,27,0,215,10726
4664,27,0,216,10727
4651,27,0,217,10728
4669,27,0,218,10729
4662,27,0,219,10730
4652,27,0,220,10731
4653,27,0,221,10732
4656,27,0,222,10733
4653,27,0,223,10734
4655,27,0,224,10735
4669,27,0,225,10736
4669,27,0,226,10737
4667,27,0,227,10738
4657,27,0,228,10739
4659,27,0,229,10740
4659,27,0,235,10741
4674,27,0,236,10742
4657,27,0,237,10743
4659,27,0,238,10744
4662,27,0,239,10745
4674,27,0,240,10746
4672,27,0,241,10747
4551,27,0,242,10748
4655,27,0,243,10749
4668,27,0,244,10750
4662,27,0,245,10751
4677,27,0,246,10752
4653,27,0,247,10753
4669,27,0,248,10754
4656,27,0,249,10755
4666,27,0,250,10756
4671,27,0,251,10757
4551,27,0,252,10758
4664,27,0,253,10759
4652,27,0,254,10760
4655,27,0,255,10761
4655,27,0,256,10762
4652,27,0,257,10763
4666,27,0,258,10764
4666,27,0,259,10765
4671,27,0,260,10766
4653,27,0,261,10767
4667,27,0,262,10768
4654,27,0,263,10769
4551,27,0,264,10770
4671,27,0,265,10771
4651,27,0,266,10772
4677,27,0,267,10773
4662,27,0,268,10774
4654,27,0,269,10775
4651,27,0,275,10776
4655,27,0,276,10777
4674,27,0,277,10778
4677,27,0,278,10779
4671,27,0,279,10780
4677,27,0,280,10781
4652,27,0,281,10782
4657,27,0,282,10783
4669,27,0,283,10784
4654,27,0,284,10785
4664,27,0,285,10786
4551,27,0,286,10787
4663,27,0,287,10788
4669,27,0,288,10789
4668,27,0,289,10790
4677,27,0,290,10791
4651,27,0,291,10792
4658,27,0,292,10793
4671,27,0,293,10794
4669,27,0,294,10795
4662,27,0,295,10796
4655,27,0,296,10797
4665,27,0,297,10798
4658,27,0,298,10799
4672,27,0,299,10800
4656,27,0,300,10801
4668,27,0,301,10802
4652,27,0,302,10803
4672,27,0,303,10804
4551,27,0,304,10805
4651,27,0,305,10806
4667,27,0,306,10807
4662,27,0,307,10808
4658,27,0,308,10809
4651,27,0,309,10810
4677,27,0,315,10811
4551,27,0,316,10812
4663,27,0,317,10813
4662,27,0,318,10814
4672,27,0,319,10815
4665,27,0,1000,10816
4551,27,0,1001,10817
4667,27,0,1002,10818
4662,27,0,1003,10819
4651,27,0,1004,10820
4658,27,0,1010,10821
4551,27,0,1011,10822
4671,27,0,1012,10823
4551,27,0,1013,10824
4668,27,0,1014,10825
4665,27,0,1020,10826
4674,27,0,1021,10827
4677,27,0,1022,10828
4665,27,0,1023,10829
4677,27,0,1024,10830
4659,27,0,1030,10831
4666,27,0,1031,10832
4668,27,0,1032,10833
4669,27,0,1033,10834
4551,27,0,1034,10835
4671,27,0,1040,10836
4658,27,0,1041,10837
4677,27,0,1042,10838
4664,27,0,1043,10839
4653,27,0,1044,10840
4677,27,0,1050,10841
4653,27,0,1051,10842
4667,27,0,1052,10843
4551,27,0,1053,10844
4667,27,0,1054,10845
4665,27,0,1060,10846
4654,27,0,1061,10847
4674,27,0,1062,10848
4672,27,0,1063,10849
4662,27,0,1064,10850
4656,27,0,1070,10851
4669,27,0,1071,10852
4659,27,0,1072,10853
4655,27,0,1073,10854
4663,27,0,1074,10855
4668,27,0,1080,10856
4677,27,0,1081,10857
4666,27,0,1082,10858
4651,27,0,1083,10859
4551,27,0,1084,10860
4668,27,0,1085,10861
4671,27,0,1086,10862
4652,27,0,1087,10863
4677,27,0,1088,10864
4651,27,0,1089,10865
4672,27,0,1090,10866
4664,27,0,1091,10867
4677,27,0,1092,10868
4667,27,0,1093,10869
4669,27,0,1094,10870
4658,27,0,1095,10871
4659,27,0,1096,10872
4659,27,0,1097,10873
4662,27,0,1098,10874
4659,27,0,1099,10875
4677,27,0,1100,10876
4671,27,0,1101,10877
4664,27,0,1102,10878
4665,27,0,1103,10879
4658,27,0,1104,10880
4551,27,0,1105,10881
4671,27,0,1106,10882
4667,27,0,1107,10883
4656,27,0,1108,10884
4655,27,0,1109,10885
4655,27,0,1135,10886
4665,27,0,1136,10887
4668,27,0,1137,10888
4659,27,0,1138,10889
4662,27,0,1139,10890
4663,27,0,1140,10891
4659,27,0,1141,10892
4653,27,0,1142,10893
4671,27,0,1143,10894
4659,27,0,1144,10895
4652,27,0,1145,10896
4658,27,0,1146,10897
4662,27,0,1147,10898
4551,27,0,1148,10899
4657,27,0,1149,10900
4672,27,0,1150,10901
4664,27,0,1151,10902
4662,27,0,1152,10903
4667,27,0,1153,10904
4656,27,0,1154,10905
4658,27,0,1155,10906
4667,27,0,1156,10907
4651,27,0,1157,10908
4672,27,0,1158,10909
4656,27,0,1159,10910
4669,27,0,1160,10911
4663,27,0,1161,10912
4657,27,0,1162,10913
4657,27,0,1163,10914
4664,27,0,1164,10915
4664,27,0,1165,10916
4657,27,0,1166,10917
4677,27,0,1167,10918
4551,27,0,1168,10919
4666,27,0,1169,10920
4667,27,0,1195,10921
4669,27,0,1196,10922
4662,27,0,1197,10923
4668,27,0,1198,10924
4663,27,0,1199,10925
4655,28,0,0,10926
4674,28,0,1,10927
4672,28,0,2,10928
4663,28,0,3,10929
4667,28,0,4,10930
4669,28,0,5,10931
4659,28,0,6,10932
4657,28,0,7,10933
4677,28,0,8,10934
4671,28,0,9,10935
4666,28,0,10,10936
4551,28,0,11,10937
4672,28,0,12,10938
4662,28,0,13,10939
4659,28,0,14,10940
4658,28,0,15,10941
4657,28,0,16,10942
4671,28,0,17,10943
4667,28,0,18,10944
4667,28,0,19,10945
4657,28,0,20,10946
4671,28,0,21,10947
4662,28,0,22,10948
4671,28,0,23,10949
4551,28,0,24,10950
4551,28,0,25,10951
4652,28,0,26,10952
4666,28,0,27,10953
4671,28,0,28,10954
4658,28,0,29,10955
4657,28,0,30,10956
4665,28,0,31,10957
4665,28,0,32,10958
4551,28,0,33,10959
4672,28,0,34,10960
4663,28,0,40,10961
4665,28,0,41,10962
4655,28,0,42,10963
4671,28,0,43,10964
4665,28,0,44,10965
4674,28,0,45,10966
4551,28,0,46,10967
4668,28,0,47,10968
4551,28,0,48,10969
4664,28,0,49,10970
4674,28,0,50,10971
4652,28,0,51,10972
4668,28,0,52,10973
4668,28,0,53,10974
4668,28,0,54,10975
4668,28,0,55,10976
4672,28,0,56,10977
4651,28,0,57,10978
4658,28,0,58,10979
4664,28,0,59,10980
4655,28,0,60,10981
4657,28,0,61,10982
4668,28,0,62,10983
4663,28,0,63,10984
4666,28,0,64,10985
4677,28,0,65,10986
4652,28,0,66,10987
4671,28,0,67,10988
4654,28,0,68,10989
4651,28,0,69,10990
4654,28,0,70,10991
4677,28,0,71,10992
4671,28,0,72,10993
4551,28,0,73,10994
4669,28,0,74,10995
4677,28,0,80,10996
4655,28,0,81,10997
4677,28,0,82,10998
4667,28,0,83,10999
4666,28,0,84,11000
4672,28,0,85,11001
4665,28,0,86,11002
4662,28,0,87,11003
4669,28,0,88,11004
4677,28,0,89,11005
4669,28,0,90,11006
4658,28,0,91,11007
4663,28,0,92,11008
4652,28,0,93,11009
4663,28,0,94,11010
4658,28,0,95,11011
4672,28,0,96,11012
4654,28,0,97,11013
4671,28,0,98,11014
4677,28,0,99,11015
4655,28,0,100,11016
4655,28,0,101,11017
4658,28,0,102,11018
4667,28,0,103,11019
4653,28,0,104,11020
4663,28,0,105,11021
4677,28,0,106,11022
4668,28,0,107,11023
4659,28,0,108,11024
4651,28,0,109,11025
4651,28,0,110,11026
4662,28,0,111,11027
4667,28,0,112,11028
4655,28,0,113,11029
4671,28,0,114,11030
4665,28,0,120,11031
4672,28,0,121,11032
4672,28,0,122,11033
4658,28,0,123,11034
4657,28,0,124,11035
4551,28,0,125,11036
4663,28,0,126,11037
4674,28,0,127,11038
4655,28,0,128,11039
4655,28,0,129,11040
4655,28,0,130,11041
4656,28,0,131,11042
4669,28,0,132,11043
4652,28,0,133,11044
4656,28,0,134,11045
4657,28,0,135,11046
4653,28,0,136,11047
4671,28,0,137,11048
4671,28,0,138,11049
4659,28,0,139,11050
4656,28,0,140,11051
4659,28,0,141,11052
4654,28,0,142,11053
4668,28,0,143,11054
4668,28,0,144,11055
4659,28,0,145,11056
4659,28,0,146,11057
4677,28,0,147,11058
4674,28,0,148,11059
4668,28,0,149,11060
4667,28,0,150,11061
4653,28,0,151,11062
4668,28,0,152,11063
4655,28,0,153,11064
4667,28,0,154,11065
4654,28,0,160,11066
4671,28,0,161,11067
4671,28,0,162,11068
4657,28,0,163,11069
4659,28,0,164,11070
4662,28,0,165,11071
4668,28,0,166,11072
4668,28,0,167,11073
4656,28,0,168,11074
4658,28,0,169,11075
4657,28,0,170,11076
4677,28,0,171,11077
4651,28,0,172,11078
4652,28,0,173,11079
4672,28,0,174,11080
4551,28,0,175,11081
4672,28,0,176,11082
4671,28,0,177,11083
4672,28,0,178,11084
4669,28,0,179,11085
4668,28,0,180,11086
4655,28,0,181,11087
4665,28,0,182,11088
4672,28,0,183,11089
4656,28,0,184,11090
4672,28,0,185,11091
4663,28,0,186,11092
4674,28,0,187,11093
4658,28,0,188,11094
4658,28,0,189,11095
4677,28,0,190,11096
4551,28,0,191,11097
4657,28,0,192,11098
4664,28,0,193,11099
4652,28,0,194,11100
4662,28,0,200,11101
4667,28,0,201,11102
4659,28,0,202,11103
4672,28,0,203,11104
4653,28,0,204,11105
4652,28,0,205,11106
4665,28,0,206,11107
4654,28,0,207,11108
4658,28,0,208,11109
4658,28,0,209,11110
4671,28,0,210,11111
4665,28,0,211,11112
4653,28,0,212,11113
4669,28,0,213,11114
4666,28,0,214,11115
4654,28,0,215,11116
4669,28,0,216,11117
4663,28,0,217,11118
4657,28,0,218,11119
4653,28,0,219,11120
4663,28,0,220,11121
4651,28,0,221,11122
4674,28,0,222,11123
4657,28,0,223,11124
4669,28,0,224,11125
4663,28,0,225,11126
4662,28,0,226,11127
4669,28,0,227,11128
4662,28,0,228,11129
4656,28,0,229,11130
4654,28,0,230,11131
4668,28,0,231,11132
4669,28,0,232,11133
4657,28,0,233,11134
4653,28,0,234,11135
4668,28,0,240,11136
4654,28,0,241,11137
4671,28,0,242,11138
4652,28,0,243,11139
4666,28,0,244,11140
4663,28,0,245,11141
4672,28,0,246,11142
4655,28,0,247,11143
4662,28,0,248,11144
4664,28,0,249,11145
4671,28,0,250,11146
4662,28,0,251,11147
4657,28,0,252,11148
4669,28,0,253,11149
4662,28,0,254,11150
4651,28,0,255,11151
4674,28,0,256,11152
4665,28,0,257,11153
4658,28,0,258,11154
4669,28,0,259,11155
4677,28,0,260,11156
4657,28,0,261,11157
4551,28,0,262,11158
4668,28,0,263,11159
4669,28,0,264,11160
4653,28,0,265,11161
4669,28,0,266,11162
4652,28,0,267,11163
4665,28,0,268,11164
4666,28,0,269,11165
4659,28,0,270,11166
4666,28,0,271,11167
4658,28,0,272,11168
4665,28,0,273,11169
4651,28,0,274,11170
4651,28,0,280,11171
4654,28,0,281,11172
4664,28,0,282,11173
4653,28,0,283,11174
4662,28,0,284,11175
4653,28,0,285,11176
4664,28,0,286,11177
4677,28,0,287,11178
4662,28,0,288,11179
4677,28,0,289,11180
4658,28,0,290,11181
4671,28,0,291,11182
4667,28,0,292,11183
4677,28,0,293,11184
4652,28,0,294,11185
4655,28,0,295,11186
4652,28,0,296,11187
4669,28,0,297,11188
4669,28,0,298,11189
4677,28,0,299,11190
4663,28,0,300,11191
4664,28,0,301,11192
4666,28,0,302,11193
4655,28,0,303,11194
4662,28,0,304,11195
4551,28,0,305,11196
4651,28,0,306,11197
4672,28,0,307,11198
4663,28,0,308,11199
4672,28,0,309,11200
4653,28,0,310,11201
4665,28,0,311,11202
4662,28,0,312,11203
4658,28,0,313,11204
4662,28,0,314,11205
4551,28,0,1000,11206
4652,28,0,1001,11207
4671,28,0,1002,11208
4665,28,0,1003,11209
4671,28,0,1004,11210
4665,28,0,1010,11211
4672,28,0,1011,11212
4664,28,0,1012,11213
4665,28,0,1013,11214
4657,28,0,1014,11215
4669,28,0,1020,11216
4664,28,0,1021,11217
4653,28,0,1022,11218
4551,28,0,1023,11219
4654,28,0,1024,11220
4655,28,0,1030,11221
4677,28,0,1031,11222
4654,28,0,1032,11223
4663,28,0,1033,11224
4674,28,0,1034,11225
4665,28,0,1040,11226
4672,28,0,1041,11227
4674,28,0,1042,11228
4651,28,0,1043,11229
4654,28,0,1044,11230
4551,28,0,1050,11231
4665,28,0,1051,11232
4662,28,0,1052,11233
4671,28,0,1053,11234
4665,28,0,1054,11235
4667,28,0,1060,11236
4672,28,0,1061,11237
4665,28,0,1062,11238
4654,28,0,1063,11239
4663,28,0,1064,11240
4659,28,0,1070,11241
4666,28,0,1071,11242
4655,28,0,1072,11243
4654,28,0,1073,11244
4654,28,0,1074,11245
4674,28,0,1080,11246
4666,28,0,1081,11247
4669,28,0,1082,11248
4662,28,0,1083,11249
4659,28,0,1084,11250
4656,28,0,1085,11251
4663,28,0,1086,11252
4662,28,0,1087,11253
4659,28,0,1088,11254
4668,28,0,1089,11255
4666,28,0,1090,11256
4657,28,0,1091,11257
4652,28,0,1092,11258
4655,28,0,1093,11259
4672,28,0,1094,11260
4654,28,0,1095,11261
4654,28,0,1096,11262
4651,28,0,1097,11263
4677,28,0,1098,11264
4669,28,0,1099,11265
4668,28,0,1100,11266
4663,28,0,1101,11267
4656,28,0,1102,11268
4674,28,0,1103,11269
4672,28,0,1104,11270
4654,28,0,1105,11271
4672,28,0,1106,11272
4658,28,0,1107,11273
4659,28,0,1108,11274
4666,28,0,1109,11275
4663,28,0,1110,11276
4674,28,0,1111,11277
4654,28,0,1112,11278
4659,28,0,1113,11279
4655,28,0,1114,11280
4665,28,0,1140,11281
4657,28,0,1141,11282
4667,28,0,1142,11283
4672,28,0,1143,11284
4672,28,0,1144,11285
4669,28,0,1145,11286
4659,28,0,1146,11287
4651,28,0,1147,11288
4655,28,0,1148,11289
4656,28,0,1149,11290
4677,28,0,1150,11291
4677,28,0,1151,11292
4672,28,0,1152,11293
4663,28,0,1153,11294
4672,28,0,1154,11295
4657,28,0,1155,11296
4655,28,0,1156,11297
4662,28,0,1157,11298
4663,28,0,1158,11299
4651,28,0,1159,11300
4653,28,0,1160,11301
4667,28,0,1161,11302
4651,28,0,1162,11303
4658,28,0,1163,11304
4654,28,0,1164,11305
4654,28,0,1165,11306
4672,28,0,1166,11307
4671,28,0,1167,11308
4655,28,0,1168,11309
4664,28,0,1169,11310
4667,28,0,1170,11311
4672,28,0,1171,11312
4655,28,0,1172,11313
4677,28,0,1173,11314
4665,28,0,1174,11315
4657,29,0,0,11316
4669,29,0,1,11317
4677,29,0,2,11318
4665,29,0,3,11319
4652,29,0,4,11320
4666,29,0,5,11321
4672,29,0,6,11322
4664,29,0,7,11323
4669,29,0,8,11324
4667,29,0,9,11325
4655,29,0,10,11326
4664,29,0,11,11327
4658,29,0,12,11328
4665,29,0,13,11329
4677,29,0,14,11330
4671,29,0,15,11331
4674,29,0,16,11332
4659,29,0,17,11333
4671,29,0,18,11334
4551,29,0,19,11335
4662,29,0,30,11336
4653,29,0,31,11337
4674,29,0,32,11338
4674,29,0,33,11339
4668,29,0,34,11340
4657,29,0,35,11341
4669,29,0,36,11342
4672,29,0,37,11343
4656,29,0,38,11344
4653,29,0,39,11345
4659,29,0,40,11346
4677,29,0,41,11347
4666,29,0,42,11348
4657,29,0,43,11349
4666,29,0,44,11350
4677,29,0,45,11351
4667,29,0,46,11352
4652,29,0,47,11353
4657,29,0,48,11354
4653,29,0,49,11355
4654,29,0,50,11356
4672,29,0,51,11357
4666,29,0,52,11358
4654,29,0,53,11359
4667,29,0,54,11360
4662,29,0,55,11361
4662,29,0,56,11362
4672,29,0,57,11363
4655,29,0,58,11364
4659,29,0,59,11365
4657,29,0,70,11366
4659,29,0,71,11367
4672,29,0,72,11368
4665,29,0,73,11369
4665,29,0,74,11370
4651,29,0,75,11371
4668,29,0,76,11372
4671,29,0,77,11373
4677,29,0,78,11374
4671,29,0,79,11375
4658,29,0,80,11376
4669,29,0,81,11377
4655,29,0,82,11378
4655,29,0,83,11379
4665,29,0,84,11380
4656,29,0,85,11381
4655,29,0,86,11382
4665,29,0,87,11383
4652,29,0,88,11384
4664,29,0,89,11385
4672,29,0,90,11386
4672,29,0,91,11387
4653,29,0,92,11388
4674,29,0,93,11389
4666,29,0,94,11390
4551,29,0,95,11391
4653,29,0,96,11392
4551,29,0,97,11393
4665,29,0,98,11394
4663,29,0,99,11395
4664,29,0,110,11396
4674,29,0,111,11397
4551,29,0,112,11398
4671,29,0,113,11399
4662,29,0,114,11400
4662,29,0,115,11401
4655,29,0,116,11402
4659,29,0,117,11403
4658,29,0,118,11404
4665,29,0,119,11405
4672,29,0,120,11406
4669,29,0,121,11407
4656,29,0,122,11408
4651,29,0,123,11409
4671,29,0,124,11410
4667,29,0,125,11411
4669,29,0,126,11412
4659,29,0,127,11413
4659,29,0,128,11414
4672,29,0,129,11415
4662,29,0,130,11416
4665,29,0,131,11417
4551,29,0,132,11418
4671,29,0,133,11419
4667,29,0,134,11420
4672,29,0,135,11421
4651,29,0,136,11422
4667,29,0,137,11423
4551,29,0,138,11424
4672,29,0,139,11425
4662,29,0,150,11426
4654,29,0,151,11427
4653,29,0,152,11428
4551,29,0,153,11429
4551,29,0,154,11430
4551,29,0,155,11431
4672,29,0,156,11432
4658,29,0,157,11433
4551,29,0,158,11434
4671,29,0,159,11435
4665,29,0,160,11436
4667,29,0,161,11437
4651,29,0,162,11438
4651,29,0,163,11439
4652,29,0,164,11440
4653,29,0,165,11441
4654,29,0,166,11442
4654,29,0,167,11443
4672,29,0,168,11444
4669,29,0,169,11445
4655,29,0,170,11446
4664,29,0,171,11447
4659,29,0,172,11448
4653,29,0,173,11449
4655,29,0,174,11450
4665,29,0,175,11451
4674,29,0,176,11452
4551,29,0,177,11453
4669,29,0,178,11454
4672,29,0,179,11455
4672,29,0,190,11456
4657,29,0,191,11457
4664,29,0,192,11458
4665,29,0,193,11459
4664,29,0,194,11460
4652,29,0,195,11461
4674,29,0,196,11462
4664,29,0,197,11463
4657,29,0,198,11464
4672,29,0,199,11465
4655,29,0,200,11466
4653,29,0,201,11467
4668,29,0,202,11468
4654,29,0,203,11469
4655,29,0,204,11470
4662,29,0,205,11471
4651,29,0,206,11472
4668,29,0,207,11473
4551,29,0,208,11474
4671,29,0,209,11475
4662,29,0,210,11476
4657,29,0,211,11477
4665,29,0,212,11478
4677,29,0,213,11479
4664,29,0,214,11480
4677,29,0,215,11481
4652,29,0,216,11482
4671,29,0,217,11483
4677,29,0,218,11484
4669,29,0,219,11485
4659,29,0,230,11486
4665,29,0,231,11487
4659,29,0,232,11488
4672,29,0,233,11489
4659,29,0,234,11490
4672,29,0,235,11491
4669,29,0,236,11492
4671,29,0,237,11493
4655,29,0,238,11494
4664,29,0,239,11495
4669,29,0,240,11496
4671,29,0,241,11497
4664,29,0,242,11498
4656,29,0,243,11499
4656,29,0,244,11500
4671,29,0,245,11501
4659,29,0,246,11502
4662,29,0,247,11503
4671,29,0,248,11504
4651,29,0,249,11505
4677,29,0,250,11506
4672,29,0,251,11507
4659,29,0,252,11508
4666,29,0,253,11509
4651,29,0,254,11510
4671,29,0,255,11511
4672,29,0,256,11512
4653,29,0,257,11513
4664,29,0,258,11514
4655,29,0,259,11515
4665,29,0,270,11516
4654,29,0,271,11517
4662,29,0,272,11518
4667,29,0,273,11519
4655,29,0,274,11520
4677,29,0,275,11521
4658,29,0,276,11522
4665,29,0,277,11523
4668,29,0,278,11524
4551,29,0,279,11525
4655,29,0,280,11526
4664,29,0,281,11527
4667,29,0,282,11528
4654,29,0,283,11529
4652,29,0,284,11530
4669,29,0,285,11531
4658,29,0,286,11532
4672,29,0,287,11533
4657,29,0,288,11534
4669,29,0,289,11535
4664,29,0,290,11536
4653,29,0,291,11537
4663,29,0,292,11538
4665,29,0,293,11539
4671,29,0,294,11540
4659,29,0,295,11541
4658,29,0,296,11542
4659,29,0,297,11543
4671,29,0,298,11544
4657,29,0,299,11545
4551,29,0,310,11546
4669,29,0,311,11547
4667,29,0,312,11548
4659,29,0,313,11549
4655,29,0,314,11550
4671,29,0,315,11551
4671,29,0,316,11552
4551,29,0,317,11553
4653,29,0,318,11554
4655,29,0,319,11555
4657,29,0,1000,11556
4669,29,0,1001,11557
4669,29,0,1002,11558
4664,29,0,1003,11559
4666,29,0,1004,11560
4669,29,0,1010,11561
4656,29,0,1011,11562
4665,29,0,1012,11563
4669,29,0,1013,11564
4664,29,0,1014,11565
4671,29,0,1020,11566
4671,29,0,1021,11567
4672,29,0,1022,11568
4659,29,0,1023,11569
4669,29,0,1024,11570
4662,29,0,1030,11571
4672,29,0,1031,11572
4551,29,0,1032,11573
4677,29,0,1033,11574
4653,29,0,1034,11575
4672,29,0,1040,11576
4657,29,0,1041,11577
4653,29,0,1042,11578
4551,29,0,1043,11579
4677,29,0,1044,11580
4671,29,0,1050,11581
4664,29,0,1051,11582
4551,29,0,1052,11583
4655,29,0,1053,11584
4658,29,0,1054,11585
4654,29,0,1060,11586
4655,29,0,1061,11587
4659,29,0,1062,11588
4674,29,0,1063,11589
4665,29,0,1064,11590
4672,29,0,1070,11591
4663,29,0,1071,11592
4657,29,0,1072,11593
4669,29,0,1073,11594
4551,29,0,1074,11595
4666,29,0,1080,11596
4662,29,0,1081,11597
4662,29,0,1082,11598
4551,29,0,1083,11599
4672,29,0,1084,11600
4657,29,0,1085,11601
4656,29,0,1086,11602
4551,29,0,1087,11603
4664,29,0,1088,11604
4662,29,0,1089,11605
4657,29,0,1090,11606
4652,29,0,1091,11607
4655,29,0,1092,11608
4674,29,0,1093,11609
4666,29,0,1094,11610
4551,29,0,1095,11611
4672,29,0,1096,11612
4658,29,0,1097,11613
4669,29,0,1098,11614
4551,29,0,1099,11615
4659,29,0,1110,11616
4665,29,0,1111,11617
4651,29,0,1112,11618
4672,29,0,1113,11619
4657,29,0,1114,11620
4669,29,0,1135,11621
4666,29,0,1136,11622
4651,29,0,1137,11623
4668,29,0,1138,11624
4664,29,0,1139,11625
4658,29,0,1140,11626
4664,29,0,1141,11627
4671,29,0,1142,11628
4677,29,0,1143,11629
4657,29,0,1144,11630
4659,29,0,1145,11631
4657,29,0,1146,11632
4665,29,0,1147,11633
4658,29,0,1148,11634
4659,29,0,1149,11635
4653,29,0,1150,11636
4655,29,0,1151,11637
4668,29,0,1152,11638
4657,29,0,1153,11639
4659,29,0,1154,11640
4653,29,0,1155,11641
4664,29,0,1156,11642
4658,29,0,1157,11643
4651,29,0,1158,11644
4665,29,0,1159,11645
4652,29,0,1170,11646
4662,29,0,1171,11647
4659,29,0,1172,11648
4669,29,0,1173,11649
4668,29,0,1174,11650
4672,29,0,1195,11651
4663,29,0,1196,11652
4671,29,0,1197,11653
4655,29,0,1198,11654
4651,29,0,1199,11655
4651,30,0,0,11656
4666,30,0,1,11657
4655,30,0,2,11658
4657,30,0,3,11659
4665,30,0,4,11660
4651,30,0,5,11661
4674,30,0,6,11662
4672,30,0,7,11663
4651,30,0,8,11664
4677,30,0,9,11665
4672,30,0,10,11666
4668,30,0,11,11667
4659,30,0,12,11668
4658,30,0,13,11669
4654,30,0,14,11670
4651,30,0,15,11671
4655,30,0,16,11672
4652,30,0,17,11673
4677,30,0,18,11674
4655,30,0,19,11675
4674,30,0,25,11676
4674,30,0,26,11677
4663,30,0,27,11678
4655,30,0,28,11679
4663,30,0,29,11680
4651,30,0,30,11681
4671,30,0,31,11682
4652,30,0,32,11683
4662,30,0,33,11684
4551,30,0,34,11685
4651,30,0,35,11686
4653,30,0,36,11687
4674,30,0,37,11688
4652,30,0,38,11689
4655,30,0,39,11690
4664,30,0,40,11691
4652,30,0,41,11692
4654,30,0,42,11693
4665,30,0,43,11694
4672,30,0,44,11695
4657,30,0,45,11696
4652,30,0,46,11697
4658,30,0,47,11698
4674,30,0,48,11699
4663,30,0,49,11700
4657,30,0,50,11701
4657,30,0,51,11702
4657,30,0,52,11703
4671,30,0,53,11704
4671,30,0,54,11705
4665,30,0,55,11706
4664,30,0,56,11707
4667,30,0,57,11708
4657,30,0,58,11709
4662,30,0,59,11710
4674,30,0,65,11711
4663,30,0,66,11712
4665,30,0,67,11713
4653,30,0,68,11714
4653,30,0,69,11715
4659,30,0,70,11716
4655,30,0,71,11717
4665,30,0,72,11718
4656,30,0,73,11719
4551,30,0,74,11720
4663,30,0,75,11721
4669,30,0,76,11722
4669,30,0,77,11723
4669,30,0,78,11724
4658,30,0,79,11725
4652,30,0,80,11726
4667,30,0,81,11727
4551,30,0,82,11728
4651,30,0,83,11729
4551,30,0,84,11730
4651,30,0,85,11731
4657,30,0,86,11732
4651,30,0,87,11733
4672,30,0,88,11734
4662,30,0,89,11735
4667,30,0,90,11736
4655,30,0,91,11737
4677,30,0,92,11738
4654,30,0,93,11739
4672,30,0,94,11740
4667,30,0,95,11741
4677,30,0,96,11742
4664,30,0,97,11743
4663,30,0,98,11744
4665,30,0,99,11745
4656,30,0,105,11746
4662,30,0,106,11747
4551,30,0,107,11748
4658,30,0,108,11749
4551,30,0,109,11750
4659,30,0,110,11751
4677,30,0,111,11752
4677,30,0,112,11753
4665,30,0,113,11754
4674,30,0,114,11755
4667,30,0,115,11756
4651,30,0,116,11757
4671,30,0,117,11758
4677,30,0,118,11759
4658,30,0,119,11760
4551,30,0,120,11761
4651,30,0,121,11762
4652,30,0,122,11763
4677,30,0,123,11764
4652,30,0,124,11765
4677,30,0,125,11766
4667,30,0,126,11767
4551,30,0,127,11768
4657,30,0,128,11769
4659,30,0,129,11770
4672,30,0,130,11771
4655,30,0,131,11772
4657,30,0,132,11773
4668,30,0,133,11774
4664,30,0,134,11775
4658,30,0,135,11776
4665,30,0,136,11777
4669,30,0,137,11778
4667,30,0,138,11779
4665,30,0,139,11780
4655,30,0,145,11781
4667,30,0,146,11782
4672,30,0,147,11783
4663,30,0,148,11784
4551,30,0,149,11785
4551,30,0,150,11786
4672,30,0,151,11787
4669,30,0,152,11788
4662,30,0,153,11789
4659,30,0,154,11790
4657,30,0,155,11791
4655,30,0,156,11792
4656,30,0,157,11793
4667,30,0,158,11794
4659,30,0,159,11795
4668,30,0,160,11796
4658,30,0,161,11797
4672,30,0,162,11798
4663,30,0,163,11799
4654,30,0,164,11800
4667,30,0,165,11801
4671,30,0,166,11802
4664,30,0,167,11803
4677,30,0,168,11804
4653,30,0,169,11805
4658,30,0,170,11806
4662,30,0,171,11807
4653,30,0,172,11808
4659,30,0,173,11809
4651,30,0,174,11810
4672,30,0,175,11811
4652,30,0,176,11812
4669,30,0,177,11813
4671,30,0,178,11814
4652,30,0,179,11815
4662,30,0,185,11816
4665,30,0,186,11817
4658,30,0,187,11818
4551,30,0,188,11819
4662,30,0,189,11820
4671,30,0,190,11821
4655,30,0,191,11822
4656,30,0,192,11823
4654,30,0,193,11824
4657,30,0,194,11825
4658,30,0,195,11826
4668,30,0,196,11827
4665,30,0,197,11828
4671,30,0,198,11829
4655,30,0,199,11830
4666,30,0,200,11831
4657,30,0,201,11832
4652,30,0,202,11833
4551,30,0,203,11834
4674,30,0,204,11835
4671,30,0,205,11836
4667,30,0,206,11837
4653,30,0,207,11838
4657,30,0,208,11839
4664,30,0,209,11840
4669,30,0,210,11841
4674,30,0,211,11842
4656,30,0,212,11843
4671,30,0,213,11844
4674,30,0,214,11845
4668,30,0,215,11846
4671,30,0,216,11847
4668,30,0,217,11848
4668,30,0,218,11849
4551,30,0,219,11850
4677,30,0,225,11851
4663,30,0,226,11852
4655,30,0,227,11853
4654,30,0,228,11854
4669,30,0,229,11855
4671,30,0,230,11856
4671,30,0,231,11857
4671,30,0,232,11858
4653,30,0,233,11859
4677,30,0,234,11860
4653,30,0,235,11861
4651,30,0,236,11862
4658,30,0,237,11863
4667,30,0,238,11864
4551,30,0,239,11865
4666,30,0,240,11866
4551,30,0,241,11867
4655,30,0,242,11868
4665,30,0,243,11869
4657,30,0,244,11870
4651,30,0,245,11871
4671,30,0,246,11872
4663,30,0,247,11873
4655,30,0,248,11874
4677,30,0,249,11875
4551,30,0,250,11876
4667,30,0,251,11877
4672,30,0,252,11878
4658,30,0,253,11879
4668,30,0,254,11880
4669,30,0,255,11881
4658,30,0,256,11882
4659,30,0,257,11883
4656,30,0,258,11884
4652,30,0,259,11885
4663,30,0,265,11886
4652,30,0,266,11887
4671,30,0,267,11888
4551,30,0,268,11889
4668,30,0,269,11890
4657,30,0,270,11891
4665,30,0,271,11892
4551,30,0,272,11893
4653,30,0,273,11894
4666,30,0,274,11895
4665,30,0,275,11896
4651,30,0,276,11897
4666,30,0,277,11898
4551,30,0,278,11899
4665,30,0,279,11900
4669,30,0,280,11901
4659,30,0,281,11902
4663,30,0,282,11903
4659,30,0,283,11904
4677,30,0,284,11905
4666,30,0,285,11906
4655,30,0,286,11907
4664,30,0,287,11908
4656,30,0,288,11909
4662,30,0,289,11910
4668,30,0,290,11911
4667,30,0,291,11912
4671,30,0,292,11913
4666,30,0,293,11914
4656,30,0,294,11915
4669,30,0,295,11916
4663,30,0,296,11917
4551,30,0,297,11918
4654,30,0,298,11919
4666,30,0,299,11920
4652,30,0,305,11921
4653,30,0,306,11922
4667,30,0,307,11923
4657,30,0,308,11924
4659,30,0,309,11925
4659,30,0,310,11926
4663,30,0,311,11927
4551,30,0,312,11928
4671,30,0,313,11929
4659,30,0,314,11930
4659,30,0,315,11931
4657,30,0,316,11932
4674,30,0,317,11933
4667,30,0,318,11934
4668,30,0,319,11935
4663,30,0,1000,11936
4672,30,0,1001,11937
4657,30,0,1002,11938
4652,30,0,1003,11939
4672,30,0,1004,11940
4672,30,0,1010,11941
4652,30,0,1011,11942
4669,30,0,1012,11943
4664,30,0,1013,11944
4671,30,0,1014,11945
4662,30,0,1020,11946
4662,30,0,1021,11947
4674,30,0,1022,11948
4654,30,0,1023,11949
4651,30,0,1024,11950
4674,30,0,1030,11951
4668,30,0,1031,11952
4662,30,0,1032,11953
4665,30,0,1033,11954
4655,30,0,1034,11955
4658,30,0,1040,11956
4651,30,0,1041,11957
4551,30,0,1042,11958
4656,30,0,1043,11959
4665,30,0,1044,11960
4663,30,0,1050,11961
4659,30,0,1051,11962
4669,30,0,1052,11963
4672,30,0,1053,11964
4653,30,0,1054,11965
4662,30,0,1060,11966
4667,30,0,1061,11967
4666,30,0,1062,11968
4671,30,0,1063,11969
4666,30,0,1064,11970
4662,30,0,1070,11971
4672,30,0,1071,11972
4652,30,0,1072,11973
4658,30,0,1073,11974
4667,30,0,1074,11975
4551,30,0,1080,11976
4654,30,0,1081,11977
4658,30,0,1082,11978
4653,30,0,1083,11979
4657,30,0,1084,11980
4655,30,0,1085,11981
4667,30,0,1086,11982
4658,30,0,1087,11983
4671,30,0,1088,11984
4652,30,0,1089,11985
4663,30,0,1090,11986
4654,30,0,1091,11987
4654,30,0,1092,11988
4551,30,0,1093,11989
4662,30,0,1094,11990
4657,30,0,1095,11991
4663,30,0,1096,11992
4652,30,0,1097,11993
4652,30,0,1098,11994
4654,30,0,1099,11995
4666,30,0,1105,11996
4663,30,0,1106,11997
4672,30,0,1107,11998
4653,30,0,1108,11999
4551,30,0,1109,12000
4677,30,0,1110,12001
4662,30,0,1111,12002
4662,30,0,1112,12003
4652,30,0,1113,12004
4551,30,0,1114,12005
4665,30,0,1135,12006
4651,30,0,1136,12007
4667,30,0,1137,12008
4652,30,0,1138,12009
4666,30,0,1139,12010
4671,30,0,1140,12011
4674,30,0,1141,12012
4668,30,0,1142,12013
4664,30,0,1143,12014
4666,30,0,1144,12015
4677,30,0,1145,12016
4671,30,0,1146,12017
4656,30,0,1147,12018
4659,30,0,1148,12019
4664,30,0,1149,12020
4674,30,0,1150,12021
4667,30,0,1151,12022
4659,30,0,1152,12023
4658,30,0,1153,12024
4662,30,0,1154,12025
4652,30,0,1155,12026
4677,30,0,1156,12027
4659,30,0,1157,12028
4671,30,0,1158,12029
4653,30,0,1159,12030
4672,30,0,1165,12031
4656,30,0,1166,12032
4653,30,0,1167,12033
4652,30,0,1168,12034
4677,30,0,1169,12035
4671,30,0,1170,12036
4657,30,0,1171,12037
4669,30,0,1172,12038
4658,30,0,1173,12039
4672,30,0,1174,12040
4658,30,0,1195,12041
4671,30,0,1196,12042
4674,30,0,1197,12043
4659,30,0,1198,12044
4674,30,0,1199,12045
4605,31,0,0,12046
4606,31,0,4,12047
4600,31,0,5,12048
4601,31,0,8,12049
4603,31,0,10,12050
4603,31,0,20,12051
4606,31,0,28,12052
4602,31,0,33,12053
4605,31,0,135,12054
4600,31,0,137,12055
4603,31,0,140,12056
4606,31,0,204,12057
4604,31,0,227,12058
4602,31,0,1100,12059
4601,32,0,0,12060
4604,32,0,4,12061
4601,32,0,5,12062
4600,32,0,8,12063
4606,32,0,10,12064
4604,32,0,33,12065
4604,32,0,35,12066
4605,32,0,135,12067
4605,32,0,137,12068
4604,32,0,204,12069
4600,33,0,0,12070
4600,33,0,4,12071
4604,33,0,5,12072
4602,33,0,8,12073
4605,33,0,10,12074
4601,33,0,20,12075
4605,33,0,28,12076
4602,33,0,35,12077
4600,33,0,135,12078
4603,33,0,137,12079
4605,33,0,140,12080
4600,33,0,204,12081
4600,33,0,227,12082
4603,33,0,235,12083
4606,34,0,0,12084
4600,34,0,4,12085
4606,34,0,5,12086
4605,34,0,8,12087
4601,34,0,10,12088
4601,34,0,20,12089
4602,34,0,28,12090
4603,34,0,33,12091
4606,34,0,135,12092
4605,34,0,137,12093
4604,34,0,140,12094
4600,34,0,204,12095
4605,34,0,227,12096
4601,34,0,1100,12097
4603,35,0,0,12098
4603,35,0,4,12099
4605,35,0,5,12100
4605,35,0,8,12101
4606,35,0,10,12102
4601,35,0,33,12103
4606,35,0,135,12104
4606,35,0,137,12105
4604,35,0,156,12106
4603,35,0,204,12107
4601,35,0,235,12108
4604,36,0,0,12109
4602,36,0,4,12110
4600,36,0,5,12111
4603,36,0,8,12112
4604,36,0,10,12113
4606,36,0,20,12114
4601,36,0,28,12115
4600,36,0,33,12116
4605,36,0,35,12117
4606,36,0,135,12118
4605,36,0,137,12119
4601,36,0,140,12120
4600,36,0,156,12121
4605,36,0,204,12122
4603,36,0,227,12123
4605,36,0,235,12124
4602,37,0,0,12125
4601,37,0,4,12126
4605,37,0,5,12127
4606,37,0,8,12128
4602,37,0,10,12129
4605,37,0,28,12130
4600,37,0,35,12131
4606,37,0,135,12132
4600,37,0,137,12133
4605,37,0,140,12134
4603,37,0,156,12135
4605,37,0,204,12136
4601,37,0,227,12137
4601,37,0,235,12138
4605,37,0,1100,12139
4601,38,0,0,12140
4606,38,0,4,12141
4603,38,0,5,12142
4601,38,0,8,12143
4606,38,0,10,12144
4600,38,0,20,12145
4603,38,0,28,12146
4604,38,0,35,12147
4602,38,0,135,12148
4601,38,0,137,12149
4602,38,0,140,12150
4603,38,0,156,12151
4605,38,0,204,12152
4602,38,0,227,12153
4604,38,0,235,12154
4601,38,0,1100,12155
4603,39,0,0,12156
4605,39,0,4,12157
4603,39,0,5,12158
4601,39,0,8,12159
4604,39,0,10,12160
4601,39,0,20,12161
4606,39,0,28,12162
4604,39,0,33,12163
4605,39,0,35,12164
4603,39,0,135,12165
4603,39,0,137,12166
4603,39,0,140,12167
4600,39,0,156,12168
4603,39,0,204,12169
4603,39,0,227,12170
4604,39,0,235,12171
4603,39,0,1100,12172
4603,40,0,0,12173
4605,40,0,4,12174
4604,40,0,5,12175
4606,40,0,8,12176
4606,40,0,10,12177
4606,40,0,20,12178
4601,40,0,28,12179
4602,40,0,35,12180
4604,40,0,135,12181
4604,40,0,137,12182
4604,40,0,140,12183
4602,40,0,156,12184
4601,40,0,204,12185
4604,40,0,227,12186
4600,40,0,235,12187
4600,40,0,1100,12188
4600,41,0,0,12189
4605,41,0,4,12190
4605,41,0,5,12191
4604,41,0,8,12192
4602,41,0,10,12193
4600,41,0,20,12194
4605,41,0,33,12195
4604,41,0,35,12196
4601,41,0,135,12197
4605,41,0,137,12198
4603,41,0,140,12199
4606,41,0,156,12200
4606,41,0,204,12201
4601,41,0,235,12202
4606,41,0,1100,12203
4601,42,0,0,12204
4605,42,0,4,12205
4606,42,0,5,12206
4603,42,0,8,12207
4601,42,0,10,12208
4603,42,0,20,12209
4605,42,0,28,12210
4601,42,0,33,12211
4602,42,0,35,12212
4602,42,0,135,12213
4606,42,0,137,12214
4600,42,0,140,12215
4603,42,0,156,12216
4605,42,0,204,12217
4603,42,0,227,12218
4606,42,0,1100,12219
4604,43,0,0,12220
4606,43,0,4,12221
4601,43,0,5,12222
4602,43,0,8,12223
4600,43,0,10,12224
4603,43,0,28,12225
4603,43,0,33,12226
4600,43,0,135,12227
4604,43,0,137,12228
4604,43,0,140,12229
4606,43,0,204,12230
4604,43,0,227,12231
4603,43,0,1100,12232
4603,44,0,0,12233
4605,44,0,4,12234
4600,44,0,5,12235
4600,44,0,8,12236
4602,44,0,10,12237
4606,44,0,20,12238
4606,44,0,28,12239
4604,44,0,33,12240
4601,44,0,135,12241
4602,44,0,137,12242
4602,44,0,140,12243
4604,44,0,204,12244
4602,44,0,227,12245
4606,44,0,1100,12246
4605,45,0,0,12247
4603,45,0,4,12248
4604,45,0,5,12249
4606,45,0,8,12250
4605,45,0,10,12251
4605,45,0,20,12252
4604,45,0,28,12253
4605,45,0,135,12254
4600,45,0,137,12255
4603,45,0,140,12256
4606,45,0,156,12257
4603,45,0,204,12258
4606,45,0,227,12259
4600,45,0,235,12260
4606,45,0,1100,12261
4600,46,0,0,12262
4604,46,0,4,12263
4601,46,0,5,12264
4605,46,0,8,12265
4604,46,0,10,12266
4604,46,0,20,12267
4602,46,0,28,12268
4601,46,0,135,12269
4602,46,0,137,12270
4601,46,0,140,12271
4605,46,0,156,12272
4600,46,0,204,12273
4600,46,0,227,12274
4600,46,0,1100,12275
4603,47,0,0,12276
4604,47,0,4,12277
4602,47,0,5,12278
4601,47,0,8,12279
4600,47,0,10,12280
4600,47,0,20,12281
4606,47,0,28,12282
4605,47,0,35,12283
4604,47,0,135,12284
4602,47,0,137,12285
4605,47,0,140,12286
4601,47,0,204,12287
4602,47,0,227,12288
4606,47,0,235,12289
4605,47,0,1100,12290
4604,48,0,0,12291
4603,48,0,4,12292
4605,48,0,5,12293
4600,48,0,8,12294
4604,48,0,10,12295
4603,48,0,33,12296
4604,48,0,135,12297
4605,48,0,137,12298
4603,48,0,156,12299
4604,48,0,204,12300
4606,48,0,235,12301
4603,49,0,0,12302
4604,49,0,4,12303
4602,49,0,5,12304
4605,49,0,8,12305
4602,49,0,10,12306
4602,49,0,20,12307
4603,49,0,33,12308
4606,49,0,135,12309
4601,49,0,137,12310
4601,49,0,204,12311
4605,49,0,227,12312
4605,50,0,0,12313
4606,50,0,4,12314
4603,50,0,5,12315
4605,50,0,8,12316
4603,50,0,10,12317
4603,50,0,20,12318
4601,50,0,33,12319
4602,50,0,35,12320
4605,50,0,135,12321
4601,50,0,137,12322
4605,50,0,140,12323
4603,50,0,156,12324
4602,50,0,204,12325
4606,50,0,235,12326
4600,50,0,1100,12327
4603,51,0,0,12328
4604,51,0,4,12329
4606,51,0,5,12330
4604,51,0,8,12331
4604,51,0,10,12332
4604,51,0,20,12333
4606,51,0,28,12334
4602,51,0,33,12335
4605,51,0,135,12336
4602,51,0,137,12337
4602,51,0,140,12338
4603,51,0,204,12339
4601,51,0,227,12340
4606,51,0,1100,12341
4602,52,0,0,12342
4601,52,0,4,12343
4603,52,0,5,12344
4601,52,0,8,12345
4606,52,0,10,12346
4606,52,0,20,12347
4604,52,0,28,12348
4605,52,0,35,12349
4602,52,0,135,12350
4606,52,0,137,12351
4603,52,0,140,12352
4602,52,0,156,12353
4606,52,0,204,12354
4604,52,0,227,12355
4606,52,0,235,12356
4603,52,0,1100,12357
4602,53,0,0,12358
4605,53,0,4,12359
4600,53,0,5,12360
4602,53,0,8,12361
4604,53,0,10,12362
4604,53,0,20,12363
4601,53,0,28,12364
4600,53,0,35,12365
4602,53,0,135,12366
4604,53,0,137,12367
4601,53,0,140,12368
4602,53,0,204,12369
4601,53,0,227,12370
4605,53,0,1100,12371
4601,54,0,0,12372
4603,54,0,4,12373
4601,54,0,5,12374
4602,54,0,8,12375
4605,54,0,10,12376
4600,54,0,28,12377
4604,54,0,33,12378
4601,54,0,35,12379
4600,54,0,135,12380
4600,54,0,137,12381
4602,54,0,156,12382
4600,54,0,204,12383
4600,54,0,227,12384
4600,54,0,235,12385
4604,55,0,0,12386
4601,55,0,4,12387
4600,55,0,5,12388
4602,55,0,8,12389
4603,55,0,10,12390
4606,55,0,20,12391
4603,55,0,33,12392
4606,55,0,35,12393
4603,55,0,135,12394
4605,55,0,137,12395
4600,55,0,140,12396
4605,55,0,156,12397
4602,55,0,204,12398
4604,55,0,235,12399
4600,55,0,1100,12400
4600,56,0,0,12401
4600,56,0,4,12402
4604,56,0,5,12403
4601,56,0,8,12404
4600,56,0,10,12405
4605,56,0,28,12406
4602,56,0,33,12407
4600,56,0,135,12408
4606,56,0,137,12409
4600,56,0,140,12410
4601,56,0,204,12411
4601,56,0,227,12412
4602,56,0,1100,12413
4601,57,0,0,12414
4604,57,0,4,12415
4606,57,0,5,12416
4602,57,0,8,12417
4600,57,0,10,12418
4600,57,0,20,12419
4603,57,0,35,12420
4602,57,0,135,12421
4603,57,0,137,12422
4602,57,0,140,12423
4602,57,0,204,12424
4602,57,0,1100,12425
4600,58,0,0,12426
4604,58,0,4,12427
4604,58,0,5,12428
4603,58,0,8,12429
4603,58,0,10,12430
4602,58,0,20,12431
4602,58,0,33,12432
4604,58,0,135,12433
4606,58,0,137,12434
4606,58,0,156,12435
4601,58,0,204,12436
4606,58,0,235,12437
4601,58,0,1100,12438
4600,59,0,0,12439
4600,59,0,4,12440
4600,59,0,5,12441
4600,59,0,8,12442
4604,59,0,10,12443
4602,59,0,20,12444
4604,59,0,28,12445
4602,59,0,33,12446
4604,59,0,135,12447
4601,59,0,137,12448
4602,59,0,140,12449
4606,59,0,204,12450
4602,59,0,227,12451
4601,59,0,1100,12452
4600,60,0,0,12453
4602,60,0,4,12454
4602,60,0,5,12455
4600,60,0,8,12456
4606,60,0,10,12457
4600,60,0,33,12458
4601,60,0,35,12459
4606,60,0,135,12460
4602,60,0,137,12461
4602,60,0,156,12462
4602,60,0,204,12463
4604,60,0,235,12464
4601,61,0,0,12465
4600,61,0,4,12466
4601,61,0,5,12467
4605,61,0,8,12468
4603,61,0,10,12469
4604,61,0,33,12470
4602,61,0,35,12471
4605,61,0,135,12472
4606,61,0,137,12473
4601,61,0,204,12474
4600,61,0,235,12475
4606,62,0,0,12476
4602,62,0,4,12477
4603,62,0,5,12478
4600,62,0,8,12479
4600,62,0,10,12480
4605,62,0,20,12481
4604,62,0,28,12482
4606,62,0,135,12483
4604,62,0,137,12484
4602,62,0,156,12485
4604,62,0,204,12486
4604,62,0,227,12487
4602,62,0,1100,12488
4601,63,0,0,12489
4601,63,0,4,12490
4606,63,0,5,12491
4604,63,0,8,12492
4603,63,0,10,12493
4605,63,0,28,12494
4600,63,0,33,12495
4606,63,0,35,12496
4602,63,0,135,12497
4604,63,0,137,12498
4601,63,0,156,12499
4604,63,0,204,12500
4604,63,0,235,12501
4606,64,0,0,12502
4603,64,0,4,12503
4602,64,0,5,12504
4604,64,0,8,12505
4605,64,0,10,12506
4601,64,0,20,12507
4601,64,0,28,12508
4606,64,0,33,12509
4602,64,0,135,12510
4601,64,0,137,12511
4604,64,0,140,12512
4606,64,0,204,12513
4600,64,0,1100,12514
4602,65,0,0,12515
4606,65,0,4,12516
4600,65,0,5,12517
4604,65,0,8,12518
4602,65,0,10,12519
4604,65,0,20,12520
4600,65,0,28,12521
4603,65,0,35,12522
4606,65,0,135,12523
4603,65,0,137,12524
4604,65,0,140,12525
4605,65,0,156,12526
4606,65,0,204,12527
4602,65,0,227,12528
4603,65,0,235,12529
4606,65,0,1100,12530
4604,66,0,0,12531
4602,66,0,4,12532
4602,66,0,5,12533
4603,66,0,8,12534
4606,66,0,10,12535
4602,66,0,20,12536
4603,66,0,28,12537
4602,66,0,35,12538
4601,66,0,135,12539
4602,66,0,137,12540
4606,66,0,140,12541
4600,66,0,156,12542
4604,66,0,204,12543
4603,66,0,235,12544
4603,66,0,1100,12545
4606,67,0,0,12546
4600,67,0,4,12547
4605,67,0,5,12548
4603,67,0,8,12549
4602,67,0,10,12550
4600,67,0,20,12551
4602,67,0,28,12552
4600,67,0,35,12553
4603,67,0,135,12554
4605,67,0,137,12555
4600,67,0,140,12556
4602,67,0,156,12557
4606,67,0,204,12558
4603,67,0,227,12559
4601,67,0,235,12560
4606,68,0,0,12561
4600,68,0,4,12562
4601,68,0,5,12563
4606,68,0,8,12564
4606,68,0,10,12565
4600,68,0,20,12566
4604,68,0,28,12567
4604,68,0,35,12568
4600,68,0,135,12569
4602,68,0,137,12570
4603,68,0,140,12571
4602,68,0,156,12572
4603,68,0,204,12573
4601,68,0,227,12574
4604,68,0,235,12575
4602,68,0,1100,12576
4606,69,0,0,12577
4605,69,0,4,12578
4606,69,0,5,12579
4605,69,0,8,12580
4601,69,0,10,12581
4603,69,0,20,12582
4602,69,0,28,12583
4600,69,0,33,12584
4603,69,0,135,12585
4603,69,0,137,12586
4605,69,0,140,12587
4606,69,0,204,12588
4605,69,0,227,12589
4602,69,0,1100,12590
4606,70,0,0,12591
4603,70,0,4,12592
4601,70,0,5,12593
4603,70,0,8,12594
4605,70,0,10,12595
4602,70,0,28,12596
4604,70,0,33,12597
4601,70,0,35,12598
4603,70,0,135,12599
4600,70,0,137,12600
4602,70,0,204,12601
4604,70,0,227,12602
4604,70,0,235,12603
4605,71,0,0,12604
4601,71,0,4,12605
4606,71,0,5,12606
4606,71,0,8,12607
4605,71,0,10,12608
4605,71,0,28,12609
4604,71,0,33,12610
4601,71,0,35,12611
4601,71,0,135,12612
4603,71,0,137,12613
4600,71,0,140,12614
4601,71,0,204,12615
4603,71,0,227,12616
4601,71,0,235,12617
4604,71,0,1100,12618
4602,72,0,0,12619
4603,72,0,4,12620
4602,72,0,5,12621
4602,72,0,8,12622
4601,72,0,10,12623
4604,72,0,20,12624
4601,72,0,33,12625
4606,72,0,135,12626
4600,72,0,137,12627
4606,72,0,140,12628
4600,72,0,156,12629
4606,72,0,204,12630
4604,72,0,1100,12631
4606,73,0,0,12632
4606,73,0,4,12633
4605,73,0,5,12634
4606,73,0,8,12635
4603,73,0,10,12636
4603,73,0,33,12637
4601,73,0,35,12638
4601,73,0,135,12639
4604,73,0,137,12640
4604,73,0,156,12641
4605,73,0,204,12642
4604,74,0,0,12643
4606,74,0,4,12644
4606,74,0,5,12645
4604,74,0,8,12646
4606,74,0,10,12647
4600,74,0,33,12648
4606,74,0,35,12649
4601,74,0,135,12650
4604,74,0,137,12651
4601,74,0,156,12652
4604,74,0,204,12653
4606,74,0,227,12654
4605,74,0,235,12655
4605,75,0,0,12656
4606,75,0,4,12657
4602,75,0,5,12658
4600,75,0,8,12659
4600,75,0,10,12660
4606,75,0,20,12661
4604,75,0,28,12662
4606,75,0,33,12663
4603,75,0,135,12664
4601,75,0,137,12665
4604,75,0,140,12666
4605,75,0,204,12667
4606,75,0,227,12668
4602,75,0,1100,12669
4605,76,0,0,12670
4601,76,0,4,12671
4604,76,0,5,12672
4601,76,0,8,12673
4600,76,0,10,12674
4601,76,0,33,12675
4602,76,0,35,12676
4600,76,0,135,12677
4606,76,0,137,12678
4605,76,0,156,12679
4605,76,0,204,12680
4605,76,0,227,12681
4605,76,0,235,12682
4605,77,0,0,12683
4601,77,0,4,12684
4605,77,0,5,12685
4604,77,0,8,12686
4605,77,0,10,12687
4604,77,0,20,12688
4604,77,0,28,12689
4605,77,0,33,12690
4603,77,0,135,12691
4603,77,0,137,12692
4600,77,0,204,12693
4605,77,0,227,12694
4604,77,0,1100,12695
4604,78,0,0,12696
4602,78,0,4,12697
4604,78,0,5,12698
4603,78,0,8,12699
4602,78,0,10,12700
4600,78,0,135,12701
4600,78,0,137,12702
4600,78,0,156,12703
4603,78,0,204,12704
4602,78,0,235,12705
4660,79,5,0,12706
4670,79,0,1,12707
4660,79,5,2,12708
4660,79,2,3,12709
4660,79,2,4,12710
4670,79,3,5,12711
4650,79,5,6,12712
4660,79,6,7,12713
4650,79,2,8,12714
4660,79,2,9,12715
4650,79,5,10,12716
4650,79,3,11,12717
4670,79,3,12,12718
4670,79,0,13,12719
4670,79,3,14,12720
4660,79,3,15,12721
4660,79,5,16,12722
4670,79,1,17,12723
4660,79,6,18,12724
4650,79,4,19,12725
4650,79,3,20,12726
4660,79,6,21,12727
4670,79,0,22,12728
4650,79,5,23,12729
4660,79,3,24,12730
4660,79,3,25,12731
4660,79,6,26,12732
4660,79,3,27,12733
4660,79,3,28,12734
4650,79,4,29,12735
4670,79,1,30,12736
4660,79,6,31,12737
4650,79,2,32,12738
4660,79,5,33,12739
4670,79,1,34,12740
4650,79,3,40,12741
4670,79,4,41,12742
4660,79,5,42,12743
4650,79,3,43,12744
4650,79,2,44,12745
4660,79,4,45,12746
4660,79,6,46,12747
4670,79,3,47,12748
4660,79,2,48,12749
4650,79,5,49,12750
4660,79,6,50,12751
4650,79,5,51,12752
4660,79,5,52,12753
4650,79,2,53,12754
4670,79,0,54,12755
4650,79,2,55,12756
4650,79,4,56,12757
4670,79,1,57,12758
4660,79,2,58,12759
4660,79,4,59,12760
4670,79,1,60,12761
4660,79,5,61,12762
4660,79,3,62,12763
4650,79,3,63,12764
4660,79,5,64,12765
4670,79,2,65,12766
4650,79,2,66,12767
4660,79,3,67,12768
4650,79,3,68,12769
4660,79,3,69,12770
4670,79,0,70,12771
4650,79,3,71,12772
4660,79,5,72,12773
4650,79,3,73,12774
4660,79,2,74,12775
4660,79,6,80,12776
4670,79,3,81,12777
4670,79,0,82,12778
4650,79,4,83,12779
4670,79,1,84,12780
4670,79,3,85,12781
4650,79,5,86,12782
4660,79,5,87,12783
4670,79,4,88,12784
4660,79,4,89,12785
4650,79,3,90,12786
4660,79,6,91,12787
4670,79,0,92,12788
4670,79,2,93,12789
4670,79,0,94,12790
4650,79,4,95,12791
4660,79,3,96,12792
4670,79,0,97,12793
4650,79,3,98,12794
4670,79,2,99,12795
4660,79,4,100,12796
4660,79,5,101,12797
4660,79,5,102,12798
4660,79,3,103,12799
4670,79,0,104,12800
4670,79,1,105,12801
4670,79,3,106,12802
4670,79,3,107,12803
4660,79,2,108,12804
4660,79,5,109,12805
4670,79,3,110,12806
4650,79,3,111,12807
4660,79,3,112,12808
4650,79,4,113,12809
4650,79,2,114,12810
4660,79,5,120,12811
4660,79,4,121,12812
4650,79,5,122,12813
4650,79,3,123,12814
4660,79,2,124,12815
4650,79,2,125,12816
4650,79,5,126,12817
4650,79,5,127,12818
4670,79,3,128,12819
4660,79,2,129,12820
4670,79,2,130,12821
4660,79,3,131,12822
4660,79,2,132,12823
4650,79,3,133,12824
4650,79,3,134,12825
4660,79,3,135,12826
4670,79,1,136,12827
4660,79,2,137,12828
4660,79,2,138,12829
4650,79,3,139,12830
4670,79,1,140,12831
4670,79,3,141,12832
4660,79,3,142,12833
4660,79,4,143,12834
4650,79,4,144,12835
4660,79,3,145,12836
4670,79,4,146,12837
4660,79,4,147,12838
4660,79,6,148,12839
4660,79,2,149,12840
4650,79,4,150,12841
4660,79,6,151,12842
4670,79,2,152,12843
4660,79,3,153,12844
4670,79,2,154,12845
4660,79,6,160,12846
4660,79,6,161,12847
4650,79,4,162,12848
4650,79,2,163,12849
4650,79,3,164,12850
4660,79,6,165,12851
4670,79,1,166,12852
4660,79,6,167,12853
4660,79,5,168,12854
4670,79,0,169,12855
4670,79,1,170,12856
4660,79,3,171,12857
4650,79,4,172,12858
4650,79,2,173,12859
4650,79,5,174,12860
4650,79,2,175,12861
4660,79,6,176,12862
4660,79,4,177,12863
4650,79,3,178,12864
4650,79,4,179,12865
4660,79,4,180,12866
4660,79,6,181,12867
4670,79,1,182,12868
4650,79,4,183,12869
4660,79,5,184,12870
4660,79,4,185,12871
4650,79,3,186,12872
4660,79,5,187,12873
4670,79,4,188,12874
4670,79,3,189,12875
4650,79,2,190,12876
4670,79,1,191,12877
4660,79,4,192,12878
4670,79,3,193,12879
4660,79,5,194,12880
4650,79,4,200,12881
4660,79,4,201,12882
4650,79,2,202,12883
4650,79,4,203,12884
4660,79,3,204,12885
4650,79,3,205,12886
4660,79,6,206,12887
4670,79,4,207,12888
4670,79,2,208,12889
4660,79,5,209,12890
4670,79,0,210,12891
4650,79,5,211,12892
4670,79,4,212,12893
4650,79,5,213,12894
4650,79,4,214,12895
4660,79,6,215,12896
4660,79,3,216,12897
4650,79,4,217,12898
4660,79,3,218,12899
4660,79,3,219,12900
4660,79,3,220,12901
4650,79,2,221,12902
4660,79,4,222,12903
4650,79,5,223,12904
4670,79,1,224,12905
4650,79,2,225,12906
4670,79,1,226,12907
4670,79,4,227,12908
4660,79,2,228,12909
4660,79,6,229,12910
4650,79,3,230,12911
4660,79,3,231,12912
4670,79,1,232,12913
4660,79,5,233,12914
4650,79,4,234,12915
4660,79,4,240,12916
4650,79,4,241,12917
4650,79,2,242,12918
4650,79,3,243,12919
4660,79,4,244,12920
4670,79,1,245,12921
4660,79,2,246,12922
4660,79,4,247,12923
4650,79,2,248,12924
4660,79,4,249,12925
4670,79,1,250,12926
4660,79,2,251,12927
4670,79,2,252,12928
4670,79,4,253,12929
4650,79,2,254,12930
4660,79,5,255,12931
4660,79,2,256,12932
4670,79,0,257,12933
4660,79,5,258,12934
4670,79,3,259,12935
4660,79,5,260,12936
4670,79,1,261,12937
4650,79,5,262,12938
4670,79,1,263,12939
4670,79,2,264,12940
4670,79,1,265,12941
4670,79,3,266,12942
4650,79,3,267,12943
4650,79,3,268,12944
4660,79,2,269,12945
4670,79,1,270,12946
4670,79,3,271,12947
4650,79,4,272,12948
4670,79,2,273,12949
4670,79,2,274,12950
4650,79,3,280,12951
4650,79,3,281,12952
4660,79,2,282,12953
4650,79,3,283,12954
4660,79,5,284,12955
4650,79,3,285,12956
4650,79,2,286,12957
4660,79,2,287,12958
4670,79,1,288,12959
4660,79,6,289,12960
4670,79,3,290,12961
4650,79,3,291,12962
4670,79,2,292,12963
4650,79,5,293,12964
4660,79,6,294,12965
4670,79,4,295,12966
4660,79,6,296,12967
4650,79,2,297,12968
4670,79,4,298,12969
4670,79,0,299,12970
4660,79,4,300,12971
4660,79,5,301,12972
4660,79,4,302,12973
4660,79,2,303,12974
4660,79,5,304,12975
4670,79,3,305,12976
4660,79,6,306,12977
4650,79,2,307,12978
4660,79,3,308,12979
4660,79,3,309,12980
4670,79,3,310,12981
4670,79,0,311,12982
4670,79,0,312,12983
4660,79,5,313,12984
4660,79,2,314,12985
4660,79,5,1000,12986
4670,79,2,1001,12987
4660,79,4,1002,12988
4650,79,3,1003,12989
4650,79,2,1004,12990
4650,79,3,1010,12991
4660,79,2,1011,12992
4660,79,5,1012,12993
4670,79,1,1013,12994
4660,79,6,1014,12995
4650,79,5,1020,12996
4660,79,2,1021,12997
4650,79,2,1022,12998
4660,79,3,1023,12999
4670,79,1,1024,13000
4660,79,6,1030,13001
4670,79,1,1031,13002
4660,79,5,1032,13003
4670,79,0,1033,13004
4660,79,3,1034,13005
4650,79,2,1040,13006
4670,79,2,1041,13007
4660,79,6,1042,13008
4660,79,4,1043,13009
4670,79,1,1044,13010
4660,79,4,1050,13011
4670,79,4,1051,13012
4670,79,0,1052,13013
4650,79,5,1053,13014
4650,79,4,1054,13015
4670,79,4,1060,13016
4660,79,4,1061,13017
4660,79,3,1062,13018
4660,79,5,1063,13019
4650,79,3,1064,13020
4650,79,2,1070,13021
4660,79,6,1071,13022
4670,79,1,1072,13023
4660,79,3,1073,13024
4660,79,3,1074,13025
4650,79,5,1080,13026
4650,79,4,1081,13027
4660,79,4,1082,13028
4670,79,3,1083,13029
4660,79,4,1084,13030
4660,79,3,1085,13031
4660,79,3,1086,13032
4670,79,3,1087,13033
4660,79,5,1088,13034
4650,79,4,1089,13035
4660,79,6,1090,13036
4660,79,5,1091,13037
4660,79,2,1092,13038
4660,79,3,1093,13039
4660,79,4,1094,13040
4670,79,2,1095,13041
4670,79,2,1096,13042
4650,79,4,1097,13043
4670,79,4,1098,13044
4650,79,4,1099,13045
4670,79,3,1100,13046
4650,79,3,1101,13047
4670,79,2,1102,13048
4660,79,5,1103,13049
4670,79,2,1104,13050
4670,79,3,1105,13051
4660,79,5,1106,13052
4650,79,5,1107,13053
4670,79,3,1108,13054
4670,79,3,1109,13055
4660,79,6,1110,13056
4650,79,2,1111,13057
4650,79,3,1112,13058
4650,79,4,1113,13059
4650,79,2,1114,13060
4660,79,3,1140,13061
4660,79,4,1141,13062
4660,79,3,1142,13063
4650,79,2,1143,13064
4660,79,4,1144,13065
4670,79,3,1145,13066
4670,79,4,1146,13067
4660,79,6,1147,13068
4650,79,5,1148,13069
4650,79,4,1149,13070
4650,79,2,1150,13071
4670,79,2,1151,13072
4660,79,5,1152,13073
4660,79,2,1153,13074
4650,79,5,1154,13075
4660,79,5,1155,13076
4660,79,4,1156,13077
4660,79,4,1157,13078
4650,79,2,1158,13079
4660,79,3,1159,13080
4650,79,5,1160,13081
4650,79,5,1161,13082
4650,79,3,1162,13083
4670,79,3,1163,13084
4650,79,2,1164,13085
4660,79,5,1165,13086
4650,79,4,1166,13087
4670,79,3,1167,13088
4650,79,5,1168,13089
4650,79,5,1169,13090
4650,79,3,1170,13091
4670,79,4,1171,13092
4650,79,3,1172,13093
4670,79,1,1173,13094
4670,79,1,1174,13095
4650,80,3,0,13096
4650,80,5,1,13097
4660,80,6,2,13098
4660,80,5,3,13099
4670,80,1,4,13100
4660,80,6,5,13101
4660,80,5,6,13102
4660,80,4,7,13103
4660,80,2,8,13104
4650,80,4,9,13105
4660,80,3,10,13106
4670,80,1,11,13107
4660,80,2,12,13108
4660,80,5,13,13109
4650,80,3,14,13110
4650,80,5,15,13111
4670,80,4,16,13112
4660,80,6,17,13113
4650,80,4,18,13114
4670,80,3,19,13115
4660,80,2,30,13116
4650,80,5,31,13117
4660,80,4,32,13118
4670,80,3,33,13119
4670,80,0,34,13120
4660,80,3,35,13121
4650,80,3,36,13122
4660,80,2,37,13123
4670,80,1,38,13124
4660,80,3,39,13125
4660,80,3,40,13126
4670,80,3,41,13127
4670,80,0,42,13128
4670,80,2,43,13129
4650,80,5,44,13130
4670,80,0,45,13131
4670,80,2,46,13132
4650,80,5,47,13133
4660,80,5,48,13134
4650,80,3,49,13135
4660,80,2,50,13136
4660,80,3,51,13137
4660,80,4,52,13138
4660,80,6,53,13139
4650,80,5,54,13140
4670,80,4,55,13141
4670,80,4,56,13142
4660,80,3,57,13143
4670,80,2,58,13144
4670,80,0,59,13145
4650,80,5,70,13146
4650,80,4,71,13147
4670,80,3,72,13148
4670,80,4,73,13149
4670,80,4,74,13150
4660,80,3,75,13151
4650,80,2,76,13152
4660,80,5,77,13153
4650,80,5,78,13154
4650,80,4,79,13155
4670,80,1,80,13156
4670,80,0,81,13157
4650,80,2,82,13158
4670,80,3,83,13159
4660,80,5,84,13160
4670,80,4,85,13161
4670,80,3,86,13162
4650,80,4,87,13163
4660,80,2,88,13164
4670,80,4,89,13165
4660,80,6,90,13166
4650,80,4,91,13167
4660,80,4,92,13168
4670,80,3,93,13169
4660,80,2,94,13170
4660,80,5,95,13171
4670,80,0,96,13172
4670,80,4,97,13173
4670,80,2,98,13174
4650,80,5,99,13175
4660,80,6,110,13176
4650,80,2,111,13177
4670,80,2,112,13178
4670,80,3,113,13179
4660,80,6,114,13180
4650,80,4,115,13181
4670,80,3,116,13182
4670,80,2,117,13183
4650,80,3,118,13184
4670,80,3,119,13185
4660,80,3,120,13186
4660,80,3,121,13187
4660,80,4,122,13188
4660,80,5,123,13189
4650,80,2,124,13190
4670,80,0,125,13191
4660,80,2,126,13192
4650,80,4,127,13193
4660,80,4,128,13194
4660,80,3,129,13195
4670,80,4,130,13196
4660,80,4,131,13197
4660,80,5,132,13198
4670,80,2,133,13199
4670,80,4,134,13200
4650,80,2,135,13201
4650,80,3,136,13202
4670,80,1,137,13203
4650,80,2,138,13204
4670,80,3,139,13205
4670,80,4,150,13206
4670,80,3,151,13207
4650,80,4,152,13208
4670,80,0,153,13209
4650,80,2,154,13210
4660,80,2,155,13211
4660,80,3,156,13212
4660,80,5,157,13213
4660,80,5,158,13214
4660,80,6,159,13215
4670,80,0,160,13216
4650,80,5,161,13217
4670,80,2,162,13218
4670,80,4,163,13219
4670,80,0,164,13220
4660,80,5,165,13221
4660,80,2,166,13222
4650,80,4,167,13223
4670,80,4,168,13224
4650,80,2,169,13225
4650,80,2,170,13226
4660,80,5,171,13227
4660,80,3,172,13228
4660,80,6,173,13229
4650,80,2,174,13230
4660,80,4,175,13231
4670,80,2,176,13232
4650,80,3,177,13233
4670,80,2,178,13234
4660,80,3,179,13235
4660,80,6,190,13236
4660,80,6,191,13237
4670,80,1,192,13238
4650,80,3,193,13239
4670,80,2,194,13240
4650,80,5,195,13241
4660,80,6,196,13242
4670,80,1,197,13243
4650,80,5,198,13244
4670,80,4,199,13245
4650,80,5,200,13246
4670,80,2,201,13247
4670,80,0,202,13248
4650,80,5,203,13249
4650,80,2,204,13250
4660,80,4,205,13251
4670,80,0,206,13252
4660,80,6,207,13253
4650,80,2,208,13254
4650,80,4,209,13255
4660,80,3,210,13256
4660,80,3,211,13257
4650,80,3,212,13258
4660,80,2,213,13259
4660,80,2,214,13260
4670,80,4,215,13261
4660,80,2,216,13262
4660,80,4,217,13263
4670,80,2,218,13264
4670,80,4,219,13265
4670,80,1,230,13266
4650,80,3,231,13267
4670,80,4,232,13268
4650,80,5,233,13269
4660,80,4,234,13270
4660,80,2,235,13271
4650,80,2,236,13272
4660,80,3,237,13273
4670,80,0,238,13274
4650,80,4,239,13275
4660,80,3,240,13276
4670,80,4,241,13277
4650,80,4,242,13278
4660,80,2,243,13279
4660,80,5,244,13280
4650,80,2,245,13281
4670,80,0,246,13282
4670,80,2,247,13283
4650,80,5,248,13284
4650,80,2,249,13285
4650,80,3,250,13286
4650,80,4,251,13287
4660,80,3,252,13288
4670,80,3,253,13289
4670,80,0,254,13290
4670,80,0,255,13291
4660,80,4,256,13292
4660,80,3,257,13293
4660,80,4,258,13294
4670,80,2,259,13295
4670,80,4,270,13296
4650,80,5,271,13297
4660,80,5,272,13298
4650,80,3,273,13299
4660,80,4,274,13300
4660,80,2,275,13301
4670,80,0,276,13302
4660,80,4,277,13303
4660,80,6,278,13304
4670,80,4,279,13305
4660,80,5,280,13306
4670,80,3,281,13307
4670,80,2,282,13308
4660,80,6,283,13309
4660,80,6,284,13310
4670,80,0,285,13311
4660,80,3,286,13312
4650,80,2,287,13313
4660,80,2,288,13314
4670,80,1,289,13315
4650,80,2,290,13316
4670,80,2,291,13317
4650,80,3,292,13318
4670,80,3,293,13319
4670,80,0,294,13320
4670,80,0,295,13321
4660,80,5,296,13322
4660,80,6,297,13323
4650,80,4,298,13324
4670,80,4,299,13325
4670,80,2,310,13326
4660,80,2,311,13327
4660,80,2,312,13328
4670,80,3,313,13329
4670,80,3,314,13330
4660,80,3,315,13331
4660,80,6,316,13332
4670,80,4,317,13333
4650,80,4,318,13334
4670,80,4,319,13335
4650,80,3,1000,13336
4660,80,2,1001,13337
4660,80,2,1002,13338
4660,80,4,1003,13339
4660,80,5,1004,13340
4650,80,4,1010,13341
4670,80,1,1011,13342
4650,80,2,1012,13343
4650,80,4,1013,13344
4660,80,2,1014,13345
4670,80,1,1020,13346
4670,80,3,1021,13347
4660,80,6,1022,13348
4660,80,6,1023,13349
4660,80,3,1024,13350
4650,80,3,1030,13351
4660,80,2,1031,13352
4650,80,4,1032,13353
4660,80,2,1033,13354
4650,80,3,1034,13355
4660,80,5,1040,13356
4650,80,2,1041,13357
4650,80,2,1042,13358
4650,80,3,1043,13359
4670,80,0,1044,13360
4660,80,5,1050,13361
4670,80,3,1051,13362
4650,80,3,1052,13363
4660,80,6,1053,13364
4660,80,6,1054,13365
4660,80,3,1060,13366
4660,80,5,1061,13367
4670,80,4,1062,13368
4660,80,6,1063,13369
4650,80,2,1064,13370
4660,80,5,1070,13371
4660,80,4,1071,13372
4660,80,4,1072,13373
4670,80,1,1073,13374
4650,80,2,1074,13375
4650,80,2,1080,13376
4660,80,4,1081,13377
4650,80,5,1082,13378
4660,80,3,1083,13379
4650,80,3,1084,13380
4650,80,3,1085,13381
4660,80,4,1086,13382
4670,80,2,1087,13383
4650,80,3,1088,13384
4650,80,3,1089,13385
4670,80,0,1090,13386
4670,80,3,1091,13387
4660,80,4,1092,13388
4660,80,2,1093,13389
4670,80,1,1094,13390
4660,80,5,1095,13391
4670,80,1,1096,13392
4660,80,6,1097,13393
4660,80,4,1098,13394
4670,80,3,1099,13395
4650,80,4,1110,13396
4660,80,3,1111,13397
4670,80,3,1112,13398
4660,80,3,1113,13399
4660,80,5,1114,13400
4660,80,5,1135,13401
4670,80,4,1136,13402
4660,80,3,1137,13403
4670,80,4,1138,13404
4660,80,2,1139,13405
4660,80,5,1140,13406
4670,80,0,1141,13407
4650,80,3,1142,13408
4670,80,3,1143,13409
4650,80,5,1144,13410
4650,80,2,1145,13411
4660,80,2,1146,13412
4660,80,3,1147,13413
4650,80,2,1148,13414
4660,80,3,1149,13415
4670,80,2,1150,13416
4660,80,6,1151,13417
4670,80,0,1152,13418
4670,80,2,1153,13419
4650,80,3,1154,13420
4650,80,4,1155,13421
4650,80,3,1156,13422
4670,80,0,1157,13423
4650,80,5,1158,13424
4660,80,2,1159,13425
4650,80,5,1170,13426
4650,80,5,1171,13427
4660,80,6,1172,13428
4650,80,5,1173,13429
4660,80,4,1174,13430
4660,80,5,1195,13431
4660,80,5,1196,13432
4660,80,6,1197,13433
4670,80,2,1198,13434
4670,80,4,1199,13435
4670,81,3,0,13436
4650,81,3,1,13437
4650,81,4,2,13438
4670,81,1,3,13439
4670,81,3,4,13440
4660,81,5,5,13441
4660,81,2,6,13442
4650,81,5,7,13443
4670,81,1,8,13444
4660,81,4,9,13445
4660,81,6,10,13446
4650,81,4,11,13447
4660,81,3,12,13448
4670,81,4,13,13449
4660,81,2,14,13450
4670,81,1,15,13451
4650,81,2,16,13452
4650,81,5,17,13453
4660,81,4,18,13454
4650,81,3,19,13455
4660,81,5,20,13456
4660,81,3,21,13457
4660,81,2,22,13458
4680,81,0,23,13459
4670,81,0,24,13460
4660,81,4,30,13461
4670,81,2,31,13462
4670,81,1,32,13463
4670,81,2,33,13464
4660,81,4,34,13465
4650,81,3,35,13466
4670,81,1,36,13467
4680,81,1,37,13468
4670,81,4,38,13469
4660,81,4,39,13470
4650,81,2,40,13471
4660,81,2,41,13472
4680,81,2,42,13473
4660,81,4,43,13474
4670,81,4,44,13475
4650,81,3,45,13476
4660,81,2,46,13477
4670,81,0,47,13478
4670,81,2,48,13479
4670,81,1,49,13480
4650,81,4,50,13481
4670,81,0,51,13482
4650,81,5,52,13483
4660,81,2,53,13484
4650,81,3,54,13485
4660,81,4,55,13486
4660,81,5,56,13487
4650,81,4,57,13488
4650,81,2,58,13489
4670,81,3,59,13490
4660,81,5,60,13491
4670,81,1,61,13492
4670,81,0,62,13493
4660,81,3,63,13494
4660,81,2,64,13495
4660,81,6,70,13496
4660,81,2,71,13497
4650,81,3,72,13498
4660,81,6,73,13499
4650,81,5,74,13500
4670,81,4,75,13501
4650,81,5,76,13502
4660,81,2,77,13503
4660,81,5,78,13504
4670,81,0,79,13505
4670,81,3,80,13506
4650,81,5,81,13507
4660,81,4,82,13508
4660,81,6,83,13509
4660,81,3,84,13510
4650,81,4,85,13511
4660,81,5,86,13512
4660,81,3,87,13513
4670,81,0,88,13514
4650,81,2,89,13515
4670,81,4,90,13516
4650,81,3,91,13517
4660,81,5,92,13518
4660,81,4,93,13519
4660,81,3,94,13520
4670,81,3,95,13521
4670,81,1,96,13522
4660,81,2,97,13523
4670,81,1,98,13524
4650,81,4,99,13525
4660,81,3,100,13526
4670,81,3,101,13527
4650,81,5,102,13528
4670,81,3,103,13529
4650,81,4,104,13530
4650,81,2,110,13531
4670,81,0,111,13532
4670,81,4,112,13533
4680,81,0,113,13534
4670,81,3,114,13535
4660,81,3,115,13536
4650,81,4,116,13537
4670,81,4,117,13538
4670,81,2,118,13539
4660,81,6,119,13540
4670,81,3,120,13541
4650,81,2,121,13542
4670,81,0,122,13543
4670,81,3,123,13544
4660,81,3,124,13545
4660,81,6,125,13546
4650,81,3,126,13547
4660,81,2,127,13548
4660,81,3,128,13549
4650,81,4,129,13550
4680,81,2,130,13551
4660,81,2,131,13552
4650,81,5,132,13553
4650,81,4,133,13554
4660,81,3,134,13555
4650,81,4,135,13556
4670,81,3,136,13557
4670,81,0,137,13558
4660,81,4,138,13559
4660,81,2,139,13560
4650,81,2,140,13561
4680,81,1,141,13562
4650,81,3,142,13563
4660,81,5,143,13564
4670,81,1,144,13565
4650,81,3,150,13566
4650,81,2,151,13567
4650,81,3,152,13568
4650,81,5,153,13569
4660,81,4,154,13570
4650,81,5,155,13571
4660,81,5,156,13572
4650,81,4,157,13573
4670,81,1,158,13574
4680,81,0,159,13575
4650,81,4,160,13576
4650,81,4,161,13577
4660,81,3,162,13578
4660,81,5,163,13579
4660,81,2,164,13580
4660,81,3,165,13581
4660,81,5,166,13582
4660,81,3,167,13583
4660,81,6,168,13584
4660,81,5,169,13585
4650,81,4,170,13586
4670,81,4,171,13587
4670,81,0,172,13588
4670,81,0,173,13589
4670,81,4,174,13590
4670,81,4,175,13591
4660,81,5,176,13592
4650,81,4,177,13593
4660,81,5,178,13594
4660,81,6,179,13595
4650,81,4,180,13596
4650,81,5,181,13597
4650,81,3,182,13598
4670,81,3,183,13599
4670,81,4,184,13600
4650,81,5,190,13601
4650,81,2,191,13602
4650,81,3,192,13603
4670,81,0,193,13604
4650,81,5,194,13605
4670,81,3,195,13606
4670,81,3,196,13607
4670,81,2,197,13608
4670,81,3,198,13609
4650,81,2,199,13610
4680,81,2,200,13611
4670,81,4,201,13612
4660,81,5,202,13613
4660,81,5,203,13614
4660,81,2,204,13615
4660,81,2,205,13616
4650,81,5,206,13617
4650,81,3,207,13618
4670,81,3,208,13619
4670,81,0,209,13620
4660,81,6,210,13621
4660,81,2,211,13622
4660,81,6,212,13623
4660,81,4,213,13624
4660,81,5,214,13625
4650,81,5,215,13626
4650,81,5,216,13627
4670,81,2,217,13628
4650,81,4,218,13629
4660,81,5,219,13630
4660,81,6,220,13631
4660,81,5,221,13632
4660,81,2,222,13633
4670,81,4,223,13634
4650,81,4,224,13635
4670,81,4,230,13636
4670,81,0,231,13637
4660,81,2,232,13638
4670,81,4,233,13639
4650,81,5,234,13640
4650,81,2,235,13641
4670,81,4,236,13642
4660,81,5,237,13643
4650,81,5,238,13644
4670,81,4,239,13645
4670,81,4,240,13646
4670,81,0,241,13647
4660,81,2,242,13648
4660,81,6,243,13649
4650,81,4,244,13650
4660,81,3,245,13651
4650,81,4,246,13652
4650,81,3,247,13653
4660,81,2,248,13654
4660,81,5,249,13655
4670,81,2,250,13656
4670,81,4,251,13657
4680,81,2,252,13658
4680,81,1,253,13659
4680,81,0,254,13660
4650,81,5,255,13661
4670,81,3,256,13662
4660,81,5,257,13663
4670,81,0,258,13664
4650,81,4,259,13665
4650,81,2,260,13666
4650,81,5,261,13667
4670,81,1,262,13668
4660,81,6,263,13669
4680,81,1,264,13670
4660,81,4,270,13671
4660,81,2,271,13672
4670,81,1,272,13673
4660,81,4,273,13674
4660,81,6,274,13675
4670,81,4,275,13676
4660,81,6,276,13677
4650,81,5,277,13678
4670,81,0,278,13679
4660,81,5,279,13680
4660,81,4,280,13681
4670,81,4,281,13682
4650,81,4,282,13683
4660,81,3,283,13684
4670,81,4,284,13685
4650,81,5,285,13686
4670,81,0,286,13687
4660,81,6,287,13688
4670,81,2,288,13689
4660,81,2,289,13690
4650,81,5,290,13691
4670,81,0,291,13692
4660,81,6,292,13693
4660,81,5,293,13694
4660,81,4,294,13695
4660,81,5,295,13696
4670,81,2,296,13697
4650,81,5,297,13698
4660,81,2,298,13699
4660,81,5,299,13700
4650,81,5,300,13701
4670,81,0,301,13702
4660,81,5,302,13703
4660,81,3,303,13704
4670,81,1,304,13705
4650,81,2,310,13706
4650,81,3,311,13707
4650,81,5,312,13708
4660,81,4,313,13709
4660,81,6,314,13710
4670,81,3,315,13711
4660,81,3,316,13712
4660,81,2,317,13713
4660,81,5,318,13714
4660,81,2,319,13715
4670,81,2,1000,13716
4670,81,1,1001,13717
4670,81,2,1002,13718
4660,81,6,1003,13719
4660,81,4,1004,13720
4660,81,5,1010,13721
4650,81,5,1011,13722
4650,81,4,1012,13723
4650,81,2,1013,13724
4670,81,0,1014,13725
4660,81,2,1020,13726
4650,81,3,1021,13727
4650,81,5,1022,13728
4650,81,2,1023,13729
4660,81,6,1024,13730
4670,81,1,1030,13731
4670,81,4,1031,13732
4680,81,0,1032,13733
4660,81,3,1033,13734
4660,81,5,1034,13735
4670,81,3,1040,13736
4670,81,4,1041,13737
4660,81,5,1042,13738
4660,81,5,1043,13739
4660,81,4,1044,13740
4670,81,4,1050,13741
4650,81,4,1051,13742
4660,81,3,1052,13743
4660,81,5,1053,13744
4660,81,2,1054,13745
4660,81,4,1060,13746
4660,81,6,1061,13747
4660,81,6,1062,13748
4650,81,4,1063,13749
4660,81,4,1064,13750
4670,81,2,1070,13751
4680,81,0,1071,13752
4680,81,2,1072,13753
4650,81,5,1073,13754
4650,81,5,1074,13755
4660,81,6,1080,13756
4660,81,2,1081,13757
4650,81,2,1082,13758
4660,81,5,1083,13759
4680,81,1,1084,13760
4650,81,4,1085,13761
4650,81,4,1086,13762
4680,81,0,1087,13763
4660,81,3,1088,13764
4680,81,0,1089,13765
4660,81,5,1090,13766
4660,81,2,1091,13767
4670,81,0,1092,13768
4670,81,3,1093,13769
4660,81,2,1094,13770
4650,81,5,1095,13771
4660,81,5,1096,13772
4670,81,1,1097,13773
4650,81,3,1098,13774
4670,81,1,1099,13775
4650,81,5,1100,13776
4680,81,0,1101,13777
4660,81,5,1102,13778
4660,81,6,1103,13779
4650,81,2,1104,13780
4680,81,0,1110,13781
4660,81,2,1111,13782
4660,81,3,1112,13783
4670,81,3,1113,13784
4660,81,6,1114,13785
4670,81,3,1135,13786
4660,81,6,1136,13787
4660,81,4,1137,13788
4680,81,0,1138,13789
4650,81,3,1139,13790
4670,81,1,1140,13791
4660,81,6,1141,13792
4650,81,5,1142,13793
4660,81,2,1143,13794
4650,81,3,1144,13795
4650,81,3,1145,13796
4670,81,0,1146,13797
4650,81,5,1147,13798
4670,81,3,1148,13799
4670,81,2,1149,13800
4650,81,5,1150,13801
4650,81,3,1151,13802
4660,81,4,1152,13803
4670,81,1,1153,13804
4660,81,5,1154,13805
4670,81,3,1155,13806
4650,81,5,1156,13807
4680,81,2,1157,13808
4660,81,5,1158,13809
4650,81,3,1159,13810
4660,81,4,1160,13811
4660,81,4,1161,13812
4670,81,4,1162,13813
4650,81,3,1163,13814
4660,81,2,1164,13815
4670,81,1,1170,13816
4670,81,0,1171,13817
4660,81,3,1172,13818
4670,81,0,1173,13819
4650,81,4,1174,13820
4670,81,4,1195,13821
4650,81,5,1196,13822
4650,81,5,1197,13823
4670,81,1,1198,13824
4660,81,3,1199,13825
4650,82,4,0,13826
4670,82,4,1,13827
4670,82,4,2,13828
4650,82,5,3,13829
4660,82,5,4,13830
4670,82,1,5,13831
4670,82,3,6,13832
4670,82,4,7,13833
4660,82,4,8,13834
4670,82,1,9,13835
4650,82,4,10,13836
4660,82,6,11,13837
4670,82,2,12,13838
4650,82,2,13,13839
4660,82,5,14,13840
4660,82,5,15,13841
4670,82,3,16,13842
4680,82,0,17,13843
4650,82,3,18,13844
4660,82,2,19,13845
4650,82,2,25,13846
4650,82,3,26,13847
4650,82,4,27,13848
4670,82,4,28,13849
4660,82,4,29,13850
4670,82,4,30,13851
4670,82,1,31,13852
4660,82,3,32,13853
4660,82,2,33,13854
4650,82,4,34,13855
4660,82,2,35,13856
4660,82,3,36,13857
4670,82,1,37,13858
4660,82,5,38,13859
4670,82,3,39,13860
4670,82,2,40,13861
4660,82,4,41,13862
4670,82,2,42,13863
4670,82,3,43,13864
4660,82,5,44,13865
4660,82,2,45,13866
4650,82,3,46,13867
4660,82,2,47,13868
4660,82,3,48,13869
4660,82,3,49,13870
4670,82,3,50,13871
4670,82,2,51,13872
4660,82,6,52,13873
4670,82,0,53,13874
4660,82,4,54,13875
4650,82,4,55,13876
4660,82,2,56,13877
4650,82,2,57,13878
4650,82,4,58,13879
4660,82,2,59,13880
4680,82,2,65,13881
4680,82,0,66,13882
4670,82,4,67,13883
4660,82,2,68,13884
4670,82,1,69,13885
4650,82,3,70,13886
4670,82,4,71,13887
4670,82,0,72,13888
4670,82,3,73,13889
4650,82,4,74,13890
4650,82,3,75,13891
4660,82,3,76,13892
4650,82,3,77,13893
4670,82,1,78,13894
4660,82,4,79,13895
4650,82,3,80,13896
4660,82,3,81,13897
4660,82,2,82,13898
4660,82,2,83,13899
4650,82,2,84,13900
4660,82,5,85,13901
4660,82,2,86,13902
4660,82,2,87,13903
4660,82,3,88,13904
4650,82,4,89,13905
4650,82,2,90,13906
4680,82,2,91,13907
4660,82,3,92,13908
4650,82,2,93,13909
4670,82,4,94,13910
4660,82,3,95,13911
4650,82,5,96,13912
4660,82,5,97,13913
4650,82,5,98,13914
4680,82,2,99,13915
4660,82,5,105,13916
4650,82,2,106,13917
4660,82,5,107,13918
4650,82,2,108,13919
4680,82,0,109,13920
4670,82,1,110,13921
4660,82,6,111,13922
4660,82,5,112,13923
4660,82,4,113,13924
4670,82,0,114,13925
4660,82,6,115,13926
4650,82,3,116,13927
4650,82,5,117,13928
4660,82,5,118,13929
4660,82,5,119,13930
4670,82,0,120,13931
4660,82,5,121,13932
4670,82,3,122,13933
4650,82,5,123,13934
4650,82,5,124,13935
4660,82,3,125,13936
4670,82,2,126,13937
4660,82,5,127,13938
4670,82,4,128,13939
4670,82,4,129,13940
4660,82,4,130,13941
4670,82,4,131,13942
4670,82,3,132,13943
4660,82,5,133,13944
4660,82,6,134,13945
4670,82,2,135,13946
4660,82,6,136,13947
4660,82,6,137,13948
4680,82,2,138,13949
4660,82,5,139,13950
4670,82,2,145,13951
4660,82,5,146,13952
4650,82,4,147,13953
4650,82,2,148,13954
4670,82,2,149,13955
4660,82,4,150,13956
4650,82,3,151,13957
4660,82,5,152,13958
4660,82,2,153,13959
4650,82,5,154,13960
4660,82,4,155,13961
4650,82,5,156,13962
4670,82,2,157,13963
4670,82,0,158,13964
4670,82,1,159,13965
4660,82,3,160,13966
4660,82,3,161,13967
4670,82,1,162,13968
4660,82,3,163,13969
4670,82,1,164,13970
4650,82,3,165,13971
4660,82,6,166,13972
4650,82,2,167,13973
4650,82,5,168,13974
4650,82,3,169,13975
4660,82,3,170,13976
4650,82,2,171,13977
4670,82,3,172,13978
4650,82,4,173,13979
4660,82,5,174,13980
4660,82,3,175,13981
4650,82,5,176,13982
4670,82,3,177,13983
4660,82,2,178,13984
4660,82,4,179,13985
4670,82,3,185,13986
4660,82,3,186,13987
4670,82,1,187,13988
4660,82,5,188,13989
4660,82,3,189,13990
4670,82,0,190,13991
4680,82,1,191,13992
4650,82,5,192,13993
4660,82,3,193,13994
4670,82,1,194,13995
4670,82,1,195,13996
4670,82,4,196,13997
4680,82,2,197,13998
4670,82,1,198,13999
4660,82,6,199,14000
4660,82,3,200,14001
4660,82,5,201,14002
4660,82,3,202,14003
4660,82,6,203,14004
4670,82,2,204,14005
4650,82,2,205,14006
4650,82,4,206,14007
4660,82,3,207,14008
4660,82,5,208,14009
4670,82,1,209,14010
4680,82,1,210,14011
4670,82,0,211,14012
4650,82,2,212,14013
4660,82,3,213,14014
4650,82,2,214,14015
4670,82,0,215,14016
4660,82,5,216,14017
4670,82,4,217,14018
4670,82,0,218,14019
4670,82,3,219,14020
4670,82,4,225,14021
4650,82,4,226,14022
4660,82,5,227,14023
4670,82,1,228,14024
4670,82,1,229,14025
4660,82,5,230,14026
4660,82,6,231,14027
4660,82,4,232,14028
4670,82,2,233,14029
4670,82,3,234,14030
4660,82,4,235,14031
4670,82,0,236,14032
4650,82,5,237,14033
4660,82,4,238,14034
4670,82,2,239,14035
4650,82,3,240,14036
4660,82,5,241,14037
4660,82,6,242,14038
4670,82,4,243,14039
4670,82,3,244,14040
4660,82,5,245,14041
4670,82,1,246,14042
4660,82,3,247,14043
4660,82,5,248,14044
4670,82,0,249,14045
4660,82,5,250,14046
4660,82,6,251,14047
4670,82,3,252,14048
4660,82,3,253,14049
4660,82,4,254,14050
4650,82,4,255,14051
4670,82,1,256,14052
4680,82,1,257,14053
4650,82,3,258,14054
4650,82,5,259,14055
4660,82,4,265,14056
4650,82,4,266,14057
4660,82,5,267,14058
4660,82,5,268,14059
4670,82,1,269,14060
4660,82,3,270,14061
4670,82,4,271,14062
4650,82,2,272,14063
4650,82,4,273,14064
4670,82,1,274,14065
4650,82,5,275,14066
4660,82,5,276,14067
4670,82,0,277,14068
4670,82,1,278,14069
4670,82,1,279,14070
4670,82,4,280,14071
4650,82,5,281,14072
4660,82,3,282,14073
4670,82,3,283,14074
4650,82,4,284,14075
4670,82,1,285,14076
4670,82,4,286,14077
4670,82,1,287,14078
4660,82,4,288,14079
4680,82,0,289,14080
4660,82,4,290,14081
4650,82,5,291,14082
4680,82,2,292,14083
4660,82,4,293,14084
4650,82,3,294,14085
4650,82,5,295,14086
4670,82,1,296,14087
4670,82,1,297,14088
4650,82,2,298,14089
4650,82,4,299,14090
4660,82,5,305,14091
4670,82,2,306,14092
4670,82,4,307,14093
4660,82,4,308,14094
4680,82,0,309,14095
4660,82,3,310,14096
4660,82,6,311,14097
4670,82,1,312,14098
4650,82,4,313,14099
4670,82,2,314,14100
4650,82,4,315,14101
4670,82,0,316,14102
4650,82,3,317,14103
4670,82,0,318,14104
4660,82,5,319,14105
4660,82,2,1000,14106
4650,82,2,1001,14107
4650,82,4,1002,14108
4650,82,4,1003,14109
4680,82,0,1004,14110
4660,82,4,1010,14111
4660,82,5,1011,14112
4660,82,6,1012,14113
4670,82,3,1013,14114
4650,82,5,1014,14115
4660,82,3,1020,14116
4650,82,5,1021,14117
4660,82,5,1022,14118
4670,82,1,1023,14119
4670,82,2,1024,14120
4650,82,2,1030,14121
4650,82,2,1031,14122
4670,82,0,1032,14123
4660,82,4,1033,14124
4660,82,6,1034,14125
4650,82,3,1040,14126
4660,82,6,1041,14127
4670,82,2,1042,14128
4650,82,2,1043,14129
4650,82,3,1044,14130
4650,82,5,1050,14131
4660,82,3,1051,14132
4650,82,5,1052,14133
4650,82,2,1053,14134
4650,82,3,1054,14135
4650,82,2,1060,14136
4670,82,3,1061,14137
4660,82,4,1062,14138
4660,82,3,1063,14139
4670,82,3,1064,14140
4670,82,3,1070,14141
4670,82,0,1071,14142
4650,82,3,1072,14143
4660,82,4,1073,14144
4680,82,0,1074,14145
4680,82,1,1080,14146
4670,82,4,1081,14147
4670,82,3,1082,14148
4680,82,2,1083,14149
4650,82,4,1084,14150
4670,82,4,1085,14151
4670,82,4,1086,14152
4650,82,4,1087,14153
4670,82,2,1088,14154
4670,82,3,1089,14155
4650,82,5,1090,14156
4650,82,4,1091,14157
4670,82,1,1092,14158
4660,82,6,1093,14159
4650,82,2,1094,14160
4650,82,2,1095,14161
4650,82,5,1096,14162
4650,82,5,1097,14163
4660,82,2,1098,14164
4660,82,4,1099,14165
4650,82,4,1105,14166
4670,82,1,1106,14167
4660,82,2,1107,14168
4650,82,2,1108,14169
4660,82,6,1109,14170
4670,82,3,1110,14171
4670,82,2,1111,14172
4650,82,4,1112,14173
4680,82,0,1113,14174
4650,82,5,1114,14175
4650,82,4,1135,14176
4650,82,3,1136,14177
4650,82,3,1137,14178
4670,82,1,1138,14179
4660,82,6,1139,14180
4650,82,2,1140,14181
4650,82,4,1141,14182
4670,82,2,1142,14183
4670,82,2,1143,14184
4670,82,0,1144,14185
4660,82,4,1145,14186
4660,82,3,1146,14187
4650,82,2,1147,14188
4680,82,1,1148,14189
4670,82,3,1149,14190
4660,82,6,1150,14191
4660,82,5,1151,14192
4670,82,1,1152,14193
4650,82,2,1153,14194
4660,82,3,1154,14195
4660,82,4,1155,14196
4670,82,1,1156,14197
4650,82,2,1157,14198
4670,82,0,1158,14199
4650,82,2,1159,14200
4670,82,3,1165,14201
4670,82,4,1166,14202
4660,82,5,1167,14203
4680,82,2,1168,14204
4660,82,2,1169,14205
4670,82,0,1170,14206
4660,82,3,1171,14207
4670,82,3,1172,14208
4650,82,2,1173,14209
4650,82,3,1174,14210
4670,82,1,1195,14211
4650,82,4,1196,14212
4670,82,2,1197,14213
4660,82,4,1198,14214
4680,82,2,1199,14215
4660,83,4,0,14216
4660,83,4,1,14217
4660,83,4,2,14218
4670,83,0,3,14219
4660,83,4,4,14220
4660,83,4,5,14221
4650,83,3,6,14222
4660,83,5,7,14223
4670,83,4,8,14224
4650,83,3,9,14225
4670,83,0,10,14226
4670,83,3,11,14227
4650,83,5,12,14228
4650,83,3,13,14229
4670,83,1,14,14230
4650,83,4,15,14231
4660,83,2,16,14232
4660,83,4,17,14233
4670,83,3,18,14234
4660,83,6,19,14235
4660,83,2,20,14236
4670,83,0,21,14237
4660,83,5,22,14238
4660,83,6,23,14239
4650,83,3,24,14240
4660,83,5,25,14241
4660,83,4,26,14242
4670,83,3,27,14243
4660,83,4,28,14244
4660,83,5,29,14245
4670,83,0,35,14246
4660,83,2,36,14247
4670,83,3,37,14248
4650,83,2,38,14249
4650,83,3,39,14250
4660,83,5,40,14251
4650,83,2,41,14252
4650,83,3,42,14253
4660,83,5,43,14254
4660,83,2,44,14255
4660,83,5,45,14256
4670,83,0,46,14257
4660,83,4,47,14258
4670,83,1,48,14259
4670,83,2,49,14260
4660,83,5,50,14261
4660,83,5,51,14262
4670,83,3,52,14263
4650,83,4,53,14264
4660,83,5,54,14265
4660,83,5,55,14266
4650,83,3,56,14267
4660,83,4,57,14268
4670,83,3,58,14269
4650,83,5,59,14270
4650,83,3,60,14271
4650,83,2,61,14272
4650,83,3,62,14273
4670,83,3,63,14274
4670,83,0,64,14275
4660,83,2,65,14276
4660,83,4,66,14277
4650,83,3,67,14278
4670,83,0,68,14279
4660,83,5,69,14280
4650,83,5,75,14281
4670,83,4,76,14282
4650,83,4,77,14283
4660,83,6,78,14284
4670,83,2,79,14285
4660,83,5,80,14286
4660,83,4,81,14287
4660,83,5,82,14288
4660,83,3,83,14289
4670,83,4,84,14290
4660,83,2,85,14291
4660,83,4,86,14292
4670,83,0,87,14293
4650,83,3,88,14294
4660,83,6,89,14295
4670,83,3,90,14296
4670,83,1,91,14297
4670,83,2,92,14298
4660,83,2,93,14299
4650,83,5,94,14300
4670,83,1,95,14301
4660,83,4,96,14302
4650,83,5,97,14303
4660,83,3,98,14304
4660,83,5,99,14305
4650,83,3,100,14306
4660,83,2,101,14307
4670,83,1,102,14308
4660,83,2,103,14309
4660,83,5,104,14310
4650,83,5,105,14311
4660,83,4,106,14312
4650,83,2,107,14313
4660,83,4,108,14314
4650,83,2,109,14315
4670,83,2,115,14316
4660,83,5,116,14317
4660,83,6,117,14318
4670,83,3,118,14319
4650,83,4,119,14320
4660,83,4,120,14321
4670,83,4,121,14322
4660,83,5,122,14323
4670,83,4,123,14324
4670,83,2,124,14325
4660,83,2,125,14326
4670,83,0,126,14327
4670,83,2,127,14328
4650,83,3,128,14329
4660,83,5,129,14330
4650,83,5,130,14331
4650,83,2,131,14332
4650,83,3,132,14333
4660,83,4,133,14334
4650,83,5,134,14335
4670,83,1,135,14336
4660,83,3,136,14337
4650,83,2,137,14338
4650,83,5,138,14339
4670,83,0,139,14340
4660,83,2,140,14341
4650,83,4,141,14342
4670,83,2,142,14343
4670,83,1,143,14344
4660,83,6,144,14345
4660,83,4,145,14346
4650,83,4,146,14347
4670,83,0,147,14348
4660,83,2,148,14349
4660,83,3,149,14350
4650,83,4,155,14351
4670,83,3,156,14352
4660,83,3,157,14353
4660,83,3,158,14354
4670,83,0,159,14355
4650,83,5,160,14356
4670,83,0,161,14357
4660,83,2,162,14358
4650,83,4,163,14359
4650,83,4,164,14360
4650,83,2,165,14361
4670,83,4,166,14362
4670,83,0,167,14363
4650,83,2,168,14364
4660,83,2,169,14365
4660,83,6,170,14366
4650,83,5,171,14367
4660,83,4,172,14368
4670,83,3,173,14369
4670,83,3,174,14370
4670,83,2,175,14371
4650,83,2,176,14372
4660,83,3,177,14373
4650,83,5,178,14374
4670,83,1,179,14375
4660,83,5,180,14376
4670,83,2,181,14377
4660,83,3,182,14378
4660,83,6,183,14379
4660,83,2,184,14380
4660,83,5,185,14381
4670,83,3,186,14382
4650,83,5,187,14383
4660,83,6,188,14384
4650,83,4,189,14385
4650,83,3,195,14386
4660,83,5,196,14387
4660,83,6,197,14388
4660,83,5,198,14389
4660,83,3,199,14390
4670,83,4,200,14391
4650,83,5,201,14392
4650,83,5,202,14393
4660,83,3,203,14394
4660,83,6,204,14395
4670,83,4,205,14396
4660,83,2,206,14397
4650,83,4,207,14398
4660,83,4,208,14399
4660,83,6,209,14400
4670,83,3,210,14401
4670,83,3,211,14402
4660,83,5,212,14403
4670,83,1,213,14404
4670,83,2,214,14405
4650,83,4,215,14406
4670,83,1,216,14407
4660,83,6,217,14408
4660,83,2,218,14409
4650,83,4,219,14410
4650,83,5,220,14411
4660,83,4,221,14412
4650,83,3,222,14413
4660,83,3,223,14414
4660,83,5,224,14415
4660,83,6,225,14416
4660,83,5,226,14417
4660,83,3,227,14418
4660,83,3,228,14419
4650,83,4,229,14420
4670,83,1,235,14421
4660,83,3,236,14422
4670,83,4,237,14423
4660,83,3,238,14424
4650,83,3,239,14425
4650,83,2,240,14426
4660,83,3,241,14427
4670,83,3,242,14428
4660,83,3,243,14429
4660,83,2,244,14430
4650,83,5,245,14431
4650,83,5,246,14432
4660,83,5,247,14433
4670,83,1,248,14434
4650,83,4,249,14435
4660,83,6,250,14436
4650,83,3,251,14437
4650,83,3,252,14438
4660,83,2,253,14439
4660,83,3,254,14440
4660,83,4,255,14441
4650,83,2,256,14442
4650,83,4,257,14443
4660,83,3,258,14444
4660,83,2,259,14445
4670,83,1,260,14446
4660,83,5,261,14447
4660,83,4,262,14448
4650,83,5,263,14449
4660,83,3,264,14450
4660,83,3,265,14451
4660,83,4,266,14452
4660,83,2,267,14453
4660,83,4,268,14454
4650,83,3,269,14455
4650,83,3,275,14456
4650,83,3,276,14457
4670,83,4,277,14458
4650,83,2,278,14459
4650,83,2,279,14460
4670,83,3,280,14461
4660,83,6,281,14462
4670,83,4,282,14463
4670,83,2,283,14464
4650,83,2,284,14465
4660,83,4,285,14466
4660,83,5,286,14467
4660,83,3,287,14468
4650,83,2,288,14469
4670,83,3,289,14470
4670,83,1,290,14471
4660,83,2,291,14472
4670,83,3,292,14473
4670,83,4,293,14474
4650,83,4,294,14475
4660,83,3,295,14476
4660,83,2,296,14477
4670,83,2,297,14478
4670,83,0,298,14479
4660,83,4,299,14480
4670,83,2,300,14481
4650,83,4,301,14482
4650,83,4,302,14483
4670,83,1,303,14484
4660,83,2,304,14485
4660,83,3,305,14486
4650,83,4,306,14487
4660,83,5,307,14488
4650,83,2,308,14489
4670,83,4,309,14490
4660,83,4,315,14491
4650,83,4,316,14492
4670,83,1,317,14493
4670,83,1,318,14494
4650,83,3,319,14495
4650,83,2,1000,14496
4660,83,5,1001,14497
4660,83,5,1002,14498
4670,83,0,1003,14499
4650,83,3,1004,14500
4660,83,3,1010,14501
4650,83,4,1011,14502
4670,83,3,1012,14503
4660,83,6,1013,14504
4670,83,2,1014,14505
4670,83,3,1020,14506
4670,83,4,1021,14507
4670,83,2,1022,14508
4650,83,4,1023,14509
4650,83,3,1024,14510
4660,83,4,1030,14511
4650,83,3,1031,14512
4650,83,5,1032,14513
4670,83,3,1033,14514
4650,83,5,1034,14515
4670,83,4,1040,14516
4650,83,3,1041,14517
4650,83,5,1042,14518
4670,83,4,1043,14519
4650,83,2,1044,14520
4650,83,2,1050,14521
4660,83,2,1051,14522
4660,83,5,1052,14523
4670,83,3,1053,14524
4670,83,1,1054,14525
4650,83,3,1060,14526
4650,83,5,1061,14527
4650,83,4,1062,14528
4670,83,3,1063,14529
4670,83,4,1064,14530
4660,83,4,1070,14531
4650,83,4,1071,14532
4660,83,2,1072,14533
4670,83,2,1073,14534
4670,83,0,1074,14535
4670,83,1,1080,14536
4660,83,3,1081,14537
4660,83,6,1082,14538
4670,83,2,1083,14539
4670,83,0,1084,14540
4660,83,5,1085,14541
4660,83,5,1086,14542
4660,83,3,1087,14543
4660,83,4,1088,14544
4660,83,3,1089,14545
4650,83,4,1090,14546
4670,83,2,1091,14547
4660,83,3,1092,14548
4650,83,5,1093,14549
4660,83,6,1094,14550
4660,83,6,1095,14551
4660,83,6,1096,14552
4670,83,4,1097,14553
4650,83,4,1098,14554
4660,83,3,1099,14555
4660,83,4,1100,14556
4660,83,2,1101,14557
4660,83,6,1102,14558
4650,83,3,1103,14559
4660,83,4,1104,14560
4660,83,2,1105,14561
4650,83,4,1106,14562
4660,83,5,1107,14563
4660,83,3,1108,14564
4660,83,2,1109,14565
4660,83,6,1135,14566
4670,83,0,1136,14567
4670,83,1,1137,14568
4660,83,2,1138,14569
4670,83,3,1139,14570
4650,83,4,1140,14571
4650,83,5,1141,14572
4660,83,5,1142,14573
4660,83,4,1143,14574
4660,83,2,1144,14575
4670,83,0,1145,14576
4650,83,3,1146,14577
4670,83,3,1147,14578
4670,83,0,1148,14579
4660,83,6,1149,14580
4660,83,4,1150,14581
4650,83,5,1151,14582
4660,83,2,1152,14583
4660,83,4,1153,14584
4670,83,0,1154,14585
4670,83,1,1155,14586
4660,83,5,1156,14587
4670,83,4,1157,14588
4660,83,6,1158,14589
4670,83,3,1159,14590
4670,83,2,1160,14591
4660,83,3,1161,14592
4660,83,2,1162,14593
4660,83,3,1163,14594
4670,83,0,1164,14595
4660,83,2,1165,14596
4660,83,6,1166,14597
4660,83,6,1167,14598
4670,83,4,1168,14599
4670,83,4,1169,14600
4650,83,5,1195,14601
4670,83,3,1196,14602
4660,83,5,1197,14603
4650,83,4,1198,14604
4660,83,6,1199,14605
4670,84,1,0,14606
4660,84,2,1,14607
4670,84,2,2,14608
4650,84,3,3,14609
4650,84,3,4,14610
4650,84,5,5,14611
4680,84,1,6,14612
4650,84,2,7,14613
4650,84,3,8,14614
4660,84,5,9,14615
4660,84,4,10,14616
4660,84,3,11,14617
4650,84,2,12,14618
4660,84,6,13,14619
4650,84,2,14,14620
4670,84,4,15,14621
4650,84,5,16,14622
4650,84,3,17,14623
4670,84,1,18,14624
4670,84,0,19,14625
4670,84,0,20,14626
4650,84,4,21,14627
4650,84,5,22,14628
4670,84,3,23,14629
4660,84,4,24,14630
4670,84,1,25,14631
4670,84,0,26,14632
4680,84,2,27,14633
4650,84,5,28,14634
4670,84,3,29,14635
4650,84,5,30,14636
4660,84,3,31,14637
4660,84,2,32,14638
4650,84,3,33,14639
4660,84,2,34,14640
4650,84,5,35,14641
4670,84,0,36,14642
4660,84,5,37,14643
4660,84,2,38,14644
4670,84,0,39,14645
4660,84,2,40,14646
4660,84,5,41,14647
4660,84,4,42,14648
4650,84,4,43,14649
4670,84,0,44,14650
4670,84,2,45,14651
4660,84,4,46,14652
4660,84,3,47,14653
4650,84,3,48,14654
4660,84,6,49,14655
4650,84,5,50,14656
4660,84,6,51,14657
4650,84,3,52,14658
4680,84,1,53,14659
4670,84,3,54,14660
4680,84,1,55,14661
4660,84,3,56,14662
4680,84,1,57,14663
4660,84,5,58,14664
4660,84,3,59,14665
4660,84,6,60,14666
4660,84,2,61,14667
4660,84,2,62,14668
4660,84,2,63,14669
4650,84,5,64,14670
4650,84,2,65,14671
4670,84,3,66,14672
4660,84,4,67,14673
4660,84,5,68,14674
4650,84,3,69,14675
4670,84,3,70,14676
4670,84,3,71,14677
4650,84,5,72,14678
4660,84,5,73,14679
4660,84,6,74,14680
4660,84,6,75,14681
4660,84,5,76,14682
4670,84,2,77,14683
4670,84,4,78,14684
4660,84,6,79,14685
4660,84,2,80,14686
4660,84,6,81,14687
4650,84,3,82,14688
4670,84,0,83,14689
4650,84,4,84,14690
4680,84,2,85,14691
4650,84,2,86,14692
4650,84,3,87,14693
4660,84,6,88,14694
4670,84,3,89,14695
4660,84,3,90,14696
4660,84,4,91,14697
4650,84,3,92,14698
4660,84,3,93,14699
4660,84,5,94,14700
4660,84,4,95,14701
4650,84,3,96,14702
4650,84,3,97,14703
4660,84,5,98,14704
4660,84,2,99,14705
4670,84,2,100,14706
4650,84,3,101,14707
4660,84,2,102,14708
4650,84,5,103,14709
4660,84,6,104,14710
4660,84,4,105,14711
4660,84,5,106,14712
4660,84,4,107,14713
4670,84,2,108,14714
4670,84,4,109,14715
4660,84,3,110,14716
4670,84,2,111,14717
4650,84,5,112,14718
4670,84,4,113,14719
4660,84,2,114,14720
4670,84,0,115,14721
4670,84,2,116,14722
4650,84,4,117,14723
4660,84,4,118,14724
4670,84,2,119,14725
4650,84,4,120,14726
4670,84,3,121,14727
4660,84,3,122,14728
4660,84,2,123,14729
4660,84,4,124,14730
4650,84,5,125,14731
4660,84,6,126,14732
4660,84,3,127,14733
4650,84,4,128,14734
4670,84,1,129,14735
4660,84,6,130,14736
4670,84,2,131,14737
4680,84,1,132,14738
4670,84,3,133,14739
4660,84,2,134,14740
4660,84,2,135,14741
4680,84,0,136,14742
4660,84,4,137,14743
4670,84,1,138,14744
4650,84,5,139,14745
4660,84,6,140,14746
4660,84,2,141,14747
4660,84,2,142,14748
4650,84,3,143,14749
4660,84,3,144,14750
4650,84,5,145,14751
4660,84,2,146,14752
4660,84,6,147,14753
4670,84,0,148,14754
4650,84,2,149,14755
4660,84,3,150,14756
4670,84,4,151,14757
4670,84,1,152,14758
4650,84,4,153,14759
4670,84,1,154,14760
4670,84,0,155,14761
4670,84,2,156,14762
4670,84,4,157,14763
4650,84,2,158,14764
4660,84,3,159,14765
4670,84,3,160,14766
4670,84,2,161,14767
4660,84,5,162,14768
4670,84,1,163,14769
4680,84,1,164,14770
4670,84,3,165,14771
4650,84,3,166,14772
4660,84,4,167,14773
4670,84,2,168,14774
4670,84,1,169,14775
4670,84,4,170,14776
4670,84,3,171,14777
4680,84,0,172,14778
4680,84,0,173,14779
4660,84,2,174,14780
4660,84,2,175,14781
4670,84,3,176,14782
4670,84,2,177,14783
4660,84,4,178,14784
4650,84,3,179,14785
4670,84,2,180,14786
4660,84,5,181,14787
4660,84,4,182,14788
4660,84,2,183,14789
4650,84,3,184,14790
4650,84,5,185,14791
4660,84,4,186,14792
4660,84,4,187,14793
4650,84,5,188,14794
4660,84,6,189,14795
4660,84,5,190,14796
4670,84,2,191,14797
4670,84,2,192,14798
4660,84,5,193,14799
4660,84,6,194,14800
4660,84,4,195,14801
4650,84,2,196,14802
4650,84,2,197,14803
4660,84,3,198,14804
4670,84,2,199,14805
4670,84,1,200,14806
4660,84,2,201,14807
4680,84,1,202,14808
4670,84,1,203,14809
4670,84,3,204,14810
4670,84,2,205,14811
4670,84,1,206,14812
4670,84,1,207,14813
4650,84,4,208,14814
4650,84,3,209,14815
4650,84,5,210,14816
4660,84,4,211,14817
4670,84,3,212,14818
4650,84,4,213,14819
4670,84,4,214,14820
4660,84,4,215,14821
4670,84,2,216,14822
4660,84,3,217,14823
4650,84,3,218,14824
4660,84,2,219,14825
4670,84,1,220,14826
4670,84,2,221,14827
4670,84,1,222,14828
4660,84,2,223,14829
4660,84,6,224,14830
4660,84,2,225,14831
4660,84,3,226,14832
4650,84,4,227,14833
4650,84,4,228,14834
4660,84,2,229,14835
4660,84,3,230,14836
4650,84,2,231,14837
4650,84,4,232,14838
4660,84,2,233,14839
4670,84,4,234,14840
4650,84,5,235,14841
4650,84,4,236,14842
4680,84,2,237,14843
4680,84,2,238,14844
4660,84,5,239,14845
4670,84,2,240,14846
4650,84,2,241,14847
4670,84,4,242,14848
4650,84,5,243,14849
4650,84,3,244,14850
4670,84,0,245,14851
4660,84,3,246,14852
4670,84,0,247,14853
4670,84,2,248,14854
4670,84,3,249,14855
4660,84,2,250,14856
4660,84,5,251,14857
4660,84,5,252,14858
4650,84,5,253,14859
4650,84,5,254,14860
4670,84,1,255,14861
4650,84,4,256,14862
4670,84,2,257,14863
4670,84,2,258,14864
4660,84,3,259,14865
4660,84,3,260,14866
4660,84,4,261,14867
4660,84,2,262,14868
4660,84,5,263,14869
4650,84,4,264,14870
4650,84,4,265,14871
4680,84,2,266,14872
4670,84,1,267,14873
4670,84,2,268,14874
4680,84,0,269,14875
4650,84,5,270,14876
4660,84,3,271,14877
4670,84,4,272,14878
4660,84,3,273,14879
4650,84,4,274,14880
4670,84,1,275,14881
4670,84,1,276,14882
4660,84,5,277,14883
4680,84,1,278,14884
4660,84,2,279,14885
4660,84,3,280,14886
4660,84,4,281,14887
4650,84,2,282,14888
4660,84,2,283,14889
4670,84,3,284,14890
4660,84,5,285,14891
4660,84,6,286,14892
4670,84,3,287,14893
4660,84,6,288,14894
4650,84,2,289,14895
4660,84,3,290,14896
4660,84,5,291,14897
4650,84,5,292,14898
4650,84,2,293,14899
4670,84,4,294,14900
4660,84,4,295,14901
4650,84,5,296,14902
4660,84,3,297,14903
4660,84,3,298,14904
4650,84,2,299,14905
4680,84,1,300,14906
4680,84,1,301,14907
4670,84,3,302,14908
4650,84,3,303,14909
4650,84,4,304,14910
4650,84,3,305,14911
4680,84,2,306,14912
4660,84,3,307,14913
4670,84,3,308,14914
4650,84,4,309,14915
4650,84,4,310,14916
4670,84,3,311,14917
4650,84,4,312,14918
4670,84,1,313,14919
4680,84,0,314,14920
4680,84,2,315,14921
4670,84,3,316,14922
4660,84,4,317,14923
4650,84,3,318,14924
4650,84,5,319,14925
4660,84,3,1000,14926
4650,84,4,1001,14927
4650,84,3,1002,14928
4670,84,1,1003,14929
4670,84,2,1004,14930
4670,84,3,1010,14931
4670,84,3,1011,14932
4660,84,4,1012,14933
4660,84,5,1013,14934
4650,84,3,1014,14935
4650,84,2,1020,14936
4660,84,6,1021,14937
4660,84,2,1022,14938
4660,84,4,1023,14939
4650,84,2,1024,14940
4660,84,2,1030,14941
4680,84,1,1031,14942
4670,84,2,1032,14943
4650,84,5,1033,14944
4670,84,0,1034,14945
4660,84,6,1040,14946
4680,84,0,1041,14947
4660,84,3,1042,14948
4660,84,2,1043,14949
4660,84,3,1044,14950
4660,84,6,1050,14951
4680,84,2,1051,14952
4670,84,1,1052,14953
4670,84,0,1053,14954
4670,84,3,1054,14955
4660,84,6,1060,14956
4670,84,4,1061,14957
4670,84,0,1062,14958
4650,84,2,1063,14959
4660,84,5,1064,14960
4660,84,2,1070,14961
4650,84,2,1071,14962
4670,84,3,1072,14963
4660,84,5,1073,14964
4660,84,4,1074,14965
4660,84,4,1080,14966
4670,84,1,1081,14967
4670,84,0,1082,14968
4650,84,5,1083,14969
4660,84,5,1084,14970
4670,84,2,1085,14971
4670,84,3,1086,14972
4660,84,4,1087,14973
4670,84,1,1088,14974
4670,84,4,1089,14975
4660,84,4,1090,14976
4660,84,3,1091,14977
4650,84,4,1092,14978
4670,84,4,1093,14979
4650,84,3,1094,14980
4670,84,4,1095,14981
4650,84,3,1096,14982
4660,84,2,1097,14983
4670,84,0,1098,14984
4650,84,2,1099,14985
4680,84,0,1100,14986
4670,84,1,1101,14987
4650,84,5,1102,14988
4670,84,0,1103,14989
4660,84,3,1104,14990
4660,84,3,1105,14991
4660,84,6,1106,14992
4670,84,0,1107,14993
4680,84,0,1108,14994
4650,84,2,1109,14995
4670,84,4,1110,14996
4670,84,1,1111,14997
4660,84,6,1112,14998
4670,84,0,1113,14999
4670,84,0,1114,15000
4670,84,2,1135,15001
4660,84,2,1136,15002
4670,84,4,1137,15003
4660,84,3,1138,15004
4670,84,2,1139,15005
4660,84,4,1140,15006
4670,84,2,1141,15007
4670,84,4,1142,15008
4660,84,5,1143,15009
4670,84,3,1144,15010
4680,84,1,1145,15011
4650,84,2,1146,15012
4660,84,2,1147,15013
4660,84,4,1148,15014
4660,84,4,1149,15015
4660,84,2,1150,15016
4660,84,2,1151,15017
4650,84,3,1152,15018
4650,84,3,1153,15019
4670,84,3,1154,15020
4650,84,2,1155,15021
4670,84,2,1156,15022
4660,84,2,1157,15023
4680,84,1,1158,15024
4670,84,4,1159,15025
4660,84,6,1160,15026
4670,84,4,1161,15027
4660,84,5,1162,15028
4680,84,1,1163,15029
4660,84,4,1164,15030
4650,84,2,1165,15031
4660,84,5,1166,15032
4650,84,2,1167,15033
4660,84,5,1168,15034
4660,84,6,1169,15035
4660,84,6,1170,15036
4650,84,2,1171,15037
4670,84,0,1172,15038
4660,84,5,1173,15039
4660,84,5,1174,15040
4650,84,4,1195,15041
4670,84,1,1196,15042
4650,84,2,1197,15043
4680,84,1,1198,15044
4650,84,3,1199,15045
4660,85,6,0,15046
4660,85,5,1,15047
4650,85,2,2,15048
4660,85,4,3,15049
4650,85,2,4,15050
4650,85,3,5,15051
4670,85,4,6,15052
4670,85,1,7,15053
4660,85,5,8,15054
4670,85,4,9,15055
4670,85,1,10,15056
4660,85,5,11,15057
4660,85,6,12,15058
4680,85,1,13,15059
4660,85,4,14,15060
4660,85,6,15,15061
4660,85,3,16,15062
4670,85,3,17,15063
4680,85,1,18,15064
4660,85,5,19,15065
4680,85,0,30,15066
4650,85,2,31,15067
4670,85,0,32,15068
4650,85,2,33,15069
4650,85,3,34,15070
4670,85,4,35,15071
4650,85,2,36,15072
4650,85,4,37,15073
4650,85,5,38,15074
4650,85,5,39,15075
4670,85,1,40,15076
4650,85,5,41,15077
4650,85,5,42,15078
4660,85,6,43,15079
4660,85,6,44,15080
4650,85,2,45,15081
4650,85,4,46,15082
4650,85,2,47,15083
4650,85,2,48,15084
4660,85,2,49,15085
4670,85,4,50,15086
4650,85,3,51,15087
4670,85,0,52,15088
4670,85,1,53,15089
4660,85,3,54,15090
4670,85,0,55,15091
4670,85,3,56,15092
4670,85,3,57,15093
4680,85,0,58,15094
4650,85,2,59,15095
4660,85,3,70,15096
4660,85,5,71,15097
4660,85,4,72,15098
4650,85,2,73,15099
4670,85,3,74,15100
4670,85,2,75,15101
4670,85,0,76,15102
4670,85,1,77,15103
4650,85,4,78,15104
4650,85,5,79,15105
4650,85,5,80,15106
4650,85,4,81,15107
4670,85,3,82,15108
4650,85,5,83,15109
4660,85,4,84,15110
4650,85,3,85,15111
4670,85,2,86,15112
4670,85,3,87,15113
4650,85,2,88,15114
4660,85,2,89,15115
4660,85,5,90,15116
4670,85,0,91,15117
4650,85,2,92,15118
4650,85,3,93,15119
4650,85,3,94,15120
4650,85,5,95,15121
4660,85,5,96,15122
4660,85,3,97,15123
4680,85,1,98,15124
4670,85,0,99,15125
4650,85,4,110,15126
4660,85,5,111,15127
4680,85,0,112,15128
4660,85,3,113,15129
4650,85,4,114,15130
4650,85,2,115,15131
4660,85,2,116,15132
4660,85,4,117,15133
4680,85,2,118,15134
4650,85,5,119,15135
4650,85,2,120,15136
4650,85,5,121,15137
4650,85,3,122,15138
4660,85,3,123,15139
4670,85,4,124,15140
4670,85,4,125,15141
4660,85,3,126,15142
4670,85,3,127,15143
4660,85,2,128,15144
4650,85,3,129,15145
4650,85,3,130,15146
4650,85,4,131,15147
4670,85,0,132,15148
4660,85,6,133,15149
4670,85,0,134,15150
4660,85,6,135,15151
4650,85,5,136,15152
4650,85,3,137,15153
4670,85,4,138,15154
4680,85,1,139,15155
4670,85,2,150,15156
4660,85,5,151,15157
4660,85,4,152,15158
4670,85,2,153,15159
4660,85,3,154,15160
4670,85,2,155,15161
4650,85,4,156,15162
4650,85,3,157,15163
4650,85,4,158,15164
4650,85,2,159,15165
4660,85,4,160,15166
4660,85,5,161,15167
4650,85,2,162,15168
4660,85,2,163,15169
4660,85,4,164,15170
4670,85,1,165,15171
4650,85,5,166,15172
4670,85,3,167,15173
4660,85,2,168,15174
4660,85,3,169,15175
4660,85,5,170,15176
4680,85,2,171,15177
4650,85,5,172,15178
4660,85,4,173,15179
4680,85,0,174,15180
4650,85,5,175,15181
4660,85,2,176,15182
4660,85,6,177,15183
4670,85,1,178,15184
4670,85,2,179,15185
4670,85,3,190,15186
4660,85,4,191,15187
4660,85,6,192,15188
4680,85,0,193,15189
4650,85,2,194,15190
4660,85,5,195,15191
4680,85,1,196,15192
4660,85,2,197,15193
4650,85,4,198,15194
4650,85,3,199,15195
4660,85,4,200,15196
4650,85,2,201,15197
4670,85,3,202,15198
4670,85,3,203,15199
4650,85,4,204,15200
4680,85,1,205,15201
4660,85,3,206,15202
4660,85,5,207,15203
4680,85,1,208,15204
4660,85,2,209,15205
4650,85,3,210,15206
4650,85,2,211,15207
4660,85,4,212,15208
4670,85,0,213,15209
4660,85,3,214,15210
4660,85,3,215,15211
4650,85,2,216,15212
4650,85,3,217,15213
4660,85,5,218,15214
4650,85,2,219,15215
4650,85,2,230,15216
4670,85,1,231,15217
4650,85,2,232,15218
4680,85,0,233,15219
4660,85,6,234,15220
4670,85,4,235,15221
4660,85,5,236,15222
4670,85,3,237,15223
4670,85,1,238,15224
4660,85,2,239,15225
4660,85,6,240,15226
4660,85,6,241,15227
4660,85,5,242,15228
4670,85,0,243,15229
4670,85,4,244,15230
4660,85,4,245,15231
4660,85,4,246,15232
4650,85,4,247,15233
4660,85,6,248,15234
4660,85,6,249,15235
4650,85,2,250,15236
4670,85,2,251,15237
4650,85,2,252,15238
4650,85,4,253,15239
4670,85,1,254,15240
4660,85,3,255,15241
4680,85,2,256,15242
4650,85,2,257,15243
4650,85,2,258,15244
4660,85,5,259,15245
4680,85,2,270,15246
4680,85,2,271,15247
4660,85,6,272,15248
4670,85,4,273,15249
4650,85,2,274,15250
4660,85,5,275,15251
4650,85,4,276,15252
4650,85,3,277,15253
4660,85,4,278,15254
4680,85,0,279,15255
4650,85,5,280,15256
4660,85,5,281,15257
4660,85,5,282,15258
4650,85,4,283,15259
4680,85,2,284,15260
4660,85,3,285,15261
4650,85,4,286,15262
4650,85,3,287,15263
4650,85,5,288,15264
4650,85,4,289,15265
4660,85,2,290,15266
4680,85,0,291,15267
4660,85,3,292,15268
4660,85,3,293,15269
4660,85,2,294,15270
4650,85,4,295,15271
4650,85,2,296,15272
4660,85,5,297,15273
4660,85,6,298,15274
4660,85,2,299,15275
4660,85,6,310,15276
4650,85,5,311,15277
4660,85,6,312,15278
4650,85,5,313,15279
4650,85,2,314,15280
4670,85,0,315,15281
4650,85,5,316,15282
4650,85,5,317,15283
4660,85,6,318,15284
4670,85,3,319,15285
4670,85,3,1000,15286
4660,85,4,1001,15287
4670,85,0,1002,15288
4660,85,3,1003,15289
4670,85,1,1004,15290
4670,85,0,1010,15291
4660,85,4,1011,15292
4670,85,1,1012,15293
4660,85,2,1013,15294
4680,85,0,1014,15295
4680,85,2,1020,15296
4660,85,5,1021,15297
4670,85,4,1022,15298
4670,85,4,1023,15299
4660,85,4,1024,15300
4670,85,0,1030,15301
4660,85,5,1031,15302
4660,85,6,1032,15303
4650,85,4,1033,15304
4670,85,4,1034,15305
4660,85,3,1040,15306
4660,85,5,1041,15307
4670,85,1,1042,15308
4670,85,1,1043,15309
4660,85,6,1044,15310
4670,85,3,1050,15311
4650,85,3,1051,15312
4660,85,4,1052,15313
4660,85,4,1053,15314
4660,85,4,1054,15315
4670,85,2,1060,15316
4650,85,2,1061,15317
4650,85,5,1062,15318
4670,85,1,1063,15319
4660,85,3,1064,15320
4650,85,3,1070,15321
4670,85,3,1071,15322
4650,85,4,1072,15323
4650,85,4,1073,15324
4670,85,4,1074,15325
4670,85,3,1080,15326
4650,85,3,1081,15327
4660,85,2,1082,15328
4650,85,3,1083,15329
4670,85,3,1084,15330
4660,85,2,1085,15331
4650,85,2,1086,15332
4650,85,3,1087,15333
4650,85,5,1088,15334
4660,85,4,1089,15335
4670,85,4,1090,15336
4650,85,2,1091,15337
4650,85,2,1092,15338
4650,85,2,1093,15339
4670,85,3,1094,15340
4660,85,3,1095,15341
4680,85,2,1096,15342
4660,85,4,1097,15343
4660,85,6,1098,15344
4660,85,6,1099,15345
4660,85,4,1110,15346
4650,85,3,1111,15347
4670,85,0,1112,15348
4660,85,6,1113,15349
4670,85,1,1114,15350
4680,85,0,1135,15351
4650,85,4,1136,15352
4650,85,2,1137,15353
4650,85,4,1138,15354
4650,85,4,1139,15355
4670,85,2,1140,15356
4680,85,0,1141,15357
4660,85,6,1142,15358
4650,85,4,1143,15359
4660,85,5,1144,15360
4660,85,3,1145,15361
4660,85,4,1146,15362
4670,85,1,1147,15363
4660,85,5,1148,15364
4650,85,5,1149,15365
4670,85,4,1150,15366
4670,85,3,1151,15367
4650,85,2,1152,15368
4660,85,5,1153,15369
4660,85,4,1154,15370
4660,85,6,1155,15371
4660,85,2,1156,15372
4650,85,3,1157,15373
4670,85,4,1158,15374
4660,85,6,1159,15375
4660,85,4,1170,15376
4660,85,2,1171,15377
4650,85,5,1172,15378
4660,85,4,1173,15379
4670,85,3,1174,15380
4660,85,4,1195,15381
4660,85,3,1196,15382
4670,85,1,1197,15383
4660,85,5,1198,15384
4670,85,2,1199,15385
3810,86,1,0,15386
3220,86,0,1,15387
3000,86,1,2,15388
3410,86,1,3,15389
3400,86,1,4,15390
3400,86,0,5,15391
3210,86,2,6,15392
3800,86,0,7,15393
3210,86,1,8,15394
3800,86,1,9,15395
3000,86,1,10,15396
3220,86,0,11,15397
3410,86,0,12,15398
3220,86,0,13,15399
3410,86,0,14,15400
3030,86,0,15,15401
3210,86,2,16,15402
3210,86,0,17,15403
3410,86,2,18,15404
3420,86,0,19,15405
3420,86,0,20,15406
3400,86,1,21,15407
3800,86,0,22,15408
3400,86,0,23,15409
3400,86,1,24,15410
3000,86,0,25,15411
3210,86,0,26,15412
3030,86,0,27,15413
3400,86,0,28,15414
3400,86,3,29,15415
3030,86,0,30,15416
3430,86,0,31,15417
2150,86,0,32,15418
3410,86,2,33,15419
3200,86,1,34,15420
3800,86,0,35,15421
3210,86,0,36,15422
3220,86,1,37,15423
3210,86,0,38,15424
3210,86,2,39,15425
3800,86,0,40,15426
3800,86,1,41,15427
3810,86,1,42,15428
3410,86,2,43,15429
3220,86,1,44,15430
3220,86,1,45,15431
3000,86,0,46,15432
3200,86,1,47,15433
3410,86,4,48,15434
3210,86,0,49,15435
3410,86,1,50,15436
3430,86,0,51,15437
3200,86,0,52,15438
3200,86,0,53,15439
3200,86,1,54,15440
3400,86,2,55,15441
3410,86,0,56,15442
3410,86,3,57,15443
3810,86,0,58,15444
3420,86,0,59,15445
3200,86,0,60,15446
3810,86,1,61,15447
3800,86,1,62,15448
3410,86,3,63,15449
3400,86,1,64,15450
3410,86,2,65,15451
3200,86,1,66,15452
3200,86,1,67,15453
3200,86,0,68,15454
3400,86,2,69,15455
3800,86,1,70,15456
3220,86,0,71,15457
3030,86,0,72,15458
3200,86,1,73,15459
3210,86,0,74,15460
3000,86,0,75,15461
3210,86,1,76,15462
3410,86,1,77,15463
3200,86,1,78,15464
3400,86,2,79,15465
3810,86,0,80,15466
3430,86,0,81,15467
3210,86,2,82,15468
3210,86,2,83,15469
3410,86,4,84,15470
3410,86,3,85,15471
3210,86,0,86,15472
3400,86,2,87,15473
3800,86,1,88,15474
3220,86,0,89,15475
3410,86,0,90,15476
3030,86,1,91,15477
3220,86,0,92,15478
3030,86,0,93,15479
3400,86,2,94,15480
3410,86,1,95,15481
3400,86,0,96,15482
3410,86,4,97,15483
3210,86,1,98,15484
3810,86,0,99,15485
3420,86,0,100,15486
3210,86,2,101,15487
3200,86,0,102,15488
3400,86,2,103,15489
3200,86,1,104,15490
3410,86,2,105,15491
3800,86,1,106,15492
3210,86,1,107,15493
3210,86,0,108,15494
3210,86,2,109,15495
3800,86,1,110,15496
3410,86,4,111,15497
3200,86,1,112,15498
3220,86,0,113,15499
3030,86,0,114,15500
3200,86,0,115,15501
3800,86,0,116,15502
3400,86,0,117,15503
3410,86,3,118,15504
3810,86,0,119,15505
3400,86,1,120,15506
3000,86,0,121,15507
3400,86,3,122,15508
3420,86,0,123,15509
3420,86,0,124,15510
3800,86,1,125,15511
3410,86,1,126,15512
3210,86,1,127,15513
3000,86,0,128,15514
3220,86,1,129,15515
3210,86,2,130,15516
3220,86,1,131,15517
3210,86,2,132,15518
3400,86,0,133,15519
2150,86,0,134,15520
3000,86,0,135,15521
3410,86,4,136,15522
3210,86,1,137,15523
3810,86,0,138,15524
3000,86,1,139,15525
3000,86,1,140,15526
3400,86,0,141,15527
3220,86,0,142,15528
3000,86,0,143,15529
3210,86,0,144,15530
3210,86,1,145,15531
3000,86,0,146,15532
3210,86,1,147,15533
3030,86,0,148,15534
3400,86,1,149,15535
3400,86,1,150,15536
3420,86,0,151,15537
3800,86,1,152,15538
3800,86,1,153,15539
3000,86,1,154,15540
3210,86,0,155,15541
3030,86,0,156,15542
3810,86,1,157,15543
3210,86,2,158,15544
3410,86,4,159,15545
3810,86,1,160,15546
3030,86,0,161,15547
3420,86,0,162,15548
3430,86,0,163,15549
3430,86,0,164,15550
3200,86,1,165,15551
3210,86,1,166,15552
3410,86,3,167,15553
3000,86,0,168,15554
3410,86,3,169,15555
3410,86,2,170,15556
2150,86,0,171,15557
3210,86,2,172,15558
3210,86,2,173,15559
2150,86,0,174,15560
3000,86,1,175,15561
3410,86,3,176,15562
3420,86,0,177,15563
3810,86,0,178,15564
3400,86,3,179,15565
3210,86,1,180,15566
3410,86,4,181,15567
3000,86,1,182,15568
3410,86,1,183,15569
3220,86,1,184,15570
3210,86,1,185,15571
3210,86,2,186,15572
3030,86,0,187,15573
3030,86,1,188,15574
3410,86,4,189,15575
3410,86,4,190,15576
3810,86,1,191,15577
3410,86,4,192,15578
3210,86,2,193,15579
3210,86,0,194,15580
3030,86,0,195,15581
3400,86,1,196,15582
3410,86,0,197,15583
3030,86,0,198,15584
3410,86,4,199,15585
3200,86,1,200,15586
3410,86,1,201,15587
3410,86,1,202,15588
3800,86,0,203,15589
3210,86,0,204,15590
3400,86,0,205,15591
3410,86,2,206,15592
3210,86,2,207,15593
3000,86,1,208,15594
3200,86,0,209,15595
3410,86,4,210,15596
3030,86,0,211,15597
3810,86,1,212,15598
3030,86,1,213,15599
3400,86,2,214,15600
3200,86,0,215,15601
3410,86,4,216,15602
3210,86,1,217,15603
3210,86,0,218,15604
3400,86,1,219,15605
3030,86,1,220,15606
3200,86,0,221,15607
3210,86,0,222,15608
3220,86,1,223,15609
3000,86,1,224,15610
3030,86,1,225,15611
3030,86,1,226,15612
3400,86,2,227,15613
3220,86,1,228,15614
3410,86,0,229,15615
3200,86,0,230,15616
3220,86,0,231,15617
3210,86,1,232,15618
3220,86,1,233,15619
3210,86,2,234,15620
3410,86,2,235,15621
3030,86,1,236,15622
3200,86,1,237,15623
3210,86,2,238,15624
3430,86,0,239,15625
3000,86,0,240,15626
3400,86,1,241,15627
3030,86,0,242,15628
3210,86,1,243,15629
3220,86,1,244,15630
3430,86,0,245,15631
3210,86,0,246,15632
3410,86,4,247,15633
3800,86,0,248,15634
3200,86,0,249,15635
3430,86,0,250,15636
3800,86,1,251,15637
2150,86,0,252,15638
3400,86,2,253,15639
3210,86,2,254,15640
3030,86,1,255,15641
3210,86,2,256,15642
3030,86,1,257,15643
3000,86,1,258,15644
3200,86,0,259,15645
3400,86,3,260,15646
3400,86,0,261,15647
3200,86,1,262,15648
3400,86,1,263,15649
3810,86,0,264,15650
3210,86,1,265,15651
3800,86,0,266,15652
3410,86,0,267,15653
3030,86,0,268,15654
3400,86,0,269,15655
3200,86,1,270,15656
3210,86,0,271,15657
3220,86,1,272,15658
3810,86,1,273,15659
3210,86,2,274,15660
3420,86,0,275,15661
3030,86,0,276,15662
3800,86,1,277,15663
3420,86,0,278,15664
3430,86,0,279,15665
3400,86,3,280,15666
3000,86,0,281,15667
3200,86,0,282,15668
3000,86,0,283,15669
3410,86,2,284,15670
3200,86,1,285,15671
3030,86,0,286,15672
3000,86,0,287,15673
3430,86,0,288,15674
3000,86,0,289,15675
3210,86,1,290,15676
3430,86,0,291,15677
3410,86,4,292,15678
3810,86,0,293,15679
3200,86,1,294,15680
3400,86,2,295,15681
3410,86,0,296,15682
3220,86,1,297,15683
3800,86,0,298,15684
3800,86,0,299,15685
3000,86,0,300,15686
3220,86,1,301,15687
3000,86,1,302,15688
3430,86,0,303,15689
3810,86,1,304,15690
3030,86,0,305,15691
3200,86,0,306,15692
3400,86,0,307,15693
3410,86,3,308,15694
3410,86,2,309,15695
3000,86,1,310,15696
3420,86,0,311,15697
3430,86,0,312,15698
3200,86,1,313,15699
3430,86,0,314,15700
3210,86,0,315,15701
3410,86,2,316,15702
3030,86,0,317,15703
3400,86,0,318,15704
3810,86,0,319,15705
5011,86,3,1000,15706
3400,86,1,1001,15707
3810,86,1,1002,15708
5005,86,0,1003,15709
5002,86,0,1004,15710
5011,86,2,1010,15711
3400,86,1,1011,15712
5000,86,1,1012,15713
5005,86,0,1013,15714
3210,86,0,1014,15715
5011,86,4,1020,15716
3220,86,1,1021,15717
3200,86,1,1022,15718
5010,86,3,1023,15719
3210,86,0,1024,15720
5005,86,0,1030,15721
5002,86,0,1031,15722
3200,86,0,1032,15723
5006,86,0,1033,15724
5011,86,3,1034,15725
3210,86,2,1040,15726
5005,86,0,1041,15727
3430,86,0,1042,15728
5010,86,0,1043,15729
3210,86,1,1044,15730
5003,86,0,1050,15731
5011,86,3,1051,15732
3220,86,1,1052,15733
5011,86,6,1053,15734
3410,86,1,1054,15735
3210,86,1,1060,15736
5011,86,2,1061,15737
5011,86,3,1062,15738
5001,86,1,1063,15739
3200,86,1,1064,15740
3400,86,0,1070,15741
3220,86,1,1071,15742
3200,86,0,1072,15743
3210,86,2,1073,15744
5010,86,3,1074,15745
3210,86,0,1080,15746
5002,86,0,1081,15747
5000,86,1,1082,15748
5010,86,4,1083,15749
5000,86,1,1084,15750
5010,86,3,1085,15751
3000,86,1,1086,15752
3200,86,1,1087,15753
5010,86,2,1088,15754
5004,86,0,1089,15755
3410,86,2,1090,15756
5011,86,4,1091,15757
3210,86,1,1092,15758
5010,86,4,1093,15759
3400,86,0,1094,15760
5011,86,2,1095,15761
3220,86,1,1096,15762
5010,86,0,1097,15763
3420,86,0,1098,15764
5010,86,0,1099,15765
5003,86,0,1100,15766
3200,86,0,1101,15767
3430,86,0,1102,15768
3210,86,1,1103,15769
5010,86,2,1104,15770
3410,86,1,1105,15771
5011,86,6,1106,15772
3400,86,1,1107,15773
3220,86,0,1108,15774
5002,86,0,1109,15775
3210,86,0,1110,15776
5011,86,4,1111,15777
5010,86,2,1112,15778
3030,86,0,1113,15779
5001,86,1,1114,15780
3410,86,1,1135,15781
5011,86,3,1136,15782
5010,86,0,1137,15783
5001,86,1,1138,15784
5003,86,0,1139,15785
5004,86,0,1140,15786
5001,86,1,1141,15787
3210,86,1,1142,15788
5005,86,0,1143,15789
5010,86,0,1144,15790
3810,86,0,1145,15791
5010,86,4,1146,15792
5010,86,2,1147,15793
3210,86,1,1148,15794
3220,86,1,1149,15795
3000,86,0,1150,15796
3210,86,0,1151,15797
5006,86,0,1152,15798
3400,86,1,1153,15799
5011,86,4,1154,15800
5006,86,0,1155,15801
5001,86,1,1156,15802
5010,86,2,1157,15803
5010,86,4,1158,15804
5010,86,3,1159,15805
5010,86,3,1160,15806
3400,86,0,1161,15807
3200,86,0,1162,15808
3420,86,0,1163,15809
5002,86,0,1164,15810
5011,86,3,1165,15811
5011,86,3,1166,15812
3000,86,1,1167,15813
5011,86,2,1168,15814
3410,86,4,1169,15815
5005,86,0,1170,15816
5004,86,0,1171,15817
5011,86,2,1172,15818
3030,86,0,1173,15819
5010,86,0,1174,15820
5002,86,0,1195,15821
3200,86,0,1196,15822
5000,86,1,1197,15823
3210,86,2,1198,15824
3400,86,0,1199,15825
3410,87,1,0,15826
3030,87,1,1,15827
3030,87,1,2,15828
3410,87,1,3,15829
3420,87,0,4,15830
3800,87,0,5,15831
3200,87,1,6,15832
3410,87,0,7,15833
3800,87,1,8,15834
3410,87,3,9,15835
3420,87,0,10,15836
2080,87,0,11,15837
3200,87,0,12,15838
3210,87,2,13,15839
3000,87,0,14,15840
3410,87,0,15,15841
3220,87,0,16,15842
3400,87,0,17,15843
3210,87,0,18,15844
3210,87,1,19,15845
3800,87,1,20,15846
3400,87,0,21,15847
3200,87,1,22,15848
3420,87,0,23,15849
3200,87,0,24,15850
3800,87,1,25,15851
3000,87,0,26,15852
3810,87,0,27,15853
3400,87,0,28,15854
3000,87,0,29,15855
3030,87,1,35,15856
3430,87,0,36,15857
3800,87,1,37,15858
3420,87,0,38,15859
3210,87,1,39,15860
3210,87,1,40,15861
3220,87,1,41,15862
3410,87,0,42,15863
3410,87,2,43,15864
3220,87,1,44,15865
3410,87,2,45,15866
3410,87,4,46,15867
3210,87,2,47,15868
3410,87,0,48,15869
3400,87,2,49,15870
3200,87,1,50,15871
3430,87,0,51,15872
3410,87,0,52,15873
3220,87,0,53,15874
3410,87,0,54,15875
3030,87,0,55,15876
3410,87,0,56,15877
3810,87,1,57,15878
3420,87,0,58,15879
3410,87,2,59,15880
3200,87,0,60,15881
3210,87,2,61,15882
3800,87,0,62,15883
3200,87,0,63,15884
3800,87,0,64,15885
3410,87,4,65,15886
3410,87,0,66,15887
3210,87,2,67,15888
3400,87,2,68,15889
3220,87,0,69,15890
3410,87,3,75,15891
3210,87,1,76,15892
3030,87,1,77,15893
3210,87,0,78,15894
3220,87,1,79,15895
3000,87,1,80,15896
3210,87,2,81,15897
3410,87,3,82,15898
3800,87,0,83,15899
3410,87,4,84,15900
3410,87,4,85,15901
3220,87,1,86,15902
3400,87,2,87,15903
3410,87,1,88,15904
3220,87,0,89,15905
3210,87,1,90,15906
3000,87,0,91,15907
3400,87,3,92,15908
3410,87,1,93,15909
3800,87,0,94,15910
3410,87,1,95,15911
3430,87,0,96,15912
3400,87,3,97,15913
3030,87,0,98,15914
3000,87,0,99,15915
3420,87,0,100,15916
3210,87,0,101,15917
3410,87,1,102,15918
3000,87,0,103,15919
3810,87,0,104,15920
3200,87,0,105,15921
3220,87,0,106,15922
3810,87,1,107,15923
3810,87,0,108,15924
3410,87,0,109,15925
3410,87,0,115,15926
3810,87,0,116,15927
3000,87,0,117,15928
3430,87,0,118,15929
3220,87,1,119,15930
3430,87,0,120,15931
3000,87,0,121,15932
3800,87,1,122,15933
3420,87,0,123,15934
3400,87,3,124,15935
3400,87,0,125,15936
3400,87,1,126,15937
3420,87,0,127,15938
3200,87,1,128,15939
3410,87,3,129,15940
3030,87,0,130,15941
3210,87,0,131,15942
3430,87,0,132,15943
3210,87,2,133,15944
3410,87,2,134,15945
3030,87,1,135,15946
3220,87,0,136,15947
3800,87,0,137,15948
3400,87,3,138,15949
3210,87,1,139,15950
3210,87,1,140,15951
3220,87,0,141,15952
3210,87,1,142,15953
3420,87,0,143,15954
3800,87,0,144,15955
3810,87,0,145,15956
3410,87,2,146,15957
3000,87,0,147,15958
3800,87,1,148,15959
3400,87,3,149,15960
3400,87,1,155,15961
3210,87,2,156,15962
3220,87,0,157,15963
3810,87,1,158,15964
3210,87,2,159,15965
3200,87,0,160,15966
3810,87,1,161,15967
3210,87,2,162,15968
3420,87,0,163,15969
3430,87,0,164,15970
3400,87,1,165,15971
3400,87,0,166,15972
3410,87,0,167,15973
3800,87,0,168,15974
3030,87,0,169,15975
3210,87,0,170,15976
3410,87,4,171,15977
3210,87,0,172,15978
3410,87,1,173,15979
3210,87,2,174,15980
3220,87,1,175,15981
3000,87,1,176,15982
3400,87,1,177,15983
3400,87,1,178,15984
3410,87,2,179,15985
3410,87,0,180,15986
3200,87,1,181,15987
3030,87,0,182,15988
3420,87,0,183,15989
3210,87,1,184,15990
3210,87,1,185,15991
3420,87,0,186,15992
3000,87,1,187,15993
3210,87,1,188,15994
3000,87,0,189,15995
3810,87,1,195,15996
3800,87,1,196,15997
3420,87,0,197,15998
3000,87,1,198,15999
3410,87,4,199,16000
3810,87,1,200,16001
3410,87,4,201,16002
3410,87,1,202,16003
3210,87,2,203,16004
3200,87,0,204,16005
3000,87,0,205,16006
3400,87,3,206,16007
3200,87,0,207,16008
3810,87,0,208,16009
3000,87,1,209,16010
3030,87,1,210,16011
3800,87,1,211,16012
3210,87,0,212,16013
3800,87,1,213,16014
3000,87,0,214,16015
3430,87,0,215,16016
3810,87,1,216,16017
3420,87,0,217,16018
3210,87,1,218,16019
3030,87,1,219,16020
3430,87,0,220,16021
3000,87,1,221,16022
3000,87,0,222,16023
3200,87,1,223,16024
3400,87,3,224,16025
3810,87,1,225,16026
3800,87,1,226,16027
3000,87,1,227,16028
3220,87,1,228,16029
3210,87,0,229,16030
3200,87,0,235,16031
3000,87,1,236,16032
3410,87,4,237,16033
3200,87,1,238,16034
3000,87,1,239,16035
3800,87,0,240,16036
3410,87,2,241,16037
3400,87,3,242,16038
3410,87,1,243,16039
3810,87,1,244,16040
3400,87,3,245,16041
3000,87,1,246,16042
3200,87,1,247,16043
3430,87,0,248,16044
3200,87,0,249,16045
3800,87,0,250,16046
3810,87,1,251,16047
3810,87,1,252,16048
3420,87,0,253,16049
3810,87,1,254,16050
3410,87,4,255,16051
3810,87,0,256,16052
3210,87,1,257,16053
3400,87,2,258,16054
2080,87,0,259,16055
3210,87,2,260,16056
3410,87,3,261,16057
3800,87,1,262,16058
3220,87,1,263,16059
3410,87,4,264,16060
3030,87,0,265,16061
3210,87,2,266,16062
3210,87,0,267,16063
3420,87,0,268,16064
3400,87,3,269,16065
3810,87,0,275,16066
3800,87,1,276,16067
3030,87,1,277,16068
3000,87,0,278,16069
3410,87,4,279,16070
3030,87,1,280,16071
3000,87,1,281,16072
3400,87,3,282,16073
3000,87,0,283,16074
3210,87,0,284,16075
3200,87,1,285,16076
3410,87,3,286,16077
3220,87,0,287,16078
3220,87,0,288,16079
3400,87,1,289,16080
3410,87,3,290,16081
3800,87,0,291,16082
3220,87,0,292,16083
3410,87,1,293,16084
3430,87,0,294,16085
3400,87,2,295,16086
3410,87,2,296,16087
3410,87,0,297,16088
3410,87,1,298,16089
3220,87,0,299,16090
3220,87,1,300,16091
3800,87,1,301,16092
3210,87,1,302,16093
3210,87,0,303,16094
3000,87,0,304,16095
3400,87,1,305,16096
3400,87,2,306,16097
3000,87,1,307,16098
3410,87,1,308,16099
3410,87,1,309,16100
3220,87,1,315,16101
3420,87,0,316,16102
3410,87,0,317,16103
3410,87,3,318,16104
3220,87,0,319,16105
5003,87,0,1000,16106
5010,87,0,1001,16107
3430,87,0,1002,16108
5001,87,1,1003,16109
5010,87,4,1004,16110
5011,87,2,1010,16111
3410,87,3,1011,16112
5011,87,2,1012,16113
5000,87,1,1013,16114
5010,87,0,1014,16115
5005,87,0,1020,16116
5011,87,6,1021,16117
5011,87,2,1022,16118
5010,87,3,1023,16119
3200,87,0,1024,16120
3210,87,1,1030,16121
3400,87,2,1031,16122
5011,87,3,1032,16123
3410,87,1,1033,16124
5000,87,1,1034,16125
3200,87,0,1040,16126
3810,87,0,1041,16127
3810,87,0,1042,16128
5005,87,0,1043,16129
5011,87,3,1044,16130
5010,87,4,1050,16131
5003,87,0,1051,16132
5004,87,0,1052,16133
3200,87,0,1053,16134
5010,87,3,1054,16135
5000,87,1,1060,16136
5004,87,0,1061,16137
3400,87,2,1062,16138
5010,87,4,1063,16139
3200,87,1,1064,16140
3410,87,4,1070,16141
5010,87,0,1071,16142
3220,87,1,1072,16143
5004,87,0,1073,16144
3410,87,0,1074,16145
3030,87,0,1080,16146
5011,87,4,1081,16147
5010,87,3,1082,16148
5001,87,1,1083,16149
3210,87,2,1084,16150
5011,87,3,1085,16151
5004,87,0,1086,16152
3220,87,1,1087,16153
3410,87,4,1088,16154
5004,87,0,1089,16155
5000,87,1,1090,16156
3000,87,0,1091,16157
5010,87,3,1092,16158
5005,87,0,1093,16159
3810,87,0,1094,16160
5003,87,0,1095,16161
3810,87,1,1096,16162
5003,87,0,1097,16163
3410,87,2,1098,16164
5006,87,0,1099,16165
3030,87,1,1100,16166
5001,87,1,1101,16167
5005,87,0,1102,16168
5005,87,0,1103,16169
3000,87,1,1104,16170
5003,87,0,1105,16171
2080,87,0,1106,16172
3400,87,1,1107,16173
3220,87,0,1108,16174
2080,87,0,1109,16175
5000,87,1,1135,16176
3800,87,1,1136,16177
5001,87,1,1137,16178
5011,87,2,1138,16179
5011,87,4,1139,16180
3210,87,1,1140,16181
5001,87,1,1141,16182
3200,87,1,1142,16183
3400,87,0,1143,16184
3400,87,3,1144,16185
3400,87,3,1145,16186
5000,87,1,1146,16187
3400,87,3,1147,16188
3210,87,2,1148,16189
3800,87,0,1149,16190
3200,87,0,1150,16191
3210,87,0,1151,16192
5006,87,0,1152,16193
5011,87,6,1153,16194
5002,87,0,1154,16195
5001,87,1,1155,16196
5001,87,1,1156,16197
5010,87,2,1157,16198
5010,87,2,1158,16199
5011,87,4,1159,16200
3000,87,1,1160,16201
3400,87,0,1161,16202
3200,87,1,1162,16203
5010,87,0,1163,16204
3220,87,1,1164,16205
5011,87,3,1165,16206
5003,87,0,1166,16207
5001,87,1,1167,16208
3430,87,0,1168,16209
3810,87,0,1169,16210
5010,87,0,1195,16211
5004,87,0,1196,16212
5010,87,2,1197,16213
5004,87,0,1198,16214
3810,87,0,1199,16215
3410,88,3,0,16216
3030,88,1,1,16217
3030,88,1,2,16218
3410,88,1,3,16219
3200,88,0,4,16220
3200,88,0,5,16221
3030,88,1,6,16222
3400,88,3,7,16223
3420,88,0,8,16224
3410,88,3,9,16225
3200,88,0,10,16226
3420,88,0,11,16227
3210,88,1,12,16228
3220,88,0,13,16229
3220,88,0,14,16230
3030,88,0,15,16231
3030,88,1,16,16232
3410,88,4,17,16233
3810,88,1,18,16234
3430,88,0,19,16235
3430,88,0,20,16236
3400,88,0,21,16237
3210,88,0,22,16238
3400,88,0,23,16239
3210,88,1,24,16240
3210,88,1,25,16241
3000,88,1,26,16242
3200,88,0,27,16243
3410,88,1,28,16244
3200,88,0,29,16245
3030,88,1,35,16246
3200,88,1,36,16247
3410,88,1,37,16248
3000,88,0,38,16249
3810,88,1,39,16250
3030,88,1,40,16251
3220,88,0,41,16252
3410,88,1,42,16253
3220,88,1,43,16254
3410,88,3,44,16255
3800,88,0,45,16256
3200,88,0,46,16257
3410,88,2,47,16258
3220,88,1,48,16259
3220,88,0,49,16260
3210,88,1,50,16261
3400,88,2,51,16262
3410,88,4,52,16263
3210,88,1,53,16264
3410,88,4,54,16265
2120,88,0,55,16266
3200,88,0,56,16267
3410,88,1,57,16268
3030,88,1,58,16269
3410,88,2,59,16270
3220,88,1,60,16271
3030,88,1,61,16272
3030,88,1,62,16273
3210,88,2,63,16274
3800,88,1,64,16275
3030,88,0,65,16276
3410,88,0,66,16277
3210,88,2,67,16278
3000,88,0,68,16279
3210,88,0,69,16280
3800,88,0,75,16281
3000,88,0,76,16282
3210,88,0,77,16283
3220,88,1,78,16284
3210,88,1,79,16285
3200,88,0,80,16286
3210,88,0,81,16287
3410,88,1,82,16288
3210,88,0,83,16289
3800,88,0,84,16290
3000,88,0,85,16291
3400,88,2,86,16292
3810,88,1,87,16293
3210,88,2,88,16294
3000,88,1,89,16295
3810,88,1,90,16296
3810,88,0,91,16297
3410,88,2,92,16298
3810,88,0,93,16299
3030,88,0,94,16300
3210,88,1,95,16301
3430,88,0,96,16302
3030,88,0,97,16303
3220,88,0,98,16304
3000,88,0,99,16305
3800,88,0,100,16306
3430,88,0,101,16307
3410,88,1,102,16308
3800,88,1,103,16309
3220,88,0,104,16310
3400,88,1,105,16311
3210,88,0,106,16312
3420,88,0,107,16313
3400,88,2,108,16314
3410,88,0,109,16315
3000,88,0,115,16316
3410,88,4,116,16317
3200,88,1,117,16318
3000,88,0,118,16319
3030,88,1,119,16320
3200,88,1,120,16321
3200,88,1,121,16322
3800,88,1,122,16323
3210,88,1,123,16324
3800,88,0,124,16325
3800,88,0,125,16326
3000,88,1,126,16327
3410,88,2,127,16328
3810,88,1,128,16329
3030,88,0,129,16330
3220,88,1,130,16331
3800,88,1,131,16332
3810,88,1,132,16333
3420,88,0,133,16334
3810,88,0,134,16335
3200,88,0,135,16336
3410,88,1,136,16337
3800,88,0,137,16338
3400,88,3,138,16339
3400,88,3,139,16340
3210,88,1,140,16341
3220,88,0,141,16342
3410,88,0,142,16343
3410,88,2,143,16344
3220,88,1,144,16345
3810,88,0,145,16346
3430,88,0,146,16347
3410,88,0,147,16348
3200,88,0,148,16349
3810,88,1,149,16350
3400,88,3,155,16351
3810,88,1,156,16352
3400,88,2,157,16353
3410,88,3,158,16354
3410,88,2,159,16355
3030,88,1,160,16356
3210,88,0,161,16357
3400,88,1,162,16358
3030,88,1,163,16359
3410,88,1,164,16360
3000,88,0,165,16361
3400,88,0,166,16362
3210,88,0,167,16363
3210,88,1,168,16364
3030,88,0,169,16365
3200,88,1,170,16366
3000,88,0,171,16367
3810,88,1,172,16368
3210,88,1,173,16369
2120,88,0,174,16370
3810,88,0,175,16371
3410,88,4,176,16372
3420,88,0,177,16373
3400,88,1,178,16374
3220,88,1,179,16375
3800,88,0,180,16376
3210,88,1,181,16377
3800,88,1,182,16378
3800,88,0,183,16379
3400,88,0,184,16380
3000,88,0,185,16381
3410,88,3,186,16382
3200,88,1,187,16383
3030,88,1,188,16384
3410,88,4,189,16385
3800,88,0,195,16386
3000,88,1,196,16387
3030,88,0,197,16388
3210,88,0,198,16389
3810,88,1,199,16390
3220,88,0,200,16391
3810,88,1,201,16392
3810,88,0,202,16393
3030,88,0,203,16394
3210,88,0,204,16395
3400,88,3,205,16396
3200,88,0,206,16397
3800,88,0,207,16398
3220,88,0,208,16399
3400,88,2,209,16400
3030,88,1,210,16401
3200,88,0,211,16402
3420,88,0,212,16403
3210,88,0,213,16404
3200,88,1,214,16405
3410,88,1,215,16406
3200,88,0,216,16407
3000,88,1,217,16408
3220,88,0,218,16409
3410,88,0,219,16410
3430,88,0,220,16411
3400,88,0,221,16412
3810,88,1,222,16413
3800,88,0,223,16414
3210,88,0,224,16415
3000,88,1,225,16416
3800,88,1,226,16417
3220,88,0,227,16418
3000,88,0,228,16419
3410,88,0,229,16420
3810,88,1,235,16421
3210,88,1,236,16422
3030,88,0,237,16423
3000,88,0,238,16424
3420,88,0,239,16425
3210,88,1,240,16426
3030,88,1,241,16427
3810,88,0,242,16428
3410,88,3,243,16429
3030,88,1,244,16430
3410,88,1,245,16431
3400,88,2,246,16432
3410,88,3,247,16433
3200,88,0,248,16434
3210,88,1,249,16435
3220,88,1,250,16436
3800,88,1,251,16437
3410,88,3,252,16438
3810,88,1,253,16439
3410,88,0,254,16440
3810,88,1,255,16441
3220,88,0,256,16442
3030,88,1,257,16443
3220,88,1,258,16444
3800,88,1,259,16445
3220,88,0,260,16446
3200,88,0,261,16447
3400,88,0,262,16448
3000,88,0,263,16449
3410,88,4,264,16450
3410,88,4,265,16451
3800,88,1,266,16452
3410,88,2,267,16453
3400,88,0,268,16454
3200,88,1,269,16455
3210,88,0,275,16456
3030,88,1,276,16457
3220,88,1,277,16458
3810,88,1,278,16459
3810,88,1,279,16460
3030,88,1,280,16461
3410,88,4,281,16462
3410,88,0,282,16463
3210,88,2,283,16464
3000,88,0,284,16465
3000,88,1,285,16466
3030,88,0,286,16467
3800,88,0,287,16468
3400,88,2,288,16469
3400,88,0,289,16470
3420,88,0,290,16471
3210,88,0,291,16472
3410,88,0,292,16473
3410,88,2,293,16474
3200,88,0,294,16475
3430,88,0,295,16476
3220,88,0,296,16477
3400,88,3,297,16478
3410,88,3,298,16479
3210,88,0,299,16480
3210,88,1,300,16481
3410,88,1,301,16482
3430,88,0,302,16483
3030,88,0,303,16484
3000,88,0,304,16485
3220,88,0,305,16486
3810,88,1,306,16487
3800,88,0,307,16488
3410,88,3,308,16489
3200,88,1,309,16490
3410,88,0,315,16491
3220,88,1,316,16492
3000,88,1,317,16493
3200,88,0,318,16494
3210,88,2,319,16495
5010,88,0,1000,16496
5011,88,4,1001,16497
3810,88,1,1002,16498
5001,88,1,1003,16499
3800,88,0,1004,16500
5011,88,3,1010,16501
5002,88,0,1011,16502
3030,88,1,1012,16503
5005,88,0,1013,16504
5002,88,0,1014,16505
3410,88,4,1020,16506
3200,88,1,1021,16507
3210,88,2,1022,16508
5011,88,3,1023,16509
3030,88,1,1024,16510
3200,88,1,1030,16511
3410,88,4,1031,16512
3800,88,1,1032,16513
5011,88,2,1033,16514
5010,88,2,1034,16515
5011,88,6,1040,16516
5011,88,3,1041,16517
5003,88,0,1042,16518
3200,88,0,1043,16519
3210,88,1,1044,16520
5003,88,0,1050,16521
3000,88,0,1051,16522
5005,88,0,1052,16523
5002,88,0,1053,16524
5011,88,3,1054,16525
3800,88,1,1060,16526
5002,88,0,1061,16527
3410,88,3,1062,16528
5000,88,1,1063,16529
3210,88,2,1064,16530
5004,88,0,1070,16531
3210,88,2,1071,16532
5010,88,4,1072,16533
3200,88,1,1073,16534
5010,88,3,1074,16535
3220,88,1,1080,16536
5006,88,0,1081,16537
5010,88,3,1082,16538
5001,88,1,1083,16539
5011,88,3,1084,16540
3400,88,3,1085,16541
5004,88,0,1086,16542
3220,88,1,1087,16543
5010,88,4,1088,16544
5011,88,3,1089,16545
3400,88,3,1090,16546
5006,88,0,1091,16547
5001,88,1,1092,16548
3400,88,1,1093,16549
3400,88,2,1094,16550
5000,88,1,1095,16551
3210,88,1,1096,16552
3210,88,1,1097,16553
3810,88,0,1098,16554
5006,88,0,1099,16555
3400,88,1,1100,16556
3200,88,0,1101,16557
5010,88,3,1102,16558
3800,88,1,1103,16559
5003,88,0,1104,16560
3430,88,0,1105,16561
3210,88,0,1106,16562
3410,88,1,1107,16563
5011,88,6,1108,16564
5011,88,6,1109,16565
5011,88,2,1135,16566
5002,88,0,1136,16567
5011,88,3,1137,16568
5010,88,3,1138,16569
5001,88,1,1139,16570
5010,88,3,1140,16571
5000,88,1,1141,16572
3200,88,1,1142,16573
3410,88,3,1143,16574
3410,88,2,1144,16575
5006,88,0,1145,16576
3200,88,1,1146,16577
5000,88,1,1147,16578
5010,88,4,1148,16579
5011,88,3,1149,16580
5010,88,4,1150,16581
5002,88,0,1151,16582
5003,88,0,1152,16583
3410,88,1,1153,16584
3220,88,1,1154,16585
3210,88,2,1155,16586
5011,88,4,1156,16587
3810,88,1,1157,16588
3200,88,1,1158,16589
3410,88,0,1159,16590
5010,88,4,1160,16591
5011,88,4,1161,16592
3030,88,1,1162,16593
3800,88,1,1163,16594
5011,88,4,1164,16595
5003,88,0,1165,16596
3430,88,0,1166,16597
3400,88,0,1167,16598
5010,88,3,1168,16599
5010,88,0,1169,16600
5011,88,2,1195,16601
5011,88,6,1196,16602
3410,88,1,1197,16603
5011,88,4,1198,16604
5010,88,2,1199,16605
3410,89,3,0,16606
3810,89,0,1,16607
3800,89,0,2,16608
3410,89,1,3,16609
3400,89,1,4,16610
3030,89,1,5,16611
3000,89,1,6,16612
3430,89,0,7,16613
3800,89,1,8,16614
3400,89,3,9,16615
3220,89,0,10,16616
3410,89,4,11,16617
3810,89,1,12,16618
3000,89,0,13,16619
3200,89,1,14,16620
3000,89,1,15,16621
3810,89,0,16,16622
3210,89,1,17,16623
3410,89,0,18,16624
3210,89,2,19,16625
3810,89,0,20,16626
3000,89,1,21,16627
3810,89,1,22,16628
3210,89,1,23,16629
3200,89,0,24,16630
3200,89,0,25,16631
3410,89,1,26,16632
3810,89,1,27,16633
3810,89,0,28,16634
2010,89,0,29,16635
3430,89,0,30,16636
3200,89,0,31,16637
3800,89,1,32,16638
3410,89,2,33,16639
3000,89,1,34,16640
3210,89,0,40,16641
3400,89,0,41,16642
3810,89,0,42,16643
3220,89,0,43,16644
3000,89,1,44,16645
3220,89,0,45,16646
3030,89,1,46,16647
3400,89,2,47,16648
3800,89,1,48,16649
3400,89,1,49,16650
3030,89,1,50,16651
3410,89,1,51,16652
3200,89,0,52,16653
3800,89,1,53,16654
3410,89,4,54,16655
3000,89,0,55,16656
3030,89,0,56,16657
3210,89,0,57,16658
3030,89,0,58,16659
3800,89,1,59,16660
3030,89,0,60,16661
3210,89,1,61,16662
3410,89,4,62,16663
3400,89,2,63,16664
3000,89,0,64,16665
3410,89,4,65,16666
3430,89,0,66,16667
3030,89,1,67,16668
3800,89,0,68,16669
3810,89,1,69,16670
3220,89,0,70,16671
3030,89,1,71,16672
3810,89,1,72,16673
3000,89,0,73,16674
3000,89,1,74,16675
3400,89,3,80,16676
3030,89,0,81,16677
3410,89,4,82,16678
3410,89,4,83,16679
3410,89,4,84,16680
3410,89,0,85,16681
3200,89,1,86,16682
3810,89,1,87,16683
3400,89,0,88,16684
3400,89,0,89,16685
3000,89,0,90,16686
3030,89,1,91,16687
3410,89,4,92,16688
3410,89,1,93,16689
3410,89,1,94,16690
3000,89,1,95,16691
3210,89,1,96,16692
3400,89,0,97,16693
3810,89,0,98,16694
3410,89,3,99,16695
3810,89,0,100,16696
3210,89,0,101,16697
3810,89,0,102,16698
3220,89,1,103,16699
3220,89,0,104,16700
3410,89,2,105,16701
3220,89,0,106,16702
3410,89,0,107,16703
3400,89,2,108,16704
3030,89,0,109,16705
3400,89,1,110,16706
3200,89,1,111,16707
3810,89,1,112,16708
3810,89,0,113,16709
3410,89,0,114,16710
3220,89,1,120,16711
3200,89,1,121,16712
3410,89,2,122,16713
3410,89,1,123,16714
3400,89,3,124,16715
3210,89,2,125,16716
3410,89,1,126,16717
3400,89,3,127,16718
3000,89,0,128,16719
3220,89,0,129,16720
3200,89,0,130,16721
3400,89,2,131,16722
3200,89,0,132,16723
3220,89,1,133,16724
3410,89,0,134,16725
3030,89,1,135,16726
3800,89,1,136,16727
3410,89,1,137,16728
3000,89,1,138,16729
3400,89,0,139,16730
3200,89,0,140,16731
3200,89,1,141,16732
3400,89,2,142,16733
3800,89,1,143,16734
3220,89,1,144,16735
3410,89,2,145,16736
3210,89,0,146,16737
3410,89,0,147,16738
3410,89,0,148,16739
3400,89,1,149,16740
3200,89,1,150,16741
3800,89,0,151,16742
3000,89,0,152,16743
3200,89,0,153,16744
3000,89,0,154,16745
3810,89,1,160,16746
3000,89,0,161,16747
3210,89,2,162,16748
3410,89,4,163,16749
3000,89,1,164,16750
3200,89,1,165,16751
3410,89,2,166,16752
3030,89,1,167,16753
3200,89,0,168,16754
3030,89,1,169,16755
3000,89,1,170,16756
3210,89,1,171,16757
3410,89,3,172,16758
3410,89,1,173,16759
3410,89,1,174,16760
3000,89,1,175,16761
3810,89,0,176,16762
3800,89,1,177,16763
3410,89,2,178,16764
3220,89,1,179,16765
3800,89,1,180,16766
3810,89,1,181,16767
3000,89,1,182,16768
3420,89,0,183,16769
3810,89,0,184,16770
3800,89,1,185,16771
3410,89,3,186,16772
3000,89,1,187,16773
3220,89,0,188,16774
3810,89,0,189,16775
3200,89,0,190,16776
3210,89,2,191,16777
3000,89,1,192,16778
3400,89,3,193,16779
3200,89,0,194,16780
3800,89,0,200,16781
3430,89,0,201,16782
3800,89,1,202,16783
3030,89,0,203,16784
3800,89,0,204,16785
3400,89,1,205,16786
3410,89,2,206,16787
3000,89,1,207,16788
3000,89,1,208,16789
3410,89,4,209,16790
3400,89,2,210,16791
3400,89,2,211,16792
3000,89,0,212,16793
3030,89,1,213,16794
3810,89,1,214,16795
3220,89,1,215,16796
3410,89,3,216,16797
3430,89,0,217,16798
3800,89,0,218,16799
3200,89,1,219,16800
3410,89,0,220,16801
3210,89,2,221,16802
3030,89,1,222,16803
3220,89,1,223,16804
3030,89,0,224,16805
3030,89,1,225,16806
3810,89,1,226,16807
3000,89,0,227,16808
3410,89,3,228,16809
3410,89,0,229,16810
3800,89,1,230,16811
3210,89,1,231,16812
3410,89,3,232,16813
3410,89,3,233,16814
3000,89,0,234,16815
3030,89,0,240,16816
3410,89,4,241,16817
3030,89,1,242,16818
3810,89,0,243,16819
3420,89,0,244,16820
3410,89,1,245,16821
3410,89,0,246,16822
3800,89,0,247,16823
3430,89,0,248,16824
3400,89,0,249,16825
3420,89,0,250,16826
3410,89,4,251,16827
3420,89,0,252,16828
3800,89,1,253,16829
3030,89,0,254,16830
3030,89,1,255,16831
3000,89,0,256,16832
3400,89,3,257,16833
3800,89,0,258,16834
3030,89,1,259,16835
3400,89,3,260,16836
3810,89,0,261,16837
3400,89,0,262,16838
3400,89,1,263,16839
3410,89,2,264,16840
3410,89,4,265,16841
3000,89,0,266,16842
3800,89,0,267,16843
3800,89,1,268,16844
3000,89,1,269,16845
3200,89,0,270,16846
3800,89,1,271,16847
3430,89,0,272,16848
3000,89,1,273,16849
3410,89,4,274,16850
3810,89,0,280,16851
3810,89,0,281,16852
3810,89,0,282,16853
3030,89,1,283,16854
3410,89,2,284,16855
3200,89,0,285,16856
3220,89,1,286,16857
3200,89,1,287,16858
3210,89,2,288,16859
3400,89,0,289,16860
3030,89,1,290,16861
3030,89,0,291,16862
3000,89,0,292,16863
3030,89,0,293,16864
3400,89,1,294,16865
3000,89,0,295,16866
3220,89,1,296,16867
3030,89,0,297,16868
3200,89,0,298,16869
3800,89,0,299,16870
3810,89,0,300,16871
3810,89,1,301,16872
3800,89,0,302,16873
3030,89,1,303,16874
3420,89,0,304,16875
3800,89,0,305,16876
3410,89,4,306,16877
3210,89,0,307,16878
3030,89,0,308,16879
3200,89,0,309,16880
3220,89,1,310,16881
3400,89,1,311,16882
3810,89,1,312,16883
3200,89,1,313,16884
3000,89,1,314,16885
3800,89,0,1000,16886
5010,89,2,1001,16887
3410,89,1,1002,16888
5010,89,3,1003,16889
3810,89,1,1004,16890
3200,89,1,1010,16891
5002,89,0,1011,16892
5010,89,0,1012,16893
5010,89,3,1013,16894
3000,89,0,1014,16895
3810,89,0,1020,16896
5005,89,0,1021,16897
5002,89,0,1022,16898
5010,89,4,1023,16899
5001,89,1,1024,16900
3200,89,0,1030,16901
5001,89,1,1031,16902
3210,89,1,1032,16903
3410,89,3,1033,16904
3030,89,0,1034,16905
3210,89,1,1040,16906
3210,89,0,1041,16907
3810,89,0,1042,16908
3800,89,0,1043,16909
3220,89,0,1044,16910
3000,89,0,1050,16911
3000,89,0,1051,16912
5010,89,4,1052,16913
3220,89,1,1053,16914
3410,89,1,1054,16915
3200,89,1,1060,16916
5011,89,2,1061,16917
3030,89,1,1062,16918
5000,89,1,1063,16919
5011,89,6,1064,16920
3400,89,0,1070,16921
5010,89,4,1071,16922
5001,89,1,1072,16923
5006,89,0,1073,16924
3800,89,0,1074,16925
5004,89,0,1080,16926
3410,89,3,1081,16927
3200,89,0,1082,16928
5001,89,1,1083,16929
5011,89,4,1084,16930
5010,89,3,1085,16931
3210,89,1,1086,16932
5002,89,0,1087,16933
5010,89,4,1088,16934
5010,89,4,1089,16935
3810,89,1,1090,16936
5010,89,2,1091,16937
5010,89,0,1092,16938
5005,89,0,1093,16939
5002,89,0,1094,16940
3220,89,1,1095,16941
5005,89,0,1096,16942
5010,89,3,1097,16943
3800,89,0,1098,16944
3800,89,0,1099,16945
3400,89,0,1100,16946
5011,89,2,1101,16947
3800,89,0,1102,16948
5003,89,0,1103,16949
5010,89,2,1104,16950
5004,89,0,1105,16951
3800,89,1,1106,16952
5005,89,0,1107,16953
3000,89,0,1108,16954
5010,89,0,1109,16955
3220,89,0,1110,16956
3220,89,0,1111,16957
3800,89,0,1112,16958
5011,89,4,1113,16959
3410,89,3,1114,16960
3210,89,1,1140,16961
5001,89,1,1141,16962
3030,89,1,1142,16963
3420,89,0,1143,16964
5010,89,0,1144,16965
5004,89,0,1145,16966
5000,89,1,1146,16967
5010,89,3,1147,16968
5010,89,4,1148,16969
5010,89,2,1149,16970
3220,89,0,1150,16971
5003,89,0,1151,16972
3810,89,0,1152,16973
5010,89,2,1153,16974
3030,89,1,1154,16975
5001,89,1,1155,16976
3810,89,1,1156,16977
3410,89,0,1157,16978
3210,89,2,1158,16979
3410,89,0,1159,16980
3000,89,0,1160,16981
3810,89,1,1161,16982
3000,89,1,1162,16983
3420,89,0,1163,16984
3800,89,0,1164,16985
5011,89,3,1165,16986
3420,89,0,1166,16987
5010,89,2,1167,16988
3000,89,1,1168,16989
3410,89,4,1169,16990
3200,89,0,1170,16991
5004,89,0,1171,16992
3220,89,0,1172,16993
5002,89,0,1173,16994
3200,89,1,1174,16995
3410,90,1,0,16996
3200,90,0,1,16997
3410,90,2,2,16998
3800,90,0,3,16999
3420,90,0,4,17000
3420,90,0,5,17001
3810,90,0,6,17002
3800,90,1,7,17003
3400,90,1,8,17004
3410,90,1,9,17005
3000,90,1,10,17006
3800,90,1,11,17007
3400,90,2,12,17008
3400,90,0,13,17009
3400,90,3,14,17010
3420,90,0,15,17011
3030,90,1,16,17012
3200,90,1,17,17013
3030,90,0,18,17014
3430,90,0,19,17015
3200,90,0,20,17016
3200,90,0,21,17017
3030,90,0,22,17018
3210,90,1,23,17019
3410,90,0,24,17020
3410,90,0,25,17021
3210,90,1,26,17022
3400,90,0,27,17023
3200,90,1,28,17024
3210,90,0,29,17025
3200,90,0,35,17026
3810,90,1,36,17027
2130,90,0,37,17028
3800,90,0,38,17029
3410,90,0,39,17030
3800,90,1,40,17031
3400,90,3,41,17032
3030,90,0,42,17033
3810,90,0,43,17034
3210,90,1,44,17035
3400,90,3,45,17036
3800,90,1,46,17037
3000,90,1,47,17038
3410,90,0,48,17039
3400,90,1,49,17040
3000,90,0,50,17041
3410,90,1,51,17042
3810,90,0,52,17043
3400,90,1,53,17044
3210,90,2,54,17045
2130,90,0,55,17046
3810,90,0,56,17047
3410,90,0,57,17048
3800,90,1,58,17049
3220,90,0,59,17050
3410,90,2,60,17051
3400,90,3,61,17052
3400,90,3,62,17053
3400,90,2,63,17054
3030,90,1,64,17055
3210,90,1,65,17056
3200,90,0,66,17057
3400,90,0,67,17058
3030,90,1,68,17059
3000,90,1,69,17060
3410,90,1,75,17061
3800,90,0,76,17062
3210,90,2,77,17063
3800,90,0,78,17064
3400,90,3,79,17065
3400,90,3,80,17066
3410,90,4,81,17067
3000,90,0,82,17068
3410,90,4,83,17069
3000,90,1,84,17070
3800,90,1,85,17071
3220,90,1,86,17072
3400,90,2,87,17073
3800,90,0,88,17074
3810,90,1,89,17075
3400,90,0,90,17076
3200,90,1,91,17077
3410,90,2,92,17078
3030,90,0,93,17079
3810,90,0,94,17080
3200,90,1,95,17081
3400,90,0,96,17082
3220,90,0,97,17083
3410,90,0,98,17084
3410,90,0,99,17085
3030,90,0,100,17086
3800,90,0,101,17087
3400,90,2,102,17088
3000,90,0,103,17089
3030,90,0,104,17090
3400,90,1,105,17091
3030,90,1,106,17092
3420,90,0,107,17093
3030,90,1,108,17094
3810,90,0,109,17095
3800,90,1,115,17096
3210,90,1,116,17097
3400,90,3,117,17098
3410,90,2,118,17099
3400,90,3,119,17100
3430,90,0,120,17101
3800,90,0,121,17102
3410,90,2,122,17103
3200,90,0,123,17104
3000,90,0,124,17105
3400,90,0,125,17106
3220,90,1,126,17107
3220,90,1,127,17108
3000,90,0,128,17109
3430,90,0,129,17110
3420,90,0,130,17111
3410,90,0,131,17112
3430,90,0,132,17113
3420,90,0,133,17114
3220,90,0,134,17115
3400,90,3,135,17116
3000,90,0,136,17117
3400,90,3,137,17118
3810,90,0,138,17119
3030,90,0,139,17120
3810,90,0,140,17121
3410,90,3,141,17122
3400,90,2,142,17123
3810,90,0,143,17124
3800,90,0,144,17125
3220,90,0,145,17126
3210,90,2,146,17127
3030,90,1,147,17128
3420,90,0,148,17129
3000,90,0,149,17130
3210,90,2,155,17131
3000,90,1,156,17132
3800,90,1,157,17133
3210,90,2,158,17134
3800,90,0,159,17135
3030,90,1,160,17136
3400,90,2,161,17137
3800,90,1,162,17138
3200,90,1,163,17139
3430,90,0,164,17140
3400,90,1,165,17141
3800,90,1,166,17142
3800,90,0,167,17143
3210,90,1,168,17144
3800,90,1,169,17145
3810,90,0,170,17146
3410,90,2,171,17147
3810,90,0,172,17148
3210,90,2,173,17149
3030,90,0,174,17150
3410,90,4,175,17151
3800,90,0,176,17152
3810,90,0,177,17153
3000,90,0,178,17154
3400,90,3,179,17155
3410,90,0,180,17156
3000,90,1,181,17157
3810,90,0,182,17158
3000,90,0,183,17159
3030,90,0,184,17160
3030,90,0,185,17161
3030,90,0,186,17162
3410,90,3,187,17163
3410,90,1,188,17164
3400,90,2,189,17165
3410,90,2,195,17166
3220,90,0,196,17167
3220,90,1,197,17168
3420,90,0,198,17169
3220,90,1,199,17170
3210,90,1,200,17171
3000,90,0,201,17172
3400,90,3,202,17173
3030,90,0,203,17174
3210,90,1,204,17175
3220,90,0,205,17176
3400,90,1,206,17177
3210,90,1,207,17178
3220,90,0,208,17179
3410,90,2,209,17180
3200,90,1,210,17181
3220,90,0,211,17182
3200,90,0,212,17183
3030,90,0,213,17184
3410,90,0,214,17185
3000,90,0,215,17186
3410,90,2,216,17187
3800,90,1,217,17188
3410,90,3,218,17189
3810,90,1,219,17190
3800,90,0,220,17191
3810,90,1,221,17192
3800,90,0,222,17193
3810,90,1,223,17194
3810,90,0,224,17195
3220,90,1,225,17196
3210,90,0,226,17197
3810,90,0,227,17198
3400,90,0,228,17199
3800,90,0,229,17200
3800,90,1,235,17201
3400,90,0,236,17202
3800,90,0,237,17203
3200,90,1,238,17204
3810,90,0,239,17205
3000,90,0,240,17206
3400,90,1,241,17207
3410,90,2,242,17208
3200,90,1,243,17209
3410,90,4,244,17210
3220,90,1,245,17211
3400,90,0,246,17212
3410,90,3,247,17213
3400,90,0,248,17214
3210,90,0,249,17215
3030,90,0,250,17216
3000,90,1,251,17217
3000,90,1,252,17218
3000,90,1,253,17219
3810,90,0,254,17220
3220,90,1,255,17221
3220,90,0,256,17222
3030,90,0,257,17223
3030,90,1,258,17224
3030,90,1,259,17225
3030,90,1,260,17226
3410,90,3,261,17227
3030,90,0,262,17228
3810,90,0,263,17229
3210,90,2,264,17230
3410,90,1,265,17231
3800,90,1,266,17232
3800,90,1,267,17233
3800,90,1,268,17234
3800,90,1,269,17235
3000,90,0,275,17236
3400,90,1,276,17237
3410,90,2,277,17238
3030,90,1,278,17239
3030,90,1,279,17240
3410,90,3,280,17241
3410,90,0,281,17242
3800,90,0,282,17243
3800,90,1,283,17244
3030,90,0,284,17245
3400,90,1,285,17246
3800,90,1,286,17247
3410,90,2,287,17248
3800,90,1,288,17249
3400,90,3,289,17250
3200,90,1,290,17251
3400,90,3,291,17252
3000,90,0,292,17253
3210,90,0,293,17254
3200,90,0,294,17255
3800,90,0,295,17256
3220,90,0,296,17257
3200,90,1,297,17258
3000,90,0,298,17259
3000,90,0,299,17260
3400,90,2,300,17261
3410,90,1,301,17262
3030,90,0,302,17263
3430,90,0,303,17264
3800,90,1,304,17265
3030,90,1,305,17266
3200,90,0,306,17267
3810,90,1,307,17268
3810,90,1,308,17269
3810,90,0,309,17270
3030,90,1,315,17271
3000,90,0,316,17272
3210,90,0,317,17273
3030,90,0,318,17274
3410,90,2,319,17275
3800,90,0,1000,17276
3800,90,1,1001,17277
3400,90,0,1002,17278
5011,90,6,1003,17279
5002,90,0,1004,17280
3200,90,1,1010,17281
3800,90,1,1011,17282
5011,90,2,1012,17283
5010,90,0,1013,17284
3210,90,1,1014,17285
3400,90,2,1020,17286
5006,90,0,1021,17287
5006,90,0,1022,17288
3400,90,1,1023,17289
5001,90,1,1024,17290
5011,90,2,1030,17291
5010,90,0,1031,17292
5004,90,0,1032,17293
5010,90,4,1033,17294
3400,90,2,1034,17295
5011,90,2,1040,17296
5005,90,0,1041,17297
3420,90,0,1042,17298
3800,90,0,1043,17299
3210,90,2,1044,17300
3030,90,0,1050,17301
5010,90,3,1051,17302
3000,90,1,1052,17303
3800,90,0,1053,17304
5006,90,0,1054,17305
5011,90,2,1060,17306
3800,90,1,1061,17307
5011,90,3,1062,17308
3810,90,0,1063,17309
5011,90,3,1064,17310
5010,90,0,1070,17311
5000,90,1,1071,17312
3220,90,1,1072,17313
5011,90,6,1073,17314
5006,90,0,1074,17315
3030,90,1,1080,17316
5010,90,4,1081,17317
3000,90,1,1082,17318
3800,90,0,1083,17319
3810,90,0,1084,17320
3800,90,1,1085,17321
5011,90,4,1086,17322
5010,90,2,1087,17323
5006,90,0,1088,17324
3410,90,2,1089,17325
3420,90,0,1090,17326
3410,90,3,1091,17327
3800,90,1,1092,17328
5010,90,2,1093,17329
3400,90,3,1094,17330
5010,90,0,1095,17331
5005,90,0,1096,17332
3210,90,2,1097,17333
5000,90,1,1098,17334
5010,90,0,1099,17335
3400,90,1,1100,17336
3200,90,0,1101,17337
3430,90,0,1102,17338
5010,90,3,1103,17339
5010,90,2,1104,17340
5011,90,4,1105,17341
5010,90,3,1106,17342
3800,90,1,1107,17343
5005,90,0,1108,17344
3810,90,1,1109,17345
5011,90,2,1135,17346
3800,90,1,1136,17347
3810,90,1,1137,17348
3410,90,0,1138,17349
3400,90,2,1139,17350
3810,90,0,1140,17351
5010,90,4,1141,17352
5010,90,4,1142,17353
5006,90,0,1143,17354
5011,90,2,1144,17355
5006,90,0,1145,17356
3800,90,1,1146,17357
5010,90,2,1147,17358
5011,90,2,1148,17359
5000,90,1,1149,17360
5005,90,0,1150,17361
5010,90,3,1151,17362
3410,90,1,1152,17363
3400,90,1,1153,17364
3000,90,1,1154,17365
3000,90,0,1155,17366
3220,90,0,1156,17367
3800,90,0,1157,17368
5010,90,2,1158,17369
3410,90,4,1159,17370
3420,90,0,1160,17371
5002,90,0,1161,17372
5003,90,0,1162,17373
3410,90,0,1163,17374
5010,90,3,1164,17375
3800,90,1,1165,17376
3000,90,1,1166,17377
5010,90,2,1167,17378
5006,90,0,1168,17379
3400,90,3,1169,17380
3210,90,2,1195,17381
3000,90,0,1196,17382
3810,90,1,1197,17383
5011,90,3,1198,17384
3410,90,1,1199,17385
4500,91,0,0,17386
4501,91,0,1,17387
4500,91,0,2,17388
4100,91,0,3,17389
4100,91,0,4,17390
4500,91,0,5,17391
4501,91,0,6,17392
4500,91,0,7,17393
3790,91,0,8,17394
4100,91,0,9,17395
4300,91,0,10,17396
4000,91,9,11,17397
4100,91,0,12,17398
4100,91,0,13,17399
4300,91,1,14,17400
4500,91,0,15,17401
4100,91,0,16,17402
4350,91,1,17,17403
4302,91,0,18,17404
4100,91,0,19,17405
4100,91,0,30,17406
4100,91,0,31,17407
4100,91,0,32,17408
4300,91,1,33,17409
4000,91,8,34,17410
4341,91,0,35,17411
4000,91,7,36,17412
4340,91,1,37,17413
4000,91,9,38,17414
4100,91,0,39,17415
4500,91,0,40,17416
4100,91,0,41,17417
4500,91,0,42,17418
4300,91,0,43,17419
4100,91,0,44,17420
4340,91,0,45,17421
4000,91,8,46,17422
4000,91,7,47,17423
4341,91,0,48,17424
4000,91,6,49,17425
4350,91,1,50,17426
4350,91,1,51,17427
4300,91,1,52,17428
4300,91,0,53,17429
4300,91,0,54,17430
4100,91,0,55,17431
4000,91,2,56,17432
4101,91,0,57,17433
4100,91,0,58,17434
4100,91,0,59,17435
4341,91,1,70,17436
4100,91,0,71,17437
4100,91,0,72,17438
4100,91,0,73,17439
4100,91,0,74,17440
4100,91,0,75,17441
4500,91,0,76,17442
4100,91,0,77,17443
4340,91,0,78,17444
4300,91,1,79,17445
4000,91,2,80,17446
4100,91,0,81,17447
3790,91,0,82,17448
4301,91,1,83,17449
4100,91,0,84,17450
4100,91,0,85,17451
4100,91,0,86,17452
4000,91,5,87,17453
3790,91,0,88,17454
4100,91,0,89,17455
4300,91,1,90,17456
4100,91,0,91,17457
4300,91,0,92,17458
4000,91,5,93,17459
4340,91,1,94,17460
4100,91,0,95,17461
4100,91,0,96,17462
4100,91,0,97,17463
4500,91,0,98,17464
4501,91,0,99,17465
4000,91,1,110,17466
4000,91,5,111,17467
4000,91,8,112,17468
3790,91,0,113,17469
4100,91,0,114,17470
4300,91,1,115,17471
4100,91,0,116,17472
4100,91,0,117,17473
4000,91,2,118,17474
4500,91,0,119,17475
4500,91,0,120,17476
4300,91,0,121,17477
4340,91,0,122,17478
4500,91,0,123,17479
4100,91,0,124,17480
4000,91,1,125,17481
4500,91,0,126,17482
4341,91,1,127,17483
4000,91,3,128,17484
4350,91,1,129,17485
4340,91,0,130,17486
4000,91,6,131,17487
4000,91,3,132,17488
4000,91,1,133,17489
4100,91,0,134,17490
4350,91,1,135,17491
4340,91,0,136,17492
4350,91,1,137,17493
4500,91,0,138,17494
4100,91,0,139,17495
4350,91,1,150,17496
4300,91,1,151,17497
4100,91,0,152,17498
4300,91,0,153,17499
4350,91,1,154,17500
4100,91,0,155,17501
4401,91,0,156,17502
4100,91,0,157,17503
4100,91,0,158,17504
4100,91,0,159,17505
4340,91,0,160,17506
4340,91,1,161,17507
4500,91,0,162,17508
4100,91,0,163,17509
4100,91,0,164,17510
4500,91,0,165,17511
4100,91,0,166,17512
4100,91,0,167,17513
4500,91,0,168,17514
4301,91,0,169,17515
4100,91,0,170,17516
3790,91,0,171,17517
4100,91,0,172,17518
4350,91,1,173,17519
4100,91,0,174,17520
4100,91,0,175,17521
3790,91,0,176,17522
4341,91,1,177,17523
4341,91,0,178,17524
4301,91,0,179,17525
4000,91,2,190,17526
4100,91,0,191,17527
4300,91,1,192,17528
4000,91,4,193,17529
4000,91,6,194,17530
4340,91,1,195,17531
4500,91,0,196,17532
4100,91,0,197,17533
4000,91,0,198,17534
4101,91,0,199,17535
4500,91,0,200,17536
4401,91,0,201,17537
4401,91,0,202,17538
4100,91,0,203,17539
4100,91,0,204,17540
4100,91,0,205,17541
4100,91,0,206,17542
4100,91,0,207,17543
4500,91,0,208,17544
4340,91,1,209,17545
4350,91,1,210,17546
4000,91,2,211,17547
4100,91,0,212,17548
4000,91,3,213,17549
4000,91,1,214,17550
4100,91,0,215,17551
4500,91,0,216,17552
4300,91,0,217,17553
4100,91,0,218,17554
4340,91,1,219,17555
4100,91,0,230,17556
4301,91,0,231,17557
4100,91,0,232,17558
4100,91,0,233,17559
4100,91,0,234,17560
3790,91,0,235,17561
4340,91,1,236,17562
4300,91,0,237,17563
4100,91,0,238,17564
4300,91,1,239,17565
4300,91,0,240,17566
4340,91,1,241,17567
4300,91,1,242,17568
4100,91,0,243,17569
4100,91,0,244,17570
4000,91,6,245,17571
4000,91,0,246,17572
4000,91,7,247,17573
3790,91,0,248,17574
4000,91,0,249,17575
4000,91,9,250,17576
4350,91,1,251,17577
3790,91,0,252,17578
4340,91,1,253,17579
4340,91,0,254,17580
4100,91,0,255,17581
4500,91,0,256,17582
4340,91,0,257,17583
4302,91,0,258,17584
4302,91,0,259,17585
4302,91,0,270,17586
4000,91,4,271,17587
4100,91,0,272,17588
4301,91,1,273,17589
4100,91,0,274,17590
4100,91,0,275,17591
4100,91,0,276,17592
3790,91,0,277,17593
4500,91,0,278,17594
4100,91,0,279,17595
4000,91,2,280,17596
4341,91,1,281,17597
4000,91,4,282,17598
4500,91,0,283,17599
4500,91,0,284,17600
4000,91,1,285,17601
4350,91,1,286,17602
4300,91,1,287,17603
4340,91,1,288,17604
4100,91,0,289,17605
3790,91,0,290,17606
4500,91,0,291,17607
4100,91,0,292,17608
4300,91,1,293,17609
4000,91,0,294,17610
4340,91,0,295,17611
4100,91,0,296,17612
4340,91,0,297,17613
4302,91,0,298,17614
4340,91,0,299,17615
4000,91,5,310,17616
4100,91,0,311,17617
4300,91,0,312,17618
4100,91,0,313,17619
4100,91,0,314,17620
4300,91,1,315,17621
4500,91,0,316,17622
4500,91,0,317,17623
4100,91,0,318,17624
4100,91,0,319,17625
4301,91,1,1000,17626
4340,91,1,1001,17627
4500,91,0,1002,17628
4000,91,0,1003,17629
4301,91,1,1004,17630
4300,91,0,1010,17631
4500,91,0,1011,17632
4000,91,7,1012,17633
4301,91,1,1013,17634
4100,91,0,1014,17635
4100,91,0,1020,17636
4340,91,0,1021,17637
4101,91,0,1022,17638
4100,91,0,1023,17639
4100,91,0,1024,17640
4100,91,0,1030,17641
4401,91,0,1031,17642
4500,91,0,1032,17643
4350,91,1,1033,17644
4000,91,4,1034,17645
4000,91,7,1040,17646
4340,91,0,1041,17647
3790,91,0,1042,17648
4500,91,0,1043,17649
4340,91,0,1044,17650
4350,91,1,1050,17651
4500,91,0,1051,17652
3790,91,0,1052,17653
4500,91,0,1053,17654
4100,91,0,1054,17655
4300,91,0,1060,17656
4340,91,1,1061,17657
4101,91,0,1062,17658
4000,91,2,1063,17659
4100,91,0,1064,17660
4340,91,1,1070,17661
4341,91,1,1071,17662
4500,91,0,1072,17663
4500,91,0,1073,17664
4500,91,0,1074,17665
4100,91,0,1080,17666
4350,91,1,1081,17667
4350,91,1,1082,17668
4500,91,0,1083,17669
4500,91,0,1084,17670
4100,91,0,1085,17671
4340,91,0,1086,17672
4350,91,1,1087,17673
4100,91,0,1088,17674
4000,91,7,1089,17675
4350,91,1,1090,17676
4300,91,1,1091,17677
4100,91,0,1092,17678
4501,91,0,1093,17679
4100,91,0,1094,17680
4500,91,0,1095,17681
4100,91,0,1096,17682
4340,91,1,1097,17683
4350,91,1,1098,17684
4300,91,0,1099,17685
4100,91,0,1110,17686
4350,91,1,1111,17687
4100,91,0,1112,17688
4100,91,0,1113,17689
4500,91,0,1114,17690
4300,91,0,1135,17691
4100,91,0,1136,17692
4000,91,2,1137,17693
4100,91,0,1138,17694
4300,91,1,1139,17695
4340,91,1,1140,17696
4340,91,0,1141,17697
4350,91,1,1142,17698
4340,91,0,1143,17699
4341,91,1,1144,17700
4340,91,0,1145,17701
4100,91,0,1146,17702
4300,91,0,1147,17703
4000,91,1,1148,17704
4000,91,7,1149,17705
4500,91,0,1150,17706
4350,91,1,1151,17707
4500,91,0,1152,17708
4100,91,0,1153,17709
4100,91,0,1154,17710
4500,91,0,1155,17711
4341,91,1,1156,17712
4340,91,1,1157,17713
4100,91,0,1158,17714
4100,91,0,1159,17715
4501,91,0,1170,17716
4301,91,0,1171,17717
4100,91,0,1172,17718
4301,91,1,1173,17719
4100,91,0,1174,17720
4301,91,1,1195,17721
4300,91,0,1196,17722
4100,91,0,1197,17723
4100,91,0,1198,17724
4100,91,0,1199,17725
4000,92,6,0,17726
4100,92,0,1,17727
4100,92,0,2,17728
4350,92,1,3,17729
4100,92,0,4,17730
4300,92,1,5,17731
4340,92,0,6,17732
4500,92,0,7,17733
4350,92,1,8,17734
4000,92,3,9,17735
4300,92,0,10,17736
4340,92,0,11,17737
4000,92,2,12,17738
4300,92,0,13,17739
4000,92,8,14,17740
4341,92,1,15,17741
4302,92,0,16,17742
4000,92,0,17,17743
4100,92,0,18,17744
4300,92,1,19,17745
4300,92,0,20,17746
4100,92,0,21,17747
4000,92,5,22,17748
3790,92,0,23,17749
4000,92,8,24,17750
4100,92,0,30,17751
4000,92,7,31,17752
4100,92,0,32,17753
4100,92,0,33,17754
4100,92,0,34,17755
4000,92,5,35,17756
4341,92,1,36,17757
4340,92,1,37,17758
4340,92,0,38,17759
4340,92,1,39,17760
4100,92,0,40,17761
4000,92,4,41,17762
4500,92,0,42,17763
4000,92,8,43,17764
4350,92,1,44,17765
4500,92,0,45,17766
4300,92,1,46,17767
4300,92,1,47,17768
4100,92,0,48,17769
4100,92,0,49,17770
4300,92,1,50,17771
4340,92,0,51,17772
4300,92,1,52,17773
4500,92,0,53,17774
4101,92,0,54,17775
4301,92,1,55,17776
4100,92,0,56,17777
4000,92,4,57,17778
4340,92,1,58,17779
4100,92,0,59,17780
4100,92,0,60,17781
4340,92,1,61,17782
4000,92,0,62,17783
4000,92,0,63,17784
4000,92,3,64,17785
4100,92,0,70,17786
4340,92,0,71,17787
4100,92,0,72,17788
4100,92,0,73,17789
4100,92,0,74,17790
4101,92,0,75,17791
4401,92,0,76,17792
4100,92,0,77,17793
4100,92,0,78,17794
4100,92,0,79,17795
4340,92,1,80,17796
4000,92,1,81,17797
4101,92,0,82,17798
4100,92,0,83,17799
4500,92,0,84,17800
4300,92,0,85,17801
3790,92,0,86,17802
3790,92,0,87,17803
4100,92,0,88,17804
4500,92,0,89,17805
4100,92,0,90,17806
4340,92,1,91,17807
4340,92,0,92,17808
4340,92,1,93,17809
4300,92,1,94,17810
4340,92,0,95,17811
4300,92,0,96,17812
4500,92,0,97,17813
4350,92,1,98,17814
4000,92,9,99,17815
4100,92,0,100,17816
4100,92,0,101,17817
4100,92,0,102,17818
4100,92,0,103,17819
4300,92,1,104,17820
4100,92,0,110,17821
4100,92,0,111,17822
4401,92,0,112,17823
4301,92,1,113,17824
4300,92,1,114,17825
4100,92,0,115,17826
4500,92,0,116,17827
4000,92,6,117,17828
4100,92,0,118,17829
4100,92,0,119,17830
4300,92,1,120,17831
4101,92,0,121,17832
4000,92,8,122,17833
4100,92,0,123,17834
4300,92,0,124,17835
4500,92,0,125,17836
4000,92,0,126,17837
4300,92,1,127,17838
4340,92,1,128,17839
4000,92,8,129,17840
4100,92,0,130,17841
4100,92,0,131,17842
4100,92,0,132,17843
4301,92,1,133,17844
4100,92,0,134,17845
4100,92,0,135,17846
4501,92,0,136,17847
4300,92,1,137,17848
4100,92,0,138,17849
4100,92,0,139,17850
4000,92,2,140,17851
4300,92,1,141,17852
4100,92,0,142,17853
4100,92,0,143,17854
4000,92,2,144,17855
4100,92,0,150,17856
4100,92,0,151,17857
4100,92,0,152,17858
4000,92,4,153,17859
4000,92,4,154,17860
4500,92,0,155,17861
4100,92,0,156,17862
4100,92,0,157,17863
4101,92,0,158,17864
4100,92,0,159,17865
4100,92,0,160,17866
4100,92,0,161,17867
4000,92,4,162,17868
4350,92,1,163,17869
4340,92,0,164,17870
4100,92,0,165,17871
4300,92,0,166,17872
3790,92,0,167,17873
4100,92,0,168,17874
4340,92,1,169,17875
4301,92,0,170,17876
4000,92,3,171,17877
4302,92,0,172,17878
4350,92,1,173,17879
4090,92,4,174,17880
4340,92,0,175,17881
4100,92,0,176,17882
4340,92,0,177,17883
4500,92,0,178,17884
4000,92,0,179,17885
4100,92,0,180,17886
4100,92,0,181,17887
4340,92,1,182,17888
4100,92,0,183,17889
4100,92,0,184,17890
4350,92,1,190,17891
4100,92,0,191,17892
4302,92,0,192,17893
4340,92,1,193,17894
4100,92,0,194,17895
4000,92,4,195,17896
4350,92,1,196,17897
4000,92,0,197,17898
4100,92,0,198,17899
4100,92,0,199,17900
4300,92,1,200,17901
4100,92,0,201,17902
4000,92,1,202,17903
4100,92,0,203,17904
4100,92,0,204,17905
3790,92,0,205,17906
4100,92,0,206,17907
4100,92,0,207,17908
4350,92,1,208,17909
4100,92,0,209,17910
4100,92,0,210,17911
4500,92,0,211,17912
4301,92,0,212,17913
4350,92,1,213,17914
4100,92,0,214,17915
4500,92,0,215,17916
4100,92,0,216,17917
4340,92,1,217,17918
4500,92,0,218,17919
4100,92,0,219,17920
4301,92,0,220,17921
4350,92,1,221,17922
4350,92,1,222,17923
4000,92,4,223,17924
4100,92,0,224,17925
4100,92,0,230,17926
4340,92,0,231,17927
3790,92,0,232,17928
4341,92,1,233,17929
4100,92,0,234,17930
4100,92,0,235,17931
4100,92,0,236,17932
4100,92,0,237,17933
4100,92,0,238,17934
4100,92,0,239,17935
4301,92,0,240,17936
4100,92,0,241,17937
4100,92,0,242,17938
4500,92,0,243,17939
4300,92,1,244,17940
4000,92,3,245,17941
4100,92,0,246,17942
4300,92,1,247,17943
4340,92,1,248,17944
4100,92,0,249,17945
4300,92,0,250,17946
4100,92,0,251,17947
4300,92,0,252,17948
4340,92,0,253,17949
4000,92,9,254,17950
4401,92,0,255,17951
4100,92,0,256,17952
4340,92,0,257,17953
4100,92,0,258,17954
4340,92,1,259,17955
4340,92,0,260,17956
3790,92,0,261,17957
4301,92,1,262,17958
4500,92,0,263,17959
4340,92,0,264,17960
4000,92,8,270,17961
4500,92,0,271,17962
4302,92,0,272,17963
4100,92,0,273,17964
4100,92,0,274,17965
4300,92,1,275,17966
4100,92,0,276,17967
4000,92,0,277,17968
4340,92,1,278,17969
4341,92,0,279,17970
4100,92,0,280,17971
4000,92,0,281,17972
4350,92,1,282,17973
4301,92,0,283,17974
4100,92,0,284,17975
4300,92,1,285,17976
4100,92,0,286,17977
4100,92,0,287,17978
4100,92,0,288,17979
4500,92,0,289,17980
4100,92,0,290,17981
4300,92,1,291,17982
4501,92,0,292,17983
4100,92,0,293,17984
3790,92,0,294,17985
4500,92,0,295,17986
4401,92,0,296,17987
4100,92,0,297,17988
4340,92,1,298,17989
4301,92,1,299,17990
4500,92,0,300,17991
4100,92,0,301,17992
4300,92,1,302,17993
4500,92,0,303,17994
4501,92,0,304,17995
4100,92,0,310,17996
4340,92,1,311,17997
4100,92,0,312,17998
4401,92,0,313,17999
4300,92,0,314,18000
4100,92,0,315,18001
4300,92,0,316,18002
4100,92,0,317,18003
4341,92,1,318,18004
4100,92,0,319,18005
4100,92,0,1000,18006
4000,92,7,1001,18007
4100,92,0,1002,18008
4302,92,0,1003,18009
4100,92,0,1004,18010
4000,92,7,1010,18011
4100,92,0,1011,18012
4100,92,0,1012,18013
3790,92,0,1013,18014
4000,92,1,1014,18015
4500,92,0,1020,18016
4100,92,0,1021,18017
4100,92,0,1022,18018
4340,92,0,1023,18019
4340,92,1,1024,18020
4340,92,0,1030,18021
4500,92,0,1031,18022
4100,92,0,1032,18023
4350,92,1,1033,18024
4350,92,1,1034,18025
4500,92,0,1040,18026
4000,92,2,1041,18027
4100,92,0,1042,18028
4340,92,1,1043,18029
4100,92,0,1044,18030
4300,92,0,1050,18031
4300,92,0,1051,18032
4340,92,1,1052,18033
4340,92,1,1053,18034
4301,92,0,1054,18035
4100,92,0,1060,18036
4000,92,0,1061,18037
4100,92,0,1062,18038
3790,92,0,1063,18039
4000,92,8,1064,18040
4301,92,0,1070,18041
4500,92,0,1071,18042
4300,92,1,1072,18043
4300,92,1,1073,18044
4501,92,0,1074,18045
4500,92,0,1080,18046
4340,92,1,1081,18047
4301,92,0,1082,18048
4500,92,0,1083,18049
4000,92,5,1084,18050
4340,92,1,1085,18051
4100,92,0,1086,18052
4100,92,0,1087,18053
4350,92,1,1088,18054
4000,92,6,1089,18055
4100,92,0,1090,18056
4341,92,1,1091,18057
4100,92,0,1092,18058
4350,92,1,1093,18059
4000,92,1,1094,18060
4350,92,1,1095,18061
4000,92,8,1096,18062
4500,92,0,1097,18063
4100,92,0,1098,18064
4401,92,0,1099,18065
4000,92,8,1100,18066
3790,92,0,1101,18067
4100,92,0,1102,18068
4300,92,1,1103,18069
4100,92,0,1104,18070
4101,92,0,1110,18071
4301,92,0,1111,18072
4000,92,2,1112,18073
4000,92,0,1113,18074
4340,92,0,1114,18075
4350,92,1,1135,18076
4000,92,6,1136,18077
4300,92,0,1137,18078
3790,92,0,1138,18079
4090,92,5,1139,18080
4350,92,1,1140,18081
4340,92,0,1141,18082
4350,92,1,1142,18083
4100,92,0,1143,18084
4100,92,0,1144,18085
4500,92,0,1145,18086
4500,92,0,1146,18087
4300,92,1,1147,18088
4350,92,1,1148,18089
4000,92,2,1149,18090
4100,92,0,1150,18091
4401,92,0,1151,18092
4100,92,0,1152,18093
4340,92,0,1153,18094
4300,92,1,1154,18095
4341,92,1,1155,18096
4100,92,0,1156,18097
4100,92,0,1157,18098
4340,92,0,1158,18099
4100,92,0,1159,18100
4100,92,0,1160,18101
4100,92,0,1161,18102
4000,92,3,1162,18103
4000,92,7,1163,18104
4101,92,0,1164,18105
4340,92,0,1170,18106
4500,92,0,1171,18107
4100,92,0,1172,18108
4100,92,0,1173,18109
4340,92,1,1174,18110
4100,92,0,1195,18111
4340,92,1,1196,18112
4341,92,1,1197,18113
4500,92,0,1198,18114
4340,92,0,1199,18115
4300,93,0,0,18116
4340,93,0,1,18117
4100,93,0,2,18118
4500,93,0,3,18119
4301,93,0,4,18120
4100,93,0,5,18121
4300,93,0,6,18122
4350,93,1,7,18123
4100,93,0,8,18124
4300,93,1,9,18125
4100,93,0,10,18126
4000,93,5,11,18127
4000,93,9,12,18128
4100,93,0,13,18129
4300,93,1,14,18130
4000,93,9,15,18131
4100,93,0,16,18132
4100,93,0,17,18133
4300,93,0,18,18134
4100,93,0,19,18135
4100,93,0,20,18136
4301,93,1,21,18137
4100,93,0,22,18138
4100,93,0,23,18139
4100,93,0,24,18140
4501,93,0,25,18141
4300,93,1,26,18142
4100,93,0,27,18143
4100,93,0,28,18144
4000,93,7,29,18145
4100,93,0,35,18146
4340,93,0,36,18147
4100,93,0,37,18148
4000,93,8,38,18149
4100,93,0,39,18150
4301,93,1,40,18151
4000,93,6,41,18152
4300,93,1,42,18153
4100,93,0,43,18154
4300,93,1,44,18155
4501,93,0,45,18156
4401,93,0,46,18157
4350,93,1,47,18158
4300,93,1,48,18159
4340,93,0,49,18160
4100,93,0,50,18161
4100,93,0,51,18162
4100,93,0,52,18163
4300,93,0,53,18164
3790,93,0,54,18165
4340,93,0,55,18166
4000,93,4,56,18167
4000,93,6,57,18168
4100,93,0,58,18169
4100,93,0,59,18170
4340,93,1,60,18171
4100,93,0,61,18172
3790,93,0,62,18173
4350,93,1,63,18174
4100,93,0,64,18175
4340,93,1,65,18176
4341,93,0,66,18177
4300,93,1,67,18178
3790,93,0,68,18179
4100,93,0,69,18180
4100,93,0,75,18181
4000,93,5,76,18182
4000,93,6,77,18183
4340,93,0,78,18184
4401,93,0,79,18185
4100,93,0,80,18186
4100,93,0,81,18187
4100,93,0,82,18188
4000,93,2,83,18189
3790,93,0,84,18190
4300,93,0,85,18191
4500,93,0,86,18192
4300,93,0,87,18193
4302,93,0,88,18194
4501,93,0,89,18195
4090,93,8,90,18196
4341,93,0,91,18197
4500,93,0,92,18198
3790,93,0,93,18199
4500,93,0,94,18200
4300,93,1,95,18201
4100,93,0,96,18202
4000,93,6,97,18203
4100,93,0,98,18204
4100,93,0,99,18205
4340,93,1,100,18206
4100,93,0,101,18207
4000,93,3,102,18208
4100,93,0,103,18209
4340,93,1,104,18210
4300,93,1,105,18211
4340,93,0,106,18212
4000,93,8,107,18213
4000,93,8,108,18214
4340,93,0,109,18215
4300,93,1,115,18216
4000,93,8,116,18217
4100,93,0,117,18218
4100,93,0,118,18219
4341,93,0,119,18220
4301,93,1,120,18221
4500,93,0,121,18222
4101,93,0,122,18223
4350,93,1,123,18224
4100,93,0,124,18225
4100,93,0,125,18226
4341,93,0,126,18227
4500,93,0,127,18228
4300,93,0,128,18229
4000,93,0,129,18230
4500,93,0,130,18231
4000,93,5,131,18232
4100,93,0,132,18233
4000,93,7,133,18234
4500,93,0,134,18235
4500,93,0,135,18236
4340,93,0,136,18237
4500,93,0,137,18238
4300,93,1,138,18239
4500,93,0,139,18240
4300,93,0,140,18241
4401,93,0,141,18242
4350,93,1,142,18243
4302,93,0,143,18244
4300,93,0,144,18245
4100,93,0,145,18246
4341,93,0,146,18247
4300,93,0,147,18248
4100,93,0,148,18249
4100,93,0,149,18250
4100,93,0,155,18251
4000,93,8,156,18252
4341,93,0,157,18253
4100,93,0,158,18254
4000,93,9,159,18255
4000,93,3,160,18256
4300,93,0,161,18257
4350,93,1,162,18258
4501,93,0,163,18259
4000,93,4,164,18260
4000,93,9,165,18261
4500,93,0,166,18262
4000,93,9,167,18263
4350,93,1,168,18264
4350,93,1,169,18265
4300,93,0,170,18266
4341,93,1,171,18267
4340,93,0,172,18268
4300,93,0,173,18269
4300,93,0,174,18270
4100,93,0,175,18271
4500,93,0,176,18272
4500,93,0,177,18273
4350,93,1,178,18274
4000,93,5,179,18275
4300,93,1,180,18276
4300,93,0,181,18277
4340,93,1,182,18278
4350,93,1,183,18279
4100,93,0,184,18280
4000,93,9,185,18281
4101,93,0,186,18282
4302,93,0,187,18283
4100,93,0,188,18284
4300,93,1,189,18285
4100,93,0,195,18286
4100,93,0,196,18287
4100,93,0,197,18288
4401,93,0,198,18289
4340,93,0,199,18290
4341,93,0,200,18291
4340,93,0,201,18292
4500,93,0,202,18293
3790,93,0,203,18294
4301,93,1,204,18295
4500,93,0,205,18296
4300,93,0,206,18297
4000,93,4,207,18298
4100,93,0,208,18299
4340,93,1,209,18300
4340,93,0,210,18301
4340,93,1,211,18302
4100,93,0,212,18303
4500,93,0,213,18304
4340,93,0,214,18305
4500,93,0,215,18306
4341,93,1,216,18307
4000,93,2,217,18308
4000,93,6,218,18309
4101,93,0,219,18310
4000,93,2,220,18311
4000,93,2,221,18312
4100,93,0,222,18313
4000,93,8,223,18314
4340,93,0,224,18315
4100,93,0,225,18316
4100,93,0,226,18317
3790,93,0,227,18318
4340,93,0,228,18319
4100,93,0,229,18320
4100,93,0,235,18321
3790,93,0,236,18322
4100,93,0,237,18323
4000,93,8,238,18324
4100,93,0,239,18325
4100,93,0,240,18326
4100,93,0,241,18327
4340,93,1,242,18328
4500,93,0,243,18329
4100,93,0,244,18330
4300,93,1,245,18331
3790,93,0,246,18332
4500,93,0,247,18333
4100,93,0,248,18334
4500,93,0,249,18335
4340,93,0,250,18336
4100,93,0,251,18337
4100,93,0,252,18338
4000,93,7,253,18339
4000,93,2,254,18340
4500,93,0,255,18341
4340,93,1,256,18342
4301,93,0,257,18343
4300,93,0,258,18344
4100,93,0,259,18345
4100,93,0,260,18346
4000,93,9,261,18347
4350,93,1,262,18348
4100,93,0,263,18349
4100,93,0,264,18350
4340,93,0,265,18351
4340,93,0,266,18352
4000,93,7,267,18353
4000,93,4,268,18354
4300,93,1,269,18355
4100,93,0,275,18356
4300,93,0,276,18357
4100,93,0,277,18358
4100,93,0,278,18359
4100,93,0,279,18360
4300,93,0,280,18361
4340,93,1,281,18362
4000,93,3,282,18363
3790,93,0,283,18364
4100,93,0,284,18365
4300,93,0,285,18366
4100,93,0,286,18367
4000,93,7,287,18368
4000,93,7,288,18369
4300,93,0,289,18370
4341,93,0,290,18371
4500,93,0,291,18372
4300,93,0,292,18373
4500,93,0,293,18374
4100,93,0,294,18375
4300,93,0,295,18376
4300,93,1,296,18377
4000,93,3,297,18378
4100,93,0,298,18379
4340,93,0,299,18380
4300,93,1,300,18381
4341,93,0,301,18382
4341,93,0,302,18383
4341,93,0,303,18384
4100,93,0,304,18385
4350,93,1,305,18386
4500,93,0,306,18387
4301,93,1,307,18388
4100,93,0,308,18389
4340,93,1,309,18390
4350,93,1,315,18391
4100,93,0,316,18392
4300,93,0,317,18393
4100,93,0,318,18394
4300,93,1,319,18395
3790,93,0,1000,18396
4340,93,1,1001,18397
4350,93,1,1002,18398
4100,93,0,1003,18399
4100,93,0,1004,18400
4100,93,0,1010,18401
4100,93,0,1011,18402
4500,93,0,1012,18403
4000,93,0,1013,18404
4340,93,0,1014,18405
4000,93,0,1020,18406
3790,93,0,1021,18407
4000,93,2,1022,18408
4100,93,0,1023,18409
4100,93,0,1024,18410
4100,93,0,1030,18411
4000,93,5,1031,18412
4000,93,2,1032,18413
4300,93,0,1033,18414
4000,93,3,1034,18415
4100,93,0,1040,18416
4300,93,1,1041,18417
4100,93,0,1042,18418
4100,93,0,1043,18419
4301,93,1,1044,18420
4100,93,0,1050,18421
4000,93,9,1051,18422
4101,93,0,1052,18423
4350,93,1,1053,18424
4300,93,0,1054,18425
4500,93,0,1060,18426
4300,93,0,1061,18427
4100,93,0,1062,18428
4500,93,0,1063,18429
3790,93,0,1064,18430
4100,93,0,1070,18431
4000,93,8,1071,18432
4000,93,2,1072,18433
4100,93,0,1073,18434
4100,93,0,1074,18435
4100,93,0,1080,18436
4350,93,1,1081,18437
4500,93,0,1082,18438
4300,93,1,1083,18439
4100,93,0,1084,18440
4350,93,1,1085,18441
4340,93,0,1086,18442
4000,93,0,1087,18443
4000,93,9,1088,18444
4100,93,0,1089,18445
4000,93,9,1090,18446
4100,93,0,1091,18447
4350,93,1,1092,18448
4000,93,8,1093,18449
4500,93,0,1094,18450
4100,93,0,1095,18451
4340,93,0,1096,18452
4100,93,0,1097,18453
4500,93,0,1098,18454
4100,93,0,1099,18455
4500,93,0,1100,18456
4401,93,0,1101,18457
3790,93,0,1102,18458
4100,93,0,1103,18459
4500,93,0,1104,18460
4100,93,0,1105,18461
4300,93,1,1106,18462
4100,93,0,1107,18463
4340,93,1,1108,18464
4301,93,0,1109,18465
4341,93,0,1135,18466
4340,93,0,1136,18467
4100,93,0,1137,18468
4100,93,0,1138,18469
4100,93,0,1139,18470
4301,93,0,1140,18471
4341,93,0,1141,18472
4100,93,0,1142,18473
4302,93,0,1143,18474
4340,93,0,1144,18475
4100,93,0,1145,18476
4500,93,0,1146,18477
4100,93,0,1147,18478
4000,93,9,1148,18479
4100,93,0,1149,18480
4401,93,0,1150,18481
4350,93,1,1151,18482
4100,93,0,1152,18483
4000,93,0,1153,18484
4302,93,0,1154,18485
4300,93,1,1155,18486
4500,93,0,1156,18487
4350,93,1,1157,18488
4501,93,0,1158,18489
4301,93,1,1159,18490
4340,93,1,1160,18491
4500,93,0,1161,18492
3790,93,0,1162,18493
4341,93,0,1163,18494
4000,93,9,1164,18495
4300,93,1,1165,18496
4341,93,1,1166,18497
4300,93,1,1167,18498
4100,93,0,1168,18499
4100,93,0,1169,18500
4100,93,0,1195,18501
4100,93,0,1196,18502
3790,93,0,1197,18503
4501,93,0,1198,18504
4100,93,0,1199,18505
3220,94,0,1,18506
3410,94,2,2,18507
3400,94,0,3,18508
3800,94,1,4,18509
3800,94,1,5,18510
3400,94,2,6,18511
3430,94,0,7,18512
3220,94,0,8,18513
3030,94,1,9,18514
3810,94,1,10,18515
3410,94,4,11,18516
3400,94,2,12,18517
3400,94,3,13,18518
3410,94,0,14,18519
3410,94,1,15,18520
3000,94,1,16,18521
3410,94,4,17,18522
3030,94,0,18,18523
3030,94,0,19,18524
3210,94,2,20,18525
3030,94,0,21,18526
3800,94,0,22,18527
3200,94,0,23,18528
3810,94,0,24,18529
3030,94,0,25,18530
3410,94,1,26,18531
3030,94,0,27,18532
3000,94,0,28,18533
3400,94,3,29,18534
3410,94,1,35,18535
3800,94,1,36,18536
3030,94,0,37,18537
3210,94,2,38,18538
3030,94,1,39,18539
3800,94,0,40,18540
3000,94,0,41,18541
3000,94,1,42,18542
3410,94,3,43,18543
3210,94,1,44,18544
3000,94,0,45,18545
3810,94,1,46,18546
3430,94,0,47,18547
3410,94,4,48,18548
3030,94,1,49,18549
3410,94,3,50,18550
3000,94,1,51,18551
3210,94,0,52,18552
3800,94,0,53,18553
3000,94,1,54,18554
3220,94,0,55,18555
3420,94,0,56,18556
3210,94,0,57,18557
3400,94,1,58,18558
3210,94,1,59,18559
3000,94,1,60,18560
3420,94,0,61,18561
3220,94,1,62,18562
3810,94,0,63,18563
3200,94,0,64,18564
3000,94,0,65,18565
3030,94,1,66,18566
3800,94,1,67,18567
3400,94,3,68,18568
3410,94,4,69,18569
3410,94,1,75,18570
3200,94,0,76,18571
3800,94,1,77,18572
3420,94,0,78,18573
3000,94,0,79,18574
3030,94,0,80,18575
3410,94,1,81,18576
3810,94,0,82,18577
3030,94,1,83,18578
3410,94,1,84,18579
3410,94,3,85,18580
3800,94,0,86,18581
3030,94,1,87,18582
3000,94,1,88,18583
3000,94,1,89,18584
3210,94,1,90,18585
3800,94,1,91,18586
3400,94,3,92,18587
3400,94,1,93,18588
3400,94,2,94,18589
3030,94,0,95,18590
3200,94,1,96,18591
3400,94,3,97,18592
3210,94,1,98,18593
3200,94,0,99,18594
3210,94,2,100,18595
3810,94,1,101,18596
3200,94,0,102,18597
3410,94,3,103,18598
3030,94,0,104,18599
3810,94,0,105,18600
3410,94,0,106,18601
3420,94,0,107,18602
3410,94,4,108,18603
3000,94,0,109,18604
3220,94,0,115,18605
3210,94,2,116,18606
3810,94,1,117,18607
3410,94,3,118,18608
3000,94,1,119,18609
3810,94,1,120,18610
3410,94,4,121,18611
3000,94,0,122,18612
3810,94,0,123,18613
3200,94,0,124,18614
3410,94,1,125,18615
3800,94,0,126,18616
3410,94,2,127,18617
3810,94,0,128,18618
3210,94,1,129,18619
3800,94,0,130,18620
3030,94,0,131,18621
3030,94,1,132,18622
3420,94,0,133,18623
3210,94,1,134,18624
3400,94,3,135,18625
3030,94,1,136,18626
3410,94,1,137,18627
3210,94,1,138,18628
3000,94,1,139,18629
3000,94,1,140,18630
3000,94,0,141,18631
3210,94,1,142,18632
3000,94,1,143,18633
3210,94,0,144,18634
3410,94,3,145,18635
3000,94,1,146,18636
3000,94,0,147,18637
3000,94,1,148,18638
3810,94,1,149,18639
3210,94,2,155,18640
3400,94,0,156,18641
3030,94,1,157,18642
3000,94,1,158,18643
3030,94,0,159,18644
3410,94,1,160,18645
3400,94,0,161,18646
3030,94,1,162,18647
3800,94,0,163,18648
3410,94,2,164,18649
3030,94,0,165,18650
3210,94,2,166,18651
3410,94,2,167,18652
3420,94,0,168,18653
3410,94,1,169,18654
3400,94,3,170,18655
3000,94,1,171,18656
3000,94,0,172,18657
3000,94,0,173,18658
3210,94,2,174,18659
3030,94,1,175,18660
3400,94,1,176,18661
3220,94,1,177,18662
3810,94,1,178,18663
3810,94,0,179,18664
3410,94,2,180,18665
3420,94,0,181,18666
3220,94,1,182,18667
3030,94,0,183,18668
3210,94,1,184,18669
3800,94,1,185,18670
3000,94,1,186,18671
3800,94,1,187,18672
3800,94,0,188,18673
3210,94,0,189,18674
3200,94,0,195,18675
3810,94,0,196,18676
3210,94,2,197,18677
3800,94,1,198,18678
3210,94,1,199,18679
3030,94,1,200,18680
3430,94,0,201,18681
3220,94,0,202,18682
3810,94,1,203,18683
3030,94,0,204,18684
3220,94,0,205,18685
3030,94,0,206,18686
3400,94,2,207,18687
3200,94,0,208,18688
3810,94,0,209,18689
3400,94,2,210,18690
3430,94,0,211,18691
3420,94,0,212,18692
3410,94,4,213,18693
3800,94,0,214,18694
3810,94,0,215,18695
3030,94,1,216,18696
3430,94,0,217,18697
3430,94,0,218,18698
3030,94,0,219,18699
3000,94,0,220,18700
3800,94,0,221,18701
3220,94,0,222,18702
3030,94,1,223,18703
3410,94,4,224,18704
3410,94,1,225,18705
3430,94,0,226,18706
3400,94,0,227,18707
3410,94,3,228,18708
3030,94,1,229,18709
3000,94,1,235,18710
3400,94,0,236,18711
3200,94,1,237,18712
3800,94,1,238,18713
3000,94,1,239,18714
3400,94,2,240,18715
3200,94,0,241,18716
3420,94,0,242,18717
3030,94,1,243,18718
3030,94,0,244,18719
3810,94,0,245,18720
3030,94,0,246,18721
3000,94,0,247,18722
3030,94,1,248,18723
3400,94,0,249,18724
3410,94,1,250,18725
3220,94,1,251,18726
3200,94,1,252,18727
3420,94,0,253,18728
3400,94,3,254,18729
3030,94,1,255,18730
3420,94,0,256,18731
3810,94,1,257,18732
3400,94,3,258,18733
3200,94,0,259,18734
3430,94,0,260,18735
3030,94,0,261,18736
3000,94,0,262,18737
3800,94,1,263,18738
3200,94,1,264,18739
3800,94,1,265,18740
3420,94,0,266,18741
3000,94,0,267,18742
3200,94,0,268,18743
3800,94,1,269,18744
3200,94,1,275,18745
3200,94,0,276,18746
3810,94,1,277,18747
3400,94,0,278,18748
3030,94,0,279,18749
3030,94,1,280,18750
3220,94,1,281,18751
3810,94,0,282,18752
3810,94,0,283,18753
3410,94,2,284,18754
3030,94,1,285,18755
3410,94,3,286,18756
3030,94,1,287,18757
3200,94,0,288,18758
3400,94,3,289,18759
3800,94,1,290,18760
3430,94,0,291,18761
3810,94,1,292,18762
3410,94,1,293,18763
3400,94,1,294,18764
3430,94,0,295,18765
3000,94,0,296,18766
3220,94,1,297,18767
3000,94,1,298,18768
3810,94,1,299,18769
3800,94,1,300,18770
3030,94,1,301,18771
3810,94,0,302,18772
3810,94,0,303,18773
3420,94,0,304,18774
3810,94,0,305,18775
3030,94,0,306,18776
3030,94,0,307,18777
3810,94,0,308,18778
3030,94,0,309,18779
3000,94,1,315,18780
3810,94,0,316,18781
3220,94,0,317,18782
3810,94,1,318,18783
3400,94,1,319,18784
3810,94,0,0,18785
3410,94,1,1000,18786
5000,94,1,1001,18787
5010,94,0,1002,18788
3410,94,0,1003,18789
5010,94,3,1004,18790
3210,94,1,1010,18791
5000,94,1,1011,18792
5011,94,4,1012,18793
5000,94,1,1013,18794
5011,94,3,1014,18795
5006,94,0,1020,18796
5010,94,4,1021,18797
3200,94,0,1022,18798
3410,94,2,1023,18799
5000,94,1,1024,18800
5010,94,2,1030,18801
3410,94,3,1031,18802
5006,94,0,1032,18803
3410,94,1,1033,18804
5000,94,1,1034,18805
5000,94,1,1040,18806
5005,94,0,1041,18807
5010,94,3,1042,18808
5011,94,4,1043,18809
3810,94,0,1044,18810
5010,94,3,1050,18811
5010,94,2,1051,18812
3030,94,0,1052,18813
3200,94,0,1053,18814
3410,94,4,1054,18815
3800,94,0,1060,18816
5004,94,0,1061,18817
3400,94,2,1062,18818
5010,94,2,1063,18819
3000,94,1,1064,18820
3410,94,2,1070,18821
5000,94,1,1071,18822
3810,94,0,1072,18823
3800,94,0,1073,18824
5001,94,1,1074,18825
5006,94,0,1080,18826
3030,94,1,1081,18827
5010,94,2,1082,18828
3400,94,0,1083,18829
5003,94,0,1084,18830
3400,94,2,1085,18831
3030,94,1,1086,18832
3030,94,1,1087,18833
5001,94,1,1088,18834
3000,94,1,1089,18835
3810,94,1,1090,18836
3400,94,2,1091,18837
3210,94,2,1092,18838
5000,94,1,1093,18839
5010,94,3,1094,18840
3810,94,1,1095,18841
3800,94,0,1096,18842
5010,94,2,1097,18843
5010,94,3,1098,18844
3400,94,2,1099,18845
5006,94,0,1100,18846
3030,94,0,1101,18847
5010,94,3,1102,18848
3200,94,0,1103,18849
3000,94,1,1104,18850
3810,94,0,1105,18851
3210,94,2,1106,18852
5005,94,0,1107,18853
3030,94,1,1108,18854
3810,94,0,1109,18855
3000,94,0,1135,18856
3210,94,2,1136,18857
3810,94,1,1137,18858
5010,94,3,1138,18859
3410,94,4,1139,18860
3810,94,1,1140,18861
3800,94,1,1141,18862
5010,94,0,1142,18863
3000,94,0,1143,18864
3400,94,3,1144,18865
5006,94,0,1145,18866
5011,94,4,1146,18867
3810,94,0,1147,18868
5001,94,1,1148,18869
3810,94,1,1149,18870
3000,94,0,1150,18871
5010,94,3,1151,18872
5011,94,2,1152,18873
3400,94,3,1153,18874
3030,94,1,1154,18875
5010,94,0,1155,18876
3200,94,0,1156,18877
5010,94,2,1157,18878
3800,94,1,1158,18879
3800,94,1,1159,18880
3410,94,2,1160,18881
5011,94,6,1161,18882
5010,94,2,1162,18883
3810,94,0,1163,18884
5001,94,1,1164,18885
3200,94,0,1165,18886
3030,94,0,1166,18887
5011,94,6,1167,18888
5003,94,0,1168,18889
3810,94,0,1169,18890
3800,94,0,1195,18891
5011,94,3,1196,18892
5011,94,2,1197,18893
3810,94,1,1198,18894
5010,94,3,1199,18895
4940,95,0,1,18896
4940,95,0,62,18897
4940,95,0,111,18898
4940,95,0,125,18899
4940,95,0,220,18900
4940,95,0,263,18901
4940,95,0,269,18902
4940,95,0,287,18903
4940,95,0,296,18904
4940,95,0,309,18905
4940,95,0,1000,18906
4940,95,0,1090,18907
4940,95,0,1101,18908
4940,95,0,1113,18909
4940,95,0,1155,18910
4940,95,0,1156,18911
4940,96,0,14,18912
4940,96,0,47,18913
4940,96,0,115,18914
4940,96,0,317,18915
4940,96,0,1024,18916
4940,96,0,1086,18917
4940,96,0,1094,18918
4940,96,0,1096,18919
4940,96,0,1151,18920
4940,97,0,20,18921
4940,97,0,26,18922
4940,97,0,46,18923
4940,97,0,55,18924
4940,97,0,65,18925
4940,97,0,77,18926
4940,97,0,85,18927
4940,97,0,154,18928
4940,97,0,289,18929
4940,97,0,1033,18930
4940,97,0,1137,18931
4940,97,0,1163,18932
4940,98,0,23,18933
4940,98,0,29,18934
4940,98,0,103,18935
4940,98,0,131,18936
4940,98,0,139,18937
4940,98,0,158,18938
4940,98,0,288,18939
4940,98,0,305,18940
4940,98,0,1089,18941
4940,98,0,1105,18942
4940,98,0,1153,18943
4667,99,0,30,18944
4666,99,0,31,18945
4654,99,0,32,18946
4653,99,0,33,18947
4330,99,1,34,18948
4330,99,1,70,18949
4654,99,0,71,18950
4656,99,0,72,18951
4330,99,0,73,18952
4330,99,1,74,18953
4330,99,1,110,18954
4663,99,0,111,18955
4666,99,0,112,18956
4330,99,0,113,18957
4667,99,0,114,18958
4664,99,0,150,18959
4664,99,0,151,18960
4654,99,0,152,18961
4654,99,0,153,18962
4330,99,0,154,18963
4330,99,0,190,18964
4330,99,0,191,18965
4652,99,0,192,18966
4667,99,0,193,18967
4654,99,0,194,18968
4667,99,0,230,18969
4664,99,0,231,18970
4330,99,1,232,18971
4654,99,0,233,18972
4654,99,0,234,18973
4667,99,0,270,18974
4330,99,0,271,18975
4330,99,1,272,18976
4664,99,0,273,18977
4654,99,0,274,18978
4663,99,0,310,18979
4330,99,1,311,18980
4666,99,0,312,18981
4330,99,1,313,18982
4663,99,0,314,18983
4667,99,0,1110,18984
4663,99,0,1111,18985
4653,99,0,1112,18986
4654,99,0,1113,18987
4653,99,0,1114,18988
4674,99,0,1170,18989
4330,99,1,1171,18990
4658,99,0,1172,18991
4652,99,0,1173,18992
4330,99,0,1174,18993
4663,100,0,30,18994
4656,100,0,31,18995
4667,100,0,32,18996
4330,100,1,33,18997
4666,100,0,34,18998
4653,100,0,70,18999
4667,100,0,71,19000
4330,100,0,72,19001
4654,100,0,73,19002
4666,100,0,74,19003
4666,100,0,110,19004
4667,100,0,111,19005
4674,100,0,112,19006
4656,100,0,113,19007
4664,100,0,114,19008
4663,100,0,150,19009
4656,100,0,151,19010
4652,100,0,152,19011
4330,100,0,153,19012
4668,100,0,154,19013
4330,100,1,190,19014
4664,100,0,191,19015
4654,100,0,192,19016
4674,100,0,193,19017
4330,100,1,194,19018
4656,100,0,230,19019
4330,100,1,231,19020
4653,100,0,232,19021
4330,100,1,233,19022
4668,100,0,234,19023
4664,100,0,270,19024
4330,100,1,271,19025
4667,100,0,272,19026
4653,100,0,273,19027
4656,100,0,274,19028
4674,100,0,310,19029
4666,100,0,311,19030
4330,100,1,312,19031
4653,100,0,313,19032
4674,100,0,314,19033
4330,100,0,1110,19034
4330,100,0,1111,19035
4664,100,0,1112,19036
4667,100,0,1113,19037
4664,100,0,1114,19038
4330,100,1,1170,19039
4667,100,0,1171,19040
4674,100,0,1172,19041
4666,100,0,1173,19042
4674,100,0,1174,19043
4653,101,0,30,19044
4667,101,0,31,19045
4653,101,0,32,19046
4330,101,0,33,19047
4663,101,0,34,19048
4668,101,0,70,19049
4674,101,0,71,19050
4652,101,0,72,19051
4652,101,0,73,19052
4674,101,0,74,19053
4653,101,0,110,19054
4652,101,0,111,19055
4656,101,0,112,19056
4666,101,0,113,19057
4656,101,0,114,19058
4668,101,0,150,19059
4674,101,0,151,19060
4668,101,0,152,19061
4330,101,1,153,19062
4674,101,0,154,19063
4664,101,0,190,19064
4654,101,0,191,19065
4656,101,0,192,19066
4653,101,0,193,19067
4656,101,0,194,19068
4664,101,0,230,19069
4656,101,0,231,19070
4652,101,0,232,19071
4667,101,0,233,19072
4674,101,0,234,19073
4652,101,0,270,19074
4667,101,0,271,19075
4666,101,0,272,19076
4667,101,0,273,19077
4653,101,0,274,19078
4664,101,0,310,19079
4668,101,0,311,19080
4663,101,0,312,19081
4664,101,0,313,19082
4666,101,0,314,19083
4653,101,0,1110,19084
4658,101,0,1111,19085
4668,101,0,1112,19086
4653,101,0,1113,19087
4652,101,0,1114,19088
4653,101,0,1170,19089
4664,101,0,1171,19090
4668,101,0,1172,19091
4668,101,0,1173,19092
4666,101,0,1174,19093
4656,102,0,30,19094
4668,102,0,31,19095
4664,102,0,32,19096
4668,102,0,33,19097
4654,102,0,34,19098
4663,102,0,70,19099
4330,102,0,71,19100
4666,102,0,72,19101
4664,102,0,73,19102
4664,102,0,74,19103
4674,102,0,110,19104
4674,102,0,111,19105
4668,102,0,112,19106
4663,102,0,113,19107
4663,102,0,114,19108
4654,102,0,150,19109
4330,102,1,151,19110
4667,102,0,152,19111
4667,102,0,153,19112
4652,102,0,154,19113
4667,102,0,190,19114
4330,102,1,191,19115
4667,102,0,192,19116
4666,102,0,193,19117
4668,102,0,194,19118
4668,102,0,230,19119
4666,102,0,231,19120
4674,102,0,232,19121
4663,102,0,233,19122
4330,102,0,234,19123
4330,102,1,270,19124
4656,102,0,271,19125
4664,102,0,272,19126
4330,102,0,273,19127
4667,102,0,274,19128
4330,102,0,310,19129
4664,102,0,311,19130
4654,102,0,312,19131
4652,102,0,313,19132
4656,102,0,314,19133
4666,102,0,1110,19134
4667,102,0,1111,19135
4658,102,0,1112,19136
4666,102,0,1113,19137
4330,102,0,1114,19138
4658,102,0,1170,19139
4653,102,0,1171,19140
4330,102,1,1172,19141
4330,102,0,1173,19142
4653,102,0,1174,19143
4668,103,0,30,19144
4330,103,0,31,19145
4330,103,0,32,19146
4667,103,0,33,19147
4330,103,0,34,19148
4656,103,0,70,19149
4666,103,0,71,19150
4668,103,0,72,19151
4666,103,0,73,19152
4654,103,0,74,19153
4330,103,0,110,19154
4330,103,1,111,19155
4330,103,0,112,19156
4653,103,0,113,19157
4652,103,0,114,19158
4330,103,1,150,19159
4668,103,0,151,19160
4656,103,0,152,19161
4663,103,0,153,19162
4664,103,0,154,19163
4656,103,0,190,19164
4663,103,0,191,19165
4330,103,0,192,19166
4668,103,0,193,19167
4330,103,0,194,19168
4652,103,0,230,19169
4330,103,0,231,19170
4654,103,0,232,19171
4674,103,0,233,19172
4663,103,0,234,19173
4666,103,0,270,19174
4663,103,0,271,19175
4663,103,0,272,19176
4668,103,0,273,19177
4330,103,1,274,19178
4666,103,0,310,19179
4330,103,0,311,19180
4653,103,0,312,19181
4663,103,0,313,19182
4654,103,0,314,19183
4668,103,0,1110,19184
4666,103,0,1111,19185
4656,103,0,1112,19186
4663,103,0,1113,19187
4666,103,0,1114,19188
4656,103,0,1170,19189
4668,103,0,1171,19190
4663,103,0,1172,19191
4653,103,0,1173,19192
4652,103,0,1174,19193
4664,104,0,30,19194
4664,104,0,31,19195
4663,104,0,32,19196
4666,104,0,33,19197
4667,104,0,34,19198
4654,104,0,70,19199
4664,104,0,71,19200
4663,104,0,72,19201
4668,104,0,73,19202
4330,104,0,74,19203
4663,104,0,110,19204
4653,104,0,111,19205
4653,104,0,112,19206
4667,104,0,113,19207
4674,104,0,114,19208
4330,104,0,150,19209
4330,104,0,151,19210
4330,104,1,152,19211
4653,104,0,153,19212
4653,104,0,154,19213
4653,104,0,190,19214
4666,104,0,191,19215
4668,104,0,192,19216
4330,104,0,193,19217
4667,104,0,194,19218
4330,104,0,230,19219
4653,104,0,231,19220
4656,104,0,232,19221
4330,104,0,233,19222
4656,104,0,234,19223
4656,104,0,270,19224
4674,104,0,271,19225
4654,104,0,272,19226
4330,104,1,273,19227
4663,104,0,274,19228
4667,104,0,310,19229
4652,104,0,311,19230
4330,104,0,312,19231
4667,104,0,313,19232
4330,104,1,314,19233
4654,104,0,1110,19234
4664,104,0,1111,19235
4330,104,0,1112,19236
4330,104,1,1113,19237
4330,104,1,1114,19238
4668,104,0,1170,19239
4330,104,0,1171,19240
4652,104,0,1172,19241
4674,104,0,1173,19242
4330,104,1,1174,19243
4130,105,0,30,19244
4130,105,0,31,19245
4130,105,0,32,19246
4130,105,0,33,19247
4130,105,0,34,19248
4130,105,0,70,19249
4130,105,0,71,19250
4130,105,0,72,19251
4130,105,0,73,19252
4130,105,0,74,19253
4130,105,0,110,19254
4130,105,0,111,19255
4130,105,0,112,19256
4130,105,0,113,19257
4130,105,0,114,19258
4130,105,0,150,19259
4130,105,0,151,19260
4130,105,0,152,19261
4130,105,0,153,19262
4130,105,0,154,19263
4130,105,0,190,19264
4130,105,0,191,19265
4130,105,0,192,19266
4130,105,0,193,19267
4130,105,0,194,19268
4130,105,0,230,19269
4130,105,0,231,19270
4130,105,0,232,19271
4130,105,0,233,19272
4130,105,0,234,19273
4130,105,0,270,19274
4130,105,0,271,19275
4130,105,0,272,19276
4130,105,0,273,19277
4130,105,0,274,19278
4130,105,0,310,19279
4130,105,0,311,19280
4130,105,0,312,19281
4130,105,0,313,19282
4130,105,0,314,19283
4130,105,0,1110,19284
4130,105,0,1111,19285
4130,105,0,1112,19286
4130,105,0,1113,19287
4130,105,0,1114,19288
4130,105,0,1170,19289
4130,105,0,1171,19290
4130,105,0,1172,19291
4130,105,0,1173,19292
4130,105,0,1174,19293
4330,106,0,30,19294
4330,106,1,31,19295
4330,106,1,32,19296
4663,106,0,33,19297
4652,106,0,34,19298
4664,106,0,70,19299
4656,106,0,71,19300
4330,106,1,72,19301
4674,106,0,73,19302
4668,106,0,74,19303
4668,106,0,110,19304
4656,106,0,111,19305
4330,106,1,112,19306
4664,106,0,113,19307
4330,106,0,114,19308
4652,106,0,150,19309
4663,106,0,151,19310
4663,106,0,152,19311
4652,106,0,153,19312
4656,106,0,154,19313
4674,106,0,190,19314
4652,106,0,191,19315
4653,106,0,192,19316
4330,106,1,193,19317
4653,106,0,194,19318
4663,106,0,230,19319
4654,106,0,231,19320
4330,106,0,232,19321
4656,106,0,233,19322
4667,106,0,234,19323
4653,106,0,270,19324
4653,106,0,271,19325
4668,106,0,272,19326
4674,106,0,273,19327
4652,106,0,274,19328
4652,106,0,310,19329
4653,106,0,311,19330
4668,106,0,312,19331
4330,106,0,313,19332
4667,106,0,314,19333
4658,106,0,1110,19334
4654,106,0,1111,19335
4330,106,1,1112,19336
4330,106,0,1113,19337
4663,106,0,1114,19338
4330,106,0,1170,19339
4658,106,0,1171,19340
4654,106,0,1172,19341
4330,106,1,1173,19342
4663,106,0,1174,19343
4330,107,1,30,19344
4652,107,0,31,19345
4668,107,0,32,19346
4652,107,0,33,19347
4664,107,0,34,19348
4330,107,0,70,19349
4330,107,1,71,19350
4667,107,0,72,19351
4330,107,1,73,19352
4652,107,0,74,19353
4654,107,0,110,19354
4330,107,0,111,19355
4664,107,0,112,19356
4330,107,1,113,19357
4330,107,1,114,19358
4674,107,0,150,19359
4652,107,0,151,19360
4330,107,0,152,19361
4664,107,0,153,19362
4330,107,1,154,19363
4666,107,0,190,19364
4667,107,0,191,19365
4330,107,1,192,19366
4652,107,0,193,19367
4663,107,0,194,19368
4330,107,1,230,19369
4674,107,0,231,19370
4667,107,0,232,19371
4664,107,0,233,19372
4330,107,1,234,19373
4330,107,0,270,19374
4666,107,0,271,19375
4330,107,0,272,19376
4666,107,0,273,19377
4330,107,0,274,19378
4330,107,1,310,19379
4667,107,0,311,19380
4664,107,0,312,19381
4666,107,0,313,19382
4330,107,0,314,19383
4330,107,1,1110,19384
4330,107,1,1111,19385
4666,107,0,1112,19386
4656,107,0,1113,19387
4667,107,0,1114,19388
4654,107,0,1170,19389
4656,107,0,1171,19390
4330,107,0,1172,19391
4663,107,0,1173,19392
4667,107,0,1174,19393
4940,108,0,34,19394
4940,108,0,79,19395
4940,108,0,157,19396
4940,108,0,203,19397
4940,108,0,230,19398
4940,108,0,241,19399
4940,108,0,259,19400
4940,108,0,286,19401
4940,108,0,292,19402
4940,108,0,1002,19403
4940,108,0,1053,19404
4940,108,0,1114,19405
4940,108,0,1157,19406
4940,108,0,1195,19407
4940,109,0,36,19408
4940,109,0,74,19409
4940,109,0,97,19410
4940,109,0,140,19411
4940,109,0,236,19412
4940,109,0,276,19413
4940,109,0,300,19414
4940,109,0,310,19415
4940,109,0,1060,19416
4940,109,0,1081,19417
4940,109,0,1103,19418
4940,109,0,1173,19419
4678,110,0,43,19420
4678,110,0,45,19421
4678,110,0,53,19422
4678,110,0,57,19423
4678,110,0,63,19424
4678,110,0,67,19425
4678,110,0,78,19426
4552,110,0,82,19427
4678,110,0,85,19428
4552,110,0,94,19429
4552,110,0,99,19430
4678,110,0,102,19431
4552,110,0,104,19432
4552,110,0,106,19433
4552,110,0,115,19434
4678,110,0,117,19435
4553,110,0,121,19436
4553,110,0,143,19437
4553,110,0,158,19438
4553,110,0,161,19439
4553,110,0,175,19440
4553,110,0,196,19441
4555,110,0,201,19442
4555,110,0,202,19443
4555,110,0,214,19444
4555,110,0,215,19445
4555,110,0,224,19446
4555,110,0,225,19447
4555,110,0,239,19448
4552,110,0,245,19449
4555,110,0,262,19450
4552,110,0,266,19451
4552,110,0,275,19452
4553,110,0,285,19453
4678,110,0,287,19454
4678,110,0,288,19455
4552,110,0,292,19456
4552,110,0,293,19457
4555,110,0,298,19458
4553,110,0,306,19459
4552,110,0,316,19460
4555,110,0,319,19461
5305,110,0,1000,19462
5305,110,0,1002,19463
5305,110,0,1010,19464
5300,110,0,1011,19465
5300,110,0,1012,19466
5305,110,0,1021,19467
5305,110,0,1023,19468
5300,110,0,1024,19469
5305,110,0,1033,19470
5300,110,0,1040,19471
5300,110,0,1050,19472
5300,110,0,1061,19473
5300,110,0,1070,19474
5305,110,0,1072,19475
5300,110,0,1081,19476
5300,110,0,1082,19477
5300,110,0,1086,19478
5300,110,0,1088,19479
5305,110,0,1089,19480
5300,110,0,1092,19481
5305,110,0,1094,19482
5305,110,0,1095,19483
5300,110,0,1098,19484
5300,110,0,1101,19485
5300,110,0,1105,19486
5305,110,0,1107,19487
5300,110,0,1135,19488
5305,110,0,1138,19489
5305,110,0,1146,19490
4555,110,0,1148,19491
5305,110,0,1149,19492
4552,110,0,1154,19493
5300,110,0,1155,19494
5300,110,0,1159,19495
4555,110,0,1160,19496
4678,110,0,1161,19497
4552,110,0,1166,19498
5305,110,0,1167,19499
4678,110,0,1196,19500
5305,110,0,1199,19501
4678,111,0,43,19502
4678,111,0,45,19503
4678,111,0,53,19504
4678,111,0,57,19505
4678,111,0,58,19506
4678,111,0,63,19507
4678,111,0,71,19508
4678,111,0,78,19509
4552,111,0,82,19510
4678,111,0,85,19511
4678,111,0,88,19512
4552,111,0,94,19513
4552,111,0,96,19514
4552,111,0,99,19515
4678,111,0,102,19516
4552,111,0,104,19517
4678,111,0,113,19518
4552,111,0,115,19519
4678,111,0,117,19520
4553,111,0,121,19521
4553,111,0,122,19522
4553,111,0,136,19523
4553,111,0,139,19524
4553,111,0,143,19525
4553,111,0,150,19526
4553,111,0,158,19527
4553,111,0,161,19528
4553,111,0,168,19529
4553,111,0,173,19530
4553,111,0,175,19531
4553,111,0,181,19532
4553,111,0,194,19533
4553,111,0,196,19534
4555,111,0,201,19535
4555,111,0,202,19536
4555,111,0,206,19537
4555,111,0,214,19538
4555,111,0,215,19539
4555,111,0,224,19540
4555,111,0,231,19541
4555,111,0,239,19542
4555,111,0,240,19543
4552,111,0,245,19544
4555,111,0,249,19545
4552,111,0,252,19546
4552,111,0,255,19547
4552,111,0,257,19548
4552,111,0,260,19549
4555,111,0,262,19550
4555,111,0,272,19551
4552,111,0,275,19552
4553,111,0,285,19553
4678,111,0,287,19554
4678,111,0,288,19555
4552,111,0,292,19556
4552,111,0,293,19557
4555,111,0,295,19558
4553,111,0,296,19559
4555,111,0,298,19560
4553,111,0,300,19561
4552,111,0,302,19562
4555,111,0,312,19563
4678,111,0,313,19564
4552,111,0,316,19565
4555,111,0,319,19566
5305,111,0,1000,19567
5305,111,0,1002,19568
5305,111,0,1010,19569
5300,111,0,1011,19570
5300,111,0,1012,19571
5305,111,0,1021,19572
5305,111,0,1023,19573
5300,111,0,1024,19574
5305,111,0,1033,19575
5300,111,0,1040,19576
5300,111,0,1050,19577
5300,111,0,1061,19578
5300,111,0,1070,19579
5305,111,0,1072,19580
5300,111,0,1081,19581
5300,111,0,1082,19582
5300,111,0,1086,19583
5300,111,0,1088,19584
5305,111,0,1089,19585
5300,111,0,1092,19586
5305,111,0,1094,19587
5305,111,0,1095,19588
5300,111,0,1098,19589
5300,111,0,1101,19590
5305,111,0,1110,19591
5300,111,0,1111,19592
5300,111,0,1135,19593
5305,111,0,1138,19594
4553,111,0,1140,19595
5305,111,0,1146,19596
4555,111,0,1148,19597
5305,111,0,1149,19598
4678,111,0,1152,19599
4552,111,0,1154,19600
5300,111,0,1155,19601
5300,111,0,1159,19602
4555,111,0,1160,19603
4678,111,0,1161,19604
5305,111,0,1172,19605
4678,111,0,1196,19606
5305,111,0,1199,19607
4678,112,0,43,19608
4678,112,0,57,19609
4678,112,0,71,19610
4678,112,0,85,19611
4678,112,0,88,19612
4552,112,0,96,19613
4678,112,0,102,19614
4678,112,0,113,19615
4553,112,0,121,19616
4553,112,0,122,19617
4553,112,0,143,19618
4553,112,0,150,19619
4553,112,0,161,19620
4553,112,0,168,19621
4553,112,0,173,19622
4553,112,0,175,19623
4553,112,0,181,19624
4553,112,0,194,19625
4555,112,0,202,19626
4555,112,0,206,19627
4555,112,0,214,19628
4555,112,0,215,19629
4555,112,0,224,19630
4555,112,0,225,19631
4555,112,0,231,19632
4552,112,0,245,19633
4552,112,0,252,19634
4552,112,0,260,19635
4555,112,0,262,19636
4552,112,0,266,19637
4555,112,0,272,19638
4553,112,0,285,19639
4678,112,0,287,19640
4552,112,0,292,19641
4552,112,0,293,19642
4555,112,0,295,19643
4555,112,0,298,19644
4553,112,0,300,19645
4552,112,0,302,19646
4555,112,0,312,19647
5305,112,0,1000,19648
5305,112,0,1002,19649
5300,112,0,1011,19650
5300,112,0,1012,19651
5305,112,0,1021,19652
5305,112,0,1023,19653
5305,112,0,1033,19654
5300,112,0,1040,19655
5300,112,0,1050,19656
5300,112,0,1070,19657
5305,112,0,1072,19658
5300,112,0,1081,19659
5300,112,0,1086,19660
5305,112,0,1089,19661
5300,112,0,1092,19662
5305,112,0,1095,19663
5300,112,0,1098,19664
5300,112,0,1101,19665
5300,112,0,1105,19666
5305,112,0,1107,19667
5305,112,0,1110,19668
5300,112,0,1111,19669
4553,112,0,1140,19670
5305,112,0,1146,19671
5305,112,0,1149,19672
4552,112,0,1154,19673
4555,112,0,1160,19674
4678,112,0,1161,19675
4552,112,0,1166,19676
5305,112,0,1167,19677
4553,112,0,1171,19678
5305,112,0,1172,19679
4678,113,0,43,19680
4678,113,0,45,19681
4678,113,0,53,19682
4678,113,0,58,19683
4678,113,0,67,19684
4678,113,0,71,19685
4678,113,0,78,19686
4552,113,0,82,19687
4552,113,0,94,19688
4552,113,0,96,19689
4552,113,0,106,19690
4678,113,0,113,19691
4552,113,0,115,19692
4678,113,0,117,19693
4553,113,0,122,19694
4553,113,0,136,19695
4553,113,0,139,19696
4553,113,0,148,19697
4553,113,0,150,19698
4553,113,0,158,19699
4553,113,0,168,19700
4553,113,0,173,19701
4553,113,0,187,19702
4553,113,0,194,19703
4553,113,0,196,19704
4555,113,0,201,19705
4555,113,0,202,19706
4555,113,0,214,19707
4555,113,0,215,19708
4555,113,0,225,19709
4555,113,0,239,19710
4555,113,0,240,19711
4555,113,0,249,19712
4552,113,0,252,19713
4552,113,0,255,19714
4552,113,0,257,19715
4552,113,0,266,19716
4552,113,0,275,19717
4678,113,0,287,19718
4678,113,0,288,19719
4552,113,0,292,19720
4555,113,0,295,19721
4553,113,0,296,19722
4555,113,0,298,19723
4553,113,0,306,19724
4678,113,0,309,19725
4678,113,0,313,19726
4552,113,0,316,19727
4555,113,0,319,19728
5305,113,0,1000,19729
5305,113,0,1002,19730
5305,113,0,1010,19731
5300,113,0,1011,19732
5300,113,0,1012,19733
5305,113,0,1021,19734
5305,113,0,1023,19735
5300,113,0,1024,19736
5305,113,0,1033,19737
5300,113,0,1040,19738
5300,113,0,1050,19739
5300,113,0,1061,19740
5300,113,0,1070,19741
5305,113,0,1072,19742
5300,113,0,1081,19743
5300,113,0,1082,19744
5300,113,0,1086,19745
5300,113,0,1088,19746
5305,113,0,1089,19747
5300,113,0,1092,19748
5305,113,0,1094,19749
5305,113,0,1095,19750
5300,113,0,1098,19751
5300,113,0,1105,19752
5305,113,0,1107,19753
5305,113,0,1110,19754
5300,113,0,1111,19755
5300,113,0,1135,19756
5305,113,0,1138,19757
4553,113,0,1140,19758
5305,113,0,1146,19759
4555,113,0,1148,19760
5305,113,0,1149,19761
4678,113,0,1152,19762
4552,113,0,1154,19763
5300,113,0,1155,19764
5300,113,0,1159,19765
4552,113,0,1166,19766
5305,113,0,1167,19767
4553,113,0,1171,19768
5305,113,0,1172,19769
4678,113,0,1196,19770
5305,113,0,1199,19771
4678,114,0,43,19772
4678,114,0,53,19773
4678,114,0,58,19774
4678,114,0,67,19775
4678,114,0,71,19776
4552,114,0,82,19777
4678,114,0,88,19778
4552,114,0,96,19779
4678,114,0,102,19780
4678,114,0,113,19781
4553,114,0,121,19782
4553,114,0,139,19783
4553,114,0,143,19784
4553,114,0,148,19785
4553,114,0,168,19786
4553,114,0,173,19787
4553,114,0,181,19788
4553,114,0,187,19789
4555,114,0,201,19790
4555,114,0,202,19791
4555,114,0,206,19792
4555,114,0,214,19793
4555,114,0,215,19794
4555,114,0,224,19795
4555,114,0,225,19796
4555,114,0,249,19797
4552,114,0,257,19798
4552,114,0,260,19799
4552,114,0,266,19800
4555,114,0,272,19801
4678,114,0,287,19802
4678,114,0,288,19803
4553,114,0,296,19804
4555,114,0,298,19805
4553,114,0,300,19806
4553,114,0,306,19807
4678,114,0,309,19808
4678,114,0,313,19809
5305,114,0,1000,19810
5305,114,0,1002,19811
5305,114,0,1010,19812
5300,114,0,1011,19813
5300,114,0,1012,19814
5305,114,0,1021,19815
5305,114,0,1023,19816
5300,114,0,1024,19817
5305,114,0,1033,19818
5300,114,0,1040,19819
5300,114,0,1050,19820
5300,114,0,1061,19821
5300,114,0,1070,19822
5305,114,0,1072,19823
5300,114,0,1081,19824
5300,114,0,1082,19825
5300,114,0,1086,19826
5300,114,0,1088,19827
5305,114,0,1089,19828
5300,114,0,1092,19829
5305,114,0,1094,19830
5305,114,0,1095,19831
5300,114,0,1098,19832
5300,114,0,1101,19833
5300,114,0,1105,19834
5305,114,0,1107,19835
5305,114,0,1110,19836
5300,114,0,1111,19837
4553,114,0,1140,19838
5305,114,0,1146,19839
5305,114,0,1149,19840
4678,114,0,1152,19841
5300,114,0,1155,19842
5300,114,0,1159,19843
4555,114,0,1160,19844
4552,114,0,1166,19845
5305,114,0,1167,19846
4553,114,0,1171,19847
5305,114,0,1172,19848
4678,115,0,43,19849
4678,115,0,45,19850
4678,115,0,53,19851
4678,115,0,57,19852
4678,115,0,58,19853
4678,115,0,63,19854
4678,115,0,67,19855
4678,115,0,71,19856
4678,115,0,78,19857
4552,115,0,82,19858
4678,115,0,85,19859
4678,115,0,88,19860
4552,115,0,94,19861
4552,115,0,96,19862
4552,115,0,99,19863
4678,115,0,102,19864
4552,115,0,104,19865
4552,115,0,106,19866
4678,115,0,113,19867
4552,115,0,115,19868
4678,115,0,117,19869
4553,115,0,121,19870
4553,115,0,122,19871
4553,115,0,136,19872
4553,115,0,139,19873
4553,115,0,143,19874
4553,115,0,148,19875
4553,115,0,150,19876
4553,115,0,158,19877
4553,115,0,161,19878
4553,115,0,168,19879
4553,115,0,173,19880
4553,115,0,175,19881
4553,115,0,181,19882
4553,115,0,187,19883
4553,115,0,194,19884
4553,115,0,196,19885
4555,115,0,201,19886
4555,115,0,202,19887
4555,115,0,206,19888
4555,115,0,214,19889
4555,115,0,215,19890
4555,115,0,224,19891
4555,115,0,225,19892
4555,115,0,231,19893
4555,115,0,239,19894
4555,115,0,240,19895
4552,115,0,245,19896
4555,115,0,249,19897
4552,115,0,252,19898
4552,115,0,255,19899
4552,115,0,257,19900
4552,115,0,260,19901
4555,115,0,262,19902
4552,115,0,266,19903
4555,115,0,272,19904
4552,115,0,275,19905
4553,115,0,285,19906
4678,115,0,287,19907
4678,115,0,288,19908
4552,115,0,292,19909
4552,115,0,293,19910
4555,115,0,295,19911
4553,115,0,296,19912
4555,115,0,298,19913
4553,115,0,300,19914
4552,115,0,302,19915
4553,115,0,306,19916
4678,115,0,309,19917
4555,115,0,312,19918
4678,115,0,313,19919
4552,115,0,316,19920
4555,115,0,319,19921
5305,115,0,1000,19922
5305,115,0,1002,19923
5305,115,0,1010,19924
5300,115,0,1011,19925
5300,115,0,1012,19926
5305,115,0,1021,19927
5305,115,0,1023,19928
5300,115,0,1024,19929
5305,115,0,1033,19930
5300,115,0,1040,19931
5300,115,0,1050,19932
5300,115,0,1061,19933
5300,115,0,1070,19934
5305,115,0,1072,19935
5300,115,0,1081,19936
5300,115,0,1082,19937
5300,115,0,1086,19938
5300,115,0,1088,19939
5305,115,0,1089,19940
5300,115,0,1092,19941
5305,115,0,1094,19942
5305,115,0,1095,19943
5300,115,0,1098,19944
5300,115,0,1101,19945
5300,115,0,1105,19946
5305,115,0,1107,19947
5305,115,0,1110,19948
5300,115,0,1111,19949
5300,115,0,1135,19950
5305,115,0,1138,19951
4553,115,0,1140,19952
5305,115,0,1146,19953
4555,115,0,1148,19954
5305,115,0,1149,19955
4678,115,0,1152,19956
4552,115,0,1154,19957
5300,115,0,1155,19958
5300,115,0,1159,19959
4555,115,0,1160,19960
4678,115,0,1161,19961
4552,115,0,1166,19962
5305,115,0,1167,19963
4553,115,0,1171,19964
5305,115,0,1172,19965
4678,115,0,1196,19966
5305,115,0,1199,19967
4678,116,0,43,19968
4678,116,0,45,19969
4678,116,0,58,19970
4678,116,0,63,19971
4678,116,0,78,19972
4552,116,0,82,19973
4678,116,0,85,19974
4678,116,0,88,19975
4552,116,0,94,19976
4552,116,0,99,19977
4552,116,0,104,19978
4552,116,0,106,19979
4552,116,0,115,19980
4678,116,0,117,19981
4553,116,0,121,19982
4553,116,0,122,19983
4553,116,0,136,19984
4553,116,0,139,19985
4553,116,0,143,19986
4553,116,0,148,19987
4553,116,0,158,19988
4553,116,0,161,19989
4553,116,0,168,19990
4553,116,0,173,19991
4553,116,0,175,19992
4553,116,0,187,19993
4553,116,0,196,19994
4555,116,0,206,19995
4555,116,0,215,19996
4555,116,0,224,19997
4555,116,0,239,19998
4555,116,0,240,19999
4552,116,0,245,20000
4552,116,0,252,20001
4552,116,0,255,20002
4552,116,0,260,20003
4552,116,0,275,20004
4678,116,0,288,20005
4552,116,0,293,20006
4555,116,0,295,20007
4553,116,0,296,20008
4555,116,0,298,20009
4552,116,0,302,20010
4678,116,0,309,20011
4552,116,0,316,20012
4555,116,0,319,20013
5305,116,0,1000,20014
5305,116,0,1002,20015
5305,116,0,1010,20016
5300,116,0,1011,20017
5300,116,0,1012,20018
5300,116,0,1024,20019
5300,116,0,1050,20020
5300,116,0,1061,20021
5305,116,0,1072,20022
5300,116,0,1081,20023
5300,116,0,1082,20024
5300,116,0,1086,20025
5300,116,0,1088,20026
5305,116,0,1089,20027
5300,116,0,1092,20028
5305,116,0,1094,20029
5300,116,0,1098,20030
5300,116,0,1101,20031
5300,116,0,1105,20032
5305,116,0,1107,20033
5300,116,0,1135,20034
5305,116,0,1138,20035
4553,116,0,1140,20036
5305,116,0,1146,20037
5300,116,0,1155,20038
5300,116,0,1159,20039
4555,116,0,1160,20040
4678,116,0,1161,20041
5305,116,0,1167,20042
4678,116,0,1196,20043
5305,116,0,1199,20044
4678,117,0,43,20045
4678,117,0,53,20046
4678,117,0,57,20047
4678,117,0,58,20048
4678,117,0,63,20049
4678,117,0,67,20050
4678,117,0,78,20051
4678,117,0,85,20052
4678,117,0,88,20053
4552,117,0,96,20054
4552,117,0,99,20055
4678,117,0,102,20056
4552,117,0,104,20057
4552,117,0,106,20058
4552,117,0,115,20059
4678,117,0,117,20060
4553,117,0,121,20061
4553,117,0,122,20062
4553,117,0,136,20063
4553,117,0,139,20064
4553,117,0,143,20065
4553,117,0,148,20066
4553,117,0,158,20067
4553,117,0,161,20068
4553,117,0,168,20069
4553,117,0,173,20070
4553,117,0,175,20071
4553,117,0,181,20072
4553,117,0,187,20073
4553,117,0,196,20074
4555,117,0,201,20075
4555,117,0,206,20076
4555,117,0,214,20077
4555,117,0,239,20078
4555,117,0,240,20079
4552,117,0,245,20080
4555,117,0,249,20081
4552,117,0,252,20082
4552,117,0,255,20083
4552,117,0,257,20084
4552,117,0,260,20085
4555,117,0,262,20086
4552,117,0,275,20087
4553,117,0,285,20088
4678,117,0,287,20089
4678,117,0,288,20090
4552,117,0,292,20091
4552,117,0,293,20092
4555,117,0,295,20093
4553,117,0,296,20094
4555,117,0,298,20095
4553,117,0,300,20096
4552,117,0,302,20097
4553,117,0,306,20098
4678,117,0,309,20099
4552,117,0,316,20100
4555,117,0,319,20101
5305,117,0,1000,20102
5305,117,0,1002,20103
5305,117,0,1010,20104
5300,117,0,1011,20105
5300,117,0,1012,20106
5305,117,0,1021,20107
5305,117,0,1023,20108
5300,117,0,1024,20109
5305,117,0,1033,20110
5300,117,0,1040,20111
5300,117,0,1050,20112
5300,117,0,1061,20113
5300,117,0,1070,20114
5305,117,0,1072,20115
5300,117,0,1081,20116
5300,117,0,1082,20117
5300,117,0,1086,20118
5300,117,0,1088,20119
5305,117,0,1089,20120
5300,117,0,1092,20121
5305,117,0,1094,20122
5305,117,0,1095,20123
5300,117,0,1098,20124
5300,117,0,1101,20125
5300,117,0,1105,20126
5305,117,0,1107,20127
5300,117,0,1135,20128
5305,117,0,1138,20129
4553,117,0,1140,20130
5305,117,0,1146,20131
4555,117,0,1148,20132
5305,117,0,1149,20133
4678,117,0,1152,20134
4552,117,0,1154,20135
5300,117,0,1155,20136
5300,117,0,1159,20137
4555,117,0,1160,20138
4678,117,0,1161,20139
4552,117,0,1166,20140
5305,117,0,1167,20141
4678,117,0,1196,20142
5305,117,0,1199,20143
4678,118,0,45,20144
4678,118,0,53,20145
4678,118,0,57,20146
4678,118,0,58,20147
4678,118,0,63,20148
4678,118,0,67,20149
4552,118,0,82,20150
4678,118,0,85,20151
4552,118,0,94,20152
4552,118,0,96,20153
4552,118,0,99,20154
4678,118,0,102,20155
4552,118,0,104,20156
4552,118,0,106,20157
4678,118,0,113,20158
4553,118,0,136,20159
4553,118,0,148,20160
4553,118,0,150,20161
4553,118,0,161,20162
4553,118,0,175,20163
4553,118,0,181,20164
4553,118,0,187,20165
4553,118,0,194,20166
4555,118,0,201,20167
4555,118,0,206,20168
4555,118,0,224,20169
4555,118,0,225,20170
4555,118,0,231,20171
4555,118,0,240,20172
4555,118,0,249,20173
4552,118,0,252,20174
4552,118,0,255,20175
4552,118,0,257,20176
4552,118,0,260,20177
4555,118,0,262,20178
4552,118,0,266,20179
4555,118,0,272,20180
4553,118,0,285,20181
4678,118,0,287,20182
4552,118,0,292,20183
4555,118,0,295,20184
4553,118,0,296,20185
4553,118,0,300,20186
4552,118,0,302,20187
4553,118,0,306,20188
4678,118,0,309,20189
4555,118,0,312,20190
4678,118,0,313,20191
5305,118,0,1002,20192
5305,118,0,1010,20193
5305,118,0,1021,20194
5305,118,0,1023,20195
5300,118,0,1024,20196
5305,118,0,1033,20197
5300,118,0,1040,20198
5300,118,0,1061,20199
5300,118,0,1070,20200
5305,118,0,1072,20201
5300,118,0,1082,20202
5300,118,0,1086,20203
5300,118,0,1088,20204
5305,118,0,1089,20205
5300,118,0,1092,20206
5305,118,0,1094,20207
5305,118,0,1095,20208
5300,118,0,1101,20209
5300,118,0,1105,20210
5305,118,0,1107,20211
5305,118,0,1110,20212
5300,118,0,1111,20213
5305,118,0,1146,20214
4555,118,0,1148,20215
5305,118,0,1149,20216
4678,118,0,1152,20217
4552,118,0,1154,20218
5300,118,0,1155,20219
5300,118,0,1159,20220
4555,118,0,1160,20221
4678,118,0,1161,20222
4552,118,0,1166,20223
5305,118,0,1167,20224
4553,118,0,1171,20225
5305,118,0,1172,20226
4678,119,0,45,20227
4678,119,0,57,20228
4678,119,0,78,20229
4678,119,0,85,20230
4678,119,0,88,20231
4552,119,0,94,20232
4552,119,0,99,20233
4552,119,0,115,20234
4678,119,0,117,20235
4553,119,0,121,20236
4553,119,0,122,20237
4553,119,0,136,20238
4553,119,0,139,20239
4553,119,0,150,20240
4553,119,0,158,20241
4553,119,0,161,20242
4553,119,0,173,20243
4553,119,0,175,20244
4553,119,0,194,20245
4553,119,0,196,20246
4555,119,0,202,20247
4555,119,0,206,20248
4555,119,0,231,20249
4555,119,0,239,20250
4555,119,0,240,20251
4552,119,0,245,20252
4555,119,0,249,20253
4552,119,0,255,20254
4552,119,0,257,20255
4555,119,0,272,20256
4552,119,0,275,20257
4553,119,0,285,20258
4552,119,0,292,20259
4552,119,0,293,20260
4555,119,0,312,20261
4552,119,0,316,20262
4555,119,0,319,20263
5305,119,0,1000,20264
5305,119,0,1002,20265
5305,119,0,1010,20266
5300,119,0,1011,20267
5300,119,0,1012,20268
5305,119,0,1021,20269
5305,119,0,1023,20270
5300,119,0,1024,20271
5305,119,0,1033,20272
5300,119,0,1040,20273
5300,119,0,1050,20274
5300,119,0,1061,20275
5300,119,0,1070,20276
5305,119,0,1072,20277
5300,119,0,1081,20278
5300,119,0,1082,20279
5300,119,0,1086,20280
5300,119,0,1088,20281
5305,119,0,1089,20282
5300,119,0,1092,20283
5305,119,0,1094,20284
5305,119,0,1095,20285
5300,119,0,1098,20286
5305,119,0,1110,20287
5300,119,0,1111,20288
5300,119,0,1135,20289
5305,119,0,1138,20290
4553,119,0,1140,20291
5305,119,0,1146,20292
4555,119,0,1148,20293
5305,119,0,1149,20294
4678,119,0,1152,20295
4552,119,0,1154,20296
5300,119,0,1155,20297
5300,119,0,1159,20298
4553,119,0,1171,20299
5305,119,0,1172,20300
4678,119,0,1196,20301
5305,119,0,1199,20302
4678,120,0,45,20303
4678,120,0,53,20304
4678,120,0,57,20305
4678,120,0,58,20306
4678,120,0,63,20307
4678,120,0,67,20308
4678,120,0,71,20309
4552,120,0,82,20310
4678,120,0,88,20311
4552,120,0,94,20312
4552,120,0,96,20313
4552,120,0,99,20314
4678,120,0,102,20315
4552,120,0,104,20316
4552,120,0,106,20317
4553,120,0,122,20318
4553,120,0,136,20319
4553,120,0,139,20320
4553,120,0,148,20321
4553,120,0,150,20322
4553,120,0,168,20323
4553,120,0,181,20324
4553,120,0,187,20325
4553,120,0,194,20326
4555,120,0,201,20327
4555,120,0,202,20328
4555,120,0,214,20329
4555,120,0,215,20330
4555,120,0,224,20331
4555,120,0,225,20332
4555,120,0,231,20333
4555,120,0,240,20334
4552,120,0,245,20335
4555,120,0,249,20336
4552,120,0,252,20337
4552,120,0,255,20338
4552,120,0,257,20339
4555,120,0,262,20340
4552,120,0,266,20341
4553,120,0,285,20342
4678,120,0,288,20343
4552,120,0,293,20344
4555,120,0,295,20345
4553,120,0,296,20346
4553,120,0,300,20347
4552,120,0,302,20348
4553,120,0,306,20349
4678,120,0,309,20350
4555,120,0,312,20351
4678,120,0,313,20352
5305,120,0,1000,20353
5305,120,0,1010,20354
5300,120,0,1011,20355
5300,120,0,1012,20356
5305,120,0,1021,20357
5305,120,0,1023,20358
5300,120,0,1024,20359
5305,120,0,1033,20360
5300,120,0,1040,20361
5300,120,0,1050,20362
5300,120,0,1061,20363
5300,120,0,1070,20364
5300,120,0,1081,20365
5300,120,0,1082,20366
5300,120,0,1088,20367
5305,120,0,1094,20368
5305,120,0,1095,20369
5300,120,0,1098,20370
5300,120,0,1101,20371
5300,120,0,1105,20372
5305,120,0,1107,20373
5305,120,0,1110,20374
5300,120,0,1111,20375
4555,120,0,1148,20376
5305,120,0,1149,20377
4678,120,0,1152,20378
5300,120,0,1155,20379
5300,120,0,1159,20380
5305,120,0,1167,20381
5305,120,0,1172,20382
4940,121,0,56,20383
4940,121,0,204,20384
4940,121,0,264,20385
4940,121,0,306,20386
4940,121,0,1080,20387
4940,121,0,1098,20388
4940,121,0,1100,20389
4940,121,0,1169,20390
4678,122,0,63,20391
4552,122,0,104,20392
4553,122,0,143,20393
4553,122,0,181,20394
4552,122,0,260,20395
4555,122,0,262,20396
4553,122,0,300,20397
4552,122,0,302,20398
5300,122,0,1101,20399
4678,122,0,1161,20400
4678,123,0,67,20401
4552,123,0,106,20402
4553,123,0,148,20403
4553,123,0,187,20404
4555,123,0,225,20405
4552,123,0,266,20406
4553,123,0,306,20407
4678,123,0,309,20408
5300,123,0,1105,20409
5305,123,0,1107,20410
4552,123,0,1166,20411
5305,123,0,1167,20412
4678,124,0,71,20413
4678,124,0,113,20414
4555,124,0,231,20415
4555,124,0,272,20416
4555,124,0,312,20417
4678,124,0,313,20418
5305,124,0,1110,20419
5300,124,0,1111,20420
4553,124,0,1171,20421
5305,124,0,1172,20422
4678,125,0,71,20423
4678,125,0,113,20424
4553,125,0,150,20425
4553,125,0,194,20426
4555,125,0,231,20427
4555,125,0,272,20428
4555,125,0,312,20429
4678,125,0,313,20430
5305,125,0,1110,20431
5300,125,0,1111,20432
4553,125,0,1171,20433
5305,125,0,1172,20434
4678,126,0,78,20435
4678,126,0,117,20436
4678,126,0,1196,20437
4940,127,0,94,20438
4940,127,0,102,20439
4940,127,0,105,20440
4940,127,0,145,20441
4940,127,0,152,20442
4940,127,0,200,20443
4940,127,0,229,20444
4940,127,0,248,20445
4940,127,0,273,20446
4940,127,0,297,20447
4940,127,0,1092,20448
4940,127,0,1099,20449
4940,127,0,1102,20450
4940,127,0,1111,20451
4552,128,0,115,20452
4553,128,0,158,20453
4553,128,0,196,20454
4555,128,0,239,20455
4552,128,0,275,20456
4552,128,0,316,20457
4555,128,0,319,20458
5300,128,0,1135,20459
5305,128,0,1138,20460
5305,128,0,1199,20461
4940,129,0,1001,20462
4940,129,0,1085,20463
4940,129,0,1087,20464
4940,129,0,1108,20465
4940,129,0,1135,20466
4940,129,0,1138,20467
4940,129,0,1152,20468
4940,129,0,1154,20469
5242,130,0,1005,20470
5240,130,0,1006,20471
5240,130,0,1007,20472
5242,130,0,1008,20473
5242,130,0,1009,20474
5242,130,0,1015,20475
5240,130,0,1016,20476
5240,130,0,1017,20477
5242,130,0,1018,20478
5240,130,0,1019,20479
5240,130,0,1025,20480
5242,130,0,1026,20481
5242,130,0,1027,20482
5240,130,0,1028,20483
5242,130,0,1029,20484
5242,130,0,1035,20485
5242,130,0,1036,20486
5242,130,0,1037,20487
5240,130,0,1038,20488
5240,130,0,1039,20489
5242,130,0,1045,20490
5242,130,0,1046,20491
5240,130,0,1047,20492
5242,130,0,1048,20493
5242,130,0,1049,20494
5240,130,0,1055,20495
5240,130,0,1056,20496
5240,130,0,1057,20497
5242,130,0,1058,20498
5240,130,0,1059,20499
5242,130,0,1065,20500
5240,130,0,1066,20501
5242,130,0,1067,20502
5242,130,0,1068,20503
5242,130,0,1069,20504
5242,130,0,1075,20505
5242,130,0,1076,20506
5240,130,0,1077,20507
5240,130,0,1078,20508
5242,130,0,1079,20509
5240,130,0,1115,20510
5242,130,0,1116,20511
5242,130,0,1117,20512
5240,130,0,1118,20513
5240,130,0,1119,20514
5240,130,0,1120,20515
5240,130,0,1121,20516
5242,130,0,1122,20517
5240,130,0,1123,20518
5240,130,0,1124,20519
5240,130,0,1125,20520
5240,130,0,1126,20521
5240,130,0,1127,20522
5242,130,0,1128,20523
5242,130,0,1129,20524
5242,130,0,1130,20525
5242,130,0,1131,20526
5240,130,0,1132,20527
5240,130,0,1133,20528
5242,130,0,1134,20529
5242,130,0,1175,20530
5240,130,0,1176,20531
5242,130,0,1177,20532
5242,130,0,1178,20533
5242,130,0,1179,20534
5240,130,0,1180,20535
5240,130,0,1181,20536
5242,130,0,1182,20537
5240,130,0,1183,20538
5242,130,0,1184,20539
5240,130,0,1185,20540
5242,130,0,1186,20541
5242,130,0,1187,20542
5240,130,0,1188,20543
5240,130,0,1189,20544
5240,130,0,1190,20545
5242,130,0,1191,20546
5240,130,0,1192,20547
5240,130,0,1193,20548
5240,130,0,1194,20549
5257,131,0,1005,20550
5257,131,0,1006,20551
5257,131,0,1007,20552
5257,131,0,1008,20553
5255,131,0,1009,20554
5257,131,0,1015,20555
5257,131,0,1016,20556
5257,131,0,1017,20557
5255,131,0,1018,20558
5257,131,0,1019,20559
5255,131,0,1025,20560
5257,131,0,1026,20561
5257,131,0,1027,20562
5257,131,0,1028,20563
5255,131,0,1029,20564
5255,131,0,1035,20565
5257,131,0,1036,20566
5255,131,0,1037,20567
5255,131,0,1038,20568
5257,131,0,1039,20569
5255,131,0,1045,20570
5255,131,0,1046,20571
5257,131,0,1047,20572
5257,131,0,1048,20573
5255,131,0,1049,20574
5257,131,0,1055,20575
5257,131,0,1056,20576
5257,131,0,1057,20577
5255,131,0,1058,20578
5255,131,0,1059,20579
5255,131,0,1065,20580
5255,131,0,1066,20581
5255,131,0,1067,20582
5255,131,0,1068,20583
5255,131,0,1069,20584
5255,131,0,1075,20585
5257,131,0,1076,20586
5257,131,0,1077,20587
5255,131,0,1078,20588
5255,131,0,1079,20589
5257,131,0,1115,20590
5257,131,0,1116,20591
5257,131,0,1117,20592
5257,131,0,1118,20593
5255,131,0,1119,20594
5257,131,0,1120,20595
5255,131,0,1121,20596
5257,131,0,1122,20597
5257,131,0,1123,20598
5257,131,0,1124,20599
5257,131,0,1125,20600
5255,131,0,1126,20601
5257,131,0,1127,20602
5257,131,0,1128,20603
5257,131,0,1129,20604
5257,131,0,1130,20605
5257,131,0,1131,20606
5257,131,0,1132,20607
5257,131,0,1133,20608
5257,131,0,1134,20609
5257,131,0,1175,20610
5255,131,0,1176,20611
5257,131,0,1177,20612
5255,131,0,1178,20613
5257,131,0,1179,20614
5255,131,0,1180,20615
5255,131,0,1181,20616
5257,131,0,1182,20617
5255,131,0,1183,20618
5255,131,0,1184,20619
5255,131,0,1185,20620
5257,131,0,1186,20621
5255,131,0,1187,20622
5257,131,0,1188,20623
5255,131,0,1189,20624
5255,131,0,1190,20625
5255,131,0,1191,20626
5257,131,0,1192,20627
5255,131,0,1193,20628
5255,131,0,1194,20629
5246,132,0,1005,20630
5246,132,0,1006,20631
5246,132,0,1007,20632
5245,132,0,1008,20633
5246,132,0,1009,20634
5246,132,0,1015,20635
5245,132,0,1016,20636
5245,132,0,1017,20637
5246,132,0,1018,20638
5246,132,0,1019,20639
5246,132,0,1025,20640
5246,132,0,1026,20641
5245,132,0,1027,20642
5245,132,0,1028,20643
5245,132,0,1029,20644
5246,132,0,1035,20645
5245,132,0,1036,20646
5246,132,0,1037,20647
5246,132,0,1038,20648
5246,132,0,1039,20649
5245,132,0,1045,20650
5245,132,0,1046,20651
5246,132,0,1047,20652
5246,132,0,1048,20653
5245,132,0,1049,20654
5245,132,0,1055,20655
5246,132,0,1056,20656
5246,132,0,1057,20657
5245,132,0,1058,20658
5246,132,0,1059,20659
5245,132,0,1065,20660
5246,132,0,1066,20661
5246,132,0,1067,20662
5246,132,0,1068,20663
5246,132,0,1069,20664
5246,132,0,1075,20665
5245,132,0,1076,20666
5246,132,0,1077,20667
5245,132,0,1078,20668
5245,132,0,1079,20669
5246,132,0,1115,20670
5245,132,0,1116,20671
5246,132,0,1117,20672
5246,132,0,1118,20673
5246,132,0,1119,20674
5245,132,0,1120,20675
5246,132,0,1121,20676
5246,132,0,1122,20677
5246,132,0,1123,20678
5246,132,0,1124,20679
5245,132,0,1125,20680
5245,132,0,1126,20681
5245,132,0,1127,20682
5246,132,0,1128,20683
5245,132,0,1129,20684
5245,132,0,1130,20685
5246,132,0,1131,20686
5246,132,0,1132,20687
5245,132,0,1133,20688
5246,132,0,1134,20689
5245,132,0,1175,20690
5245,132,0,1176,20691
5246,132,0,1177,20692
5245,132,0,1178,20693
5246,132,0,1179,20694
5245,132,0,1180,20695
5245,132,0,1181,20696
5246,132,0,1182,20697
5246,132,0,1183,20698
5245,132,0,1184,20699
5246,132,0,1185,20700
5246,132,0,1186,20701
5245,132,0,1187,20702
5246,132,0,1188,20703
5246,132,0,1189,20704
5246,132,0,1190,20705
5246,132,0,1191,20706
5246,132,0,1192,20707
5246,132,0,1193,20708
5245,132,0,1194,20709
5252,133,0,1005,20710
5252,133,0,1006,20711
5252,133,0,1007,20712
5252,133,0,1008,20713
5252,133,0,1009,20714
5252,133,0,1015,20715
5252,133,0,1016,20716
5252,133,0,1017,20717
5252,133,0,1018,20718
5252,133,0,1019,20719
5252,133,0,1025,20720
5250,133,0,1026,20721
5250,133,0,1027,20722
5250,133,0,1028,20723
5250,133,0,1029,20724
5252,133,0,1035,20725
5250,133,0,1036,20726
5252,133,0,1037,20727
5250,133,0,1038,20728
5252,133,0,1039,20729
5252,133,0,1045,20730
5250,133,0,1046,20731
5250,133,0,1047,20732
5250,133,0,1048,20733
5252,133,0,1049,20734
5252,133,0,1055,20735
5252,133,0,1056,20736
5250,133,0,1057,20737
5252,133,0,1058,20738
5252,133,0,1059,20739
5252,133,0,1065,20740
5250,133,0,1066,20741
5252,133,0,1067,20742
5252,133,0,1068,20743
5250,133,0,1069,20744
5252,133,0,1075,20745
5250,133,0,1076,20746
5250,133,0,1077,20747
5250,133,0,1078,20748
5250,133,0,1079,20749
5252,133,0,1115,20750
5250,133,0,1116,20751
5250,133,0,1117,20752
5250,133,0,1118,20753
5252,133,0,1119,20754
5250,133,0,1120,20755
5250,133,0,1121,20756
5252,133,0,1122,20757
5252,133,0,1123,20758
5252,133,0,1124,20759
5252,133,0,1125,20760
5252,133,0,1126,20761
5250,133,0,1127,20762
5252,133,0,1128,20763
5252,133,0,1129,20764
5250,133,0,1130,20765
5252,133,0,1131,20766
5250,133,0,1132,20767
5252,133,0,1133,20768
5252,133,0,1134,20769
5252,133,0,1175,20770
5252,133,0,1176,20771
5252,133,0,1177,20772
5252,133,0,1178,20773
5252,133,0,1179,20774
5252,133,0,1180,20775
5252,133,0,1181,20776
5252,133,0,1182,20777
5252,133,0,1183,20778
5250,133,0,1184,20779
5250,133,0,1185,20780
5250,133,0,1186,20781
5252,133,0,1187,20782
5250,133,0,1188,20783
5252,133,0,1189,20784
5252,133,0,1190,20785
5252,133,0,1191,20786
5250,133,0,1192,20787
5252,133,0,1193,20788
5252,133,0,1194,20789
5359,134,0,1005,20790
5358,134,0,1006,20791
5358,134,0,1007,20792
5359,134,0,1008,20793
5359,134,0,1009,20794
5358,134,0,1015,20795
5359,134,0,1016,20796
5359,134,0,1017,20797
5358,134,0,1018,20798
5358,134,0,1019,20799
5359,134,0,1025,20800
5359,134,0,1026,20801
5358,134,0,1027,20802
5359,134,0,1028,20803
5358,134,0,1029,20804
5359,134,0,1035,20805
5358,134,0,1036,20806
5359,134,0,1037,20807
5358,134,0,1038,20808
5358,134,0,1039,20809
5359,134,0,1045,20810
5358,134,0,1046,20811
5358,134,0,1047,20812
5359,134,0,1048,20813
5359,134,0,1049,20814
5359,134,0,1055,20815
5359,134,0,1056,20816
5358,134,0,1057,20817
5358,134,0,1058,20818
5358,134,0,1059,20819
5359,134,0,1065,20820
5359,134,0,1066,20821
5359,134,0,1067,20822
5358,134,0,1068,20823
5358,134,0,1069,20824
5358,134,0,1075,20825
5358,134,0,1076,20826
5359,134,0,1077,20827
5358,134,0,1078,20828
5359,134,0,1079,20829
5358,134,0,1115,20830
5359,134,0,1116,20831
5358,134,0,1117,20832
5359,134,0,1118,20833
5359,134,0,1119,20834
5359,134,0,1120,20835
5359,134,0,1121,20836
5358,134,0,1122,20837
5359,134,0,1123,20838
5359,134,0,1124,20839
5359,134,0,1125,20840
5359,134,0,1126,20841
5358,134,0,1127,20842
5358,134,0,1128,20843
5358,134,0,1129,20844
5358,134,0,1130,20845
5358,134,0,1131,20846
5358,134,0,1132,20847
5359,134,0,1133,20848
5358,134,0,1134,20849
5359,134,0,1175,20850
5359,134,0,1176,20851
5358,134,0,1177,20852
5358,134,0,1178,20853
5359,134,0,1179,20854
5358,134,0,1180,20855
5358,134,0,1181,20856
5359,134,0,1182,20857
5358,134,0,1183,20858
5358,134,0,1184,20859
5358,134,0,1185,20860
5358,134,0,1186,20861
5358,134,0,1187,20862
5359,134,0,1188,20863
5359,134,0,1189,20864
5359,134,0,1190,20865
5358,134,0,1191,20866
5359,134,0,1192,20867
5359,134,0,1193,20868
5359,134,0,1194,20869
5357,135,0,1005,20870
5361,135,0,1005,20871
5355,135,0,1005,20872
5354,135,0,1006,20873
5360,135,0,1006,20874
5356,135,0,1006,20875
5354,135,0,1007,20876
5361,135,0,1007,20877
5356,135,0,1007,20878
5357,135,0,1008,20879
5360,135,0,1008,20880
5355,135,0,1008,20881
5357,135,0,1009,20882
5361,135,0,1009,20883
5356,135,0,1009,20884
5354,135,0,1015,20885
5360,135,0,1015,20886
5356,135,0,1015,20887
5357,135,0,1016,20888
5360,135,0,1016,20889
5355,135,0,1016,20890
5357,135,0,1017,20891
5361,135,0,1017,20892
5355,135,0,1017,20893
5354,135,0,1018,20894
5360,135,0,1018,20895
5355,135,0,1018,20896
5354,135,0,1019,20897
5361,135,0,1019,20898
5356,135,0,1019,20899
5357,135,0,1025,20900
5361,135,0,1025,20901
5355,135,0,1025,20902
5357,135,0,1026,20903
5360,135,0,1026,20904
5355,135,0,1026,20905
5354,135,0,1027,20906
5361,135,0,1027,20907
5356,135,0,1027,20908
5357,135,0,1028,20909
5361,135,0,1028,20910
5356,135,0,1028,20911
5354,135,0,1029,20912
5360,135,0,1029,20913
5356,135,0,1029,20914
5357,135,0,1035,20915
5361,135,0,1035,20916
5356,135,0,1035,20917
5354,135,0,1036,20918
5361,135,0,1036,20919
5356,135,0,1036,20920
5357,135,0,1037,20921
5360,135,0,1037,20922
5355,135,0,1037,20923
5354,135,0,1038,20924
5360,135,0,1038,20925
5355,135,0,1038,20926
5354,135,0,1039,20927
5360,135,0,1039,20928
5355,135,0,1039,20929
5357,135,0,1045,20930
5360,135,0,1045,20931
5356,135,0,1045,20932
5354,135,0,1046,20933
5361,135,0,1046,20934
5355,135,0,1046,20935
5354,135,0,1047,20936
5361,135,0,1047,20937
5356,135,0,1047,20938
5357,135,0,1048,20939
5360,135,0,1048,20940
5355,135,0,1048,20941
5357,135,0,1049,20942
5361,135,0,1049,20943
5356,135,0,1049,20944
5357,135,0,1055,20945
5360,135,0,1055,20946
5356,135,0,1055,20947
5357,135,0,1056,20948
5360,135,0,1056,20949
5355,135,0,1056,20950
5354,135,0,1057,20951
5360,135,0,1057,20952
5356,135,0,1057,20953
5354,135,0,1058,20954
5361,135,0,1058,20955
5355,135,0,1058,20956
5354,135,0,1059,20957
5361,135,0,1059,20958
5355,135,0,1059,20959
5357,135,0,1065,20960
5361,135,0,1065,20961
5355,135,0,1065,20962
5357,135,0,1066,20963
5361,135,0,1066,20964
5356,135,0,1066,20965
5357,135,0,1067,20966
5361,135,0,1067,20967
5356,135,0,1067,20968
5354,135,0,1068,20969
5360,135,0,1068,20970
5355,135,0,1068,20971
5354,135,0,1069,20972
5360,135,0,1069,20973
5356,135,0,1069,20974
5354,135,0,1075,20975
5360,135,0,1075,20976
5355,135,0,1075,20977
5354,135,0,1076,20978
5360,135,0,1076,20979
5355,135,0,1076,20980
5357,135,0,1077,20981
5360,135,0,1077,20982
5356,135,0,1077,20983
5354,135,0,1078,20984
5361,135,0,1078,20985
5356,135,0,1078,20986
5357,135,0,1079,20987
5361,135,0,1079,20988
5355,135,0,1079,20989
5354,135,0,1115,20990
5361,135,0,1115,20991
5356,135,0,1115,20992
5357,135,0,1116,20993
5360,135,0,1116,20994
5355,135,0,1116,20995
5354,135,0,1117,20996
5361,135,0,1117,20997
5355,135,0,1117,20998
5357,135,0,1118,20999
5360,135,0,1118,21000
5356,135,0,1118,21001
5357,135,0,1119,21002
5361,135,0,1119,21003
5356,135,0,1119,21004
5357,135,0,1120,21005
5361,135,0,1120,21006
5355,135,0,1120,21007
5357,135,0,1121,21008
5360,135,0,1121,21009
5356,135,0,1121,21010
5354,135,0,1122,21011
5360,135,0,1122,21012
5356,135,0,1122,21013
5357,135,0,1123,21014
5360,135,0,1123,21015
5355,135,0,1123,21016
5357,135,0,1124,21017
5360,135,0,1124,21018
5355,135,0,1124,21019
5357,135,0,1125,21020
5360,135,0,1125,21021
5356,135,0,1125,21022
5357,135,0,1126,21023
5361,135,0,1126,21024
5355,135,0,1126,21025
5354,135,0,1127,21026
5360,135,0,1127,21027
5356,135,0,1127,21028
5354,135,0,1128,21029
5361,135,0,1128,21030
5356,135,0,1128,21031
5354,135,0,1129,21032
5361,135,0,1129,21033
5355,135,0,1129,21034
5354,135,0,1130,21035
5360,135,0,1130,21036
5356,135,0,1130,21037
5354,135,0,1131,21038
5361,135,0,1131,21039
5356,135,0,1131,21040
5354,135,0,1132,21041
5361,135,0,1132,21042
5355,135,0,1132,21043
5357,135,0,1133,21044
5361,135,0,1133,21045
5355,135,0,1133,21046
5354,135,0,1134,21047
5360,135,0,1134,21048
5355,135,0,1134,21049
5357,135,0,1175,21050
5360,135,0,1175,21051
5356,135,0,1175,21052
5357,135,0,1176,21053
5360,135,0,1176,21054
5355,135,0,1176,21055
5354,135,0,1177,21056
5361,135,0,1177,21057
5355,135,0,1177,21058
5354,135,0,1178,21059
5360,135,0,1178,21060
5356,135,0,1178,21061
5357,135,0,1179,21062
5361,135,0,1179,21063
5355,135,0,1179,21064
5354,135,0,1180,21065
5361,135,0,1180,21066
5355,135,0,1180,21067
5354,135,0,1181,21068
5361,135,0,1181,21069
5356,135,0,1181,21070
5357,135,0,1182,21071
5361,135,0,1182,21072
5356,135,0,1182,21073
5354,135,0,1183,21074
5360,135,0,1183,21075
5355,135,0,1183,21076
5354,135,0,1184,21077
5361,135,0,1184,21078
5356,135,0,1184,21079
5354,135,0,1185,21080
5360,135,0,1185,21081
5356,135,0,1185,21082
5354,135,0,1186,21083
5360,135,0,1186,21084
5355,135,0,1186,21085
5354,135,0,1187,21086
5361,135,0,1187,21087
5355,135,0,1187,21088
5357,135,0,1188,21089
5360,135,0,1188,21090
5355,135,0,1188,21091
5357,135,0,1189,21092
5360,135,0,1189,21093
5356,135,0,1189,21094
5357,135,0,1190,21095
5361,135,0,1190,21096
5356,135,0,1190,21097
5354,135,0,1191,21098
5360,135,0,1191,21099
5356,135,0,1191,21100
5357,135,0,1192,21101
5360,135,0,1192,21102
5356,135,0,1192,21103
5357,135,0,1193,21104
5361,135,0,1193,21105
5355,135,0,1193,21106
5357,135,0,1194,21107
5361,135,0,1194,21108
5355,135,0,1194,21109
5363,136,0,1005,21110
5349,136,0,1005,21111
5362,136,0,1006,21112
5364,136,0,1006,21113
5362,136,0,1007,21114
5349,136,0,1007,21115
5363,136,0,1008,21116
5364,136,0,1008,21117
5363,136,0,1009,21118
5349,136,0,1009,21119
5362,136,0,1015,21120
5364,136,0,1015,21121
5363,136,0,1016,21122
5364,136,0,1016,21123
5363,136,0,1017,21124
5349,136,0,1017,21125
5362,136,0,1018,21126
5364,136,0,1018,21127
5362,136,0,1019,21128
5349,136,0,1019,21129
5363,136,0,1025,21130
5349,136,0,1025,21131
5363,136,0,1026,21132
5364,136,0,1026,21133
5362,136,0,1027,21134
5349,136,0,1027,21135
5363,136,0,1028,21136
5349,136,0,1028,21137
5362,136,0,1029,21138
5364,136,0,1029,21139
5363,136,0,1035,21140
5349,136,0,1035,21141
5362,136,0,1036,21142
5349,136,0,1036,21143
5363,136,0,1037,21144
5364,136,0,1037,21145
5362,136,0,1038,21146
5364,136,0,1038,21147
5362,136,0,1039,21148
5364,136,0,1039,21149
5363,136,0,1045,21150
5364,136,0,1045,21151
5362,136,0,1046,21152
5349,136,0,1046,21153
5362,136,0,1047,21154
5349,136,0,1047,21155
5363,136,0,1048,21156
5364,136,0,1048,21157
5363,136,0,1049,21158
5349,136,0,1049,21159
5363,136,0,1055,21160
5364,136,0,1055,21161
5363,136,0,1056,21162
5364,136,0,1056,21163
5362,136,0,1057,21164
5364,136,0,1057,21165
5362,136,0,1058,21166
5349,136,0,1058,21167
5362,136,0,1059,21168
5349,136,0,1059,21169
5363,136,0,1065,21170
5349,136,0,1065,21171
5363,136,0,1066,21172
5349,136,0,1066,21173
5363,136,0,1067,21174
5349,136,0,1067,21175
5362,136,0,1068,21176
5364,136,0,1068,21177
5362,136,0,1069,21178
5364,136,0,1069,21179
5362,136,0,1075,21180
5364,136,0,1075,21181
5362,136,0,1076,21182
5364,136,0,1076,21183
5363,136,0,1077,21184
5364,136,0,1077,21185
5362,136,0,1078,21186
5349,136,0,1078,21187
5363,136,0,1079,21188
5349,136,0,1079,21189
5362,136,0,1115,21190
5349,136,0,1115,21191
5363,136,0,1116,21192
5364,136,0,1116,21193
5362,136,0,1117,21194
5349,136,0,1117,21195
5363,136,0,1118,21196
5364,136,0,1118,21197
5363,136,0,1119,21198
5349,136,0,1119,21199
5363,136,0,1120,21200
5349,136,0,1120,21201
5363,136,0,1121,21202
5364,136,0,1121,21203
5362,136,0,1122,21204
5364,136,0,1122,21205
5363,136,0,1123,21206
5364,136,0,1123,21207
5363,136,0,1124,21208
5364,136,0,1124,21209
5363,136,0,1125,21210
5364,136,0,1125,21211
5363,136,0,1126,21212
5349,136,0,1126,21213
5362,136,0,1127,21214
5364,136,0,1127,21215
5362,136,0,1128,21216
5349,136,0,1128,21217
5362,136,0,1129,21218
5349,136,0,1129,21219
5362,136,0,1130,21220
5364,136,0,1130,21221
5362,136,0,1131,21222
5349,136,0,1131,21223
5362,136,0,1132,21224
5349,136,0,1132,21225
5363,136,0,1133,21226
5349,136,0,1133,21227
5362,136,0,1134,21228
5364,136,0,1134,21229
5363,136,0,1175,21230
5364,136,0,1175,21231
5363,136,0,1176,21232
5364,136,0,1176,21233
5362,136,0,1177,21234
5349,136,0,1177,21235
5362,136,0,1178,21236
5364,136,0,1178,21237
5363,136,0,1179,21238
5349,136,0,1179,21239
5362,136,0,1180,21240
5349,136,0,1180,21241
5362,136,0,1181,21242
5349,136,0,1181,21243
5363,136,0,1182,21244
5349,136,0,1182,21245
5362,136,0,1183,21246
5364,136,0,1183,21247
5362,136,0,1184,21248
5349,136,0,1184,21249
5362,136,0,1185,21250
5364,136,0,1185,21251
5362,136,0,1186,21252
5364,136,0,1186,21253
5362,136,0,1187,21254
5349,136,0,1187,21255
5363,136,0,1188,21256
5364,136,0,1188,21257
5363,136,0,1189,21258
5364,136,0,1189,21259
5363,136,0,1190,21260
5349,136,0,1190,21261
5362,136,0,1191,21262
5364,136,0,1191,21263
5363,136,0,1192,21264
5364,136,0,1192,21265
5363,136,0,1193,21266
5349,136,0,1193,21267
5363,136,0,1194,21268
5349,136,0,1194,21269
5351,137,0,1005,21270
5353,137,0,1005,21271
5350,137,0,1006,21272
5352,137,0,1006,21273
5350,137,0,1007,21274
5353,137,0,1007,21275
5351,137,0,1008,21276
5352,137,0,1008,21277
5351,137,0,1009,21278
5353,137,0,1009,21279
5350,137,0,1015,21280
5352,137,0,1015,21281
5351,137,0,1016,21282
5352,137,0,1016,21283
5351,137,0,1017,21284
5353,137,0,1017,21285
5350,137,0,1018,21286
5352,137,0,1018,21287
5350,137,0,1019,21288
5353,137,0,1019,21289
5351,137,0,1025,21290
5353,137,0,1025,21291
5351,137,0,1026,21292
5352,137,0,1026,21293
5350,137,0,1027,21294
5353,137,0,1027,21295
5351,137,0,1028,21296
5353,137,0,1028,21297
5350,137,0,1029,21298
5352,137,0,1029,21299
5351,137,0,1035,21300
5353,137,0,1035,21301
5350,137,0,1036,21302
5353,137,0,1036,21303
5351,137,0,1037,21304
5352,137,0,1037,21305
5350,137,0,1038,21306
5352,137,0,1038,21307
5350,137,0,1039,21308
5352,137,0,1039,21309
5351,137,0,1045,21310
5352,137,0,1045,21311
5350,137,0,1046,21312
5353,137,0,1046,21313
5350,137,0,1047,21314
5353,137,0,1047,21315
5351,137,0,1048,21316
5352,137,0,1048,21317
5351,137,0,1049,21318
5353,137,0,1049,21319
5351,137,0,1055,21320
5352,137,0,1055,21321
5351,137,0,1056,21322
5352,137,0,1056,21323
5350,137,0,1057,21324
5352,137,0,1057,21325
5350,137,0,1058,21326
5353,137,0,1058,21327
5350,137,0,1059,21328
5353,137,0,1059,21329
5351,137,0,1065,21330
5353,137,0,1065,21331
5351,137,0,1066,21332
5353,137,0,1066,21333
5351,137,0,1067,21334
5353,137,0,1067,21335
5350,137,0,1068,21336
5352,137,0,1068,21337
5350,137,0,1069,21338
5352,137,0,1069,21339
5350,137,0,1075,21340
5352,137,0,1075,21341
5350,137,0,1076,21342
5352,137,0,1076,21343
5351,137,0,1077,21344
5352,137,0,1077,21345
5350,137,0,1078,21346
5353,137,0,1078,21347
5351,137,0,1079,21348
5353,137,0,1079,21349
5350,137,0,1115,21350
5353,137,0,1115,21351
5351,137,0,1116,21352
5352,137,0,1116,21353
5350,137,0,1117,21354
5353,137,0,1117,21355
5351,137,0,1118,21356
5352,137,0,1118,21357
5351,137,0,1119,21358
5353,137,0,1119,21359
5351,137,0,1120,21360
5353,137,0,1120,21361
5351,137,0,1121,21362
5352,137,0,1121,21363
5350,137,0,1122,21364
5352,137,0,1122,21365
5351,137,0,1123,21366
5352,137,0,1123,21367
5351,137,0,1124,21368
5352,137,0,1124,21369
5351,137,0,1125,21370
5352,137,0,1125,21371
5351,137,0,1126,21372
5353,137,0,1126,21373
5350,137,0,1127,21374
5352,137,0,1127,21375
5350,137,0,1128,21376
5353,137,0,1128,21377
5350,137,0,1129,21378
5353,137,0,1129,21379
5350,137,0,1130,21380
5352,137,0,1130,21381
5350,137,0,1131,21382
5353,137,0,1131,21383
5350,137,0,1132,21384
5353,137,0,1132,21385
5351,137,0,1133,21386
5353,137,0,1133,21387
5350,137,0,1134,21388
5352,137,0,1134,21389
5351,137,0,1175,21390
5352,137,0,1175,21391
5351,137,0,1176,21392
5352,137,0,1176,21393
5350,137,0,1177,21394
5353,137,0,1177,21395
5350,137,0,1178,21396
5352,137,0,1178,21397
5351,137,0,1179,21398
5353,137,0,1179,21399
5350,137,0,1180,21400
5353,137,0,1180,21401
5350,137,0,1181,21402
5353,137,0,1181,21403
5351,137,0,1182,21404
5353,137,0,1182,21405
5350,137,0,1183,21406
5352,137,0,1183,21407
5350,137,0,1184,21408
5353,137,0,1184,21409
5350,137,0,1185,21410
5352,137,0,1185,21411
5350,137,0,1186,21412
5352,137,0,1186,21413
5350,137,0,1187,21414
5353,137,0,1187,21415
5351,137,0,1188,21416
5352,137,0,1188,21417
5351,137,0,1189,21418
5352,137,0,1189,21419
5351,137,0,1190,21420
5353,137,0,1190,21421
5350,137,0,1191,21422
5352,137,0,1191,21423
5351,137,0,1192,21424
5352,137,0,1192,21425
5351,137,0,1193,21426
5353,137,0,1193,21427
5351,137,0,1194,21428
5353,137,0,1194,21429
4910,138,2,1005,21430
4850,138,2,1005,21431
4860,138,2,1005,21432
4930,138,2,1006,21433
4850,138,2,1006,21434
4924,138,2,1006,21435
4927,138,2,1007,21436
4880,138,2,1007,21437
4926,138,2,1007,21438
4928,138,2,1008,21439
4918,138,2,1008,21440
4925,138,2,1008,21441
4917,138,2,1009,21442
4840,138,2,1009,21443
4918,138,2,1009,21444
4927,138,2,1015,21445
4923,138,2,1015,21446
4918,138,2,1015,21447
4930,138,2,1016,21448
4926,138,2,1016,21449
4923,138,2,1016,21450
4990,138,2,1017,21451
4927,138,2,1017,21452
4924,138,2,1017,21453
4930,138,2,1018,21454
4920,138,2,1018,21455
4880,138,2,1018,21456
4928,138,2,1019,21457
4920,138,2,1019,21458
4880,138,2,1019,21459
4927,138,2,1025,21460
4921,138,2,1025,21461
4880,138,2,1025,21462
4910,138,2,1026,21463
4923,138,2,1026,21464
4925,138,2,1026,21465
4910,138,2,1027,21466
4850,138,2,1027,21467
4926,138,2,1027,21468
4929,138,2,1028,21469
4860,138,2,1028,21470
4921,138,2,1028,21471
4930,138,2,1029,21472
4924,138,2,1029,21473
4920,138,2,1029,21474
4930,138,2,1035,21475
4929,138,2,1035,21476
4920,138,2,1035,21477
4990,138,2,1036,21478
4860,138,2,1036,21479
4923,138,2,1036,21480
4928,138,2,1037,21481
4924,138,2,1037,21482
4925,138,2,1037,21483
4929,138,2,1038,21484
4928,138,2,1038,21485
4860,138,2,1038,21486
4929,138,2,1039,21487
4920,138,2,1039,21488
4926,138,2,1039,21489
4929,138,2,1045,21490
4927,138,2,1045,21491
4860,138,2,1045,21492
4990,138,2,1046,21493
4840,138,2,1046,21494
4850,138,2,1046,21495
4929,138,2,1047,21496
4920,138,2,1047,21497
4830,138,2,1047,21498
4927,138,2,1048,21499
4850,138,2,1048,21500
4923,138,2,1048,21501
4929,138,2,1049,21502
4927,138,2,1049,21503
4924,138,2,1049,21504
4929,138,2,1055,21505
4924,138,2,1055,21506
4840,138,2,1055,21507
4928,138,2,1056,21508
4918,138,2,1056,21509
4860,138,2,1056,21510
4927,138,2,1057,21511
4850,138,2,1057,21512
4925,138,2,1057,21513
4990,138,2,1058,21514
4920,138,2,1058,21515
4923,138,2,1058,21516
4927,138,2,1059,21517
4928,138,2,1059,21518
4920,138,2,1059,21519
4929,138,2,1065,21520
4920,138,2,1065,21521
4860,138,2,1065,21522
4927,138,2,1066,21523
4860,138,2,1066,21524
4921,138,2,1066,21525
4917,138,2,1067,21526
4918,138,2,1067,21527
4830,138,2,1067,21528
4927,138,2,1068,21529
4929,138,2,1068,21530
4840,138,2,1068,21531
4927,138,2,1069,21532
4990,138,2,1069,21533
4926,138,2,1069,21534
4917,138,2,1075,21535
4918,138,2,1075,21536
4926,138,2,1075,21537
4930,138,2,1076,21538
4921,138,2,1076,21539
4920,138,2,1076,21540
4990,138,2,1077,21541
4840,138,2,1077,21542
4830,138,2,1077,21543
4927,138,2,1078,21544
4910,138,2,1078,21545
4921,138,2,1078,21546
4927,138,2,1079,21547
4920,138,2,1079,21548
4925,138,2,1079,21549
4927,138,2,1115,21550
4921,138,2,1115,21551
4925,138,2,1115,21552
4930,138,2,1116,21553
4921,138,2,1116,21554
4926,138,2,1116,21555
4927,138,2,1117,21556
4930,138,2,1117,21557
4850,138,2,1117,21558
4917,138,2,1118,21559
4924,138,2,1118,21560
4880,138,2,1118,21561
4929,138,2,1119,21562
4924,138,2,1119,21563
4830,138,2,1119,21564
4990,138,2,1120,21565
4921,138,2,1120,21566
4830,138,2,1120,21567
4929,138,2,1121,21568
4918,138,2,1121,21569
4830,138,2,1121,21570
4929,138,2,1122,21571
4927,138,2,1122,21572
4923,138,2,1122,21573
4910,138,2,1123,21574
4918,138,2,1123,21575
4926,138,2,1123,21576
4928,138,2,1124,21577
4918,138,2,1124,21578
4840,138,2,1124,21579
4917,138,2,1125,21580
4840,138,2,1125,21581
4923,138,2,1125,21582
4928,138,2,1126,21583
4920,138,2,1126,21584
4923,138,2,1126,21585
4910,138,2,1127,21586
4928,138,2,1127,21587
4923,138,2,1127,21588
4928,138,2,1128,21589
4927,138,2,1128,21590
4924,138,2,1128,21591
4910,138,2,1129,21592
4850,138,2,1129,21593
4840,138,2,1129,21594
4910,138,2,1130,21595
4923,138,2,1130,21596
4860,138,2,1130,21597
4928,138,2,1131,21598
4917,138,2,1131,21599
4923,138,2,1131,21600
4927,138,2,1132,21601
4990,138,2,1132,21602
4880,138,2,1132,21603
4929,138,2,1133,21604
4924,138,2,1133,21605
4918,138,2,1133,21606
4929,138,2,1134,21607
4910,138,2,1134,21608
4921,138,2,1134,21609
4917,138,2,1175,21610
4840,138,2,1175,21611
4925,138,2,1175,21612
4990,138,2,1176,21613
4918,138,2,1176,21614
4926,138,2,1176,21615
4910,138,2,1177,21616
4926,138,2,1177,21617
4924,138,2,1177,21618
4910,138,2,1178,21619
4929,138,2,1178,21620
4920,138,2,1178,21621
4929,138,2,1179,21622
4920,138,2,1179,21623
4918,138,2,1179,21624
4990,138,2,1180,21625
4930,138,2,1180,21626
4920,138,2,1180,21627
4927,138,2,1181,21628
4929,138,2,1181,21629
4860,138,2,1181,21630
4990,138,2,1182,21631
4918,138,2,1182,21632
4920,138,2,1182,21633
4930,138,2,1183,21634
4990,138,2,1183,21635
4860,138,2,1183,21636
4929,138,2,1184,21637
4926,138,2,1184,21638
4921,138,2,1184,21639
4990,138,2,1185,21640
4923,138,2,1185,21641
4860,138,2,1185,21642
4990,138,2,1186,21643
4926,138,2,1186,21644
4830,138,2,1186,21645
4928,138,2,1187,21646
4921,138,2,1187,21647
4850,138,2,1187,21648
4930,138,2,1188,21649
4921,138,2,1188,21650
4860,138,2,1188,21651
4929,138,2,1189,21652
4850,138,2,1189,21653
4880,138,2,1189,21654
4917,138,2,1190,21655
4880,138,2,1190,21656
4860,138,2,1190,21657
4910,138,2,1191,21658
4840,138,2,1191,21659
4925,138,2,1191,21660
4930,138,2,1192,21661
4929,138,2,1192,21662
4926,138,2,1192,21663
4910,138,2,1193,21664
4990,138,2,1193,21665
4830,138,2,1193,21666
4927,138,2,1194,21667
4921,138,2,1194,21668
4925,138,2,1194,21669
4917,139,2,1005,21670
4780,139,2,1005,21671
4880,139,2,1005,21672
4910,139,2,1006,21673
4928,139,2,1006,21674
4830,139,2,1006,21675
4928,139,2,1007,21676
4860,139,2,1007,21677
4921,139,2,1007,21678
4927,139,2,1008,21679
4990,139,2,1008,21680
4880,139,2,1008,21681
4927,139,2,1009,21682
4880,139,2,1009,21683
4921,139,2,1009,21684
4990,139,2,1015,21685
4917,139,2,1015,21686
4921,139,2,1015,21687
4910,139,2,1016,21688
4917,139,2,1016,21689
4850,139,2,1016,21690
4930,139,2,1017,21691
4917,139,2,1017,21692
4830,139,2,1017,21693
4990,139,2,1018,21694
4928,139,2,1018,21695
4921,139,2,1018,21696
4910,139,2,1019,21697
4850,139,2,1019,21698
4840,139,2,1019,21699
4929,139,2,1025,21700
4830,139,2,1025,21701
4918,139,2,1025,21702
4928,139,2,1026,21703
4920,139,2,1026,21704
4860,139,2,1026,21705
4790,139,2,1027,21706
4925,139,2,1027,21707
4920,139,2,1027,21708
4928,139,2,1028,21709
4810,139,2,1028,21710
4925,139,2,1028,21711
4990,139,2,1029,21712
4917,139,2,1029,21713
4840,139,2,1029,21714
4928,139,2,1035,21715
4921,139,2,1035,21716
4926,139,2,1035,21717
4800,139,2,1036,21718
4910,139,2,1036,21719
4918,139,2,1036,21720
4917,139,2,1037,21721
4830,139,2,1037,21722
4921,139,2,1037,21723
4780,139,2,1038,21724
4840,139,2,1038,21725
4926,139,2,1038,21726
4790,139,2,1039,21727
4918,139,2,1039,21728
4850,139,2,1039,21729
4928,139,2,1045,21730
4926,139,2,1045,21731
4924,139,2,1045,21732
4929,139,2,1046,21733
4917,139,2,1046,21734
4926,139,2,1046,21735
4928,139,2,1047,21736
4927,139,2,1047,21737
4925,139,2,1047,21738
4990,139,2,1048,21739
4830,139,2,1048,21740
4918,139,2,1048,21741
4790,139,2,1049,21742
4880,139,2,1049,21743
4850,139,2,1049,21744
4810,139,2,1055,21745
4830,139,2,1055,21746
4850,139,2,1055,21747
4800,139,2,1056,21748
4923,139,2,1056,21749
4840,139,2,1056,21750
4910,139,2,1057,21751
4917,139,2,1057,21752
4920,139,2,1057,21753
4790,139,2,1058,21754
4850,139,2,1058,21755
4880,139,2,1058,21756
4930,139,2,1059,21757
4830,139,2,1059,21758
4918,139,2,1059,21759
4927,139,2,1065,21760
4923,139,2,1065,21761
4918,139,2,1065,21762
4810,139,2,1066,21763
4926,139,2,1066,21764
4850,139,2,1066,21765
4930,139,2,1067,21766
4927,139,2,1067,21767
4920,139,2,1067,21768
4910,139,2,1068,21769
4917,139,2,1068,21770
4924,139,2,1068,21771
4810,139,2,1069,21772
4923,139,2,1069,21773
4840,139,2,1069,21774
4930,139,2,1075,21775
4910,139,2,1075,21776
4923,139,2,1075,21777
4790,139,2,1076,21778
4928,139,2,1076,21779
4840,139,2,1076,21780
4810,139,2,1077,21781
4924,139,2,1077,21782
4860,139,2,1077,21783
4929,139,2,1078,21784
4917,139,2,1078,21785
4880,139,2,1078,21786
4929,139,2,1079,21787
4930,139,2,1079,21788
4850,139,2,1079,21789
4800,139,2,1115,21790
4917,139,2,1115,21791
4918,139,2,1115,21792
4927,139,2,1116,21793
4920,139,2,1116,21794
4840,139,2,1116,21795
4928,139,2,1117,21796
4925,139,2,1117,21797
4923,139,2,1117,21798
4910,139,2,1118,21799
4780,139,2,1118,21800
4840,139,2,1118,21801
4917,139,2,1119,21802
4810,139,2,1119,21803
4880,139,2,1119,21804
4930,139,2,1120,21805
4880,139,2,1120,21806
4923,139,2,1120,21807
4990,139,2,1121,21808
4917,139,2,1121,21809
4923,139,2,1121,21810
4917,139,2,1122,21811
4990,139,2,1122,21812
4840,139,2,1122,21813
4929,139,2,1123,21814
4880,139,2,1123,21815
4920,139,2,1123,21816
4910,139,2,1124,21817
4921,139,2,1124,21818
4850,139,2,1124,21819
4810,139,2,1125,21820
4918,139,2,1125,21821
4860,139,2,1125,21822
4910,139,2,1126,21823
4780,139,2,1126,21824
4840,139,2,1126,21825
4790,139,2,1127,21826
4920,139,2,1127,21827
4860,139,2,1127,21828
4910,139,2,1128,21829
4920,139,2,1128,21830
4923,139,2,1128,21831
4780,139,2,1129,21832
4923,139,2,1129,21833
4926,139,2,1129,21834
4930,139,2,1130,21835
4810,139,2,1130,21836
4830,139,2,1130,21837
4990,139,2,1131,21838
4927,139,2,1131,21839
4918,139,2,1131,21840
4930,139,2,1132,21841
4925,139,2,1132,21842
4924,139,2,1132,21843
4990,139,2,1133,21844
4917,139,2,1133,21845
4925,139,2,1133,21846
4810,139,2,1134,21847
4920,139,2,1134,21848
4840,139,2,1134,21849
4930,139,2,1175,21850
4920,139,2,1175,21851
4850,139,2,1175,21852
4927,139,2,1176,21853
4928,139,2,1176,21854
4923,139,2,1176,21855
4928,139,2,1177,21856
4918,139,2,1177,21857
4923,139,2,1177,21858
4927,139,2,1178,21859
4917,139,2,1178,21860
4926,139,2,1178,21861
4917,139,2,1179,21862
4910,139,2,1179,21863
4850,139,2,1179,21864
4780,139,2,1180,21865
4929,139,2,1180,21866
4926,139,2,1180,21867
4910,139,2,1181,21868
4990,139,2,1181,21869
4926,139,2,1181,21870
4800,139,2,1182,21871
4917,139,2,1182,21872
4921,139,2,1182,21873
4800,139,2,1183,21874
4921,139,2,1183,21875
4850,139,2,1183,21876
4930,139,2,1184,21877
4880,139,2,1184,21878
4840,139,2,1184,21879
4917,139,2,1185,21880
4790,139,2,1185,21881
4840,139,2,1185,21882
4910,139,2,1186,21883
4918,139,2,1186,21884
4840,139,2,1186,21885
4929,139,2,1187,21886
4990,139,2,1187,21887
4830,139,2,1187,21888
4929,139,2,1188,21889
4850,139,2,1188,21890
4923,139,2,1188,21891
4930,139,2,1189,21892
4910,139,2,1189,21893
4926,139,2,1189,21894
4927,139,2,1190,21895
4924,139,2,1190,21896
4830,139,2,1190,21897
4917,139,2,1191,21898
4930,139,2,1191,21899
4918,139,2,1191,21900
4917,139,2,1192,21901
4830,139,2,1192,21902
4921,139,2,1192,21903
4810,139,2,1193,21904
4924,139,2,1193,21905
4926,139,2,1193,21906
4790,139,2,1194,21907
4840,139,2,1194,21908
4918,139,2,1194,21909
4669,140,0,1005,21910
4657,140,0,1006,21911
4668,140,0,1007,21912
4669,140,0,1008,21913
4667,140,0,1009,21914
4551,140,0,1015,21915
4662,140,0,1016,21916
4652,140,0,1017,21917
4664,140,0,1018,21918
4651,140,0,1019,21919
4669,140,0,1025,21920
4663,140,0,1026,21921
4659,140,0,1027,21922
4664,140,0,1028,21923
4654,140,0,1029,21924
4672,140,0,1035,21925
4664,140,0,1036,21926
4671,140,0,1037,21927
4654,140,0,1038,21928
4653,140,0,1039,21929
4666,140,0,1045,21930
4671,140,0,1046,21931
4656,140,0,1047,21932
4666,140,0,1048,21933
4664,140,0,1049,21934
4664,140,0,1055,21935
4654,140,0,1056,21936
4674,140,0,1057,21937
4654,140,0,1058,21938
4666,140,0,1059,21939
4671,140,0,1065,21940
4672,140,0,1066,21941
4654,140,0,1067,21942
4667,140,0,1068,21943
4668,140,0,1069,21944
4671,140,0,1075,21945
4677,140,0,1076,21946
4651,140,0,1077,21947
4667,140,0,1078,21948
4669,140,0,1079,21949
4664,140,0,1115,21950
4664,140,0,1116,21951
4667,140,0,1117,21952
4665,140,0,1118,21953
4669,140,0,1119,21954
4655,140,0,1120,21955
4667,140,0,1121,21956
4668,140,0,1122,21957
4667,140,0,1123,21958
4663,140,0,1124,21959
4551,140,0,1125,21960
4659,140,0,1126,21961
4668,140,0,1127,21962
4666,140,0,1128,21963
4655,140,0,1129,21964
4655,140,0,1130,21965
4664,140,0,1131,21966
4664,140,0,1132,21967
4674,140,0,1133,21968
4654,140,0,1134,21969
4667,140,0,1175,21970
4654,140,0,1176,21971
4674,140,0,1177,21972
4674,140,0,1178,21973
4671,140,0,1179,21974
4672,140,0,1180,21975
4668,140,0,1181,21976
4656,140,0,1182,21977
4677,140,0,1183,21978
4662,140,0,1184,21979
4656,140,0,1185,21980
4651,140,0,1186,21981
4668,140,0,1187,21982
4669,140,0,1188,21983
4654,140,0,1189,21984
4655,140,0,1190,21985
4664,140,0,1191,21986
4664,140,0,1192,21987
4671,140,0,1193,21988
4664,140,0,1194,21989
4662,141,0,1005,21990
4672,141,0,1006,21991
4665,141,0,1007,21992
4671,141,0,1008,21993
4655,141,0,1009,21994
4654,141,0,1015,21995
4671,141,0,1016,21996
4668,141,0,1017,21997
4669,141,0,1018,21998
4677,141,0,1019,21999
4656,141,0,1025,22000
4659,141,0,1026,22001
4666,141,0,1027,22002
4655,141,0,1028,22003
4665,141,0,1029,22004
4666,141,0,1035,22005
4656,141,0,1036,22006
4651,141,0,1037,22007
4671,141,0,1038,22008
4659,141,0,1039,22009
4668,141,0,1045,22010
4674,141,0,1046,22011
4651,141,0,1047,22012
4655,141,0,1048,22013
4657,141,0,1049,22014
4659,141,0,1055,22015
4659,141,0,1056,22016
4663,141,0,1057,22017
4652,141,0,1058,22018
4671,141,0,1059,22019
4674,141,0,1065,22020
4551,141,0,1066,22021
4671,141,0,1067,22022
4674,141,0,1068,22023
4669,141,0,1069,22024
4551,141,0,1075,22025
4665,141,0,1076,22026
4551,141,0,1077,22027
4669,141,0,1078,22028
4672,141,0,1079,22029
4654,141,0,1115,22030
4652,141,0,1116,22031
4651,141,0,1117,22032
4662,141,0,1118,22033
4551,141,0,1119,22034
4665,141,0,1120,22035
4652,141,0,1121,22036
4669,141,0,1122,22037
4654,141,0,1123,22038
4551,141,0,1124,22039
4664,141,0,1125,22040
4671,141,0,1126,22041
4656,141,0,1127,22042
4665,141,0,1128,22043
4674,141,0,1129,22044
4671,141,0,1130,22045
4677,141,0,1131,22046
4672,141,0,1132,22047
4665,141,0,1133,22048
4653,141,0,1134,22049
4674,141,0,1175,22050
4551,141,0,1176,22051
4672,141,0,1177,22052
4664,141,0,1178,22053
4663,141,0,1179,22054
4655,141,0,1180,22055
4671,141,0,1181,22056
4677,141,0,1182,22057
4667,141,0,1183,22058
4672,141,0,1184,22059
4669,141,0,1185,22060
4662,141,0,1186,22061
4657,141,0,1187,22062
4672,141,0,1188,22063
4668,141,0,1189,22064
4651,141,0,1190,22065
4657,141,0,1191,22066
4653,141,0,1192,22067
4672,141,0,1193,22068
4667,141,0,1194,22069
4677,142,0,1005,22070
4665,142,0,1006,22071
4672,142,0,1007,22072
4665,142,0,1008,22073
4659,142,0,1009,22074
4655,142,0,1015,22075
4672,142,0,1016,22076
4654,142,0,1017,22077
4672,142,0,1018,22078
4669,142,0,1019,22079
4672,142,0,1025,22080
4672,142,0,1026,22081
4656,142,0,1027,22082
4665,142,0,1028,22083
4652,142,0,1029,22084
4657,142,0,1035,22085
4657,142,0,1036,22086
4677,142,0,1037,22087
4657,142,0,1038,22088
4672,142,0,1039,22089
4672,142,0,1045,22090
4657,142,0,1046,22091
4655,142,0,1047,22092
4667,142,0,1048,22093
4662,142,0,1049,22094
4665,142,0,1055,22095
4665,142,0,1056,22096
4662,142,0,1057,22097
4664,142,0,1058,22098
4674,142,0,1059,22099
4667,142,0,1065,22100
4671,142,0,1066,22101
4656,142,0,1067,22102
4669,142,0,1068,22103
4665,142,0,1069,22104
4664,142,0,1075,22105
4551,142,0,1076,22106
4665,142,0,1077,22107
4665,142,0,1078,22108
4651,142,0,1079,22109
4672,142,0,1115,22110
4677,142,0,1116,22111
4677,142,0,1117,22112
4677,142,0,1118,22113
4665,142,0,1119,22114
4672,142,0,1120,22115
4662,142,0,1121,22116
4662,142,0,1122,22117
4651,142,0,1123,22118
4656,142,0,1124,22119
4672,142,0,1125,22120
4655,142,0,1126,22121
4657,142,0,1127,22122
4659,142,0,1128,22123
4677,142,0,1129,22124
4657,142,0,1130,22125
4659,142,0,1131,22126
4655,142,0,1132,22127
4672,142,0,1133,22128
4669,142,0,1134,22129
4662,142,0,1175,22130
4669,142,0,1176,22131
4659,142,0,1177,22132
4662,142,0,1178,22133
4662,142,0,1179,22134
4651,142,0,1180,22135
4659,142,0,1181,22136
4669,142,0,1182,22137
4664,142,0,1183,22138
4668,142,0,1184,22139
4677,142,0,1185,22140
4666,142,0,1186,22141
4655,142,0,1187,22142
4662,142,0,1188,22143
4655,142,0,1189,22144
4671,142,0,1190,22145
4551,142,0,1191,22146
4655,142,0,1192,22147
4657,142,0,1193,22148
4659,142,0,1194,22149
4665,143,0,1005,22150
4651,143,0,1006,22151
4655,143,0,1007,22152
4677,143,0,1008,22153
4665,143,0,1009,22154
4671,143,0,1015,22155
4657,143,0,1016,22156
4551,143,0,1017,22157
4655,143,0,1018,22158
4655,143,0,1019,22159
4657,143,0,1025,22160
4655,143,0,1026,22161
4657,143,0,1027,22162
4659,143,0,1028,22163
4671,143,0,1029,22164
4655,143,0,1035,22165
4655,143,0,1036,22166
4551,143,0,1037,22167
4669,143,0,1038,22168
4551,143,0,1039,22169
4655,143,0,1045,22170
4662,143,0,1046,22171
4665,143,0,1047,22172
4672,143,0,1048,22173
4669,143,0,1049,22174
4551,143,0,1055,22175
4677,143,0,1056,22176
4672,143,0,1057,22177
4551,143,0,1058,22178
4672,143,0,1059,22179
4651,143,0,1065,22180
4657,143,0,1066,22181
4665,143,0,1067,22182
4672,143,0,1068,22183
4659,143,0,1069,22184
4669,143,0,1075,22185
4655,143,0,1076,22186
4669,143,0,1077,22187
4662,143,0,1078,22188
4551,143,0,1079,22189
4659,143,0,1115,22190
4655,143,0,1116,22191
4665,143,0,1117,22192
4657,143,0,1118,22193
4659,143,0,1119,22194
4651,143,0,1120,22195
4551,143,0,1121,22196
4672,143,0,1122,22197
4669,143,0,1123,22198
4677,143,0,1124,22199
4665,143,0,1125,22200
4551,143,0,1126,22201
4671,143,0,1127,22202
4672,143,0,1128,22203
4672,143,0,1129,22204
4672,143,0,1130,22205
4669,143,0,1131,22206
4651,143,0,1132,22207
4659,143,0,1133,22208
4659,143,0,1134,22209
4671,143,0,1175,22210
4655,143,0,1176,22211
4671,143,0,1177,22212
4551,143,0,1178,22213
4659,143,0,1179,22214
4657,143,0,1180,22215
4657,143,0,1181,22216
4651,143,0,1182,22217
4669,143,0,1183,22218
4671,143,0,1184,22219
4551,143,0,1185,22220
4551,143,0,1186,22221
4665,143,0,1187,22222
4665,143,0,1188,22223
4669,143,0,1189,22224
4657,143,0,1190,22225
4655,143,0,1191,22226
4665,143,0,1192,22227
4659,143,0,1193,22228
4657,143,0,1194,22229
4659,144,0,1005,22230
4671,144,0,1006,22231
4651,144,0,1007,22232
4659,144,0,1008,22233
4657,144,0,1009,22234
4657,144,0,1015,22235
4669,144,0,1016,22236
4669,144,0,1017,22237
4551,144,0,1018,22238
4656,144,0,1019,22239
4665,144,0,1025,22240
4657,144,0,1026,22241
4674,144,0,1027,22242
4657,144,0,1028,22243
4551,144,0,1029,22244
4652,144,0,1035,22245
4659,144,0,1036,22246
4666,144,0,1037,22247
4651,144,0,1038,22248
4663,144,0,1039,22249
4551,144,0,1045,22250
4659,144,0,1046,22251
4669,144,0,1047,22252
4677,144,0,1048,22253
4672,144,0,1049,22254
4671,144,0,1055,22255
4651,144,0,1056,22256
4651,144,0,1057,22257
4657,144,0,1058,22258
4667,144,0,1059,22259
4654,144,0,1065,22260
4677,144,0,1066,22261
4655,144,0,1067,22262
4663,144,0,1068,22263
4651,144,0,1069,22264
4667,144,0,1075,22265
4651,144,0,1076,22266
4667,144,0,1077,22267
4655,144,0,1078,22268
4662,144,0,1079,22269
4657,144,0,1115,22270
4657,144,0,1116,22271
4657,144,0,1117,22272
4672,144,0,1118,22273
4671,144,0,1119,22274
4657,144,0,1120,22275
4655,144,0,1121,22276
4665,144,0,1122,22277
4674,144,0,1123,22278
4659,144,0,1124,22279
4671,144,0,1125,22280
4669,144,0,1126,22281
4677,144,0,1127,22282
4654,144,0,1128,22283
4665,144,0,1129,22284
4662,144,0,1130,22285
4551,144,0,1131,22286
4669,144,0,1132,22287
4651,144,0,1133,22288
4671,144,0,1134,22289
4657,144,0,1175,22290
4665,144,0,1176,22291
4665,144,0,1177,22292
4651,144,0,1178,22293
4651,144,0,1179,22294
4551,144,0,1180,22295
4672,144,0,1181,22296
4665,144,0,1182,22297
4657,144,0,1183,22298
4551,144,0,1184,22299
4657,144,0,1185,22300
4664,144,0,1186,22301
4651,144,0,1187,22302
4667,144,0,1188,22303
4672,144,0,1189,22304
4659,144,0,1190,22305
4662,144,0,1191,22306
4551,144,0,1192,22307
4669,144,0,1193,22308
4671,144,0,1194,22309
4657,145,0,1005,22310
4666,145,0,1006,22311
4654,145,0,1007,22312
4667,145,0,1008,22313
4669,145,0,1009,22314
4652,145,0,1015,22315
4668,145,0,1016,22316
4665,145,0,1017,22317
4667,145,0,1018,22318
4663,145,0,1019,22319
4654,145,0,1025,22320
4665,145,0,1026,22321
4655,145,0,1027,22322
4666,145,0,1028,22323
4666,145,0,1029,22324
4667,145,0,1035,22325
4654,145,0,1036,22326
4652,145,0,1037,22327
4668,145,0,1038,22328
4657,145,0,1039,22329
4657,145,0,1045,22330
4667,145,0,1046,22331
4666,145,0,1047,22332
4656,145,0,1048,22333
4551,145,0,1049,22334
4669,145,0,1055,22335
4667,145,0,1056,22336
4664,145,0,1057,22337
4655,145,0,1058,22338
4551,145,0,1059,22339
4664,145,0,1065,22340
4654,145,0,1066,22341
4663,145,0,1067,22342
4659,145,0,1068,22343
4677,145,0,1069,22344
4656,145,0,1075,22345
4667,145,0,1076,22346
4672,145,0,1077,22347
4657,145,0,1078,22348
4653,145,0,1079,22349
4653,145,0,1115,22350
4656,145,0,1116,22351
4664,145,0,1117,22352
4663,145,0,1118,22353
4655,145,0,1119,22354
4668,145,0,1120,22355
4674,145,0,1121,22356
4674,145,0,1122,22357
4671,145,0,1123,22358
4654,145,0,1124,22359
4662,145,0,1125,22360
4666,145,0,1126,22361
4665,145,0,1127,22362
4671,145,0,1128,22363
4551,145,0,1129,22364
4667,145,0,1130,22365
4672,145,0,1131,22366
4674,145,0,1132,22367
4551,145,0,1133,22368
4672,145,0,1134,22369
4656,145,0,1175,22370
4674,145,0,1176,22371
4666,145,0,1177,22372
4657,145,0,1178,22373
4657,145,0,1179,22374
4656,145,0,1180,22375
4667,145,0,1181,22376
4654,145,0,1182,22377
4656,145,0,1183,22378
4651,145,0,1184,22379
4668,145,0,1185,22380
4677,145,0,1186,22381
4656,145,0,1187,22382
4668,145,0,1188,22383
4551,145,0,1189,22384
4672,145,0,1190,22385
4654,145,0,1191,22386
4668,145,0,1192,22387
4654,145,0,1193,22388
4665,145,0,1194,22389
4671,146,0,1005,22390
4655,146,0,1006,22391
4677,146,0,1007,22392
4655,146,0,1008,22393
4654,146,0,1009,22394
4664,146,0,1015,22395
4663,146,0,1016,22396
4667,146,0,1017,22397
4677,146,0,1018,22398
4668,146,0,1019,22399
4653,146,0,1025,22400
4666,146,0,1026,22401
4667,146,0,1027,22402
4663,146,0,1028,22403
4651,146,0,1029,22404
4551,146,0,1035,22405
4551,146,0,1036,22406
4655,146,0,1037,22407
4674,146,0,1038,22408
4655,146,0,1039,22409
4654,146,0,1045,22410
4672,146,0,1046,22411
4671,146,0,1047,22412
4662,146,0,1048,22413
4674,146,0,1049,22414
4674,146,0,1055,22415
4656,146,0,1056,22416
4655,146,0,1057,22417
4653,146,0,1058,22418
4651,146,0,1059,22419
4665,146,0,1065,22420
4651,146,0,1066,22421
4653,146,0,1067,22422
4664,146,0,1068,22423
4653,146,0,1069,22424
4657,146,0,1075,22425
4656,146,0,1076,22426
4654,146,0,1077,22427
4664,146,0,1078,22428
4652,146,0,1079,22429
4551,146,0,1115,22430
4665,146,0,1116,22431
4551,146,0,1117,22432
4667,146,0,1118,22433
4662,146,0,1119,22434
4551,146,0,1120,22435
4651,146,0,1121,22436
4656,146,0,1122,22437
4657,146,0,1123,22438
4655,146,0,1124,22439
4663,146,0,1125,22440
4674,146,0,1126,22441
4663,146,0,1127,22442
4667,146,0,1128,22443
4664,146,0,1129,22444
4663,146,0,1130,22445
4674,146,0,1131,22446
4666,146,0,1132,22447
4653,146,0,1133,22448
4652,146,0,1134,22449
4551,146,0,1175,22450
4656,146,0,1176,22451
4664,146,0,1177,22452
4652,146,0,1178,22453
4672,146,0,1179,22454
4654,146,0,1180,22455
4664,146,0,1181,22456
4664,146,0,1182,22457
4671,146,0,1183,22458
4656,146,0,1184,22459
4652,146,0,1185,22460
4674,146,0,1186,22461
4664,146,0,1187,22462
4655,146,0,1188,22463
4674,146,0,1189,22464
4654,146,0,1190,22465
4667,146,0,1191,22466
4656,146,0,1192,22467
4667,146,0,1193,22468
4669,146,0,1194,22469
4667,147,0,1005,22470
4663,147,0,1006,22471
4551,147,0,1007,22472
4657,147,0,1008,22473
4652,147,0,1009,22474
4651,147,0,1015,22475
4655,147,0,1016,22476
4655,147,0,1017,22477
4671,147,0,1018,22478
4659,147,0,1019,22479
4651,147,0,1025,22480
4677,147,0,1026,22481
4662,147,0,1027,22482
4651,147,0,1028,22483
4655,147,0,1029,22484
4653,147,0,1035,22485
4669,147,0,1036,22486
4672,147,0,1037,22487
4655,147,0,1038,22488
4667,147,0,1039,22489
4651,147,0,1045,22490
4656,147,0,1046,22491
4657,147,0,1047,22492
4657,147,0,1048,22493
4671,147,0,1049,22494
4655,147,0,1055,22495
4655,147,0,1056,22496
4551,147,0,1057,22497
4669,147,0,1058,22498
4665,147,0,1059,22499
4551,147,0,1065,22500
4664,147,0,1066,22501
4672,147,0,1067,22502
4671,147,0,1068,22503
4671,147,0,1069,22504
4655,147,0,1075,22505
4671,147,0,1076,22506
4674,147,0,1077,22507
4654,147,0,1078,22508
4671,147,0,1079,22509
4655,147,0,1115,22510
4669,147,0,1116,22511
4672,147,0,1117,22512
4671,147,0,1118,22513
4652,147,0,1119,22514
4664,147,0,1120,22515
4659,147,0,1121,22516
4659,147,0,1122,22517
4551,147,0,1123,22518
4671,147,0,1124,22519
4669,147,0,1125,22520
4652,147,0,1126,22521
4551,147,0,1127,22522
4677,147,0,1128,22523
4656,147,0,1129,22524
4668,147,0,1130,22525
4671,147,0,1131,22526
4671,147,0,1132,22527
4662,147,0,1133,22528
4551,147,0,1134,22529
4677,147,0,1175,22530
4671,147,0,1176,22531
4651,147,0,1177,22532
4672,147,0,1178,22533
4664,147,0,1179,22534
4653,147,0,1180,22535
4665,147,0,1181,22536
4672,147,0,1182,22537
4672,147,0,1183,22538
4669,147,0,1184,22539
4665,147,0,1185,22540
4671,147,0,1186,22541
4659,147,0,1187,22542
4656,147,0,1188,22543
4667,147,0,1189,22544
4664,147,0,1190,22545
4677,147,0,1191,22546
4662,147,0,1192,22547
4652,147,0,1193,22548
4654,147,0,1194,22549
4668,148,0,1005,22550
4667,148,0,1006,22551
4663,148,0,1007,22552
4652,148,0,1008,22553
4672,148,0,1009,22554
4665,148,0,1015,22555
4667,148,0,1016,22556
4651,148,0,1017,22557
4657,148,0,1018,22558
4657,148,0,1019,22559
4664,148,0,1025,22560
4654,148,0,1026,22561
4651,148,0,1027,22562
4667,148,0,1028,22563
4662,148,0,1029,22564
4671,148,0,1035,22565
4674,148,0,1036,22566
4665,148,0,1037,22567
4656,148,0,1038,22568
4665,148,0,1039,22569
4652,148,0,1045,22570
4664,148,0,1046,22571
4667,148,0,1047,22572
4551,148,0,1048,22573
4653,148,0,1049,22574
4663,148,0,1055,22575
4672,148,0,1056,22576
4656,148,0,1057,22577
4662,148,0,1058,22578
4677,148,0,1059,22579
4672,148,0,1065,22580
4666,148,0,1066,22581
4657,148,0,1067,22582
4662,148,0,1068,22583
4674,148,0,1069,22584
4662,148,0,1075,22585
4653,148,0,1076,22586
4657,148,0,1077,22587
4672,148,0,1078,22588
4668,148,0,1079,22589
4663,148,0,1115,22590
4667,148,0,1116,22591
4663,148,0,1117,22592
4664,148,0,1118,22593
4668,148,0,1119,22594
4667,148,0,1120,22595
4654,148,0,1121,22596
4664,148,0,1122,22597
4659,148,0,1123,22598
4657,148,0,1124,22599
4674,148,0,1125,22600
4663,148,0,1126,22601
4664,148,0,1127,22602
4551,148,0,1128,22603
4669,148,0,1129,22604
4665,148,0,1130,22605
4654,148,0,1131,22606
4657,148,0,1132,22607
4664,148,0,1133,22608
4664,148,0,1134,22609
4663,148,0,1175,22610
4666,148,0,1176,22611
4551,148,0,1177,22612
4654,148,0,1178,22613
4674,148,0,1179,22614
4669,148,0,1180,22615
4666,148,0,1181,22616
4666,148,0,1182,22617
4655,148,0,1183,22618
4657,148,0,1184,22619
4667,148,0,1185,22620
4657,148,0,1186,22621
4671,148,0,1187,22622
4551,148,0,1188,22623
4665,148,0,1189,22624
4652,148,0,1190,22625
4672,148,0,1191,22626
4671,148,0,1192,22627
4665,148,0,1193,22628
4677,148,0,1194,22629
4664,149,0,1005,22630
4664,149,0,1006,22631
4669,149,0,1007,22632
4654,149,0,1008,22633
4663,149,0,1009,22634
4656,149,0,1015,22635
4665,149,0,1016,22636
4677,149,0,1017,22637
4653,149,0,1018,22638
4551,149,0,1019,22639
4662,149,0,1025,22640
4651,149,0,1026,22641
4669,149,0,1027,22642
4551,149,0,1028,22643
4669,149,0,1029,22644
4669,149,0,1035,22645
4651,149,0,1036,22646
4654,149,0,1037,22647
4659,149,0,1038,22648
4651,149,0,1039,22649
4659,149,0,1045,22650
4669,149,0,1046,22651
4551,149,0,1047,22652
4671,149,0,1048,22653
4651,149,0,1049,22654
4672,149,0,1055,22655
4671,149,0,1056,22656
4665,149,0,1057,22657
4651,149,0,1058,22658
4657,149,0,1059,22659
4657,149,0,1065,22660
4656,149,0,1066,22661
4669,149,0,1067,22662
4651,149,0,1068,22663
4551,149,0,1069,22664
4653,149,0,1075,22665
4672,149,0,1076,22666
4664,149,0,1077,22667
4663,149,0,1078,22668
4665,149,0,1079,22669
4677,149,0,1115,22670
4551,149,0,1116,22671
4669,149,0,1117,22672
4651,149,0,1118,22673
4664,149,0,1119,22674
4669,149,0,1120,22675
4657,149,0,1121,22676
4671,149,0,1122,22677
4652,149,0,1123,22678
4653,149,0,1124,22679
4653,149,0,1125,22680
4677,149,0,1126,22681
4669,149,0,1127,22682
4653,149,0,1128,22683
4654,149,0,1129,22684
4677,149,0,1130,22685
4655,149,0,1131,22686
4677,149,0,1132,22687
4655,149,0,1133,22688
4665,149,0,1134,22689
4672,149,0,1175,22690
4659,149,0,1176,22691
4657,149,0,1177,22692
4669,149,0,1178,22693
4653,149,0,1179,22694
4662,149,0,1180,22695
4551,149,0,1181,22696
4655,149,0,1182,22697
4654,149,0,1183,22698
4653,149,0,1184,22699
4659,149,0,1185,22700
4654,149,0,1186,22701
4551,149,0,1187,22702
4663,149,0,1188,22703
4662,149,0,1189,22704
4663,149,0,1190,22705
4671,149,0,1191,22706
4651,149,0,1192,22707
4664,149,0,1193,22708
4653,149,0,1194,22709
4663,150,0,1005,22710
4669,150,0,1006,22711
4666,150,0,1007,22712
4664,150,0,1008,22713
4551,150,0,1009,22714
4672,150,0,1015,22715
4656,150,0,1016,22716
4671,150,0,1017,22717
4652,150,0,1018,22718
4674,150,0,1019,22719
4671,150,0,1025,22720
4667,150,0,1026,22721
4665,150,0,1027,22722
4672,150,0,1028,22723
4664,150,0,1029,22724
4665,150,0,1035,22725
4672,150,0,1036,22726
4663,150,0,1037,22727
4551,150,0,1038,22728
4674,150,0,1039,22729
4669,150,0,1045,22730
4651,150,0,1046,22731
4668,150,0,1047,22732
4654,150,0,1048,22733
4667,150,0,1049,22734
4653,150,0,1055,22735
4666,150,0,1056,22736
4659,150,0,1057,22737
4665,150,0,1058,22738
4654,150,0,1059,22739
4659,150,0,1065,22740
4662,150,0,1066,22741
4551,150,0,1067,22742
4657,150,0,1068,22743
4656,150,0,1069,22744
4672,150,0,1075,22745
4652,150,0,1076,22746
4677,150,0,1077,22747
4671,150,0,1078,22748
4663,150,0,1079,22749
4665,150,0,1115,22750
4671,150,0,1116,22751
4656,150,0,1117,22752
4653,150,0,1118,22753
4663,150,0,1119,22754
4666,150,0,1120,22755
4669,150,0,1121,22756
4551,150,0,1122,22757
4665,150,0,1123,22758
4672,150,0,1124,22759
4659,150,0,1125,22760
4651,150,0,1126,22761
4672,150,0,1127,22762
4669,150,0,1128,22763
4659,150,0,1129,22764
4653,150,0,1130,22765
4667,150,0,1131,22766
4667,150,0,1132,22767
4652,150,0,1133,22768
4655,150,0,1134,22769
4669,150,0,1175,22770
4657,150,0,1176,22771
4663,150,0,1177,22772
4659,150,0,1178,22773
4655,150,0,1179,22774
4667,150,0,1180,22775
4662,150,0,1181,22776
4659,150,0,1182,22777
4662,150,0,1183,22778
4666,150,0,1184,22779
4662,150,0,1185,22780
4669,150,0,1186,22781
4666,150,0,1187,22782
4657,150,0,1188,22783
4671,150,0,1189,22784
4665,150,0,1190,22785
4674,150,0,1191,22786
4657,150,0,1192,22787
4651,150,0,1193,22788
4655,150,0,1194,22789
5100,151,0,1005,22790
5110,151,8,1006,22791
5100,151,0,1007,22792
5115,151,0,1008,22793
5105,151,0,1009,22794
5110,151,4,1015,22795
5100,151,0,1016,22796
5110,151,2,1017,22797
5110,151,7,1018,22798
5115,151,0,1019,22799
5100,151,0,1025,22800
5100,151,0,1026,22801
5100,151,0,1027,22802
5110,151,6,1028,22803
5100,151,0,1029,22804
5115,151,0,1035,22805
5110,151,7,1036,22806
5100,151,0,1037,22807
5100,151,0,1038,22808
5100,151,0,1039,22809
5100,151,0,1045,22810
5110,151,1,1046,22811
5110,151,2,1047,22812
5100,151,0,1048,22813
5100,151,0,1049,22814
5105,151,0,1055,22815
5110,151,7,1056,22816
5105,151,1,1057,22817
5110,151,6,1058,22818
5110,151,7,1059,22819
5110,151,8,1065,22820
5100,151,0,1066,22821
5110,151,0,1067,22822
5100,151,0,1068,22823
5115,151,0,1069,22824
5100,151,0,1075,22825
5105,151,0,1076,22826
5100,151,0,1077,22827
5100,151,0,1078,22828
5115,151,0,1079,22829
5100,151,0,1115,22830
5100,151,0,1116,22831
5105,151,1,1117,22832
5105,151,0,1118,22833
5100,151,0,1119,22834
5100,151,0,1120,22835
5115,151,0,1121,22836
5100,151,0,1122,22837
5105,151,0,1123,22838
5110,151,9,1124,22839
5100,151,0,1125,22840
5115,151,0,1126,22841
5100,151,0,1127,22842
5110,151,9,1128,22843
5110,151,2,1129,22844
5100,151,0,1130,22845
5110,151,0,1131,22846
5100,151,0,1132,22847
5100,151,0,1133,22848
5100,151,0,1134,22849
5110,151,8,1175,22850
5115,151,0,1176,22851
5115,151,0,1177,22852
5100,151,0,1178,22853
5100,151,0,1179,22854
5110,151,7,1180,22855
5100,151,0,1181,22856
5110,151,2,1182,22857
5110,151,8,1183,22858
5115,151,0,1184,22859
5100,151,0,1185,22860
5100,151,0,1186,22861
5115,151,0,1187,22862
5110,151,0,1188,22863
5110,151,2,1189,22864
5100,151,0,1190,22865
5100,151,0,1191,22866
5100,151,0,1192,22867
5100,151,0,1193,22868
5110,151,8,1194,22869
5100,152,0,1005,22870
5100,152,0,1006,22871
5100,152,0,1007,22872
5100,152,0,1008,22873
5100,152,0,1009,22874
5105,152,0,1015,22875
5110,152,7,1016,22876
5100,152,0,1017,22877
5100,152,0,1018,22878
5100,152,0,1019,22879
5100,152,0,1025,22880
5100,152,0,1026,22881
5110,152,4,1027,22882
5100,152,0,1028,22883
5100,152,0,1029,22884
5100,152,0,1035,22885
5100,152,0,1036,22886
5100,152,0,1037,22887
5100,152,0,1038,22888
5100,152,0,1039,22889
5100,152,0,1045,22890
5115,152,0,1046,22891
5100,152,0,1047,22892
5100,152,0,1048,22893
5110,152,3,1049,22894
5100,152,0,1055,22895
5100,152,0,1056,22896
5110,152,4,1057,22897
5100,152,0,1058,22898
5100,152,0,1059,22899
5100,152,0,1065,22900
5105,152,0,1066,22901
5115,152,0,1067,22902
5110,152,0,1068,22903
5100,152,0,1069,22904
5100,152,0,1075,22905
5110,152,2,1076,22906
5115,152,0,1077,22907
5105,152,0,1078,22908
5110,152,4,1079,22909
5100,152,0,1115,22910
5100,152,0,1116,22911
5100,152,0,1117,22912
5110,152,7,1118,22913
5105,152,0,1119,22914
5110,152,1,1120,22915
5110,152,8,1121,22916
5115,152,0,1122,22917
5100,152,0,1123,22918
5115,152,0,1124,22919
5110,152,5,1125,22920
5100,152,0,1126,22921
5105,152,0,1127,22922
5100,152,0,1128,22923
5100,152,0,1129,22924
5100,152,0,1130,22925
5100,152,0,1131,22926
5110,152,3,1132,22927
5110,152,4,1133,22928
5110,152,1,1134,22929
5100,152,0,1175,22930
5100,152,0,1176,22931
5100,152,0,1177,22932
5110,152,9,1178,22933
5115,152,0,1179,22934
5105,152,0,1180,22935
5100,152,0,1181,22936
5100,152,0,1182,22937
5100,152,0,1183,22938
5100,152,0,1184,22939
5105,152,0,1185,22940
5100,152,0,1186,22941
5100,152,0,1187,22942
5110,152,1,1188,22943
5110,152,3,1189,22944
5105,152,0,1190,22945
5110,152,5,1191,22946
5100,152,0,1192,22947
5100,152,0,1193,22948
5100,152,0,1194,22949
4654,153,0,1005,22950
4654,153,0,1006,22951
4667,153,0,1007,22952
4674,153,0,1008,22953
4656,153,0,1009,22954
4653,153,0,1015,22955
4653,153,0,1016,22956
4674,153,0,1017,22957
4654,153,0,1018,22958
4654,153,0,1019,22959
4663,153,0,1025,22960
4674,153,0,1026,22961
4653,153,0,1027,22962
4652,153,0,1028,22963
4653,153,0,1029,22964
4664,153,0,1035,22965
4667,153,0,1036,22966
4664,153,0,1037,22967
4663,153,0,1038,22968
4666,153,0,1039,22969
4664,153,0,1045,22970
4654,153,0,1046,22971
4654,153,0,1047,22972
4664,153,0,1048,22973
4654,153,0,1049,22974
4654,153,0,1055,22975
4652,153,0,1056,22976
4667,153,0,1057,22977
4668,153,0,1058,22978
4656,153,0,1059,22979
4652,153,0,1065,22980
4668,153,0,1066,22981
4674,153,0,1067,22982
4653,153,0,1068,22983
4667,153,0,1069,22984
4663,153,0,1075,22985
4654,153,0,1076,22986
4668,153,0,1077,22987
4653,153,0,1078,22988
4667,153,0,1079,22989
4652,153,0,1115,22990
4653,153,0,1116,22991
4666,153,0,1117,22992
4652,153,0,1118,22993
4667,153,0,1119,22994
4656,153,0,1120,22995
4653,153,0,1121,22996
4653,153,0,1122,22997
4653,153,0,1123,22998
4667,153,0,1124,22999
4656,153,0,1125,23000
4656,153,0,1126,23001
4674,153,0,1127,23002
4663,153,0,1128,23003
4668,153,0,1129,23004
4652,153,0,1130,23005
4653,153,0,1131,23006
4668,153,0,1132,23007
4667,153,0,1133,23008
4668,153,0,1134,23009
4668,153,0,1175,23010
4652,153,0,1176,23011
4652,153,0,1177,23012
4653,153,0,1178,23013
4656,153,0,1179,23014
4666,153,0,1180,23015
4674,153,0,1181,23016
4652,153,0,1182,23017
4666,153,0,1183,23018
4664,153,0,1184,23019
4664,153,0,1185,23020
4656,153,0,1186,23021
4667,153,0,1187,23022
4654,153,0,1188,23023
4656,153,0,1189,23024
4668,153,0,1190,23025
4663,153,0,1191,23026
4654,153,0,1192,23027
4668,153,0,1193,23028
4663,153,0,1194,23029
5368,154,0,1005,23030
5370,154,0,1005,23031
5368,154,0,1006,23032
5371,154,0,1006,23033
5367,154,0,1007,23034
5372,154,0,1007,23035
5368,154,0,1008,23036
5370,154,0,1008,23037
5367,154,0,1009,23038
5372,154,0,1009,23039
5368,154,0,1015,23040
5370,154,0,1015,23041
5368,154,0,1016,23042
5371,154,0,1016,23043
5367,154,0,1017,23044
5372,154,0,1017,23045
5367,154,0,1018,23046
5370,154,0,1018,23047
5367,154,0,1019,23048
5371,154,0,1019,23049
5368,154,0,1025,23050
5372,154,0,1025,23051
5368,154,0,1026,23052
5370,154,0,1026,23053
5367,154,0,1027,23054
5372,154,0,1027,23055
5368,154,0,1028,23056
5371,154,0,1028,23057
5367,154,0,1029,23058
5371,154,0,1029,23059
5368,154,0,1035,23060
5372,154,0,1035,23061
5367,154,0,1036,23062
5370,154,0,1036,23063
5367,154,0,1037,23064
5371,154,0,1037,23065
5368,154,0,1038,23066
5370,154,0,1038,23067
5367,154,0,1039,23068
5372,154,0,1039,23069
5368,154,0,1045,23070
5371,154,0,1045,23071
5368,154,0,1046,23072
5371,154,0,1046,23073
5367,154,0,1047,23074
5370,154,0,1047,23075
5367,154,0,1048,23076
5372,154,0,1048,23077
5368,154,0,1049,23078
5370,154,0,1049,23079
5367,154,0,1055,23080
5371,154,0,1055,23081
5367,154,0,1056,23082
5372,154,0,1056,23083
5367,154,0,1057,23084
5370,154,0,1057,23085
5368,154,0,1058,23086
5372,154,0,1058,23087
5368,154,0,1059,23088
5371,154,0,1059,23089
5368,154,0,1065,23090
5371,154,0,1065,23091
5368,154,0,1066,23092
5370,154,0,1066,23093
5367,154,0,1067,23094
5372,154,0,1067,23095
5368,154,0,1068,23096
5372,154,0,1068,23097
5367,154,0,1069,23098
5370,154,0,1069,23099
5368,154,0,1075,23100
5370,154,0,1075,23101
5367,154,0,1076,23102
5371,154,0,1076,23103
5367,154,0,1077,23104
5372,154,0,1077,23105
5367,154,0,1078,23106
5370,154,0,1078,23107
5368,154,0,1079,23108
5371,154,0,1079,23109
5367,154,0,1115,23110
5371,154,0,1115,23111
5367,154,0,1116,23112
5371,154,0,1116,23113
5367,154,0,1117,23114
5371,154,0,1117,23115
5367,154,0,1118,23116
5371,154,0,1118,23117
5367,154,0,1119,23118
5372,154,0,1119,23119
5368,154,0,1120,23120
5370,154,0,1120,23121
5368,154,0,1121,23122
5370,154,0,1121,23123
5368,154,0,1122,23124
5370,154,0,1122,23125
5367,154,0,1123,23126
5372,154,0,1123,23127
5367,154,0,1124,23128
5370,154,0,1124,23129
5368,154,0,1125,23130
5370,154,0,1125,23131
5367,154,0,1126,23132
5371,154,0,1126,23133
5368,154,0,1127,23134
5370,154,0,1127,23135
5368,154,0,1128,23136
5371,154,0,1128,23137
5368,154,0,1129,23138
5371,154,0,1129,23139
5368,154,0,1130,23140
5372,154,0,1130,23141
5367,154,0,1131,23142
5372,154,0,1131,23143
5368,154,0,1132,23144
5372,154,0,1132,23145
5367,154,0,1133,23146
5372,154,0,1133,23147
5368,154,0,1134,23148
5371,154,0,1134,23149
5368,154,0,1175,23150
5370,154,0,1175,23151
5367,154,0,1176,23152
5371,154,0,1176,23153
5367,154,0,1177,23154
5372,154,0,1177,23155
5367,154,0,1178,23156
5370,154,0,1178,23157
5368,154,0,1179,23158
5371,154,0,1179,23159
5368,154,0,1180,23160
5371,154,0,1180,23161
5367,154,0,1181,23162
5372,154,0,1181,23163
5368,154,0,1182,23164
5372,154,0,1182,23165
5367,154,0,1183,23166
5371,154,0,1183,23167
5368,154,0,1184,23168
5371,154,0,1184,23169
5367,154,0,1185,23170
5372,154,0,1185,23171
5368,154,0,1186,23172
5372,154,0,1186,23173
5368,154,0,1187,23174
5370,154,0,1187,23175
5367,154,0,1188,23176
5371,154,0,1188,23177
5368,154,0,1189,23178
5372,154,0,1189,23179
5368,154,0,1190,23180
5370,154,0,1190,23181
5367,154,0,1191,23182
5372,154,0,1191,23183
5367,154,0,1192,23184
5370,154,0,1192,23185
5368,154,0,1193,23186
5370,154,0,1193,23187
5367,154,0,1194,23188
5372,154,0,1194,23189
5382,155,0,1005,23190
5386,155,0,1005,23191
5382,155,0,1006,23192
5388,155,0,1006,23193
5380,155,0,1007,23194
5390,155,0,1007,23195
5382,155,0,1008,23196
5386,155,0,1008,23197
5380,155,0,1009,23198
5390,155,0,1009,23199
5382,155,0,1015,23200
5386,155,0,1015,23201
5382,155,0,1016,23202
5388,155,0,1016,23203
5380,155,0,1017,23204
5390,155,0,1017,23205
5380,155,0,1018,23206
5386,155,0,1018,23207
5380,155,0,1019,23208
5388,155,0,1019,23209
5382,155,0,1025,23210
5390,155,0,1025,23211
5382,155,0,1026,23212
5386,155,0,1026,23213
5380,155,0,1027,23214
5390,155,0,1027,23215
5382,155,0,1028,23216
5388,155,0,1028,23217
5380,155,0,1029,23218
5388,155,0,1029,23219
5382,155,0,1035,23220
5390,155,0,1035,23221
5380,155,0,1036,23222
5386,155,0,1036,23223
5380,155,0,1037,23224
5388,155,0,1037,23225
5382,155,0,1038,23226
5386,155,0,1038,23227
5380,155,0,1039,23228
5390,155,0,1039,23229
5382,155,0,1045,23230
5388,155,0,1045,23231
5382,155,0,1046,23232
5388,155,0,1046,23233
5380,155,0,1047,23234
5386,155,0,1047,23235
5380,155,0,1048,23236
5390,155,0,1048,23237
5382,155,0,1049,23238
5386,155,0,1049,23239
5380,155,0,1055,23240
5388,155,0,1055,23241
5380,155,0,1056,23242
5390,155,0,1056,23243
5380,155,0,1057,23244
5386,155,0,1057,23245
5382,155,0,1058,23246
5390,155,0,1058,23247
5382,155,0,1059,23248
5388,155,0,1059,23249
5382,155,0,1065,23250
5388,155,0,1065,23251
5382,155,0,1066,23252
5386,155,0,1066,23253
5380,155,0,1067,23254
5390,155,0,1067,23255
5382,155,0,1068,23256
5390,155,0,1068,23257
5380,155,0,1069,23258
5386,155,0,1069,23259
5382,155,0,1075,23260
5386,155,0,1075,23261
5380,155,0,1076,23262
5388,155,0,1076,23263
5380,155,0,1077,23264
5390,155,0,1077,23265
5380,155,0,1078,23266
5386,155,0,1078,23267
5382,155,0,1079,23268
5388,155,0,1079,23269
5380,155,0,1115,23270
5388,155,0,1115,23271
5380,155,0,1116,23272
5388,155,0,1116,23273
5380,155,0,1117,23274
5388,155,0,1117,23275
5380,155,0,1118,23276
5388,155,0,1118,23277
5380,155,0,1119,23278
5390,155,0,1119,23279
5382,155,0,1120,23280
5386,155,0,1120,23281
5382,155,0,1121,23282
5386,155,0,1121,23283
5382,155,0,1122,23284
5386,155,0,1122,23285
5380,155,0,1123,23286
5390,155,0,1123,23287
5380,155,0,1124,23288
5386,155,0,1124,23289
5382,155,0,1125,23290
5386,155,0,1125,23291
5380,155,0,1126,23292
5388,155,0,1126,23293
5382,155,0,1127,23294
5386,155,0,1127,23295
5382,155,0,1128,23296
5388,155,0,1128,23297
5382,155,0,1129,23298
5388,155,0,1129,23299
5382,155,0,1130,23300
5390,155,0,1130,23301
5380,155,0,1131,23302
5390,155,0,1131,23303
5382,155,0,1132,23304
5390,155,0,1132,23305
5380,155,0,1133,23306
5390,155,0,1133,23307
5382,155,0,1134,23308
5388,155,0,1134,23309
5382,155,0,1175,23310
5386,155,0,1175,23311
5380,155,0,1176,23312
5388,155,0,1176,23313
5380,155,0,1177,23314
5390,155,0,1177,23315
5380,155,0,1178,23316
5386,155,0,1178,23317
5382,155,0,1179,23318
5388,155,0,1179,23319
5382,155,0,1180,23320
5388,155,0,1180,23321
5380,155,0,1181,23322
5390,155,0,1181,23323
5382,155,0,1182,23324
5390,155,0,1182,23325
5380,155,0,1183,23326
5388,155,0,1183,23327
5382,155,0,1184,23328
5388,155,0,1184,23329
5380,155,0,1185,23330
5390,155,0,1185,23331
5382,155,0,1186,23332
5390,155,0,1186,23333
5382,155,0,1187,23334
5386,155,0,1187,23335
5380,155,0,1188,23336
5388,155,0,1188,23337
5382,155,0,1189,23338
5390,155,0,1189,23339
5382,155,0,1190,23340
5386,155,0,1190,23341
5380,155,0,1191,23342
5390,155,0,1191,23343
5380,155,0,1192,23344
5386,155,0,1192,23345
5382,155,0,1193,23346
5386,155,0,1193,23347
5380,155,0,1194,23348
5390,155,0,1194,23349
5383,156,0,1005,23350
5387,156,0,1005,23351
5383,156,0,1006,23352
5389,156,0,1006,23353
5381,156,0,1007,23354
5391,156,0,1007,23355
5383,156,0,1008,23356
5387,156,0,1008,23357
5381,156,0,1009,23358
5391,156,0,1009,23359
5383,156,0,1015,23360
5387,156,0,1015,23361
5383,156,0,1016,23362
5389,156,0,1016,23363
5381,156,0,1017,23364
5391,156,0,1017,23365
5381,156,0,1018,23366
5387,156,0,1018,23367
5381,156,0,1019,23368
5389,156,0,1019,23369
5383,156,0,1025,23370
5391,156,0,1025,23371
5383,156,0,1026,23372
5387,156,0,1026,23373
5381,156,0,1027,23374
5391,156,0,1027,23375
5383,156,0,1028,23376
5389,156,0,1028,23377
5381,156,0,1029,23378
5389,156,0,1029,23379
5383,156,0,1035,23380
5391,156,0,1035,23381
5381,156,0,1036,23382
5387,156,0,1036,23383
5381,156,0,1037,23384
5389,156,0,1037,23385
5383,156,0,1038,23386
5387,156,0,1038,23387
5381,156,0,1039,23388
5391,156,0,1039,23389
5383,156,0,1045,23390
5389,156,0,1045,23391
5383,156,0,1046,23392
5389,156,0,1046,23393
5381,156,0,1047,23394
5387,156,0,1047,23395
5381,156,0,1048,23396
5391,156,0,1048,23397
5383,156,0,1049,23398
5387,156,0,1049,23399
5381,156,0,1055,23400
5389,156,0,1055,23401
5381,156,0,1056,23402
5391,156,0,1056,23403
5381,156,0,1057,23404
5387,156,0,1057,23405
5383,156,0,1058,23406
5391,156,0,1058,23407
5383,156,0,1059,23408
5389,156,0,1059,23409
5383,156,0,1065,23410
5389,156,0,1065,23411
5383,156,0,1066,23412
5387,156,0,1066,23413
5381,156,0,1067,23414
5391,156,0,1067,23415
5383,156,0,1068,23416
5391,156,0,1068,23417
5381,156,0,1069,23418
5387,156,0,1069,23419
5383,156,0,1075,23420
5387,156,0,1075,23421
5381,156,0,1076,23422
5389,156,0,1076,23423
5381,156,0,1077,23424
5391,156,0,1077,23425
5381,156,0,1078,23426
5387,156,0,1078,23427
5383,156,0,1079,23428
5389,156,0,1079,23429
5381,156,0,1115,23430
5389,156,0,1115,23431
5381,156,0,1116,23432
5389,156,0,1116,23433
5381,156,0,1117,23434
5389,156,0,1117,23435
5381,156,0,1118,23436
5389,156,0,1118,23437
5381,156,0,1119,23438
5391,156,0,1119,23439
5383,156,0,1120,23440
5387,156,0,1120,23441
5383,156,0,1121,23442
5387,156,0,1121,23443
5383,156,0,1122,23444
5387,156,0,1122,23445
5381,156,0,1123,23446
5391,156,0,1123,23447
5381,156,0,1124,23448
5387,156,0,1124,23449
5383,156,0,1125,23450
5387,156,0,1125,23451
5381,156,0,1126,23452
5389,156,0,1126,23453
5383,156,0,1127,23454
5387,156,0,1127,23455
5383,156,0,1128,23456
5389,156,0,1128,23457
5383,156,0,1129,23458
5389,156,0,1129,23459
5383,156,0,1130,23460
5391,156,0,1130,23461
5381,156,0,1131,23462
5391,156,0,1131,23463
5383,156,0,1132,23464
5391,156,0,1132,23465
5381,156,0,1133,23466
5391,156,0,1133,23467
5383,156,0,1134,23468
5389,156,0,1134,23469
5383,156,0,1175,23470
5387,156,0,1175,23471
5381,156,0,1176,23472
5389,156,0,1176,23473
5381,156,0,1177,23474
5391,156,0,1177,23475
5381,156,0,1178,23476
5387,156,0,1178,23477
5383,156,0,1179,23478
5389,156,0,1179,23479
5383,156,0,1180,23480
5389,156,0,1180,23481
5381,156,0,1181,23482
5391,156,0,1181,23483
5383,156,0,1182,23484
5391,156,0,1182,23485
5381,156,0,1183,23486
5389,156,0,1183,23487
5383,156,0,1184,23488
5389,156,0,1184,23489
5381,156,0,1185,23490
5391,156,0,1185,23491
5383,156,0,1186,23492
5391,156,0,1186,23493
5383,156,0,1187,23494
5387,156,0,1187,23495
5381,156,0,1188,23496
5389,156,0,1188,23497
5383,156,0,1189,23498
5391,156,0,1189,23499
5383,156,0,1190,23500
5387,156,0,1190,23501
5381,156,0,1191,23502
5391,156,0,1191,23503
5381,156,0,1192,23504
5387,156,0,1192,23505
5383,156,0,1193,23506
5387,156,0,1193,23507
5381,156,0,1194,23508
5391,156,0,1194,23509
5110,157,1,1005,23510
5100,157,0,1006,23511
5110,157,0,1007,23512
5110,157,1,1008,23513
5110,157,9,1009,23514
5100,157,0,1015,23515
5100,157,0,1016,23516
5100,157,0,1017,23517
5105,157,0,1018,23518
5110,157,6,1019,23519
5115,157,0,1025,23520
5110,157,7,1026,23521
5100,157,0,1027,23522
5115,157,0,1028,23523
5105,157,0,1029,23524
5100,157,0,1035,23525
5100,157,0,1036,23526
5110,157,8,1037,23527
5110,157,0,1038,23528
5110,157,3,1039,23529
5110,157,1,1045,23530
5100,157,0,1046,23531
5110,157,3,1047,23532
5105,157,1,1048,23533
5100,157,0,1049,23534
5100,157,0,1055,23535
5115,157,0,1056,23536
5100,157,0,1057,23537
5100,157,0,1058,23538
5105,157,0,1059,23539
5115,157,0,1065,23540
5100,157,0,1066,23541
5100,157,0,1067,23542
5100,157,0,1068,23543
5110,157,1,1069,23544
5115,157,0,1075,23545
5100,157,0,1076,23546
5100,157,0,1077,23547
5100,157,0,1078,23548
5100,157,0,1079,23549
5110,157,6,1115,23550
5115,157,0,1116,23551
5100,157,0,1117,23552
5100,157,0,1118,23553
5100,157,0,1119,23554
5100,157,0,1120,23555
5100,157,0,1121,23556
5100,157,0,1122,23557
5110,157,2,1123,23558
5100,157,0,1124,23559
5100,157,0,1125,23560
5100,157,0,1126,23561
5100,157,0,1127,23562
5115,157,0,1128,23563
5105,157,1,1129,23564
5115,157,0,1130,23565
5100,157,0,1131,23566
5100,157,0,1132,23567
5100,157,0,1133,23568
5100,157,0,1134,23569
5115,157,0,1175,23570
5100,157,0,1176,23571
5100,157,0,1177,23572
5100,157,0,1178,23573
5100,157,0,1179,23574
5100,157,0,1180,23575
5105,157,1,1181,23576
5100,157,0,1182,23577
5100,157,0,1183,23578
5110,157,8,1184,23579
5100,157,0,1185,23580
5105,157,0,1186,23581
5110,157,9,1187,23582
5100,157,0,1188,23583
5100,157,0,1189,23584
5100,157,0,1190,23585
5100,157,0,1191,23586
5115,157,0,1192,23587
5115,157,0,1193,23588
5105,157,0,1194,23589
5105,158,0,1005,23590
5105,158,0,1006,23591
5105,158,0,1007,23592
5100,158,0,1008,23593
5100,158,0,1009,23594
5100,158,0,1015,23595
5115,158,0,1016,23596
5115,158,0,1017,23597
5100,158,0,1018,23598
5100,158,0,1019,23599
5110,158,3,1025,23600
5115,158,0,1026,23601
5105,158,0,1027,23602
5100,158,0,1028,23603
5110,158,5,1029,23604
5110,158,8,1035,23605
5110,158,6,1036,23606
5110,158,9,1037,23607
5115,158,0,1038,23608
5115,158,0,1039,23609
5115,158,0,1045,23610
5100,158,0,1046,23611
5100,158,0,1047,23612
5110,158,2,1048,23613
5115,158,0,1049,23614
5110,158,4,1055,23615
5100,158,0,1056,23616
5100,158,0,1057,23617
5110,158,5,1058,23618
5100,158,0,1059,23619
5100,158,0,1065,23620
5110,158,9,1066,23621
5100,158,0,1067,23622
5105,158,0,1068,23623
5100,158,0,1069,23624
5110,158,5,1075,23625
5100,158,0,1076,23626
5110,158,3,1077,23627
5110,158,9,1078,23628
5100,158,0,1079,23629
5110,158,5,1115,23630
5110,158,0,1116,23631
5110,158,8,1117,23632
5100,158,0,1118,23633
5110,158,8,1119,23634
5105,158,0,1120,23635
5100,158,0,1121,23636
5110,158,9,1122,23637
5100,158,0,1123,23638
5100,158,0,1124,23639
5105,158,0,1125,23640
5110,158,0,1126,23641
5110,158,1,1127,23642
5100,158,0,1128,23643
5100,158,0,1129,23644
5110,158,3,1130,23645
5115,158,0,1131,23646
5105,158,0,1132,23647
5105,158,0,1133,23648
5105,158,0,1134,23649
5100,158,0,1175,23650
5110,158,5,1176,23651
5110,158,1,1177,23652
5105,158,0,1178,23653
5110,158,6,1179,23654
5100,158,0,1180,23655
5110,158,9,1181,23656
5115,158,0,1182,23657
5115,158,0,1183,23658
5100,158,0,1184,23659
5110,158,9,1185,23660
5110,158,9,1186,23661
5100,158,0,1187,23662
5100,158,0,1188,23663
5100,158,0,1189,23664
5110,158,4,1190,23665
5105,158,0,1191,23666
5110,158,6,1192,23667
5110,158,7,1193,23668
5100,158,0,1194,23669
5399,159,0,1005,23670
5399,159,0,1008,23671
5399,159,0,1017,23672
5399,159,0,1039,23673
5399,159,0,1048,23674
5399,159,0,1067,23675
5399,159,0,1115,23676
5399,159,0,1128,23677
5399,159,0,1184,23678
5399,159,0,1192,23679
5305,160,0,1006,23680
5300,160,0,1015,23681
5305,160,0,1019,23682
5300,160,0,1027,23683
4552,160,0,1029,23684
4553,160,0,1037,23685
5305,160,0,1038,23686
4553,160,0,1045,23687
4555,160,0,1055,23688
5300,160,0,1057,23689
4555,160,0,1066,23690
4552,160,0,1067,23691
5300,160,0,1077,23692
5305,160,0,1079,23693
5300,160,0,1116,23694
5305,160,0,1119,23695
5300,160,0,1125,23696
5305,160,0,1126,23697
5300,160,0,1129,23698
5300,160,0,1131,23699
5300,160,0,1132,23700
5300,160,0,1133,23701
5305,160,0,1134,23702
4552,160,0,1176,23703
5305,160,0,1178,23704
5300,160,0,1179,23705
4555,160,0,1180,23706
4555,160,0,1186,23707
5305,160,0,1187,23708
4552,160,0,1188,23709
4553,160,0,1192,23710
5305,161,0,1006,23711
5300,161,0,1015,23712
5305,161,0,1019,23713
5300,161,0,1027,23714
4552,161,0,1029,23715
4553,161,0,1037,23716
5305,161,0,1038,23717
4553,161,0,1045,23718
4555,161,0,1055,23719
5300,161,0,1057,23720
4555,161,0,1066,23721
4552,161,0,1067,23722
5300,161,0,1077,23723
5305,161,0,1079,23724
5300,161,0,1116,23725
5305,161,0,1119,23726
5300,161,0,1125,23727
5305,161,0,1126,23728
5300,161,0,1129,23729
5300,161,0,1131,23730
5300,161,0,1132,23731
5300,161,0,1133,23732
5305,161,0,1134,23733
4552,161,0,1176,23734
5305,161,0,1178,23735
5300,161,0,1179,23736
4555,161,0,1180,23737
4555,161,0,1186,23738
5305,161,0,1187,23739
4552,161,0,1188,23740
4553,161,0,1192,23741
5305,162,0,1006,23742
5300,162,0,1015,23743
5305,162,0,1019,23744
5300,162,0,1027,23745
4552,162,0,1029,23746
4553,162,0,1037,23747
5305,162,0,1038,23748
4553,162,0,1045,23749
4555,162,0,1055,23750
5300,162,0,1057,23751
4555,162,0,1066,23752
4552,162,0,1067,23753
5300,162,0,1077,23754
5305,162,0,1079,23755
5300,162,0,1116,23756
5305,162,0,1119,23757
5300,162,0,1125,23758
5305,162,0,1126,23759
5300,162,0,1129,23760
5300,162,0,1131,23761
5300,162,0,1132,23762
5300,162,0,1133,23763
5305,162,0,1134,23764
4552,162,0,1176,23765
5305,162,0,1178,23766
5300,162,0,1179,23767
4555,162,0,1180,23768
4555,162,0,1186,23769
5305,162,0,1187,23770
4552,162,0,1188,23771
4553,162,0,1192,23772
5399,163,0,1006,23773
5399,163,0,1056,23774
5399,163,0,1058,23775
5399,163,0,1078,23776
5399,163,0,1079,23777
5399,163,0,1117,23778
5399,163,0,1120,23779
5399,163,0,1125,23780
5399,163,0,1127,23781
5399,163,0,1134,23782
5399,163,0,1179,23783
5399,163,0,1185,23784
5399,163,0,1186,23785
5399,163,0,1190,23786
4940,164,0,1015,23787
4940,164,0,1131,23788
4940,164,0,1193,23789
5399,165,0,1015,23790
5399,165,0,1016,23791
5399,165,0,1018,23792
5399,165,0,1025,23793
5399,165,0,1035,23794
5399,165,0,1065,23795
5399,165,0,1131,23796
5399,165,0,1188,23797
5399,165,0,1193,23798
4940,166,0,1027,23799
4940,166,0,1119,23800
4940,166,0,1190,23801
5399,167,0,1027,23802
5399,167,0,1028,23803
5399,167,0,1047,23804
5399,167,0,1055,23805
5399,167,0,1066,23806
5399,167,0,1116,23807
5399,167,0,1132,23808
5399,167,0,1133,23809
5399,167,0,1180,23810
5399,167,0,1181,23811
5399,167,0,1187,23812
4940,168,0,1028,23813
4940,168,0,1035,23814
4940,168,0,1037,23815
4940,168,0,1184,23816
4940,169,0,1029,23817
4940,169,0,1118,23818
4940,169,0,1133,23819
4940,170,0,1056,23820
4940,170,0,1120,23821
4940,170,0,1124,23822
4940,171,0,1115,23823
4940,171,0,1125,23824
4940,171,0,1181,23825
4940,171,0,1188,23826
4940,172,0,1117,23827
4940,172,0,1130,23828
4940,172,0,1134,23829
4940,172,0,1175,23830
