ID,Name,disableParam_NT,disableParamReserve1,disableParamReserve2,eventFlagId0,eventFlagId1,eventFlagId5,isAreaIcon,isOverrideDistViewMarkPos,isEnableNoText,unknown_10_3,unknown_10_4,unknown_10_5,unknown_10_6,unknown_10_7,areaNo_forDistViewMark,gridXNo_forDistViewMark,gridZNo_forDistViewMark,worldMapPointIconId,dispMask00,dispMask01,pad2_0,pad2,distViewIconId,areaNo,gridXNo,gridZNo,pad,posX,posY,posZ,detailIcon1,detailIcon2,unknown_30,unknown_34,unknown_38,unknown_3C,unknown_3E,unknown_40,unknown_42,eventFlagId2,eventFlagId3,eventFlagId4,unknown_50,variationIconId,unknown_56,unknown_58,unknown_5A,unknown_5C,unknown_5E,eventFlagId6,eventFlagId7,unk_00,eventFlagId8,fh_unknown_00,fh_unknown_01,fh_unknown_02,fh_unknown_03,
100,,0,0,[0|0|0],73100,0,0,0,0,1,0,0,1,1,0,0,0,0,0,0,0,0,0,0,60,42,37,0,108,89,50,0,0,0,0,0,2,1,60,58,74100,74800,74900,-1,0,1,0,10,0,0,0,0,0,73910,0,0,0,0
101,,0,0,[0|0|0],73101,0,0,1,0,1,0,0,1,1,0,0,0,0,0,0,0,0,0,0,60,42,37,0,45,98,-107,0,0,0,0,0,2,1,60,58,74101,74801,74901,-1,0,1,0,10,0,0,0,0,0,73911,0,0,0,0
103,,0,0,[0|0|0],73103,0,0,1,1,1,0,0,1,1,0,0,0,0,0,0,0,0,0,0,60,42,39,0,-30,192,-45,0,0,0,0,0,2,1,60,58,74103,74803,74903,-1,0,1,0,10,0,0,0,0,0,73913,0,0,0,0
104,,0,0,[0|0|0],73104,0,0,0,0,0,1,0,1,1,0,0,0,0,0,0,0,0,0,0,60,43,36,0,-29,65,-49,0,0,0,0,0,2,1,60,58,74104,74804,74904,-1,0,1,0,10,0,0,0,0,0,73914,0,0,0,0
106,,0,0,[0|0|0],73106,0,0,0,1,0,1,0,1,1,0,0,0,0,0,0,0,0,0,0,60,43,39,0,0,176,-77,0,0,0,0,0,2,1,60,58,74106,74806,74906,-1,0,1,0,10,0,0,0,0,0,73916,0,0,0,0
107,,0,0,[0|0|0],73107,0,0,1,1,0,1,0,1,1,0,0,0,0,0,0,0,0,0,0,60,43,39,0,-24,198,111,0,0,0,0,0,2,1,60,58,74107,74807,74907,-1,0,1,0,10,0,0,0,0,0,73917,0,0,0,0
108,,0,0,[0|0|0],73108,0,0,0,0,1,1,0,1,1,0,0,0,0,0,0,0,0,0,0,60,44,36,0,45,87,98,0,0,0,0,0,2,1,60,58,74108,74808,74908,-1,0,1,0,10,0,0,0,0,0,73918,0,0,0,0
109,,0,0,[0|0|0],73109,0,0,1,0,1,1,0,1,1,0,0,0,0,0,0,0,0,0,0,60,44,37,0,75,30,-9,0,0,0,0,0,2,1,60,58,74109,74809,74909,-1,0,1,0,10,0,0,0,0,0,73919,0,0,0,0
110,,0,0,[0|0|0],73110,0,0,0,1,1,1,0,1,1,0,0,0,0,0,0,0,0,0,0,60,44,38,0,2,85,-13,0,0,0,0,0,2,1,60,58,74110,74810,74910,-1,0,1,0,10,0,0,0,0,0,73920,0,0,0,0
111,,0,0,[0|0|0],73111,0,0,1,1,1,1,0,1,1,0,0,0,0,0,0,0,0,0,0,60,44,38,0,126,32,-70,0,0,0,0,0,2,1,60,58,74111,74811,74911,-1,0,1,0,10,0,0,0,0,0,73921,0,0,0,0
112,,0,0,[0|0|0],73112,0,0,0,0,0,0,1,1,1,0,0,0,0,0,0,0,0,0,0,60,44,39,0,73,110,-64,0,0,0,0,0,2,1,60,58,74112,74812,74912,-1,0,1,0,10,0,0,0,0,0,73922,0,0,0,0
113,,0,0,[0|0|0],73113,0,0,1,0,0,0,1,1,1,0,0,0,0,0,0,0,0,0,0,60,45,36,0,-5,16,20,0,0,0,0,0,2,1,60,58,74113,74813,74913,-1,0,1,0,10,0,0,0,0,0,73923,0,0,0,0
114,,0,0,[0|0|0],73114,0,0,0,1,0,0,1,1,1,0,0,0,0,0,0,0,0,0,0,60,45,37,0,4,22,-68,0,0,0,0,0,2,1,60,58,74114,74814,74914,-1,0,1,0,10,0,0,0,0,0,73924,0,0,0,0
116,,0,0,[0|0|0],73116,0,0,0,0,1,0,1,1,1,0,0,0,0,0,0,0,0,0,0,60,45,38,0,39,35,-9,0,0,0,0,0,2,1,60,58,74116,74816,74916,-1,0,1,0,10,0,0,0,0,0,73926,0,0,0,0
117,,0,0,[0|0|0],73117,0,0,1,0,1,0,1,1,1,0,0,0,0,0,0,0,0,0,0,60,45,39,0,-56,95,54,0,0,0,0,0,2,1,60,58,74117,74817,74917,-1,0,1,0,10,0,0,0,0,0,73927,0,0,0,0
118,,0,0,[0|0|0],73118,0,0,0,1,1,0,1,1,1,0,0,0,0,0,0,0,0,0,0,60,43,38,0,-128,188,92,0,0,0,0,0,2,1,0,0,74118,0,0,-1,0,1,0,10,0,0,0,0,0,0,0,0,0,0
119,,0,0,[0|0|0],73119,0,0,1,1,1,0,1,1,1,0,0,0,0,0,0,0,0,0,0,60,43,39,0,0,176,-77,0,0,0,0,0,2,1,0,0,74119,0,0,-1,0,1,0,10,0,0,0,0,0,0,0,0,0,0
120,,0,0,[0|0|0],73120,0,0,0,0,0,1,1,1,1,0,0,0,0,0,0,0,0,0,0,60,42,38,0,53,143,-44,0,0,0,0,0,2,1,60,58,74120,74820,74920,-1,0,1,0,10,0,0,0,0,0,73930,0,0,0,0
121,,0,0,[0|0|0],73121,0,0,1,0,0,1,1,1,1,0,0,0,0,0,0,0,0,0,0,60,42,37,0,45,98,-107,0,0,0,0,0,2,1,0,58,74121,0,74921,-1,0,1,0,10,0,0,0,0,0,73931,0,0,0,0
122,,0,0,[0|0|0],73122,0,0,0,1,0,1,1,1,1,0,0,0,0,0,0,0,0,0,0,60,42,37,0,108,89,50,0,0,0,0,0,2,1,0,58,74122,0,74922,-1,0,1,0,10,0,0,0,0,0,73932,0,0,0,0
123,,0,0,[0|0|0],73123,0,0,1,1,0,1,1,1,1,0,0,0,0,0,0,0,0,0,0,60,42,38,0,53,143,-44,0,0,0,0,0,2,1,0,58,74123,0,74923,-1,0,1,0,10,0,0,0,0,0,73933,0,0,0,0
124,,0,0,[0|0|0],73124,0,0,0,0,1,1,1,1,1,0,0,0,0,0,0,0,0,0,0,60,42,38,0,53,143,-44,0,0,0,0,0,2,1,0,58,74124,0,74924,-1,0,1,0,10,0,0,0,0,0,73934,0,0,0,0
125,,0,0,[0|0|0],73125,0,0,1,0,1,1,1,1,1,0,0,0,0,0,0,0,0,0,0,60,44,36,0,45,87,98,0,0,0,0,0,2,1,0,58,74125,0,74925,-1,0,1,0,10,0,0,0,0,0,73935,0,0,0,0
126,,0,0,[0|0|0],73126,0,0,0,1,1,1,1,1,1,0,0,0,0,0,0,0,0,0,0,60,44,36,0,45,87,98,0,0,0,0,0,2,1,0,58,74126,0,74926,-1,0,1,0,10,0,0,0,0,0,73936,0,0,0,0
127,,0,0,[0|0|0],73127,0,0,1,1,1,1,1,1,1,0,0,0,0,0,0,0,0,0,0,60,44,39,0,73,110,-64,0,0,0,0,0,2,1,0,58,74127,0,74927,-1,0,1,0,10,0,0,0,0,0,73937,0,0,0,0
128,,0,0,[0|0|0],73128,0,0,0,0,0,0,0,0,0,1,0,0,0,0,0,0,0,0,0,60,45,37,0,4,22,-68,0,0,0,0,0,2,1,0,58,74128,0,74928,-1,0,1,0,10,0,0,0,0,0,73938,0,0,0,0
129,,0,0,[0|0|0],73129,0,0,1,0,0,0,0,0,0,1,0,0,0,0,0,0,0,0,0,60,44,38,0,126,32,-70,0,0,0,0,0,2,1,0,58,74129,0,74929,-1,0,1,0,10,0,0,0,0,0,73939,0,0,0,0
130,,0,0,[0|0|0],73109,0,0,1,0,1,1,0,1,1,0,0,0,0,0,0,0,0,0,0,60,44,37,50,75,30,-9,0,0,0,0,0,2,1,60,58,74109,74809,74909,-1,0,1,0,10,0,0,0,0,0,73919,0,0,0,0
300,,0,0,[0|0|0],73300,0,0,0,0,1,1,0,1,0,0,1,0,0,0,0,0,0,0,0,60,42,36,0,-74,92,62,0,0,0,0,0,2,0,60,0,0,9140,0,-1,0,1,0,10,0,0,74200,96000,0,73941,0,0,0,0
301,,0,0,[0|0|0],73301,0,0,1,0,1,1,0,1,0,0,1,0,0,0,0,0,0,0,0,60,42,37,0,-66,159,44,0,0,0,0,0,2,0,60,0,0,9141,0,-1,0,1,0,10,0,0,74201,96001,0,73942,0,0,0,0
302,,0,0,[0|0|0],73302,0,0,0,1,1,1,0,1,0,0,1,0,0,0,0,0,0,0,0,60,42,38,0,-48,192,98.46,0,0,0,0,0,2,0,60,0,0,9142,0,-1,0,1,0,10,0,0,74202,96002,0,73943,0,0,0,0
305,,0,0,[0|0|0],73305,0,0,1,0,0,0,1,1,0,0,1,0,0,0,0,0,0,0,0,60,43,36,0,57,64,85,0,0,0,0,0,2,0,60,0,0,9145,0,-1,0,1,0,10,0,0,74205,96005,0,73946,0,0,0,0
306,,0,0,[0|0|0],73306,0,0,0,1,0,0,1,1,0,0,1,0,0,0,0,0,0,0,0,60,43,38,0,-86,188,32,0,0,0,0,0,2,0,60,0,0,9146,0,-1,0,1,0,10,0,0,74206,96006,0,73947,0,0,0,0
307,,0,0,[0|0|0],73307,0,0,1,1,0,0,1,1,0,0,1,0,0,0,0,0,0,0,0,60,44,36,0,-22,79,-72,0,0,0,0,0,2,0,60,0,0,9147,0,-1,0,1,0,10,0,0,74207,96007,0,73948,0,0,0,0
308,,0,0,[0|0|0],73308,0,0,0,0,1,0,1,1,0,0,1,0,0,0,0,0,0,0,0,60,44,37,0,-52,87,-76,0,0,0,0,0,2,0,60,0,0,9148,0,-1,0,1,0,10,0,0,74208,96008,0,73949,0,0,0,0
309,,0,0,[0|0|0],73309,0,0,1,0,1,0,1,1,0,0,1,0,0,0,0,0,0,0,0,60,44,37,30,34.33,55.36,-58.97,0,0,0,0,0,2,1,60,0,74309,9149,0,-1,0,1,0,10,0,0,74209,96009,0,73978,0,0,0,0
310,,0,0,[0|0|0],73310,0,0,0,1,1,0,1,1,0,0,1,0,0,0,0,0,0,0,0,60,44,39,0,-72,153,44,0,0,0,0,0,2,0,60,0,0,9150,0,-1,0,1,0,10,0,0,74210,96010,0,73979,0,0,0,0
312,,0,0,[0|0|0],73312,0,0,0,0,0,1,1,1,0,0,1,0,0,0,0,0,0,0,0,60,45,37,0,86,24,4,0,0,0,0,0,2,0,60,0,0,9152,0,-1,0,1,0,10,0,0,74212,96012,0,73981,0,0,0,0
313,,0,0,[0|0|0],73313,0,0,1,0,0,1,1,1,0,0,1,0,0,0,0,0,0,0,0,60,45,38,0,44,12,97,0,0,0,0,0,2,0,60,0,0,9153,0,-1,0,1,0,10,0,0,74213,96013,0,73982,0,0,0,0
314,,0,0,[0|0|0],73314,0,0,0,1,0,1,1,1,0,0,1,0,0,0,0,0,0,0,0,60,45,38,0,-86,58,81,0,0,0,0,0,2,0,60,0,0,9154,0,-1,0,1,0,10,0,0,74214,96014,0,73983,0,0,0,0
315,,0,0,[0|0|0],73315,0,0,1,1,0,1,1,1,0,0,1,0,0,0,0,0,0,0,0,60,44,36,30,99.06,52.34,12.58,0,0,0,0,0,2,1,0,0,74315,0,0,-1,0,1,0,10,0,0,74215,96015,0,73984,0,0,0,0
316,,0,0,[0|0|0],73316,0,0,0,0,1,1,1,1,0,0,1,0,0,0,0,0,0,0,0,60,44,37,30,72.97,50.38,39.88,0,0,0,0,0,2,1,0,0,74316,0,0,-1,0,1,0,10,0,0,74216,96016,0,73985,0,0,0,0
317,,0,0,[0|0|0],73317,0,0,1,0,1,1,1,1,0,0,1,0,0,0,0,0,0,0,0,60,44,37,30,-13.58,62.97,28.39,0,0,0,0,0,2,1,0,0,74317,0,0,-1,0,1,0,10,0,0,74217,96017,0,73986,0,0,0,0
318,,0,0,[0|0|0],73318,0,0,0,1,1,1,1,1,0,0,1,0,0,0,0,0,0,0,0,60,45,37,30,-40.77,36.06,-83.51,0,0,0,0,0,2,1,0,0,74318,0,0,-1,0,1,0,10,0,0,74218,96018,0,73987,0,0,0,0
319,,0,0,[0|0|0],73319,0,0,1,1,1,1,1,1,0,0,1,0,0,0,0,0,0,0,0,60,45,37,30,49.5,28.71,46.28,0,0,0,0,0,2,1,0,0,74319,0,0,-1,0,1,0,10,0,0,74219,96019,0,73988,0,0,0,0
320,,0,0,[0|0|0],73320,0,0,0,0,0,0,0,0,1,0,1,0,0,0,0,0,0,0,0,60,45,37,30,25.51,34.23,-25.69,0,0,0,0,0,2,1,0,0,74320,0,0,-1,0,1,0,10,0,0,74220,96020,0,73989,0,0,0,0
321,,0,0,[0|0|0],73321,0,0,1,0,0,0,0,0,1,0,1,0,0,0,0,0,0,0,0,60,45,37,30,-112.99,39.32,-33.61,0,0,0,0,0,2,1,0,0,74321,0,0,-1,0,1,0,10,0,0,74221,96021,0,0,0,0,0,0
322,,0,0,[0|0|0],73322,0,0,0,1,0,0,0,0,1,0,1,0,0,0,0,0,0,0,0,60,45,36,30,53.98,55.52,92.46,0,0,0,0,0,2,1,0,0,74322,0,0,-1,0,1,0,10,0,0,74222,96022,0,73915,0,0,0,0
323,,0,0,[0|0|0],73323,0,0,0,0,1,0,1,1,0,0,1,0,0,0,0,0,0,0,0,60,44,37,50,-52,87,-76,0,0,0,0,0,2,0,60,0,0,9148,0,-1,0,1,0,10,0,0,74208,96008,0,73949,0,0,0,0
350,,0,0,[0|0|0],73350,0,0,0,1,1,1,1,0,1,0,1,0,0,0,0,0,0,0,0,60,42,36,0,-74,92,62,0,0,0,0,0,2,0,0,0,0,0,0,-1,0,1,0,10,0,0,74250,96050,0,73901,0,0,0,0
351,,0,0,[0|0|0],73351,0,0,1,1,1,1,1,0,1,0,1,0,0,0,0,0,0,0,0,60,42,37,0,-66,159,44,0,0,0,0,0,2,0,0,0,0,0,0,-1,0,1,0,10,0,0,74251,96051,0,73902,0,0,0,0
352,,0,0,[0|0|0],73352,0,0,0,0,0,0,0,1,1,0,1,0,0,0,0,0,0,0,0,60,42,38,0,-48,192,98.46,0,0,0,0,0,2,0,0,0,0,0,0,-1,0,1,0,10,0,0,74252,96052,0,73903,0,0,0,0
356,,0,0,[0|0|0],73356,0,0,0,0,1,0,0,1,1,0,1,0,0,0,0,0,0,0,0,60,43,38,0,-86,188,32,0,0,0,0,0,2,0,0,0,0,0,0,-1,0,1,0,10,0,0,74253,96053,0,73904,0,0,0,0
357,,0,0,[0|0|0],73357,0,0,1,0,1,0,0,1,1,0,1,0,0,0,0,0,0,0,0,60,44,36,0,-22,79,-72,0,0,0,0,0,2,0,0,0,0,0,0,-1,0,1,0,10,0,0,74254,96054,0,73905,0,0,0,0
358,,0,0,[0|0|0],73358,0,0,0,1,1,0,0,1,1,0,1,0,0,0,0,0,0,0,0,60,44,37,0,-52,87,-76,0,0,0,0,0,2,0,0,0,0,0,0,-1,0,1,0,10,0,0,74255,96055,0,73906,0,0,0,0
360,,0,0,[0|0|0],73360,0,0,0,0,0,1,0,1,1,0,1,0,0,0,0,0,0,0,0,60,44,39,0,-72,153,44,0,0,0,0,0,2,0,0,0,0,0,0,-1,0,1,0,10,0,0,74256,96056,0,73907,0,0,0,0
362,,0,0,[0|0|0],73362,0,0,0,1,0,1,0,1,1,0,1,0,0,0,0,0,0,0,0,60,45,37,0,86,24,4,0,0,0,0,0,2,0,0,0,0,0,0,-1,0,1,0,10,0,0,74257,96057,0,73908,0,0,0,0
364,,0,0,[0|0|0],73364,0,0,0,0,1,1,0,1,1,0,1,0,0,0,0,0,0,0,0,60,45,38,0,-86,58,81,0,0,0,0,0,2,0,0,0,0,0,0,-1,0,1,0,10,0,0,74258,96058,0,73909,0,0,0,0
365,,0,0,[0|0|0],73365,0,0,1,0,1,1,0,1,1,0,1,0,0,0,0,0,0,0,0,60,44,39,0,22,132,44,0,0,0,0,0,2,0,0,0,0,0,0,-1,0,1,0,10,0,0,0,0,0,0,0,0,0,0
500,,0,0,[0|0|0],73500,0,0,0,0,1,0,1,1,1,1,1,0,0,0,0,0,0,0,0,60,42,36,0,26,79,-4,0,0,0,0,0,2,0,0,0,0,0,0,-1,0,1,0,0,0,0,0,0,0,0,0,0,0,0
502,,0,0,[0|0|0],73502,0,0,0,1,1,0,1,1,1,1,1,0,0,0,0,0,0,0,0,60,42,38,0,-54,191.93,21,0,0,0,0,0,2,0,0,0,0,0,0,-1,0,1,0,0,0,0,0,0,0,0,0,0,0,0
503,,0,0,[0|0|0],73503,0,0,1,1,1,0,1,1,1,1,1,0,0,0,0,0,0,0,0,60,43,36,0,88,64.81,-29,0,0,0,0,0,2,0,0,0,0,0,0,-1,0,1,0,0,0,0,0,0,0,0,0,0,0,0
504,,0,0,[0|0|0],73504,0,0,0,0,0,1,1,1,1,1,1,0,0,0,0,0,0,0,0,60,43,36,0,-75,64.81,88,0,0,0,0,0,2,0,0,0,0,0,0,-1,0,1,0,0,0,0,0,0,0,0,0,0,0,0
505,,0,0,[0|0|0],73505,0,0,1,0,0,1,1,1,1,1,1,0,0,0,0,0,0,0,0,60,43,37,0,17,86.31,-58,0,0,0,0,0,2,0,0,0,0,0,0,-1,0,1,0,0,0,0,0,0,0,0,0,0,0,0
506,,0,0,[0|0|0],73506,0,0,0,1,0,1,1,1,1,1,1,0,0,0,0,0,0,0,0,60,43,38,0,-84,131.22,-62,0,0,0,0,0,2,0,0,0,0,0,0,-1,0,1,0,0,0,0,0,0,0,0,0,0,0,0
507,,0,0,[0|0|0],73507,0,0,1,1,0,1,1,1,1,1,1,0,0,0,0,0,0,0,0,60,44,37,0,-53,69.24,64,0,0,0,0,0,2,0,0,0,0,0,0,-1,0,1,0,0,0,0,0,0,0,0,0,0,0,0
509,,0,0,[0|0|0],73509,0,0,1,0,1,1,1,1,1,1,1,0,0,0,0,0,0,0,0,60,44,39,0,-34,136.97,-22,0,0,0,0,0,2,0,0,0,0,0,0,-1,0,1,0,0,0,0,0,0,0,0,0,0,0,0
510,,0,0,[0|0|0],73510,0,0,0,1,1,1,1,1,1,1,1,0,0,0,0,0,0,0,0,60,43,37,50,36.38,89.4,41.32,0,0,0,0,0,2,0,0,0,0,0,0,-1,0,1,0,0,0,0,0,0,0,0,0,0,0,0
511,,0,0,[0|0|0],73511,0,0,1,1,1,1,1,1,1,1,1,0,0,0,0,0,0,0,0,60,45,39,0,64,103.7,41,0,0,0,0,0,2,0,0,0,0,0,0,-1,0,1,0,0,0,0,0,0,0,0,0,0,0,0
512,,0,0,[0|0|0],73512,0,0,0,0,0,0,0,0,0,0,2,0,0,0,0,0,0,0,0,60,45,36,0,-86,28,89,0,0,0,0,0,2,0,0,0,0,0,0,-1,0,1,0,0,0,0,0,0,0,0,0,0,0,0
513,,0,0,[0|0|0],73513,0,0,1,0,0,0,0,0,0,0,2,0,0,0,0,0,0,0,0,60,45,37,0,-90.47,20.61,96.33,0,0,0,0,0,2,0,0,0,0,0,0,-1,0,1,0,0,0,0,0,0,0,0,0,0,0,0
514,,0,0,[0|0|0],73514,0,0,0,1,0,0,0,0,0,0,2,0,0,0,0,0,0,0,0,60,44,36,30,48.9,47,91.35,0,0,0,0,0,2,0,0,0,0,0,0,-1,0,1,0,0,0,0,0,0,0,0,0,0,0,0
515,,0,0,[0|0|0],73515,0,0,1,1,0,0,0,0,0,0,2,0,0,0,0,0,0,0,0,60,45,37,30,-30.53,28.19,53.87,0,0,0,0,0,2,0,0,0,0,0,0,-1,0,1,0,0,0,0,0,0,0,0,0,0,0,0
516,,0,0,[0|0|0],73516,0,0,0,0,1,0,0,0,0,0,2,0,0,0,0,0,0,0,0,60,43,38,10,-26.54,177.21,35.82,0,0,0,0,0,2,0,0,0,0,0,0,-1,0,1,0,0,0,0,0,0,0,0,0,0,0,0
517,,0,0,[0|0|0],73517,0,0,1,0,1,0,0,0,0,0,2,0,0,0,0,0,0,0,0,60,43,39,20,88.99,108.531,96.707,0,0,0,0,0,2,0,0,0,0,0,0,-1,0,1,0,0,0,0,0,0,0,0,0,0,0,0
518,,0,0,[0|0|0],73518,0,0,0,1,1,0,0,0,0,0,2,0,0,0,0,0,0,0,0,60,42,39,0,-54.12,204.3,61.66,0,0,0,0,0,2,0,0,0,0,0,0,-1,0,1,0,0,0,0,0,0,0,0,0,0,0,0
519,,0,0,[0|0|0],73519,0,0,1,1,1,0,0,0,0,0,2,0,0,0,0,0,0,0,0,60,44,37,50,-53,69.24,64,0,0,0,0,0,2,0,0,0,0,0,0,-1,0,1,0,0,0,0,0,0,0,0,0,0,0,0
520,,0,0,[0|0|0],73520,8078,0,0,0,0,1,0,0,0,0,2,0,0,0,0,0,0,0,0,60,42,36,0,26,79,-4,0,0,0,0,0,2,0,0,0,0,0,0,-1,0,1,0,1,0,0,0,0,0,0,0,0,0,0
521,,0,0,[0|0|0],73521,8078,0,1,0,0,1,0,0,0,0,2,0,0,0,0,0,0,0,0,60,42,38,0,-54,191.93,21,0,0,0,0,0,2,0,0,0,0,0,0,-1,0,1,0,1,0,0,0,0,0,0,0,0,0,0
522,,0,0,[0|0|0],73522,8078,0,0,1,0,1,0,0,0,0,2,0,0,0,0,0,0,0,0,60,43,36,0,88,64.81,-29,0,0,0,0,0,2,0,0,0,0,0,0,-1,0,1,0,1,0,0,0,0,0,0,0,0,0,0
523,,0,0,[0|0|0],73523,8078,0,1,1,0,1,0,0,0,0,2,0,0,0,0,0,0,0,0,60,43,36,0,-75,64.81,88,0,0,0,0,0,2,0,0,0,0,0,0,-1,0,1,0,1,0,0,0,0,0,0,0,0,0,0
524,,0,0,[0|0|0],73524,8078,0,0,0,1,1,0,0,0,0,2,0,0,0,0,0,0,0,0,60,43,37,0,17,86.31,-58,0,0,0,0,0,2,0,0,0,0,0,0,-1,0,1,0,1,0,0,0,0,0,0,0,0,0,0
525,,0,0,[0|0|0],73525,8078,0,1,0,1,1,0,0,0,0,2,0,0,0,0,0,0,0,0,60,43,38,0,-84,131.22,-62,0,0,0,0,0,2,0,0,0,0,0,0,-1,0,1,0,1,0,0,0,0,0,0,0,0,0,0
526,,0,0,[0|0|0],73526,8078,0,0,1,1,1,0,0,0,0,2,0,0,0,0,0,0,0,0,60,44,37,0,-53,69.24,64,0,0,0,0,0,2,0,0,0,0,0,0,-1,0,1,0,1,0,0,0,0,0,0,0,0,0,0
527,,0,0,[0|0|0],73527,8078,0,1,1,1,1,0,0,0,0,2,0,0,0,0,0,0,0,0,60,44,39,0,-34,136.97,-22,0,0,0,0,0,2,0,0,0,0,0,0,-1,0,1,0,1,0,0,0,0,0,0,0,0,0,0
528,,0,0,[0|0|0],73528,8078,0,0,0,0,0,1,0,0,0,2,0,0,0,0,0,0,0,0,60,45,39,0,64,103.7,41,0,0,0,0,0,2,0,0,0,0,0,0,-1,0,1,0,1,0,0,0,0,0,0,0,0,0,0
529,,0,0,[0|0|0],73529,8078,0,1,0,0,0,1,0,0,0,2,0,0,0,0,0,0,0,0,60,45,36,0,-86,28,89,0,0,0,0,0,2,0,0,0,0,0,0,-1,0,1,0,1,0,0,0,0,0,0,0,0,0,0
530,,0,0,[0|0|0],73530,8078,0,0,1,0,0,1,0,0,0,2,0,0,0,0,0,0,0,0,60,45,37,0,-90.47,20.61,96.33,0,0,0,0,0,2,0,0,0,0,0,0,-1,0,1,0,1,0,0,0,0,0,0,0,0,0,0
531,,0,0,[0|0|0],73531,8078,0,1,1,0,0,1,0,0,0,2,0,0,0,0,0,0,0,0,60,44,36,30,48.9,47,91.35,0,0,0,0,0,2,0,0,0,0,0,0,-1,0,1,0,1,0,0,0,0,0,0,0,0,0,0
532,,0,0,[0|0|0],73532,8078,0,0,0,1,0,1,0,0,0,2,0,0,0,0,0,0,0,0,60,45,37,30,-30.53,28.19,53.87,0,0,0,0,0,2,0,0,0,0,0,0,-1,0,1,0,1,0,0,0,0,0,0,0,0,0,0
533,,0,0,[0|0|0],73533,8078,0,1,0,1,0,1,0,0,0,2,0,0,0,0,0,0,0,0,60,43,38,10,-26.54,177.21,35.82,0,0,0,0,0,2,0,0,0,0,0,0,-1,0,1,0,1,0,0,0,0,0,0,0,0,0,0
534,,0,0,[0|0|0],73534,8078,0,0,1,1,0,1,0,0,0,2,0,0,0,0,0,0,0,0,60,43,39,20,88.99,108.531,96.707,0,0,0,0,0,2,0,0,0,0,0,0,-1,0,1,0,1,0,0,0,0,0,0,0,0,0,0
535,,0,0,[0|0|0],73535,8078,0,1,1,1,0,1,0,0,0,2,0,0,0,0,0,0,0,0,60,44,37,50,-53,69.24,64,0,0,0,0,0,2,0,0,0,0,0,0,-1,0,1,0,1,0,0,0,0,0,0,0,0,0,0
536,,0,0,[0|0|0],73536,8078,0,0,0,0,1,1,0,0,0,2,0,0,0,0,0,0,0,0,60,43,37,50,36.38,89.4,41.32,0,0,0,0,0,2,0,0,0,0,0,0,-1,0,1,0,1,0,0,0,0,0,0,0,0,0,0
540,,0,0,[0|0|0],73540,0,0,0,0,1,1,1,0,0,0,2,0,0,0,0,0,0,0,0,60,42,36,0,26,79,-4,0,0,0,0,0,0,0,0,0,0,0,0,-1,0,1,0,1,0,0,0,0,0,0,0,0,0,0
541,,0,0,[0|0|0],73541,0,0,1,0,1,1,1,0,0,0,2,0,0,0,0,0,0,0,0,60,42,38,0,-54,191.93,21,0,0,0,0,0,0,0,0,0,0,0,0,-1,0,1,0,1,0,0,0,0,0,0,0,0,0,0
542,,0,0,[0|0|0],73542,0,0,0,1,1,1,1,0,0,0,2,0,0,0,0,0,0,0,0,60,43,36,0,88,64.81,-29,0,0,0,0,0,0,0,0,0,0,0,0,-1,0,1,0,1,0,0,0,0,0,0,0,0,0,0
543,,0,0,[0|0|0],73543,0,0,1,1,1,1,1,0,0,0,2,0,0,0,0,0,0,0,0,60,43,36,0,-75,64.81,88,0,0,0,0,0,0,0,0,0,0,0,0,-1,0,1,0,1,0,0,0,0,0,0,0,0,0,0
544,,0,0,[0|0|0],73544,0,0,0,0,0,0,0,1,0,0,2,0,0,0,0,0,0,0,0,60,43,37,0,17,86.31,-58,0,0,0,0,0,0,0,0,0,0,0,0,-1,0,1,0,1,0,0,0,0,0,0,0,0,0,0
545,,0,0,[0|0|0],73545,0,0,1,0,0,0,0,1,0,0,2,0,0,0,0,0,0,0,0,60,43,38,0,-84,131.22,-62,0,0,0,0,0,0,0,0,0,0,0,0,-1,0,1,0,1,0,0,0,0,0,0,0,0,0,0
546,,0,0,[0|0|0],73546,0,0,0,1,0,0,0,1,0,0,2,0,0,0,0,0,0,0,0,60,44,37,0,-53,69.24,64,0,0,0,0,0,0,0,0,0,0,0,0,-1,0,1,0,1,0,0,0,0,0,0,0,0,0,0
547,,0,0,[0|0|0],73547,0,0,1,1,0,0,0,1,0,0,2,0,0,0,0,0,0,0,0,60,44,39,0,-34,136.97,-22,0,0,0,0,0,0,0,0,0,0,0,0,-1,0,1,0,1,0,0,0,0,0,0,0,0,0,0
548,,0,0,[0|0|0],73548,0,0,0,0,1,0,0,1,0,0,2,0,0,0,0,0,0,0,0,60,45,39,0,64,103.7,41,0,0,0,0,0,0,0,0,0,0,0,0,-1,0,1,0,1,0,0,0,0,0,0,0,0,0,0
549,,0,0,[0|0|0],73549,0,0,1,0,1,0,0,1,0,0,2,0,0,0,0,0,0,0,0,60,45,36,0,-86,28,89,0,0,0,0,0,0,0,0,0,0,0,0,-1,0,1,0,1,0,0,0,0,0,0,0,0,0,0
550,,0,0,[0|0|0],73550,0,0,0,1,1,0,0,1,0,0,2,0,0,0,0,0,0,0,0,60,45,37,0,-90.47,20.61,96.33,0,0,0,0,0,0,0,0,0,0,0,0,-1,0,1,0,1,0,0,0,0,0,0,0,0,0,0
551,,0,0,[0|0|0],73551,0,0,1,1,1,0,0,1,0,0,2,0,0,0,0,0,0,0,0,60,44,36,30,48.9,47,91.35,0,0,0,0,0,0,0,0,0,0,0,0,-1,0,1,0,1,0,0,0,0,0,0,0,0,0,0
552,,0,0,[0|0|0],73552,0,0,0,0,0,1,0,1,0,0,2,0,0,0,0,0,0,0,0,60,45,37,30,-30.53,28.19,53.87,0,0,0,0,0,0,0,0,0,0,0,0,-1,0,1,0,1,0,0,0,0,0,0,0,0,0,0
553,,0,0,[0|0|0],73553,0,0,1,0,0,1,0,1,0,0,2,0,0,0,0,0,0,0,0,60,43,38,10,-26.54,177.21,35.82,0,0,0,0,0,0,0,0,0,0,0,0,-1,0,1,0,1,0,0,0,0,0,0,0,0,0,0
554,,0,0,[0|0|0],73554,0,0,0,1,0,1,0,1,0,0,2,0,0,0,0,0,0,0,0,60,43,39,20,88.99,108.531,96.707,0,0,0,0,0,0,0,0,0,0,0,0,-1,0,1,0,1,0,0,0,0,0,0,0,0,0,0
555,,0,0,[0|0|0],73555,0,0,1,1,0,1,0,1,0,0,2,0,0,0,0,0,0,0,0,60,44,37,50,-53,69.24,64,0,0,0,0,0,0,0,0,0,0,0,0,-1,0,1,0,1,0,0,0,0,0,0,0,0,0,0
556,,0,0,[0|0|0],73556,0,0,0,0,1,1,0,1,0,0,2,0,0,0,0,0,0,0,0,60,43,37,50,-53,69.24,64,0,0,0,0,0,0,0,0,0,0,0,0,-1,0,1,0,1,0,0,0,0,0,0,0,0,0,0
560,,0,0,[0|0|0],73560,0,0,0,0,0,0,1,1,0,0,2,0,0,0,0,0,0,0,0,60,42,36,0,26,79,-4,0,0,0,0,0,2,0,0,51,0,0,73560,-1,0,1,0,1,0,0,0,0,0,0,0,0,0,0
561,,0,0,[0|0|0],73561,0,0,1,0,0,0,1,1,0,0,2,0,0,0,0,0,0,0,0,60,42,38,0,-54,191.93,21,0,0,0,0,0,2,0,0,51,0,0,73561,-1,0,1,0,1,0,0,0,0,0,0,0,0,0,0
562,,0,0,[0|0|0],73562,0,0,0,1,0,0,1,1,0,0,2,0,0,0,0,0,0,0,0,60,43,36,0,88,64.81,-29,0,0,0,0,0,2,0,0,51,0,0,73562,-1,0,1,0,1,0,0,0,0,0,0,0,0,0,0
563,,0,0,[0|0|0],73563,0,0,1,1,0,0,1,1,0,0,2,0,0,0,0,0,0,0,0,60,43,36,0,-75,64.81,88,0,0,0,0,0,2,0,0,51,0,0,73563,-1,0,1,0,1,0,0,0,0,0,0,0,0,0,0
564,,0,0,[0|0|0],73564,0,0,0,0,1,0,1,1,0,0,2,0,0,0,0,0,0,0,0,60,43,37,0,17,86.31,-58,0,0,0,0,0,2,0,0,51,0,0,73564,-1,0,1,0,1,0,0,0,0,0,0,0,0,0,0
565,,0,0,[0|0|0],73565,0,0,1,0,1,0,1,1,0,0,2,0,0,0,0,0,0,0,0,60,43,38,0,-84,131.22,-62,0,0,0,0,0,2,0,0,51,0,0,73565,-1,0,1,0,1,0,0,0,0,0,0,0,0,0,0
566,,0,0,[0|0|0],73566,0,0,0,1,1,0,1,1,0,0,2,0,0,0,0,0,0,0,0,60,44,37,0,-53,69.24,64,0,0,0,0,0,2,0,0,51,0,0,73566,-1,0,1,0,1,0,0,0,0,0,0,0,0,0,0
567,,0,0,[0|0|0],73567,0,0,1,1,1,0,1,1,0,0,2,0,0,0,0,0,0,0,0,60,44,39,0,-34,136.97,-22,0,0,0,0,0,2,0,0,51,0,0,73567,-1,0,1,0,1,0,0,0,0,0,0,0,0,0,0
568,,0,0,[0|0|0],73568,0,0,0,0,0,1,1,1,0,0,2,0,0,0,0,0,0,0,0,60,45,39,0,64,103.7,41,0,0,0,0,0,2,0,0,51,0,0,73568,-1,0,1,0,1,0,0,0,0,0,0,0,0,0,0
569,,0,0,[0|0|0],73569,0,0,1,0,0,1,1,1,0,0,2,0,0,0,0,0,0,0,0,60,45,36,0,-86,28,89,0,0,0,0,0,2,0,0,51,0,0,73569,-1,0,1,0,1,0,0,0,0,0,0,0,0,0,0
570,,0,0,[0|0|0],73570,0,0,0,1,0,1,1,1,0,0,2,0,0,0,0,0,0,0,0,60,45,37,0,-90.47,20.61,96.33,0,0,0,0,0,2,0,0,51,0,0,73570,-1,0,1,0,1,0,0,0,0,0,0,0,0,0,0
571,,0,0,[0|0|0],73571,0,0,1,1,0,1,1,1,0,0,2,0,0,0,0,0,0,0,0,60,44,36,30,48.9,47,91.35,0,0,0,0,0,2,0,0,51,0,0,73571,-1,0,1,0,1,0,0,0,0,0,0,0,0,0,0
572,,0,0,[0|0|0],73572,0,0,0,0,1,1,1,1,0,0,2,0,0,0,0,0,0,0,0,60,45,37,30,-30.53,28.19,53.87,0,0,0,0,0,2,0,0,51,0,0,73572,-1,0,1,0,1,0,0,0,0,0,0,0,0,0,0
573,,0,0,[0|0|0],73573,0,0,1,0,1,1,1,1,0,0,2,0,0,0,0,0,0,0,0,60,43,38,10,-26.54,177.21,35.82,0,0,0,0,0,2,0,0,51,0,0,73573,-1,0,1,0,1,0,0,0,0,0,0,0,0,0,0
574,,0,0,[0|0|0],73574,0,0,0,1,1,1,1,1,0,0,2,0,0,0,0,0,0,0,0,60,43,39,20,88.99,108.531,96.707,0,0,0,0,0,2,0,0,51,0,0,73574,-1,0,1,0,1,0,0,0,0,0,0,0,0,0,0
575,,0,0,[0|0|0],73575,0,0,1,1,1,1,1,1,0,0,2,0,0,0,0,0,0,0,0,60,44,38,0,2,85,-13,0,0,0,0,0,2,0,0,51,0,0,73575,-1,0,1,0,1,0,0,0,0,0,0,0,0,0,0
576,,0,0,[0|0|0],73576,0,0,0,0,0,0,0,0,1,0,2,0,0,0,0,0,0,0,0,60,44,37,50,-53,69.24,64,0,0,0,0,0,2,0,0,51,0,0,73576,-1,0,1,0,1,0,0,0,0,0,0,0,0,0,0
577,,0,0,[0|0|0],73577,0,0,1,0,0,0,0,0,1,0,2,0,0,0,0,0,0,0,0,60,43,37,50,36.38,89.4,41.32,0,0,0,0,0,2,0,0,51,0,0,73577,-1,0,1,0,1,0,0,0,0,0,0,0,0,0,0
580,,0,0,[0|0|0],73580,0,8062,0,0,1,0,0,0,1,0,2,0,0,0,0,0,0,0,0,60,42,36,0,26,79,-4,0,0,0,0,0,2,0,0,51,0,0,74580,-1,0,1,0,1,0,0,0,0,0,0,0,0,0,0
581,,0,0,[0|0|0],73581,0,8062,1,0,1,0,0,0,1,0,2,0,0,0,0,0,0,0,0,60,42,38,0,-54,191.93,21,0,0,0,0,0,2,0,0,51,0,0,74581,-1,0,1,0,1,0,0,0,0,0,0,0,0,0,0
582,,0,0,[0|0|0],73582,0,8062,0,1,1,0,0,0,1,0,2,0,0,0,0,0,0,0,0,60,43,36,0,88,64.81,-29,0,0,0,0,0,2,0,0,51,0,0,74582,-1,0,1,0,1,0,0,0,0,0,0,0,0,0,0
583,,0,0,[0|0|0],73583,0,8062,1,1,1,0,0,0,1,0,2,0,0,0,0,0,0,0,0,60,43,36,0,-75,64.81,88,0,0,0,0,0,2,0,0,51,0,0,74583,-1,0,1,0,1,0,0,0,0,0,0,0,0,0,0
584,,0,0,[0|0|0],73584,0,8062,0,0,0,1,0,0,1,0,2,0,0,0,0,0,0,0,0,60,43,37,0,17,86.31,-58,0,0,0,0,0,2,0,0,51,0,0,74584,-1,0,1,0,1,0,0,0,0,0,0,0,0,0,0
585,,0,0,[0|0|0],73585,0,8062,1,0,0,1,0,0,1,0,2,0,0,0,0,0,0,0,0,60,43,38,0,-84,131.22,-62,0,0,0,0,0,2,0,0,51,0,0,74585,-1,0,1,0,1,0,0,0,0,0,0,0,0,0,0
586,,0,0,[0|0|0],73586,0,8062,0,1,0,1,0,0,1,0,2,0,0,0,0,0,0,0,0,60,44,37,0,-53,69.24,64,0,0,0,0,0,2,0,0,51,0,0,74586,-1,0,1,0,1,0,0,0,0,0,0,0,0,0,0
587,,0,0,[0|0|0],73587,0,8062,1,1,0,1,0,0,1,0,2,0,0,0,0,0,0,0,0,60,44,39,0,-34,136.97,-22,0,0,0,0,0,2,0,0,51,0,0,74587,-1,0,1,0,1,0,0,0,0,0,0,0,0,0,0
588,,0,0,[0|0|0],73588,0,8062,0,0,1,1,0,0,1,0,2,0,0,0,0,0,0,0,0,60,45,39,0,64,103.7,41,0,0,0,0,0,2,0,0,51,0,0,74588,-1,0,1,0,1,0,0,0,0,0,0,0,0,0,0
589,,0,0,[0|0|0],73589,0,8062,1,0,1,1,0,0,1,0,2,0,0,0,0,0,0,0,0,60,45,36,0,-86,28,89,0,0,0,0,0,2,0,0,51,0,0,74589,-1,0,1,0,1,0,0,0,0,0,0,0,0,0,0
590,,0,0,[0|0|0],73590,0,8062,0,1,1,1,0,0,1,0,2,0,0,0,0,0,0,0,0,60,45,37,0,-90.47,20.61,96.33,0,0,0,0,0,2,0,0,51,0,0,74590,-1,0,1,0,1,0,0,0,0,0,0,0,0,0,0
591,,0,0,[0|0|0],73591,0,8062,1,1,1,1,0,0,1,0,2,0,0,0,0,0,0,0,0,60,44,36,30,48.9,47,91.35,0,0,0,0,0,2,0,0,51,0,0,74591,-1,0,1,0,1,0,0,0,0,0,0,0,0,0,0
592,,0,0,[0|0|0],73592,0,8062,0,0,0,0,1,0,1,0,2,0,0,0,0,0,0,0,0,60,45,37,30,-30.53,28.19,53.87,0,0,0,0,0,2,0,0,51,0,0,74592,-1,0,1,0,1,0,0,0,0,0,0,0,0,0,0
593,,0,0,[0|0|0],73593,0,8062,1,0,0,0,1,0,1,0,2,0,0,0,0,0,0,0,0,60,43,38,10,-26.54,177.21,35.82,0,0,0,0,0,2,0,0,51,0,0,74593,-1,0,1,0,1,0,0,0,0,0,0,0,0,0,0
594,,0,0,[0|0|0],73594,0,8062,0,1,0,0,1,0,1,0,2,0,0,0,0,0,0,0,0,60,43,39,20,88.99,108.531,96.707,0,0,0,0,0,2,0,0,51,0,0,74594,-1,0,1,0,1,0,0,0,0,0,0,0,0,0,0
595,,0,0,[0|0|0],73595,0,8062,1,1,0,0,1,0,1,0,2,0,0,0,0,0,0,0,0,60,44,37,50,-53,69.24,64,0,0,0,0,0,2,0,0,51,0,0,74595,-1,0,1,0,1,0,0,0,0,0,0,0,0,0,0
596,,0,0,[0|0|0],73596,0,8062,0,0,1,0,1,0,1,0,2,0,0,0,0,0,0,0,0,60,43,37,50,36.38,89.4,41.32,0,0,0,0,0,2,0,0,51,0,0,74596,-1,0,1,0,1,0,0,0,0,0,0,0,0,0,0
601,,0,0,[0|0|0],73601,0,0,1,0,0,1,1,0,1,0,2,0,0,0,0,0,0,0,0,60,42,39,0,-125.4,222.28,-102.97,0,0,0,0,0,2,1,0,0,74601,0,0,-1,0,1,0,10,0,0,74240,74230,0,0,0,0,0,0
602,,0,0,[0|0|0],73602,0,0,0,1,0,1,1,0,1,0,2,0,0,0,0,0,0,0,0,60,43,37,0,-107.35,64.06,-74.35,0,0,0,0,0,2,1,0,0,74602,0,0,-1,0,1,0,10,0,0,74241,74231,0,0,0,0,0,0
603,,0,0,[0|0|0],73603,0,0,1,1,0,1,1,0,1,0,2,0,0,0,0,0,0,0,0,60,43,38,0,44.37,137.33,53.18,0,0,0,0,0,2,1,0,0,74603,0,0,-1,0,1,0,10,0,0,74242,74232,0,0,0,0,0,0
604,,0,0,[0|0|0],73604,0,0,0,0,1,1,1,0,1,0,2,0,0,0,0,0,0,0,0,60,43,39,0,99.79,101.23,82.09,0,0,0,0,0,2,1,0,0,74604,0,0,-1,0,1,0,10,0,0,74243,74233,0,0,0,0,0,0
605,,0,0,[0|0|0],73605,0,0,1,0,1,1,1,0,1,0,2,0,0,0,0,0,0,0,0,60,44,36,0,57.3,90.31,-26.55,0,0,0,0,0,2,1,0,0,74605,0,0,-1,0,1,0,10,0,0,74244,74234,0,0,0,0,0,0
606,,0,0,[0|0|0],73606,0,0,0,1,1,1,1,0,1,0,2,0,0,0,0,0,0,0,0,60,44,38,0,73.22,84.52,82.15,0,0,0,0,0,2,1,0,0,74606,0,0,-1,0,1,0,10,0,0,74245,74235,0,0,0,0,0,0
607,,0,0,[0|0|0],73607,0,0,1,1,1,1,1,0,1,0,2,0,0,0,0,0,0,0,0,60,45,38,0,61.87,17.62,-109.62,0,0,0,0,0,2,1,0,0,74607,0,0,-1,0,1,0,10,0,0,74246,74236,0,0,0,0,0,0
615,,0,0,[0|0|0],73615,0,0,1,1,1,0,0,1,1,0,2,0,0,0,0,0,0,0,0,60,42,36,0,111.35,64.99,-13.79,0,0,0,0,0,2,0,0,51,0,0,73615,-1,0,1,0,1,0,0,0,0,0,0,0,0,0,0
616,,0,0,[0|0|0],73616,0,0,0,0,0,1,0,1,1,0,2,0,0,0,0,0,0,0,0,60,42,36,0,-42.39,92.36,68.68,0,0,0,0,0,2,0,0,51,0,0,73616,-1,0,1,0,1,0,0,0,0,0,0,0,0,0,0
617,,0,0,[0|0|0],73617,0,0,1,0,0,1,0,1,1,0,2,0,0,0,0,0,0,0,0,60,42,36,0,62.49,77.46,-106.94,0,0,0,0,0,2,0,0,51,0,0,73617,-1,0,1,0,1,0,0,0,0,0,0,0,0,0,0
618,,0,0,[0|0|0],73618,0,0,0,1,0,1,0,1,1,0,2,0,0,0,0,0,0,0,0,60,42,37,0,-107.05,168.32,108.15,0,0,0,0,0,2,0,0,51,0,0,73618,-1,0,1,0,1,0,0,0,0,0,0,0,0,0,0
619,,0,0,[0|0|0],73619,0,0,1,1,0,1,0,1,1,0,2,0,0,0,0,0,0,0,0,60,42,37,0,21.34,106.29,46.81,0,0,0,0,0,2,0,0,51,0,0,73619,-1,0,1,0,1,0,0,0,0,0,0,0,0,0,0
620,,0,0,[0|0|0],73620,0,0,0,0,1,1,0,1,1,0,2,0,0,0,0,0,0,0,0,60,42,37,0,-22.38,106.2,-37.82,0,0,0,0,0,2,0,0,51,0,0,73620,-1,0,1,0,1,0,0,0,0,0,0,0,0,0,0
621,,0,0,[0|0|0],73621,0,0,1,0,1,1,0,1,1,0,2,0,0,0,0,0,0,0,0,60,42,38,0,-68.29,175.87,-61.24,0,0,0,0,0,2,0,0,51,0,0,73621,-1,0,1,0,1,0,0,0,0,0,0,0,0,0,0
622,,0,0,[0|0|0],73622,0,0,0,1,1,1,0,1,1,0,2,0,0,0,0,0,0,0,0,60,42,38,0,-84.22,197.85,115.12,0,0,0,0,0,2,0,0,51,0,0,73622,-1,0,1,0,1,0,0,0,0,0,0,0,0,0,0
623,,0,0,[0|0|0],73623,0,0,1,1,1,1,0,1,1,0,2,0,0,0,0,0,0,0,0,60,42,38,0,34.33,151.63,36.93,0,0,0,0,0,2,0,0,51,0,0,73623,-1,0,1,0,1,0,0,0,0,0,0,0,0,0,0
624,,0,0,[0|0|0],73624,0,0,0,0,0,0,1,1,1,0,2,0,0,0,0,0,0,0,0,60,42,39,0,38.17,206.62,59.14,0,0,0,0,0,2,0,0,51,0,0,73624,-1,0,1,0,1,0,0,0,0,0,0,0,0,0,0
625,,0,0,[0|0|0],73625,0,0,1,0,0,0,1,1,1,0,2,0,0,0,0,0,0,0,0,60,42,39,0,57.26,206.91,16.37,0,0,0,0,0,2,0,0,51,0,0,73625,-1,0,1,0,1,0,0,0,0,0,0,0,0,0,0
626,,0,0,[0|0|0],73626,0,0,0,1,0,0,1,1,1,0,2,0,0,0,0,0,0,0,0,60,42,39,0,81.27,189.24,-92.36,0,0,0,0,0,2,0,0,51,0,0,73626,-1,0,1,0,1,0,0,0,0,0,0,0,0,0,0
627,,0,0,[0|0|0],73627,0,0,1,1,0,0,1,1,1,0,2,0,0,0,0,0,0,0,0,60,43,36,0,0.74,64.77,29.3,0,0,0,0,0,2,0,0,51,0,0,73627,-1,0,1,0,1,0,0,0,0,0,0,0,0,0,0
628,,0,0,[0|0|0],73628,0,0,0,0,1,0,1,1,1,0,2,0,0,0,0,0,0,0,0,60,43,36,0,113.45,64.81,57.68,0,0,0,0,0,2,0,0,51,0,0,73628,-1,0,1,0,1,0,0,0,0,0,0,0,0,0,0
629,,0,0,[0|0|0],73629,0,0,1,0,1,0,1,1,1,0,2,0,0,0,0,0,0,0,0,60,43,36,0,59.18,66.28,-109.54,0,0,0,0,0,2,0,0,51,0,0,73629,-1,0,1,0,1,0,0,0,0,0,0,0,0,0,0
630,,0,0,[0|0|0],73630,0,0,0,1,1,0,1,1,1,0,2,0,0,0,0,0,0,0,0,60,43,37,0,119.14,89.27,-94.37,0,0,0,0,0,2,0,0,51,0,0,73630,-1,0,1,0,1,0,0,0,0,0,0,0,0,0,0
631,,0,0,[0|0|0],73631,0,0,1,1,1,0,1,1,1,0,2,0,0,0,0,0,0,0,0,60,43,37,0,-70.46,85.05,-11.13,0,0,0,0,0,2,0,0,51,0,0,73631,-1,0,1,0,1,0,0,0,0,0,0,0,0,0,0
632,,0,0,[0|0|0],73632,0,0,0,0,0,1,1,1,1,0,2,0,0,0,0,0,0,0,0,60,43,37,0,-88.09,100.38,104.64,0,0,0,0,0,2,0,0,51,0,0,73632,-1,0,1,0,1,0,0,0,0,0,0,0,0,0,0
633,,0,0,[0|0|0],73633,0,0,1,0,0,1,1,1,1,0,2,0,0,0,0,0,0,0,0,60,43,38,0,100.74,99.04,13.1,0,0,0,0,0,2,0,0,51,0,0,73633,-1,0,1,0,1,0,0,0,0,0,0,0,0,0,0
634,,0,0,[0|0|0],73634,0,0,0,1,0,1,1,1,1,0,2,0,0,0,0,0,0,0,0,60,43,38,0,54.99,97.33,-94.64,0,0,0,0,0,2,0,0,51,0,0,73634,-1,0,1,0,1,0,0,0,0,0,0,0,0,0,0
635,,0,0,[0|0|0],73635,0,0,1,1,0,1,1,1,1,0,2,0,0,0,0,0,0,0,0,60,43,38,0,-82.2,189.85,88.58,0,0,0,0,0,2,0,0,51,0,0,73635,-1,0,1,0,1,0,0,0,0,0,0,0,0,0,0
636,,0,0,[0|0|0],73636,0,0,0,0,1,1,1,1,1,0,2,0,0,0,0,0,0,0,0,60,43,39,0,-110.69,219.68,109.7,0,0,0,0,0,2,0,0,51,0,0,73636,-1,0,1,0,1,0,0,0,0,0,0,0,0,0,0
637,,0,0,[0|0|0],73637,0,0,1,0,1,1,1,1,1,0,2,0,0,0,0,0,0,0,0,60,43,39,0,-127.64,189.3,-127.74,0,0,0,0,0,2,0,0,51,0,0,73637,-1,0,1,0,1,0,0,0,0,0,0,0,0,0,0
638,,0,0,[0|0|0],73638,0,0,0,1,1,1,1,1,1,0,2,0,0,0,0,0,0,0,0,60,43,39,0,86.78,100.98,3.42,0,0,0,0,0,2,0,0,51,0,0,73638,-1,0,1,0,1,0,0,0,0,0,0,0,0,0,0
639,,0,0,[0|0|0],73639,0,0,1,1,1,1,1,1,1,0,2,0,0,0,0,0,0,0,0,60,44,36,0,15.38,97.96,3.6,0,0,0,0,0,2,0,0,51,0,0,73639,-1,0,1,0,1,0,0,0,0,0,0,0,0,0,0
640,,0,0,[0|0|0],73640,0,0,0,0,0,0,0,0,0,1,2,0,0,0,0,0,0,0,0,60,44,36,0,-57.72,85.86,88.02,0,0,0,0,0,2,0,0,51,0,0,73640,-1,0,1,0,1,0,0,0,0,0,0,0,0,0,0
641,,0,0,[0|0|0],73641,0,0,1,0,0,0,0,0,0,1,2,0,0,0,0,0,0,0,0,60,44,36,0,-46.97,77.78,-120.19,0,0,0,0,0,2,0,0,51,0,0,73641,-1,0,1,0,1,0,0,0,0,0,0,0,0,0,0
642,,0,0,[0|0|0],73642,0,0,0,1,0,0,0,0,0,1,2,0,0,0,0,0,0,0,0,60,44,37,0,-82.64,80.52,-14.15,0,0,0,0,0,2,0,0,51,0,0,73642,-1,0,1,0,1,0,0,0,0,0,0,0,0,0,0
643,,0,0,[0|0|0],73643,0,0,1,1,0,0,0,0,0,1,2,0,0,0,0,0,0,0,0,60,44,37,0,12.25,54.97,39.28,0,0,0,0,0,2,0,0,51,0,0,73643,-1,0,1,0,1,0,0,0,0,0,0,0,0,0,0
644,,0,0,[0|0|0],73644,0,0,0,0,1,0,0,0,0,1,2,0,0,0,0,0,0,0,0,60,44,37,0,87.25,32.84,103.81,0,0,0,0,0,2,0,0,51,0,0,73644,-1,0,1,0,1,0,0,0,0,0,0,0,0,0,0
645,,0,0,[0|0|0],73645,0,0,1,0,1,0,0,0,0,1,2,0,0,0,0,0,0,0,0,60,44,38,0,-101.01,64.81,-15.03,0,0,0,0,0,2,0,0,51,0,0,73645,-1,0,1,0,1,0,0,0,0,0,0,0,0,0,0
646,,0,0,[0|0|0],73646,0,0,0,1,1,0,0,0,0,1,2,0,0,0,0,0,0,0,0,60,44,38,0,-58.99,81.97,-109.43,0,0,0,0,0,2,0,0,51,0,0,73646,-1,0,1,0,1,0,0,0,0,0,0,0,0,0,0
647,,0,0,[0|0|0],73647,0,0,1,1,1,0,0,0,0,1,2,0,0,0,0,0,0,0,0,60,44,38,0,13.31,121.12,107.03,0,0,0,0,0,2,0,0,51,0,0,73647,-1,0,1,0,1,0,0,0,0,0,0,0,0,0,0
648,,0,0,[0|0|0],73648,0,0,0,0,0,1,0,0,0,1,2,0,0,0,0,0,0,0,0,60,44,39,0,-85.49,141.04,-98.42,0,0,0,0,0,2,0,0,51,0,0,73648,-1,0,1,0,1,0,0,0,0,0,0,0,0,0,0
649,,0,0,[0|0|0],73649,0,0,1,0,0,1,0,0,0,1,2,0,0,0,0,0,0,0,0,60,44,39,0,85.68,115.62,19.94,0,0,0,0,0,2,0,0,51,0,0,73649,-1,0,1,0,1,0,0,0,0,0,0,0,0,0,0
650,,0,0,[0|0|0],73650,0,0,0,1,0,1,0,0,0,1,2,0,0,0,0,0,0,0,0,60,44,39,0,30.98,140.97,81.92,0,0,0,0,0,2,0,0,51,0,0,73650,-1,0,1,0,1,0,0,0,0,0,0,0,0,0,0
651,,0,0,[0|0|0],73651,0,0,1,1,0,1,0,0,0,1,2,0,0,0,0,0,0,0,0,60,45,36,0,90.27,31.64,113,0,0,0,0,0,2,0,0,51,0,0,73651,-1,0,1,0,1,0,0,0,0,0,0,0,0,0,0
652,,0,0,[0|0|0],73652,0,0,0,0,1,1,0,0,0,1,2,0,0,0,0,0,0,0,0,60,45,36,0,-2.33,1.09,-68.37,0,0,0,0,0,2,0,0,51,0,0,73652,-1,0,1,0,1,0,0,0,0,0,0,0,0,0,0
653,,0,0,[0|0|0],73653,0,0,1,0,1,1,0,0,0,1,2,0,0,0,0,0,0,0,0,60,45,36,0,-113.75,31.4,0.7,0,0,0,0,0,2,0,0,51,0,0,73653,-1,0,1,0,1,0,0,0,0,0,0,0,0,0,0
654,,0,0,[0|0|0],73654,0,0,0,1,1,1,0,0,0,1,2,0,0,0,0,0,0,0,0,60,45,37,0,-82.28,21.47,-49.75,0,0,0,0,0,2,0,0,51,0,0,73654,-1,0,1,0,1,0,0,0,0,0,0,0,0,0,0
655,,0,0,[0|0|0],73655,0,0,1,1,1,1,0,0,0,1,2,0,0,0,0,0,0,0,0,60,45,37,0,92.67,25.33,44.27,0,0,0,0,0,2,0,0,51,0,0,73655,-1,0,1,0,1,0,0,0,0,0,0,0,0,0,0
656,,0,0,[0|0|0],73656,0,0,0,0,0,0,1,0,0,1,2,0,0,0,0,0,0,0,0,60,45,37,0,51.3,19.18,90.3,0,0,0,0,0,2,0,0,51,0,0,73656,-1,0,1,0,1,0,0,0,0,0,0,0,0,0,0
657,,0,0,[0|0|0],73657,0,0,1,0,0,0,1,0,0,1,2,0,0,0,0,0,0,0,0,60,45,38,0,-45.8,60.28,99.06,0,0,0,0,0,2,0,0,51,0,0,73657,-1,0,1,0,1,0,0,0,0,0,0,0,0,0,0
658,,0,0,[0|0|0],73658,0,0,0,1,0,0,1,0,0,1,2,0,0,0,0,0,0,0,0,60,45,38,0,112.6,14.06,48.65,0,0,0,0,0,2,0,0,51,0,0,73658,-1,0,1,0,1,0,0,0,0,0,0,0,0,0,0
659,,0,0,[0|0|0],73659,0,0,1,1,0,0,1,0,0,1,2,0,0,0,0,0,0,0,0,60,45,38,0,-40.69,27.37,-74.63,0,0,0,0,0,2,0,0,51,0,0,73659,-1,0,1,0,1,0,0,0,0,0,0,0,0,0,0
660,,0,0,[0|0|0],73660,0,0,0,0,1,0,1,0,0,1,2,0,0,0,0,0,0,0,0,60,45,39,0,-89.46,106.3,-21.93,0,0,0,0,0,2,0,0,51,0,0,73660,-1,0,1,0,1,0,0,0,0,0,0,0,0,0,0
661,,0,0,[0|0|0],73661,0,0,1,0,1,0,1,0,0,1,2,0,0,0,0,0,0,0,0,60,45,39,0,1.06,90.2,-42.01,0,0,0,0,0,2,0,0,51,0,0,73661,-1,0,1,0,1,0,0,0,0,0,0,0,0,0,0
662,,0,0,[0|0|0],73662,0,0,0,1,1,0,1,0,0,1,2,0,0,0,0,0,0,0,0,60,45,39,0,-104.67,118.05,107.68,0,0,0,0,0,2,0,0,51,0,0,73662,-1,0,1,0,1,0,0,0,0,0,0,0,0,0,0
700,,0,0,[0|0|0],73700,0,0,0,0,1,1,1,1,0,1,2,0,0,0,0,0,0,0,0,60,42,36,0,57.51,95.49,75.78,0,0,0,0,0,2,0,0,0,0,0,0,-1,0,1,0,10,0,0,0,0,0,0,0,0,0,0
701,,0,0,[0|0|0],73701,0,0,1,0,1,1,1,1,0,1,2,0,0,0,0,0,0,0,0,60,42,39,0,80.95,211.87,-34.22,0,0,0,0,0,2,0,0,0,0,0,0,-1,0,1,0,10,0,0,0,0,0,0,0,0,0,0
702,,0,0,[0|0|0],73702,0,0,0,1,1,1,1,1,0,1,2,0,0,0,0,0,0,0,0,60,43,37,0,-46.9,77.54,-108.74,0,0,0,0,0,2,0,0,0,0,0,0,-1,0,1,0,10,0,0,0,0,0,0,0,0,0,0
703,,0,0,[0|0|0],73703,0,0,1,1,1,1,1,1,0,1,2,0,0,0,0,0,0,0,0,60,43,38,0,-5.19,125.07,-17.44,0,0,0,0,0,2,0,0,0,0,0,0,-1,0,1,0,10,0,0,0,0,0,0,0,0,0,0
704,,0,0,[0|0|0],73704,0,0,0,0,0,0,0,0,1,1,2,0,0,0,0,0,0,0,0,60,44,36,0,-64.96,72.74,-3.8,0,0,0,0,0,2,0,0,0,0,0,0,-1,0,1,0,10,0,0,0,0,0,0,0,0,0,0
705,,0,0,[0|0|0],73705,0,0,1,0,0,0,0,0,1,1,2,0,0,0,0,0,0,0,0,60,44,36,0,100.92,81.4,-0.03,0,0,0,0,0,2,0,0,0,0,0,0,-1,0,1,0,10,0,0,0,0,0,0,0,0,0,0
706,,0,0,[0|0|0],73706,0,0,0,1,0,0,0,0,1,1,2,0,0,0,0,0,0,0,0,60,44,37,0,-68.03,74.66,94.38,0,0,0,0,0,2,0,0,0,0,0,0,-1,0,1,0,10,0,0,0,0,0,0,0,0,0,0
707,,0,0,[0|0|0],73707,0,0,1,1,0,0,0,0,1,1,2,0,0,0,0,0,0,0,0,60,44,39,0,-119.68,158.85,27.72,0,0,0,0,0,2,0,0,0,0,0,0,-1,0,1,0,10,0,0,0,0,0,0,0,0,0,0
708,[Merchant],0,0,[0|0|0],0,0,0,1,1,1,1,1,1,1,1,255,255,255,21,0,0,0,0,0,60,43,37,50,85.86,90.27,129.56,0,0,0,0,0,2,0,0,0,0,0,0,-1,0,1,0,10,0,0,0,0,0,0,0,0,0,0
709,[Merchant],0,0,[0|0|0],0,0,0,1,1,1,1,1,1,1,1,255,255,255,21,0,0,0,0,0,60,42,37,50,169.64,107.84,-16.46,0,0,0,0,0,2,0,0,0,0,0,0,-1,0,1,0,10,0,0,0,0,0,0,0,0,0,0
710,,0,0,[0|0|0],73710,0,0,0,1,1,0,0,0,1,1,2,0,0,0,0,0,0,0,0,60,42,36,0,56.585,95.082,71.43,0,0,0,0,0,2,0,60,0,0,9271,0,-1,0,1,0,1,0,0,0,0,0,0,0,0,0,0
711,,0,0,[0|0|0],73711,0,0,1,1,1,0,0,0,1,1,2,0,0,0,0,0,0,0,0,60,42,39,0,49.952,205.115,-44.263,0,0,0,0,0,2,0,60,0,0,9272,0,-1,0,1,0,1,0,0,0,0,0,0,0,0,0,0
712,,0,0,[0|0|0],73712,0,0,0,0,0,1,0,0,1,1,2,0,0,0,0,0,0,0,0,60,43,37,0,-50.232,77.275,-111.543,0,0,0,0,0,2,0,60,0,0,9273,0,-1,0,1,0,1,0,0,0,0,0,0,0,0,0,0
713,,0,0,[0|0|0],73713,0,0,1,0,0,1,0,0,1,1,2,0,0,0,0,0,0,0,0,60,43,38,0,-8.949,124.893,-23.482,0,0,0,0,0,2,0,60,0,0,9274,0,-1,0,1,0,1,0,0,0,0,0,0,0,0,0,0
714,,0,0,[0|0|0],73714,0,0,0,1,0,1,0,0,1,1,2,0,0,0,0,0,0,0,0,60,44,36,0,103.027,82.098,-6.618,0,0,0,0,0,2,0,60,0,0,9275,0,-1,0,1,0,1,0,0,0,0,0,0,0,0,0,0
715,,0,0,[0|0|0],73715,0,0,1,1,0,1,0,0,1,1,2,0,0,0,0,0,0,0,0,60,44,36,0,-65.831,70.654,-26.795,0,0,0,0,0,2,0,60,0,0,9276,0,-1,0,1,0,1,0,0,0,0,0,0,0,0,0,0
716,,0,0,[0|0|0],73716,0,0,0,0,1,1,0,0,1,1,2,0,0,0,0,0,0,0,0,60,44,37,0,-100.08,82.22,-3.66,0,0,0,0,0,2,0,60,0,0,9277,0,-1,0,1,0,1,0,0,0,0,0,0,0,0,0,0
717,,0,0,[0|0|0],73717,0,0,1,0,1,1,0,0,1,1,2,0,0,0,0,0,0,0,0,60,44,39,0,-120,-159.081,32.965,0,0,0,0,0,2,0,60,0,0,9278,0,-1,0,1,0,1,0,0,0,0,0,0,0,0,0,0
718,,0,0,[0|0|0],73718,0,0,0,1,1,1,0,0,1,1,2,0,0,0,0,0,0,0,0,60,45,39,0,44.291,91.859,-22.021,0,0,0,0,0,2,0,60,0,0,9279,0,-1,0,1,0,1,0,0,0,0,0,0,0,0,0,0
750,,0,0,[0|0|0],73750,0,0,0,1,1,1,0,1,1,1,2,0,0,0,0,0,0,0,0,60,42,36,0,93.28,75.15,-111.43,0,0,0,0,0,2,1,0,0,74750,0,0,-1,0,1,0,1,0,0,74850,0,0,73950,0,0,0,0
751,,0,0,[0|0|0],73751,0,0,1,1,1,1,0,1,1,1,2,0,0,0,0,0,0,0,0,60,42,38,0,-46.23,172.74,-77.53,0,0,0,0,0,2,1,0,0,74751,0,0,-1,0,1,0,1,0,0,74851,0,0,73951,0,0,0,0
752,,0,0,[0|0|0],73752,0,0,0,0,0,0,1,1,1,1,2,0,0,0,0,0,0,0,0,60,42,38,0,-112.69,197.39,82.2,0,0,0,0,0,2,1,0,0,74752,0,0,-1,0,1,0,1,0,0,74852,0,0,73952,0,0,0,0
753,,0,0,[0|0|0],73753,0,0,1,0,0,0,1,1,1,1,2,0,0,0,0,0,0,0,0,60,42,38,0,94.25,184.18,65.8,0,0,0,0,0,2,1,0,0,74753,0,0,-1,0,1,0,1,0,0,74853,0,0,73953,0,0,0,0
754,,0,0,[0|0|0],73754,0,0,0,1,0,0,1,1,1,1,2,0,0,0,0,0,0,0,0,60,42,39,0,69.86,209.89,90.74,0,0,0,0,0,2,1,0,0,74754,0,0,-1,0,1,0,1,0,0,74854,0,0,73954,0,0,0,0
755,,0,0,[0|0|0],73755,0,0,1,1,0,0,1,1,1,1,2,0,0,0,0,0,0,0,0,60,43,36,0,25.03,64.82,54.58,0,0,0,0,0,2,1,0,0,74755,0,0,-1,0,1,0,1,0,0,74855,0,0,73955,0,0,0,0
756,,0,0,[0|0|0],73756,6000,0,0,0,1,0,1,1,1,1,2,0,0,0,0,0,0,0,0,60,43,37,0,37.57,125.31,62.69,0,0,0,0,0,2,1,0,0,73000,0,0,-1,0,1,0,1,0,0,74856,0,0,73956,0,0,0,0
757,,0,0,[0|0|0],73757,6000,0,1,0,1,0,1,1,1,1,2,0,0,0,0,0,0,0,0,60,43,37,0,37.57,125.31,62.69,0,0,0,0,0,2,1,0,0,74000,0,0,-1,0,1,0,1,0,0,74857,0,0,73957,0,0,0,0
758,,0,0,[0|0|0],73758,0,0,0,1,1,0,1,1,1,1,2,0,0,0,0,0,0,0,0,60,43,39,0,-124.81,219.86,19.15,0,0,0,0,0,2,1,0,0,74758,0,0,-1,0,1,0,1,0,0,74858,0,0,73958,0,0,0,0
759,,0,0,[0|0|0],73759,0,0,1,1,1,0,1,1,1,1,2,0,0,0,0,0,0,0,0,60,43,39,0,84.86,106.27,-167.25,0,0,0,0,0,2,1,0,0,74759,0,0,-1,0,1,0,1,0,0,74859,0,0,73959,0,0,0,0
760,,0,0,[0|0|0],73760,0,0,0,0,0,1,1,1,1,1,2,0,0,0,0,0,0,0,0,60,44,38,0,-49.54,94.77,55.63,0,0,0,0,0,2,1,0,0,74760,0,0,-1,0,1,0,1,0,0,74860,0,0,73960,0,0,0,0
761,,0,0,[0|0|0],73761,0,0,1,0,0,1,1,1,1,1,2,0,0,0,0,0,0,0,0,60,44,39,0,79.16,124.65,50.83,0,0,0,0,0,2,1,0,0,74761,0,0,-1,0,1,0,1,0,0,74861,0,0,73961,0,0,0,0
762,,0,0,[0|0|0],73762,0,0,0,1,0,1,1,1,1,1,2,0,0,0,0,0,0,0,0,60,45,36,0,-102.93,35.32,-46.38,0,0,0,0,0,2,1,0,0,74762,0,0,-1,0,1,0,1,0,0,74862,0,0,73962,0,0,0,0
763,,0,0,[0|0|0],73763,0,0,1,1,0,1,1,1,1,1,2,0,0,0,0,0,0,0,0,60,45,37,0,22.18,18.69,117.69,0,0,0,0,0,2,1,0,0,74763,0,0,-1,0,1,0,1,0,0,74863,0,0,73963,0,0,0,0
764,,0,0,[0|0|0],73764,0,0,0,0,1,1,1,1,1,1,2,0,0,0,0,0,0,0,0,60,43,37,50,-124.96,34.22,-47.32,0,0,0,0,0,2,1,0,0,74764,0,0,-1,0,1,0,1,0,0,74864,0,0,73964,0,0,0,0
765,,0,0,[0|0|0],73765,0,0,1,0,1,1,1,1,1,1,2,0,0,0,0,0,0,0,0,60,43,38,1,-64.36,99.78,118.43,0,0,0,0,0,2,1,0,0,74765,0,0,-1,0,1,0,1,0,0,74865,0,0,73965,0,0,0,0
766,,0,0,[0|0|0],73766,0,0,0,1,1,1,1,1,1,1,2,0,0,0,0,0,0,0,0,60,43,38,1,-64.36,99.78,118.43,0,0,0,0,0,2,1,0,0,74766,0,0,-1,0,1,0,1,0,0,74866,0,0,73966,0,0,0,0
767,,0,0,[0|0|0],73767,0,0,1,1,1,1,1,1,1,1,2,0,0,0,0,0,0,0,0,60,43,38,1,-64.36,99.78,118.43,0,0,0,0,0,2,1,0,0,74767,0,0,-1,0,1,0,1,0,0,74867,0,0,73967,0,0,0,0
768,,0,0,[0|0|0],73768,0,0,0,0,0,0,0,0,0,0,3,0,0,0,0,0,0,0,0,60,43,38,1,-64.36,99.78,118.43,0,0,0,0,0,2,1,0,0,74768,0,0,-1,0,1,0,1,0,0,74868,0,0,73968,0,0,0,0
769,,0,0,[0|0|0],73769,0,0,1,0,0,0,0,0,0,0,3,0,0,0,0,0,0,0,0,60,43,37,50,-124.96,34.22,-47.32,0,0,0,0,0,2,1,0,0,74769,0,0,-1,0,1,0,1,0,0,74869,0,0,73969,0,0,0,0
770,,0,0,[0|0|0],73770,0,0,0,1,0,0,0,0,0,0,3,0,0,0,0,0,0,0,0,60,43,37,50,-124.96,34.22,-47.32,0,0,0,0,0,2,1,0,0,74770,0,0,-1,0,1,0,1,0,0,74870,0,0,73970,0,0,0,0
771,,0,0,[0|0|0],73771,0,0,1,1,0,0,0,0,0,0,3,0,0,0,0,0,0,0,0,60,43,37,50,-124.96,34.22,-47.32,0,0,0,0,0,2,1,0,0,74771,0,0,-1,0,1,0,1,0,0,74871,0,0,73971,0,0,0,0
772,,0,0,[0|0|0],73772,0,0,0,0,1,0,0,0,0,0,3,0,0,0,0,0,0,0,0,60,43,39,20,1.39,-91.54,119.53,0,0,0,0,0,2,1,0,0,74772,0,0,-1,0,1,0,1,0,0,74872,0,0,73972,0,0,0,0
773,,0,0,[0|0|0],73773,0,0,1,0,1,0,0,0,0,0,3,0,0,0,0,0,0,0,0,60,43,39,20,1.39,-91.54,119.53,0,0,0,0,0,2,1,0,0,74773,0,0,-1,0,1,0,1,0,0,74873,0,0,73973,0,0,0,0
774,,0,0,[0|0|0],73774,0,0,0,1,1,0,0,0,0,0,3,0,0,0,0,0,0,0,0,60,43,39,20,1.39,-91.54,119.53,0,0,0,0,0,2,1,0,0,74774,0,0,-1,0,1,0,1,0,0,74874,0,0,73974,0,0,0,0
775,,0,0,[0|0|0],73775,0,0,1,1,1,0,0,0,0,0,3,0,0,0,0,0,0,0,0,60,43,39,20,1.39,-91.54,119.53,0,0,0,0,0,2,1,0,0,74775,0,0,-1,0,1,0,1,0,0,74875,0,0,73975,0,0,0,0
776,,0,0,[0|0|0],73776,0,0,0,0,0,1,0,0,0,0,3,0,0,0,0,0,0,0,0,60,44,37,30,47.25,-147.4,-76.07,0,0,0,0,0,2,1,0,0,74776,0,0,-1,0,1,0,1,0,0,74876,0,0,73976,0,0,0,0
777,,0,0,[0|0|0],73777,0,0,1,0,0,1,0,0,0,0,3,0,0,0,0,0,0,0,0,60,44,37,30,47.25,-147.4,-76.07,0,0,0,0,0,2,1,0,0,74777,0,0,-1,0,1,0,1,0,0,74877,0,0,73977,0,0,0,0
800,,0,0,[0|0|0],73800,0,0,0,0,0,0,0,1,0,0,3,0,0,0,0,0,0,0,0,60,42,36,0,26,79,-4,0,0,0,0,0,2,0,0,0,0,0,0,-1,0,1,0,0,0,0,0,0,0,0,0,0,0,0
801,,0,0,[0|0|0],73801,0,0,1,0,0,0,0,1,0,0,3,0,0,0,0,0,0,0,0,60,42,38,0,-54,191.93,21,0,0,0,0,0,2,0,0,0,0,0,0,-1,0,1,0,0,0,0,0,0,0,0,0,0,0,0
802,,0,0,[0|0|0],73802,0,0,0,1,0,0,0,1,0,0,3,0,0,0,0,0,0,0,0,60,43,36,0,88,64.81,-29,0,0,0,0,0,2,0,0,0,0,0,0,-1,0,1,0,0,0,0,0,0,0,0,0,0,0,0
803,,0,0,[0|0|0],73803,0,0,1,1,0,0,0,1,0,0,3,0,0,0,0,0,0,0,0,60,43,36,0,-75,64.81,88,0,0,0,0,0,2,0,0,0,0,0,0,-1,0,1,0,0,0,0,0,0,0,0,0,0,0,0
804,,0,0,[0|0|0],73804,0,0,0,0,1,0,0,1,0,0,3,0,0,0,0,0,0,0,0,60,43,37,0,17,86.31,-58,0,0,0,0,0,2,0,0,0,0,0,0,-1,0,1,0,0,0,0,0,0,0,0,0,0,0,0
805,,0,0,[0|0|0],73805,0,0,1,0,1,0,0,1,0,0,3,0,0,0,0,0,0,0,0,60,43,38,0,-84,131.22,-62,0,0,0,0,0,2,0,0,0,0,0,0,-1,0,1,0,0,0,0,0,0,0,0,0,0,0,0
806,,0,0,[0|0|0],73806,0,0,0,1,1,0,0,1,0,0,3,0,0,0,0,0,0,0,0,60,44,37,0,-53,69.24,64,0,0,0,0,0,2,0,0,0,0,0,0,-1,0,1,0,0,0,0,0,0,0,0,0,0,0,0
807,,0,0,[0|0|0],73807,0,0,1,1,1,0,0,1,0,0,3,0,0,0,0,0,0,0,0,60,44,39,0,-34,136.97,-22,0,0,0,0,0,2,0,0,0,0,0,0,-1,0,1,0,0,0,0,0,0,0,0,0,0,0,0
808,,0,0,[0|0|0],73808,0,0,0,0,0,1,0,1,0,0,3,0,0,0,0,0,0,0,0,60,45,39,0,64,103.7,41,0,0,0,0,0,2,0,0,0,0,0,0,-1,0,1,0,0,0,0,0,0,0,0,0,0,0,0
809,,0,0,[0|0|0],73809,0,0,1,0,0,1,0,1,0,0,3,0,0,0,0,0,0,0,0,60,45,36,0,-86,28,89,0,0,0,0,0,2,0,0,0,0,0,0,-1,0,1,0,0,0,0,0,0,0,0,0,0,0,0
810,,0,0,[0|0|0],73810,0,0,0,1,0,1,0,1,0,0,3,0,0,0,0,0,0,0,0,60,45,37,0,-90.47,20.61,96.33,0,0,0,0,0,2,0,0,0,0,0,0,-1,0,1,0,0,0,0,0,0,0,0,0,0,0,0
811,,0,0,[0|0|0],73811,0,0,1,1,0,1,0,1,0,0,3,0,0,0,0,0,0,0,0,60,44,36,30,48.9,47,91.35,0,0,0,0,0,2,0,0,0,0,0,0,-1,0,1,0,0,0,0,0,0,0,0,0,0,0,0
812,,0,0,[0|0|0],73812,0,0,0,0,1,1,0,1,0,0,3,0,0,0,0,0,0,0,0,60,45,37,30,-30.53,28.19,53.87,0,0,0,0,0,2,0,0,0,0,0,0,-1,0,1,0,0,0,0,0,0,0,0,0,0,0,0
813,,0,0,[0|0|0],73813,0,0,1,0,1,1,0,1,0,0,3,0,0,0,0,0,0,0,0,60,43,38,10,-26.54,177.21,35.82,0,0,0,0,0,2,0,0,0,0,0,0,-1,0,1,0,0,0,0,0,0,0,0,0,0,0,0
814,,0,0,[0|0|0],73814,0,0,0,1,1,1,0,1,0,0,3,0,0,0,0,0,0,0,0,60,43,39,20,88.99,108.531,96.707,0,0,0,0,0,2,0,0,0,0,0,0,-1,0,1,0,0,0,0,0,0,0,0,0,0,0,0
815,,0,0,[0|0|0],73815,0,0,1,1,1,1,0,1,0,0,3,0,0,0,0,0,0,0,0,60,42,39,0,-54.12,204.3,61.66,0,0,0,0,0,2,0,0,0,0,0,0,-1,0,1,0,0,0,0,0,0,0,0,0,0,0,0
816,,0,0,[0|0|0],73816,0,0,0,0,0,0,1,1,0,0,3,0,0,0,0,0,0,0,0,60,44,37,50,-53,69.24,64,0,0,0,0,0,2,0,0,0,0,0,0,-1,0,1,0,0,0,0,0,0,0,0,0,0,0,0
817,,0,0,[0|0|0],73817,0,0,1,0,0,0,1,1,0,0,3,0,0,0,0,0,0,0,0,60,43,37,50,36.38,89.4,41.32,0,0,0,0,0,2,0,0,0,0,0,0,-1,0,1,0,0,0,0,0,0,0,0,0,0,0,0
1100,,0,0,[0|0|0],0,0,0,0,1,1,0,1,1,1,0,4,0,0,75,0,0,0,0,0,60,43,39,40,-105.33,-698.9,-91.64,40808,40807,40811,0,0,2,205,205,0,76100,76101,0,-1,0,1,0,1,0,0,76000,0,0,75910,0,0,0,0
1103,,0,0,[0|0|0],75103,75104,0,1,1,1,1,0,0,1,0,4,0,0,0,0,0,0,0,0,60,43,39,40,-131.63,-732.27,-47.03,0,0,0,0,0,2,1,0,0,76101,0,0,-1,0,2,0,1,0,0,76000,0,0,75910,0,0,0,0
1104,,0,0,[0|0|0],0,0,0,0,0,0,0,1,1,1,0,4,0,0,74,0,0,0,0,0,60,44,37,40,89.214,-566.634,-105.773,40808,40807,0,0,0,2,205,205,0,76104,76105,0,-1,0,1,0,1,0,0,76004,0,0,75914,0,0,0,0
1107,,0,0,[0|0|0],75107,0,0,1,1,0,0,1,0,1,0,4,0,0,0,0,0,0,0,0,60,43,36,40,56.74,-748.79,-10.89,0,0,0,0,0,2,205,205,58,76107,76807,76907,-1,0,2,0,10,0,0,0,0,0,75917,0,0,0,0
1108,,0,0,[0|0|0],75108,0,0,0,0,1,0,1,0,1,0,4,0,0,0,0,0,0,0,0,60,45,38,40,37.37,-691.98,8.07,0,0,0,0,0,2,205,205,58,76108,76808,76908,-1,0,1,0,10,0,0,0,0,0,75918,0,0,0,0
1109,,0,0,[0|0|0],75109,0,0,1,0,1,0,1,0,1,0,4,0,0,0,0,0,0,0,0,60,42,37,40,10.25,-694.09,8.67,0,0,0,0,0,2,205,205,58,76109,76809,76909,-1,0,1,0,10,0,0,0,0,0,75919,0,0,0,0
1110,,0,0,[0|0|0],75110,0,0,0,1,1,0,1,0,1,0,4,0,0,0,0,0,0,0,0,60,45,36,40,-74.28,-794.64,81.43,0,0,0,0,0,2,205,205,58,76110,76810,76910,-1,0,2,0,10,0,0,0,0,0,75920,0,0,0,0
1150,,0,0,[0|0|0],75150,0,0,0,1,1,1,1,1,1,0,4,0,0,0,0,0,0,0,0,60,43,36,40,-84,-608,-30,0,0,0,0,0,2,0,0,0,0,0,0,-1,0,1,0,10,0,0,76050,1036404700,0,75960,0,0,0,0
1151,,0,0,[0|0|0],75151,0,0,1,1,1,1,1,1,1,0,4,0,0,0,0,0,0,0,0,60,43,37,40,-96,-775,94,0,0,0,0,0,2,0,0,0,0,0,0,-1,0,1,0,10,0,0,76051,1037404700,0,75961,0,0,0,0
1152,,0,0,[0|0|0],75152,0,0,0,0,0,0,0,0,0,1,4,0,0,0,0,0,0,0,0,60,44,37,40,47.44,-705,116.31,0,0,0,0,0,2,0,0,0,0,0,0,-1,0,1,0,10,0,0,76052,1037404710,0,75962,0,0,0,0
1153,,0,0,[0|0|0],75153,0,0,1,0,0,0,0,0,0,1,4,0,0,0,0,0,0,0,0,60,45,37,40,28,-790,10,0,0,0,0,0,2,0,0,0,0,0,0,-1,0,2,0,10,0,0,76053,1037404720,0,75963,0,0,0,0
1155,,0,0,[0|0|0],75155,0,0,1,1,0,0,0,0,0,1,4,0,0,0,0,0,0,0,0,60,42,37,40,56.33,-761.19,116.3,0,0,0,0,0,2,1,0,0,76755,0,0,-1,0,1,0,1,0,0,76055,0,0,75965,0,0,0,0
1156,,0,0,[0|0|0],75156,0,0,0,0,1,0,0,0,0,1,4,0,0,0,0,0,0,0,0,60,43,37,40,-87.15,-742.93,-36.44,0,0,0,0,0,2,1,0,0,76756,0,0,-1,0,1,0,1,0,0,76056,0,0,75966,0,0,0,0
1157,,0,0,[0|0|0],75157,0,0,1,0,1,0,0,0,0,1,4,0,0,0,0,0,0,0,0,60,43,38,40,71.02,-705.03,107.58,0,0,0,0,0,2,1,0,0,76757,0,0,-1,0,1,0,1,0,0,76057,0,0,75967,0,0,0,0
1158,,0,0,[0|0|0],75158,0,0,0,1,1,0,0,0,0,1,4,0,0,0,0,0,0,0,0,60,44,38,40,13.91,-704.4,-109.25,0,0,0,0,0,2,1,0,0,76758,0,0,-1,0,1,0,1,0,0,76058,0,0,75968,0,0,0,0
1159,,0,0,[0|0|0],75159,0,0,1,1,1,0,0,0,0,1,4,0,0,0,0,0,0,0,0,60,45,37,40,-77.02,-758.62,-51.39,0,0,0,0,0,2,1,0,0,76759,0,0,-1,0,2,0,1,0,0,76059,0,0,75969,0,0,0,0
1160,,0,0,[0|0|0],75160,0,0,0,0,0,1,0,0,0,1,4,0,0,0,0,0,0,0,0,60,45,37,40,35.68,-764.48,-87.7,0,0,0,0,0,2,1,0,0,76760,0,0,-1,0,2,0,1,0,0,76060,0,0,75970,0,0,0,0
1161,,0,0,[0|0|0],75161,0,0,1,0,0,1,0,0,0,1,4,0,0,0,0,0,0,0,0,60,43,37,40,78.17,-769.36,-103.79,0,0,0,0,0,2,1,0,0,76761,0,0,-1,0,1,0,1,0,0,76061,0,0,75971,0,0,0,0
1162,,0,0,[0|0|0],75162,0,0,0,1,0,1,0,0,0,1,4,0,0,0,0,0,0,0,0,60,43,37,40,41.49,-768.84,13.05,0,0,0,0,0,2,1,0,0,76762,0,0,-1,0,1,0,1,0,0,76062,0,0,75972,0,0,0,0
1163,,0,0,[0|0|0],75163,0,0,1,1,0,1,0,0,0,1,4,0,0,0,0,0,0,0,0,60,43,37,40,53.61,-791.53,57.9,0,0,0,0,0,2,1,0,0,76763,0,0,-1,0,1,0,1,0,0,76063,0,0,75973,0,0,0,0
1164,,0,0,[0|0|0],75164,0,0,0,0,1,1,0,0,0,1,4,0,0,0,0,0,0,0,0,60,45,37,40,-87.28,-800.26,80.97,0,0,0,0,0,2,1,0,0,76764,0,0,-1,0,2,0,1,0,0,76064,0,0,75974,0,0,0,0
1165,,0,0,[0|0|0],75165,0,0,1,0,1,1,0,0,0,1,4,0,0,0,0,0,0,0,0,60,42,37,40,-8.046,-710.359,68.973,0,0,0,0,0,2,1,0,0,76765,0,0,-1,0,1,0,1,0,0,76055,0,0,75965,0,0,0,0
1170,,0,0,[0|0|0],75170,0,0,0,1,0,0,1,0,0,1,4,0,0,0,0,0,0,0,0,60,42,37,40,95.81,-745.39,-55.7,0,0,0,0,0,2,0,60,0,0,9271,0,-1,0,1,0,1,0,0,0,0,0,0,0,0,0,0
1171,,0,0,[0|0|0],75171,0,0,1,1,0,0,1,0,0,1,4,0,0,0,0,0,0,0,0,60,43,36,40,-91.67,-605.31,25.97,0,0,0,0,0,2,0,60,0,0,9272,0,-1,0,1,0,1,0,0,0,0,0,0,0,0,0,0
1172,,0,0,[0|0|0],75172,0,0,0,0,1,0,1,0,0,1,4,0,0,0,0,0,0,0,0,60,43,37,40,22.18,-785.82,53.62,0,0,0,0,0,2,0,60,0,0,9273,0,-1,0,1,0,1,0,0,0,0,0,0,0,0,0,0
1173,,0,0,[0|0|0],75173,0,0,1,0,1,0,1,0,0,1,4,0,0,0,0,0,0,0,0,60,43,38,40,-29.08,-715.19,38.17,0,0,0,0,0,2,0,60,0,0,9274,0,-1,0,1,0,1,0,0,0,0,0,0,0,0,0,0
1174,,0,0,[0|0|0],75174,0,0,0,1,1,0,1,0,0,1,4,0,0,0,0,0,0,0,0,60,44,36,40,64.52,-782.73,41.36,0,0,0,0,0,2,0,60,0,0,9275,0,-1,0,2,0,1,0,0,0,0,0,0,0,0,0,0
1175,,0,0,[0|0|0],75175,0,0,1,1,1,0,1,0,0,1,4,0,0,0,0,0,0,0,0,60,45,37,40,-24.63,-792.41,-27.25,0,0,0,0,0,2,0,60,0,0,9276,0,-1,0,2,0,1,0,0,0,0,0,0,0,0,0,0
1176,,0,0,[0|0|0],75176,0,0,0,0,0,1,1,0,0,1,4,0,0,0,0,0,0,0,0,60,45,38,40,-30.71,-657.09,-66.39,0,0,0,0,0,2,0,60,0,0,9277,0,-1,0,1,0,1,0,0,0,0,0,0,0,0,0,0
1210,,0,0,[0|0|0],75210,0,0,0,1,0,1,1,1,0,1,4,0,0,0,0,0,0,0,0,60,43,38,40,-3.81,-735.19,-44.62,0,0,0,0,0,0,0,0,0,0,0,0,-1,0,1,0,1,0,0,76055,0,0,75965,0,0,0,0
1211,,0,0,[0|0|0],75211,0,0,1,1,0,1,1,1,0,1,4,0,0,0,0,0,0,0,0,60,44,36,40,-26.33,-773.48,72.35,0,0,0,0,0,0,0,0,0,0,0,0,-1,0,2,0,1,0,0,76056,0,0,75966,0,0,0,0
1212,,0,0,[0|0|0],75257,0,0,0,0,1,1,1,1,0,1,4,0,0,0,0,0,0,0,0,60,44,37,40,-38.12,-695.09,107.46,0,0,0,0,0,0,0,0,0,0,0,0,-1,0,1,0,1,0,0,76057,0,0,75967,0,0,0,0
1213,,0,0,[0|0|0],75258,0,0,1,0,1,1,1,1,0,1,4,0,0,0,0,0,0,0,0,60,45,37,40,-67.97,-757.14,10.28,0,0,0,0,0,0,0,0,0,0,0,0,-1,0,2,0,1,0,0,76058,0,0,75968,0,0,0,0
1540,,0,0,[0|0|0],73540,0,0,0,0,1,1,1,0,0,0,2,0,0,0,0,0,0,0,0,60,43,38,0,122.32,64.74,-102.29,0,0,0,0,0,0,0,0,52,0,0,73540,-1,0,3,0,0,0,0,0,0,0,0,0,0,0,0
1541,,0,0,[0|0|0],73541,0,0,1,0,1,1,1,0,0,0,2,0,0,0,0,0,0,0,0,60,43,38,0,122.32,64.74,-102.29,0,0,0,0,0,0,0,0,52,0,0,73541,-1,0,3,0,0,0,0,0,0,0,0,0,0,0,0
1542,,0,0,[0|0|0],73542,0,0,0,1,1,1,1,0,0,0,2,0,0,0,0,0,0,0,0,60,43,38,0,122.32,64.74,-102.29,0,0,0,0,0,0,0,0,52,0,0,73542,-1,0,3,0,0,0,0,0,0,0,0,0,0,0,0
1543,,0,0,[0|0|0],73543,0,0,1,1,1,1,1,0,0,0,2,0,0,0,0,0,0,0,0,60,43,38,0,122.32,64.74,-102.29,0,0,0,0,0,0,0,0,52,0,0,73543,-1,0,3,0,0,0,0,0,0,0,0,0,0,0,0
1544,,0,0,[0|0|0],73544,0,0,0,0,0,0,0,1,0,0,2,0,0,0,0,0,0,0,0,60,43,38,0,122.32,64.74,-102.29,0,0,0,0,0,0,0,0,52,0,0,73544,-1,0,3,0,0,0,0,0,0,0,0,0,0,0,0
1545,,0,0,[0|0|0],73545,0,0,1,0,0,0,0,1,0,0,2,0,0,0,0,0,0,0,0,60,43,38,0,122.32,64.74,-102.29,0,0,0,0,0,0,0,0,52,0,0,73545,-1,0,3,0,0,0,0,0,0,0,0,0,0,0,0
1546,,0,0,[0|0|0],73546,0,0,0,1,0,0,0,1,0,0,2,0,0,0,0,0,0,0,0,60,43,38,0,122.32,64.74,-102.29,0,0,0,0,0,0,0,0,52,0,0,73546,-1,0,3,0,0,0,0,0,0,0,0,0,0,0,0
1547,,0,0,[0|0|0],73547,0,0,1,1,0,0,0,1,0,0,2,0,0,0,0,0,0,0,0,60,43,38,0,122.32,64.74,-102.29,0,0,0,0,0,0,0,0,52,0,0,73547,-1,0,3,0,0,0,0,0,0,0,0,0,0,0,0
1548,,0,0,[0|0|0],73548,0,0,0,0,1,0,0,1,0,0,2,0,0,0,0,0,0,0,0,60,43,38,0,122.32,64.74,-102.29,0,0,0,0,0,0,0,0,52,0,0,73548,-1,0,3,0,0,0,0,0,0,0,0,0,0,0,0
1549,,0,0,[0|0|0],73549,0,0,1,0,1,0,0,1,0,0,2,0,0,0,0,0,0,0,0,60,43,38,0,122.32,64.74,-102.29,0,0,0,0,0,0,0,0,52,0,0,73549,-1,0,3,0,0,0,0,0,0,0,0,0,0,0,0
1550,,0,0,[0|0|0],73550,0,0,0,1,1,0,0,1,0,0,2,0,0,0,0,0,0,0,0,60,43,38,0,122.32,64.74,-102.29,0,0,0,0,0,0,0,0,52,0,0,73550,-1,0,3,0,0,0,0,0,0,0,0,0,0,0,0
1551,,0,0,[0|0|0],73551,0,0,1,1,1,0,0,1,0,0,2,0,0,0,0,0,0,0,0,60,43,38,0,122.32,64.74,-102.29,0,0,0,0,0,0,0,0,52,0,0,73551,-1,0,3,0,0,0,0,0,0,0,0,0,0,0,0
1552,,0,0,[0|0|0],73552,0,0,0,0,0,1,0,1,0,0,2,0,0,0,0,0,0,0,0,60,43,38,0,122.32,64.74,-102.29,0,0,0,0,0,0,0,0,52,0,0,73552,-1,0,3,0,0,0,0,0,0,0,0,0,0,0,0
1553,,0,0,[0|0|0],73553,0,0,1,0,0,1,0,1,0,0,2,0,0,0,0,0,0,0,0,60,43,38,0,122.32,64.74,-102.29,0,0,0,0,0,0,0,0,52,0,0,73553,-1,0,3,0,0,0,0,0,0,0,0,0,0,0,0
1554,,0,0,[0|0|0],73554,0,0,0,1,0,1,0,1,0,0,2,0,0,0,0,0,0,0,0,60,43,38,0,122.32,64.74,-102.29,0,0,0,0,0,0,0,0,52,0,0,73554,-1,0,3,0,0,0,0,0,0,0,0,0,0,0,0
1555,,0,0,[0|0|0],73555,0,0,1,1,0,1,0,1,0,0,2,0,0,0,0,0,0,0,0,60,43,38,0,122.32,64.74,-102.29,0,0,0,0,0,0,0,0,52,0,0,73555,-1,0,3,0,0,0,0,0,0,0,0,0,0,0,0
1580,[Scale-bearing Merchant],0,0,[0|0|0],73580,8106,8105,1,1,1,1,1,1,1,1,255,255,255,25,0,0,0,0,0,60,42,36,0,26,79,-4,0,0,0,0,0,2,0,0,0,0,0,0,-1,0,1,0,1,0,0,0,0,0,0,0,0,0,0
1581,[Scale-bearing Merchant],0,0,[0|0|0],73581,8106,8105,1,1,1,1,1,1,1,1,255,255,255,25,0,0,0,0,0,60,42,38,0,-54,191.93,21,0,0,0,0,0,2,0,0,0,0,0,0,-1,0,1,0,1,0,0,0,0,0,0,0,0,0,0
1582,[Scale-bearing Merchant],0,0,[0|0|0],73582,8106,8105,1,1,1,1,1,1,1,1,255,255,255,25,0,0,0,0,0,60,43,36,0,88,64.81,-29,0,0,0,0,0,2,0,0,0,0,0,0,-1,0,1,0,1,0,0,0,0,0,0,0,0,0,0
1583,[Scale-bearing Merchant],0,0,[0|0|0],73583,8106,8105,1,1,1,1,1,1,1,1,255,255,255,25,0,0,0,0,0,60,43,36,0,-75,64.81,88,0,0,0,0,0,2,0,0,0,0,0,0,-1,0,1,0,1,0,0,0,0,0,0,0,0,0,0
1584,[Scale-bearing Merchant],0,0,[0|0|0],73584,8106,8105,1,1,1,1,1,1,1,1,255,255,255,25,0,0,0,0,0,60,43,37,0,17,86.31,-58,0,0,0,0,0,2,0,0,0,0,0,0,-1,0,1,0,1,0,0,0,0,0,0,0,0,0,0
1585,[Scale-bearing Merchant],0,0,[0|0|0],73585,8106,8105,1,1,1,1,1,1,1,1,255,255,255,25,0,0,0,0,0,60,43,38,0,-84,131.22,-62,0,0,0,0,0,2,0,0,0,0,0,0,-1,0,1,0,1,0,0,0,0,0,0,0,0,0,0
1586,[Scale-bearing Merchant],0,0,[0|0|0],73586,8106,8105,1,1,1,1,1,1,1,1,255,255,255,25,0,0,0,0,0,60,44,37,0,-53,69.24,64,0,0,0,0,0,2,0,0,0,0,0,0,-1,0,1,0,1,0,0,0,0,0,0,0,0,0,0
1587,[Scale-bearing Merchant],0,0,[0|0|0],73587,8106,8105,1,1,1,1,1,1,1,1,255,255,255,25,0,0,0,0,0,60,44,39,0,-34,136.97,-22,0,0,0,0,0,2,0,0,0,0,0,0,-1,0,1,0,1,0,0,0,0,0,0,0,0,0,0
1588,[Scale-bearing Merchant],0,0,[0|0|0],73588,8106,8105,1,1,1,1,1,1,1,1,255,255,255,25,0,0,0,0,0,60,45,39,0,64,103.7,41,0,0,0,0,0,2,0,0,0,0,0,0,-1,0,1,0,1,0,0,0,0,0,0,0,0,0,0
1589,[Scale-bearing Merchant],0,0,[0|0|0],73589,8106,8105,1,1,1,1,1,1,1,1,255,255,255,25,0,0,0,0,0,60,45,36,0,-86,28,89,0,0,0,0,0,2,0,0,0,0,0,0,-1,0,1,0,1,0,0,0,0,0,0,0,0,0,0
1590,[Scale-bearing Merchant],0,0,[0|0|0],73590,8106,8105,1,1,1,1,1,1,1,1,255,255,255,25,0,0,0,0,0,60,45,37,0,-90.47,20.61,96.33,0,0,0,0,0,2,0,0,0,0,0,0,-1,0,1,0,1,0,0,0,0,0,0,0,0,0,0
1591,[Scale-bearing Merchant],0,0,[0|0|0],73591,8106,8105,1,1,1,1,1,1,1,1,255,255,255,25,0,0,0,0,0,60,44,36,30,48.9,47,91.35,0,0,0,0,0,2,0,0,0,0,0,0,-1,0,1,0,1,0,0,0,0,0,0,0,0,0,0
1592,[Scale-bearing Merchant],0,0,[0|0|0],73592,8106,8105,1,1,1,1,1,1,1,1,255,255,255,25,0,0,0,0,0,60,45,37,30,-30.53,28.19,53.87,0,0,0,0,0,2,0,0,0,0,0,0,-1,0,1,0,1,0,0,0,0,0,0,0,0,0,0
1593,[Scale-bearing Merchant],0,0,[0|0|0],73593,8106,8105,1,1,1,1,1,1,1,1,255,255,255,25,0,0,0,0,0,60,43,38,10,-26.54,177.21,35.82,0,0,0,0,0,2,0,0,0,0,0,0,-1,0,1,0,1,0,0,0,0,0,0,0,0,0,0
1594,[Scale-bearing Merchant],0,0,[0|0|0],73594,8106,8105,1,1,1,1,1,1,1,1,255,255,255,25,0,0,0,0,0,60,43,39,20,88.99,108.531,96.707,0,0,0,0,0,2,0,0,0,0,0,0,-1,0,1,0,1,0,0,0,0,0,0,0,0,0,0
1595,[Scale-bearing Merchant],0,0,[0|0|0],73595,8106,8105,1,1,1,1,1,1,1,1,255,255,255,25,0,0,0,0,0,60,44,37,50,-53,69.24,64,0,0,0,0,0,2,0,0,0,0,0,0,-1,0,1,0,1,0,0,0,0,0,0,0,0,0,0
1596,[Scale-bearing Merchant],0,0,[0|0|0],73596,8106,8105,1,1,1,1,1,1,1,1,255,255,255,25,0,0,0,0,0,60,43,37,50,36.38,89.4,41.32,0,0,0,0,0,2,0,0,0,0,0,0,-1,0,1,0,1,0,0,0,0,0,0,0,0,0,0
2000,,0,0,[0|0|0],0,0,0,0,0,0,0,1,0,1,1,7,0,0,0,0,0,0,0,0,60,45,36,30,46,91,62,0,0,0,0,0,0,0,0,0,0,0,0,-1,0,0,0,0,0,0,0,0,0,0,0,0,0,0
2100,,0,0,[0|0|0],73100,0,0,0,0,1,0,1,1,0,0,8,0,0,0,0,0,0,0,0,60,42,37,0,108,89,50,0,0,0,0,0,2,1,60,58,74100,97900,74900,-1,0,1,0,10,0,0,0,0,0,73910,0,0,0,0
2101,,0,0,[0|0|0],73101,0,0,1,0,1,0,1,1,0,0,8,0,0,0,0,0,0,0,0,60,42,37,0,45,98,-107,0,0,0,0,0,2,1,60,58,74101,97901,74901,-1,0,1,0,10,0,0,0,0,0,73911,0,0,0,0
2103,,0,0,[0|0|0],73103,0,0,1,1,1,0,1,1,0,0,8,0,0,0,0,0,0,0,0,60,42,39,0,-30,192,-45,0,0,0,0,0,2,1,60,58,74103,97903,74903,-1,0,1,0,10,0,0,0,0,0,73913,0,0,0,0
2104,,0,0,[0|0|0],73104,0,0,0,0,0,1,1,1,0,0,8,0,0,0,0,0,0,0,0,60,43,36,0,-29,65,-49,0,0,0,0,0,2,1,60,58,74104,97904,74904,-1,0,1,0,10,0,0,0,0,0,73914,0,0,0,0
2106,,0,0,[0|0|0],73106,0,0,0,1,0,1,1,1,0,0,8,0,0,0,0,0,0,0,0,60,43,39,0,0,176,-77,0,0,0,0,0,2,1,60,58,74106,97906,74906,-1,0,1,0,10,0,0,0,0,0,73916,0,0,0,0
2107,,0,0,[0|0|0],73107,0,0,1,1,0,1,1,1,0,0,8,0,0,0,0,0,0,0,0,60,43,39,0,-24,198,111,0,0,0,0,0,2,1,60,58,74107,97907,74907,-1,0,1,0,10,0,0,0,0,0,73917,0,0,0,0
2108,,0,0,[0|0|0],73108,0,0,0,0,1,1,1,1,0,0,8,0,0,0,0,0,0,0,0,60,44,36,0,45,87,98,0,0,0,0,0,2,1,60,58,74108,97908,74908,-1,0,1,0,10,0,0,0,0,0,73918,0,0,0,0
2109,,0,0,[0|0|0],73109,0,0,1,0,1,1,1,1,0,0,8,0,0,0,0,0,0,0,0,60,44,37,0,75,30,-9,0,0,0,0,0,2,1,60,58,74109,97909,74909,-1,0,1,0,10,0,0,0,0,0,73919,0,0,0,0
2110,,0,0,[0|0|0],73110,0,0,0,1,1,1,1,1,0,0,8,0,0,0,0,0,0,0,0,60,44,38,0,2,85,-13,0,0,0,0,0,2,1,60,58,74110,97910,74910,-1,0,1,0,10,0,0,0,0,0,73920,0,0,0,0
2111,,0,0,[0|0|0],73111,0,0,1,1,1,1,1,1,0,0,8,0,0,0,0,0,0,0,0,60,44,38,0,126,32,-70,0,0,0,0,0,2,1,60,58,74111,97911,74911,-1,0,1,0,10,0,0,0,0,0,73921,0,0,0,0
2112,,0,0,[0|0|0],73112,0,0,0,0,0,0,0,0,1,0,8,0,0,0,0,0,0,0,0,60,44,39,0,73,110,-64,0,0,0,0,0,2,1,60,58,74112,97912,74912,-1,0,1,0,10,0,0,0,0,0,73922,0,0,0,0
2113,,0,0,[0|0|0],73113,0,0,1,0,0,0,0,0,1,0,8,0,0,0,0,0,0,0,0,60,45,36,0,-5,16,20,0,0,0,0,0,2,1,60,58,74113,97913,74913,-1,0,1,0,10,0,0,0,0,0,73923,0,0,0,0
2114,,0,0,[0|0|0],73114,0,0,0,1,0,0,0,0,1,0,8,0,0,0,0,0,0,0,0,60,45,37,0,4,22,-68,0,0,0,0,0,2,1,60,58,74114,97914,74914,-1,0,1,0,10,0,0,0,0,0,73924,0,0,0,0
2116,,0,0,[0|0|0],73116,0,0,0,0,1,0,0,0,1,0,8,0,0,0,0,0,0,0,0,60,45,38,0,39,35,-9,0,0,0,0,0,2,1,60,58,74116,97916,74916,-1,0,1,0,10,0,0,0,0,0,73926,0,0,0,0
2117,,0,0,[0|0|0],73117,0,0,1,0,1,0,0,0,1,0,8,0,0,0,0,0,0,0,0,60,45,39,0,-56,95,54,0,0,0,0,0,2,1,60,58,74117,97917,74917,-1,0,1,0,10,0,0,0,0,0,73927,0,0,0,0
2118,,0,0,[0|0|0],73118,0,0,0,1,1,0,0,0,1,0,8,0,0,0,0,0,0,0,0,60,43,38,0,-128,188,92,0,0,0,0,0,2,1,0,0,74118,0,0,-1,0,1,0,10,0,0,0,0,0,0,0,0,0,0
2119,,0,0,[0|0|0],73119,0,0,1,1,1,0,0,0,1,0,8,0,0,0,0,0,0,0,0,60,43,39,0,0,176,-77,0,0,0,0,0,2,1,0,0,74119,0,0,-1,0,1,0,10,0,0,0,0,0,0,0,0,0,0
2120,,0,0,[0|0|0],73120,0,0,0,0,0,1,0,0,1,0,8,0,0,0,0,0,0,0,0,60,42,38,0,53,143,-44,0,0,0,0,0,2,1,60,58,74120,97920,74920,-1,0,1,0,10,0,0,0,0,0,73930,0,0,0,0
2121,,0,0,[0|0|0],73121,0,0,1,0,0,1,0,0,1,0,8,0,0,0,0,0,0,0,0,60,42,37,0,45,98,-107,0,0,0,0,0,2,1,0,58,74121,0,74921,-1,0,1,0,10,0,0,0,0,0,73931,0,0,0,0
2122,,0,0,[0|0|0],73122,0,0,0,1,0,1,0,0,1,0,8,0,0,0,0,0,0,0,0,60,42,37,0,108,89,50,0,0,0,0,0,2,1,0,58,74122,0,74922,-1,0,1,0,10,0,0,0,0,0,73932,0,0,0,0
2123,,0,0,[0|0|0],73123,0,0,1,1,0,1,0,0,1,0,8,0,0,0,0,0,0,0,0,60,42,38,0,53,143,-44,0,0,0,0,0,2,1,0,58,74123,0,74923,-1,0,1,0,10,0,0,0,0,0,73933,0,0,0,0
2124,,0,0,[0|0|0],73124,0,0,0,0,1,1,0,0,1,0,8,0,0,0,0,0,0,0,0,60,42,38,0,53,143,-44,0,0,0,0,0,2,1,0,58,74124,0,74924,-1,0,1,0,10,0,0,0,0,0,73934,0,0,0,0
2125,,0,0,[0|0|0],73125,0,0,1,0,1,1,0,0,1,0,8,0,0,0,0,0,0,0,0,60,44,36,0,45,87,98,0,0,0,0,0,2,1,0,58,74125,0,74925,-1,0,1,0,10,0,0,0,0,0,73935,0,0,0,0
2126,,0,0,[0|0|0],73126,0,0,0,1,1,1,0,0,1,0,8,0,0,0,0,0,0,0,0,60,44,36,0,45,87,98,0,0,0,0,0,2,1,0,58,74126,0,74926,-1,0,1,0,10,0,0,0,0,0,73936,0,0,0,0
2127,,0,0,[0|0|0],73127,0,0,1,1,1,1,0,0,1,0,8,0,0,0,0,0,0,0,0,60,44,39,0,73,110,-64,0,0,0,0,0,2,1,0,58,74127,0,74927,-1,0,1,0,10,0,0,0,0,0,73937,0,0,0,0
2128,,0,0,[0|0|0],73128,0,0,0,0,0,0,1,0,1,0,8,0,0,0,0,0,0,0,0,60,45,37,0,4,22,-68,0,0,0,0,0,2,1,0,58,74128,0,74928,-1,0,1,0,10,0,0,0,0,0,73938,0,0,0,0
2129,,0,0,[0|0|0],73129,0,0,1,0,0,0,1,0,1,0,8,0,0,0,0,0,0,0,0,60,44,38,0,126,32,-70,0,0,0,0,0,2,1,0,58,74129,0,74929,-1,0,1,0,10,0,0,0,0,0,73939,0,0,0,0
2130,,0,0,[0|0|0],73109,0,0,1,0,1,1,1,1,0,0,8,0,0,0,0,0,0,0,0,60,44,37,50,75,30,-9,0,0,0,0,0,2,1,60,58,74109,97909,74909,-1,0,1,0,10,0,0,0,0,0,73919,0,0,0,0
2300,,0,0,[0|0|0],73300,0,0,0,0,1,1,1,1,1,1,8,0,0,0,0,0,0,0,0,60,42,36,0,-74,92,62,0,0,0,0,0,2,0,60,0,0,9140,0,-1,0,1,0,10,0,0,74200,96000,0,73941,0,0,0,0
2301,,0,0,[0|0|0],73301,0,0,1,0,1,1,1,1,1,1,8,0,0,0,0,0,0,0,0,60,42,37,0,-66,159,44,0,0,0,0,0,2,0,60,0,0,9141,0,-1,0,1,0,10,0,0,74201,96001,0,73942,0,0,0,0
2302,,0,0,[0|0|0],73302,0,0,0,1,1,1,1,1,1,1,8,0,0,0,0,0,0,0,0,60,42,38,0,-48,192,98.46,0,0,0,0,0,2,0,60,0,0,9142,0,-1,0,1,0,10,0,0,74202,96002,0,73943,0,0,0,0
2305,,0,0,[0|0|0],73305,0,0,1,0,0,0,0,0,0,0,9,0,0,0,0,0,0,0,0,60,43,36,0,57,64,85,0,0,0,0,0,2,0,60,0,0,9145,0,-1,0,1,0,10,0,0,74205,96005,0,73946,0,0,0,0
2306,,0,0,[0|0|0],73306,0,0,0,1,0,0,0,0,0,0,9,0,0,0,0,0,0,0,0,60,43,38,0,-86,188,32,0,0,0,0,0,2,0,60,0,0,9146,0,-1,0,1,0,10,0,0,74206,96006,0,73947,0,0,0,0
2307,,0,0,[0|0|0],73307,0,0,1,1,0,0,0,0,0,0,9,0,0,0,0,0,0,0,0,60,44,36,0,-22,79,-72,0,0,0,0,0,2,0,60,0,0,9147,0,-1,0,1,0,10,0,0,74207,96007,0,73948,0,0,0,0
2308,,0,0,[0|0|0],73308,0,0,0,0,1,0,0,0,0,0,9,0,0,0,0,0,0,0,0,60,44,37,0,-52,87,-76,0,0,0,0,0,2,0,60,0,0,9148,0,-1,0,1,0,10,0,0,74208,96008,0,73949,0,0,0,0
2309,,0,0,[0|0|0],73309,0,0,1,0,1,0,0,0,0,0,9,0,0,0,0,0,0,0,0,60,44,37,30,34.33,55.36,-58.97,0,0,0,0,0,2,1,60,0,74309,9149,0,-1,0,1,0,10,0,0,74209,96009,0,73978,0,0,0,0
2310,,0,0,[0|0|0],73310,0,0,0,1,1,0,0,0,0,0,9,0,0,0,0,0,0,0,0,60,44,39,0,-72,153,44,0,0,0,0,0,2,0,60,0,0,9150,0,-1,0,1,0,10,0,0,74210,96010,0,73979,0,0,0,0
2312,,0,0,[0|0|0],73312,0,0,0,0,0,1,0,0,0,0,9,0,0,0,0,0,0,0,0,60,45,37,0,86,24,4,0,0,0,0,0,2,0,60,0,0,9152,0,-1,0,1,0,10,0,0,74212,96012,0,73981,0,0,0,0
2313,,0,0,[0|0|0],73313,0,0,1,0,0,1,0,0,0,0,9,0,0,0,0,0,0,0,0,60,45,38,0,44,12,97,0,0,0,0,0,2,0,60,0,0,9153,0,-1,0,1,0,10,0,0,74213,96013,0,73982,0,0,0,0
2314,,0,0,[0|0|0],73314,0,0,0,1,0,1,0,0,0,0,9,0,0,0,0,0,0,0,0,60,45,38,0,-86,58,81,0,0,0,0,0,2,0,60,0,0,9154,0,-1,0,1,0,10,0,0,74214,96014,0,73983,0,0,0,0
2315,,0,0,[0|0|0],73315,0,0,1,1,0,1,0,0,0,0,9,0,0,0,0,0,0,0,0,60,44,36,30,99.06,52.34,12.58,0,0,0,0,0,2,1,0,0,74315,0,0,-1,0,1,0,10,0,0,74215,96015,0,73984,0,0,0,0
2316,,0,0,[0|0|0],73316,0,0,0,0,1,1,0,0,0,0,9,0,0,0,0,0,0,0,0,60,44,37,30,72.97,50.38,39.88,0,0,0,0,0,2,1,0,0,74316,0,0,-1,0,1,0,10,0,0,74216,96016,0,73985,0,0,0,0
2317,,0,0,[0|0|0],73317,0,0,1,0,1,1,0,0,0,0,9,0,0,0,0,0,0,0,0,60,44,37,30,-13.58,62.97,28.39,0,0,0,0,0,2,1,0,0,74317,0,0,-1,0,1,0,10,0,0,74217,96017,0,73986,0,0,0,0
2318,,0,0,[0|0|0],73318,0,0,0,1,1,1,0,0,0,0,9,0,0,0,0,0,0,0,0,60,45,37,30,-40.77,36.06,-83.51,0,0,0,0,0,2,1,0,0,74318,0,0,-1,0,1,0,10,0,0,74218,96018,0,73987,0,0,0,0
2319,,0,0,[0|0|0],73319,0,0,1,1,1,1,0,0,0,0,9,0,0,0,0,0,0,0,0,60,45,37,30,49.5,28.71,46.28,0,0,0,0,0,2,1,0,0,74319,0,0,-1,0,1,0,10,0,0,74219,96019,0,73988,0,0,0,0
2320,,0,0,[0|0|0],73320,0,0,0,0,0,0,1,0,0,0,9,0,0,0,0,0,0,0,0,60,45,37,30,25.51,34.23,-25.69,0,0,0,0,0,2,1,0,0,74320,0,0,-1,0,1,0,10,0,0,74220,96020,0,73989,0,0,0,0
2321,,0,0,[0|0|0],73321,0,0,1,0,0,0,1,0,0,0,9,0,0,0,0,0,0,0,0,60,45,37,30,-112.99,39.32,-33.61,0,0,0,0,0,2,1,0,0,74321,0,0,-1,0,1,0,10,0,0,74221,96021,0,0,0,0,0,0
2322,,0,0,[0|0|0],73322,0,0,0,1,0,0,1,0,0,0,9,0,0,0,0,0,0,0,0,60,45,36,30,53.98,55.52,92.46,0,0,0,0,0,2,1,0,0,74322,0,0,-1,0,1,0,10,0,0,74222,96022,0,73915,0,0,0,0
2323,,0,0,[0|0|0],73323,0,0,0,0,1,0,0,0,0,0,9,0,0,0,0,0,0,0,0,60,44,37,50,-52,87,-76,0,0,0,0,0,2,0,60,0,0,9148,0,-1,0,1,0,10,0,0,74208,96008,0,73949,0,0,0,0
2350,,0,0,[0|0|0],73350,0,0,0,1,1,1,0,1,0,0,9,0,0,0,0,0,0,0,0,60,42,36,0,-74,92,62,0,0,0,0,0,2,0,0,0,0,0,0,-1,0,1,0,10,0,0,74250,96050,0,73901,0,0,0,0
2351,,0,0,[0|0|0],73351,0,0,1,1,1,1,0,1,0,0,9,0,0,0,0,0,0,0,0,60,42,37,0,-66,159,44,0,0,0,0,0,2,0,0,0,0,0,0,-1,0,1,0,10,0,0,74251,96051,0,73902,0,0,0,0
2352,,0,0,[0|0|0],73352,0,0,0,0,0,0,1,1,0,0,9,0,0,0,0,0,0,0,0,60,42,38,0,-48,192,98.46,0,0,0,0,0,2,0,0,0,0,0,0,-1,0,1,0,10,0,0,74252,96052,0,73903,0,0,0,0
2356,,0,0,[0|0|0],73356,0,0,0,0,1,0,1,1,0,0,9,0,0,0,0,0,0,0,0,60,43,38,0,-86,188,32,0,0,0,0,0,2,0,0,0,0,0,0,-1,0,1,0,10,0,0,74253,96053,0,73904,0,0,0,0
2357,,0,0,[0|0|0],73357,0,0,1,0,1,0,1,1,0,0,9,0,0,0,0,0,0,0,0,60,44,36,0,-22,79,-72,0,0,0,0,0,2,0,0,0,0,0,0,-1,0,1,0,10,0,0,74254,96054,0,73905,0,0,0,0
2358,,0,0,[0|0|0],73358,0,0,0,1,1,0,1,1,0,0,9,0,0,0,0,0,0,0,0,60,44,37,0,-52,87,-76,0,0,0,0,0,2,0,0,0,0,0,0,-1,0,1,0,10,0,0,74255,96055,0,73906,0,0,0,0
2360,,0,0,[0|0|0],73360,0,0,0,0,0,1,1,1,0,0,9,0,0,0,0,0,0,0,0,60,44,39,0,-72,153,44,0,0,0,0,0,2,0,0,0,0,0,0,-1,0,1,0,10,0,0,74256,96056,0,73907,0,0,0,0
2362,,0,0,[0|0|0],73362,0,0,0,1,0,1,1,1,0,0,9,0,0,0,0,0,0,0,0,60,45,37,0,86,24,4,0,0,0,0,0,2,0,0,0,0,0,0,-1,0,1,0,10,0,0,74257,96057,0,73908,0,0,0,0
2364,,0,0,[0|0|0],73364,0,0,0,0,1,1,1,1,0,0,9,0,0,0,0,0,0,0,0,60,45,38,0,-86,58,81,0,0,0,0,0,2,0,0,0,0,0,0,-1,0,1,0,10,0,0,74258,96058,0,73909,0,0,0,0
2365,,0,0,[0|0|0],73365,0,0,1,0,1,1,1,1,0,0,9,0,0,0,0,0,0,0,0,60,44,39,0,22,132,44,0,0,0,0,0,2,0,0,0,0,0,0,-1,0,1,0,10,0,0,0,0,0,0,0,0,0,0
2500,,0,0,[0|0|0],73500,0,0,0,0,1,0,0,0,1,1,9,0,0,0,0,0,0,0,0,60,42,36,0,26,79,-4,0,0,0,0,0,2,0,0,0,0,0,0,-1,0,1,0,0,0,0,0,0,0,0,0,0,0,0
2502,,0,0,[0|0|0],73502,0,0,0,1,1,0,0,0,1,1,9,0,0,0,0,0,0,0,0,60,42,38,0,-54,191.93,21,0,0,0,0,0,2,0,0,0,0,0,0,-1,0,1,0,0,0,0,0,0,0,0,0,0,0,0
2503,,0,0,[0|0|0],73503,0,0,1,1,1,0,0,0,1,1,9,0,0,0,0,0,0,0,0,60,43,36,0,88,64.81,-29,0,0,0,0,0,2,0,0,0,0,0,0,-1,0,1,0,0,0,0,0,0,0,0,0,0,0,0
2504,,0,0,[0|0|0],73504,0,0,0,0,0,1,0,0,1,1,9,0,0,0,0,0,0,0,0,60,43,36,0,-75,64.81,88,0,0,0,0,0,2,0,0,0,0,0,0,-1,0,1,0,0,0,0,0,0,0,0,0,0,0,0
2505,,0,0,[0|0|0],73505,0,0,1,0,0,1,0,0,1,1,9,0,0,0,0,0,0,0,0,60,43,37,0,17,86.31,-58,0,0,0,0,0,2,0,0,0,0,0,0,-1,0,1,0,0,0,0,0,0,0,0,0,0,0,0
2506,,0,0,[0|0|0],73506,0,0,0,1,0,1,0,0,1,1,9,0,0,0,0,0,0,0,0,60,43,38,0,-84,131.22,-62,0,0,0,0,0,2,0,0,0,0,0,0,-1,0,1,0,0,0,0,0,0,0,0,0,0,0,0
2507,,0,0,[0|0|0],73507,0,0,1,1,0,1,0,0,1,1,9,0,0,0,0,0,0,0,0,60,44,37,0,-53,69.24,64,0,0,0,0,0,2,0,0,0,0,0,0,-1,0,1,0,0,0,0,0,0,0,0,0,0,0,0
2509,,0,0,[0|0|0],73509,0,0,1,0,1,1,0,0,1,1,9,0,0,0,0,0,0,0,0,60,44,39,0,-34,136.97,-22,0,0,0,0,0,2,0,0,0,0,0,0,-1,0,1,0,0,0,0,0,0,0,0,0,0,0,0
2510,,0,0,[0|0|0],73510,0,0,0,1,1,1,0,0,1,1,9,0,0,0,0,0,0,0,0,60,43,37,50,36.38,89.4,41.32,0,0,0,0,0,2,0,0,0,0,0,0,-1,0,1,0,0,0,0,0,0,0,0,0,0,0,0
2511,,0,0,[0|0|0],73511,0,0,1,1,1,1,0,0,1,1,9,0,0,0,0,0,0,0,0,60,45,39,0,64,103.7,41,0,0,0,0,0,2,0,0,0,0,0,0,-1,0,1,0,0,0,0,0,0,0,0,0,0,0,0
2512,,0,0,[0|0|0],73512,0,0,0,0,0,0,1,0,1,1,9,0,0,0,0,0,0,0,0,60,45,36,0,-86,28,89,0,0,0,0,0,2,0,0,0,0,0,0,-1,0,1,0,0,0,0,0,0,0,0,0,0,0,0
2513,,0,0,[0|0|0],73513,0,0,1,0,0,0,1,0,1,1,9,0,0,0,0,0,0,0,0,60,45,37,0,-90.47,20.61,96.33,0,0,0,0,0,2,0,0,0,0,0,0,-1,0,1,0,0,0,0,0,0,0,0,0,0,0,0
2514,,0,0,[0|0|0],73514,0,0,0,1,0,0,1,0,1,1,9,0,0,0,0,0,0,0,0,60,44,36,30,48.9,47,91.35,0,0,0,0,0,2,0,0,0,0,0,0,-1,0,1,0,0,0,0,0,0,0,0,0,0,0,0
2515,,0,0,[0|0|0],73515,0,0,1,1,0,0,1,0,1,1,9,0,0,0,0,0,0,0,0,60,45,37,30,-30.53,28.19,53.87,0,0,0,0,0,2,0,0,0,0,0,0,-1,0,1,0,0,0,0,0,0,0,0,0,0,0,0
2516,,0,0,[0|0|0],73516,0,0,0,0,1,0,1,0,1,1,9,0,0,0,0,0,0,0,0,60,43,38,10,-26.54,177.21,35.82,0,0,0,0,0,2,0,0,0,0,0,0,-1,0,1,0,0,0,0,0,0,0,0,0,0,0,0
2517,,0,0,[0|0|0],73517,0,0,1,0,1,0,1,0,1,1,9,0,0,0,0,0,0,0,0,60,43,39,20,88.99,108.531,96.707,0,0,0,0,0,2,0,0,0,0,0,0,-1,0,1,0,0,0,0,0,0,0,0,0,0,0,0
2518,,0,0,[0|0|0],73518,0,0,0,1,1,0,1,0,1,1,9,0,0,0,0,0,0,0,0,60,42,39,0,-54.12,204.3,61.66,0,0,0,0,0,2,0,0,0,0,0,0,-1,0,1,0,0,0,0,0,0,0,0,0,0,0,0
2519,,0,0,[0|0|0],73519,0,0,1,1,1,0,1,0,1,1,9,0,0,0,0,0,0,0,0,60,44,37,50,-53,69.24,64,0,0,0,0,0,2,0,0,0,0,0,0,-1,0,1,0,0,0,0,0,0,0,0,0,0,0,0
2520,,0,0,[0|0|0],73520,8078,0,0,0,0,1,1,0,1,1,9,0,0,0,0,0,0,0,0,60,42,36,0,26,79,-4,0,0,0,0,0,2,0,0,0,0,0,0,-1,0,1,0,1,0,0,0,0,0,0,0,0,0,0
2521,,0,0,[0|0|0],73521,8078,0,1,0,0,1,1,0,1,1,9,0,0,0,0,0,0,0,0,60,42,38,0,-54,191.93,21,0,0,0,0,0,2,0,0,0,0,0,0,-1,0,1,0,1,0,0,0,0,0,0,0,0,0,0
2522,,0,0,[0|0|0],73522,8078,0,0,1,0,1,1,0,1,1,9,0,0,0,0,0,0,0,0,60,43,36,0,88,64.81,-29,0,0,0,0,0,2,0,0,0,0,0,0,-1,0,1,0,1,0,0,0,0,0,0,0,0,0,0
2523,,0,0,[0|0|0],73523,8078,0,1,1,0,1,1,0,1,1,9,0,0,0,0,0,0,0,0,60,43,36,0,-75,64.81,88,0,0,0,0,0,2,0,0,0,0,0,0,-1,0,1,0,1,0,0,0,0,0,0,0,0,0,0
2524,,0,0,[0|0|0],73524,8078,0,0,0,1,1,1,0,1,1,9,0,0,0,0,0,0,0,0,60,43,37,0,17,86.31,-58,0,0,0,0,0,2,0,0,0,0,0,0,-1,0,1,0,1,0,0,0,0,0,0,0,0,0,0
2525,,0,0,[0|0|0],73525,8078,0,1,0,1,1,1,0,1,1,9,0,0,0,0,0,0,0,0,60,43,38,0,-84,131.22,-62,0,0,0,0,0,2,0,0,0,0,0,0,-1,0,1,0,1,0,0,0,0,0,0,0,0,0,0
2526,,0,0,[0|0|0],73526,8078,0,0,1,1,1,1,0,1,1,9,0,0,0,0,0,0,0,0,60,44,37,0,-53,69.24,64,0,0,0,0,0,2,0,0,0,0,0,0,-1,0,1,0,1,0,0,0,0,0,0,0,0,0,0
2527,,0,0,[0|0|0],73527,8078,0,1,1,1,1,1,0,1,1,9,0,0,0,0,0,0,0,0,60,44,39,0,-34,136.97,-22,0,0,0,0,0,2,0,0,0,0,0,0,-1,0,1,0,1,0,0,0,0,0,0,0,0,0,0
2528,,0,0,[0|0|0],73528,8078,0,0,0,0,0,0,1,1,1,9,0,0,0,0,0,0,0,0,60,45,39,0,64,103.7,41,0,0,0,0,0,2,0,0,0,0,0,0,-1,0,1,0,1,0,0,0,0,0,0,0,0,0,0
2529,,0,0,[0|0|0],73529,8078,0,1,0,0,0,0,1,1,1,9,0,0,0,0,0,0,0,0,60,45,36,0,-86,28,89,0,0,0,0,0,2,0,0,0,0,0,0,-1,0,1,0,1,0,0,0,0,0,0,0,0,0,0
2530,,0,0,[0|0|0],73530,8078,0,0,1,0,0,0,1,1,1,9,0,0,0,0,0,0,0,0,60,45,37,0,-90.47,20.61,96.33,0,0,0,0,0,2,0,0,0,0,0,0,-1,0,1,0,1,0,0,0,0,0,0,0,0,0,0
2531,,0,0,[0|0|0],73531,8078,0,1,1,0,0,0,1,1,1,9,0,0,0,0,0,0,0,0,60,44,36,30,48.9,47,91.35,0,0,0,0,0,2,0,0,0,0,0,0,-1,0,1,0,1,0,0,0,0,0,0,0,0,0,0
2532,,0,0,[0|0|0],73532,8078,0,0,0,1,0,0,1,1,1,9,0,0,0,0,0,0,0,0,60,45,37,30,-30.53,28.19,53.87,0,0,0,0,0,2,0,0,0,0,0,0,-1,0,1,0,1,0,0,0,0,0,0,0,0,0,0
2533,,0,0,[0|0|0],73533,8078,0,1,0,1,0,0,1,1,1,9,0,0,0,0,0,0,0,0,60,43,38,10,-26.54,177.21,35.82,0,0,0,0,0,2,0,0,0,0,0,0,-1,0,1,0,1,0,0,0,0,0,0,0,0,0,0
2534,,0,0,[0|0|0],73534,8078,0,0,1,1,0,0,1,1,1,9,0,0,0,0,0,0,0,0,60,43,39,20,88.99,108.531,96.707,0,0,0,0,0,2,0,0,0,0,0,0,-1,0,1,0,1,0,0,0,0,0,0,0,0,0,0
2535,,0,0,[0|0|0],73535,8078,0,1,1,1,0,0,1,1,1,9,0,0,0,0,0,0,0,0,60,44,37,50,-53,69.24,64,0,0,0,0,0,2,0,0,0,0,0,0,-1,0,1,0,1,0,0,0,0,0,0,0,0,0,0
2536,,0,0,[0|0|0],73536,8078,0,0,0,0,1,0,1,1,1,9,0,0,0,0,0,0,0,0,60,43,37,50,36.38,89.4,41.32,0,0,0,0,0,2,0,0,0,0,0,0,-1,0,1,0,1,0,0,0,0,0,0,0,0,0,0
2540,,0,0,[0|0|0],73540,0,0,0,0,1,1,0,1,1,1,9,0,0,0,0,0,0,0,0,60,42,36,0,26,79,-4,0,0,0,0,0,0,0,0,0,0,0,0,-1,0,1,0,1,0,0,0,0,0,0,0,0,0,0
2541,,0,0,[0|0|0],73541,0,0,1,0,1,1,0,1,1,1,9,0,0,0,0,0,0,0,0,60,42,38,0,-54,191.93,21,0,0,0,0,0,0,0,0,0,0,0,0,-1,0,1,0,1,0,0,0,0,0,0,0,0,0,0
2542,,0,0,[0|0|0],73542,0,0,0,1,1,1,0,1,1,1,9,0,0,0,0,0,0,0,0,60,43,36,0,88,64.81,-29,0,0,0,0,0,0,0,0,0,0,0,0,-1,0,1,0,1,0,0,0,0,0,0,0,0,0,0
2543,,0,0,[0|0|0],73543,0,0,1,1,1,1,0,1,1,1,9,0,0,0,0,0,0,0,0,60,43,36,0,-75,64.81,88,0,0,0,0,0,0,0,0,0,0,0,0,-1,0,1,0,1,0,0,0,0,0,0,0,0,0,0
2544,,0,0,[0|0|0],73544,0,0,0,0,0,0,1,1,1,1,9,0,0,0,0,0,0,0,0,60,43,37,0,17,86.31,-58,0,0,0,0,0,0,0,0,0,0,0,0,-1,0,1,0,1,0,0,0,0,0,0,0,0,0,0
2545,,0,0,[0|0|0],73545,0,0,1,0,0,0,1,1,1,1,9,0,0,0,0,0,0,0,0,60,43,38,0,-84,131.22,-62,0,0,0,0,0,0,0,0,0,0,0,0,-1,0,1,0,1,0,0,0,0,0,0,0,0,0,0
2546,,0,0,[0|0|0],73546,0,0,0,1,0,0,1,1,1,1,9,0,0,0,0,0,0,0,0,60,44,37,0,-53,69.24,64,0,0,0,0,0,0,0,0,0,0,0,0,-1,0,1,0,1,0,0,0,0,0,0,0,0,0,0
2547,,0,0,[0|0|0],73547,0,0,1,1,0,0,1,1,1,1,9,0,0,0,0,0,0,0,0,60,44,39,0,-34,136.97,-22,0,0,0,0,0,0,0,0,0,0,0,0,-1,0,1,0,1,0,0,0,0,0,0,0,0,0,0
2548,,0,0,[0|0|0],73548,0,0,0,0,1,0,1,1,1,1,9,0,0,0,0,0,0,0,0,60,45,39,0,64,103.7,41,0,0,0,0,0,0,0,0,0,0,0,0,-1,0,1,0,1,0,0,0,0,0,0,0,0,0,0
2549,,0,0,[0|0|0],73549,0,0,1,0,1,0,1,1,1,1,9,0,0,0,0,0,0,0,0,60,45,36,0,-86,28,89,0,0,0,0,0,0,0,0,0,0,0,0,-1,0,1,0,1,0,0,0,0,0,0,0,0,0,0
2550,,0,0,[0|0|0],73550,0,0,0,1,1,0,1,1,1,1,9,0,0,0,0,0,0,0,0,60,45,37,0,-90.47,20.61,96.33,0,0,0,0,0,0,0,0,0,0,0,0,-1,0,1,0,1,0,0,0,0,0,0,0,0,0,0
2551,,0,0,[0|0|0],73551,0,0,1,1,1,0,1,1,1,1,9,0,0,0,0,0,0,0,0,60,44,36,30,48.9,47,91.35,0,0,0,0,0,0,0,0,0,0,0,0,-1,0,1,0,1,0,0,0,0,0,0,0,0,0,0
2552,,0,0,[0|0|0],73552,0,0,0,0,0,1,1,1,1,1,9,0,0,0,0,0,0,0,0,60,45,37,30,-30.53,28.19,53.87,0,0,0,0,0,0,0,0,0,0,0,0,-1,0,1,0,1,0,0,0,0,0,0,0,0,0,0
2553,,0,0,[0|0|0],73553,0,0,1,0,0,1,1,1,1,1,9,0,0,0,0,0,0,0,0,60,43,38,10,-26.54,177.21,35.82,0,0,0,0,0,0,0,0,0,0,0,0,-1,0,1,0,1,0,0,0,0,0,0,0,0,0,0
2554,,0,0,[0|0|0],73554,0,0,0,1,0,1,1,1,1,1,9,0,0,0,0,0,0,0,0,60,43,39,20,88.99,108.531,96.707,0,0,0,0,0,0,0,0,0,0,0,0,-1,0,1,0,1,0,0,0,0,0,0,0,0,0,0
2555,,0,0,[0|0|0],73555,0,0,1,1,0,1,1,1,1,1,9,0,0,0,0,0,0,0,0,60,44,37,50,-53,69.24,64,0,0,0,0,0,0,0,0,0,0,0,0,-1,0,1,0,1,0,0,0,0,0,0,0,0,0,0
2556,,0,0,[0|0|0],73556,0,0,0,0,1,1,1,1,1,1,9,0,0,0,0,0,0,0,0,60,43,37,50,-53,69.24,64,0,0,0,0,0,0,0,0,0,0,0,0,-1,0,1,0,1,0,0,0,0,0,0,0,0,0,0
2560,,0,0,[0|0|0],73560,0,0,0,0,0,0,0,0,0,0,10,0,0,0,0,0,0,0,0,60,42,36,0,26,79,-4,0,0,0,0,0,2,0,0,51,0,0,73560,-1,0,1,0,1,0,0,0,0,0,0,0,0,0,0
2561,,0,0,[0|0|0],73561,0,0,1,0,0,0,0,0,0,0,10,0,0,0,0,0,0,0,0,60,42,38,0,-54,191.93,21,0,0,0,0,0,2,0,0,51,0,0,73561,-1,0,1,0,1,0,0,0,0,0,0,0,0,0,0
2562,,0,0,[0|0|0],73562,0,0,0,1,0,0,0,0,0,0,10,0,0,0,0,0,0,0,0,60,43,36,0,88,64.81,-29,0,0,0,0,0,2,0,0,51,0,0,73562,-1,0,1,0,1,0,0,0,0,0,0,0,0,0,0
2563,,0,0,[0|0|0],73563,0,0,1,1,0,0,0,0,0,0,10,0,0,0,0,0,0,0,0,60,43,36,0,-75,64.81,88,0,0,0,0,0,2,0,0,51,0,0,73563,-1,0,1,0,1,0,0,0,0,0,0,0,0,0,0
2564,,0,0,[0|0|0],73564,0,0,0,0,1,0,0,0,0,0,10,0,0,0,0,0,0,0,0,60,43,37,0,17,86.31,-58,0,0,0,0,0,2,0,0,51,0,0,73564,-1,0,1,0,1,0,0,0,0,0,0,0,0,0,0
2565,,0,0,[0|0|0],73565,0,0,1,0,1,0,0,0,0,0,10,0,0,0,0,0,0,0,0,60,43,38,0,-84,131.22,-62,0,0,0,0,0,2,0,0,51,0,0,73565,-1,0,1,0,1,0,0,0,0,0,0,0,0,0,0
2566,,0,0,[0|0|0],73566,0,0,0,1,1,0,0,0,0,0,10,0,0,0,0,0,0,0,0,60,44,37,0,-53,69.24,64,0,0,0,0,0,2,0,0,51,0,0,73566,-1,0,1,0,1,0,0,0,0,0,0,0,0,0,0
2567,,0,0,[0|0|0],73567,0,0,1,1,1,0,0,0,0,0,10,0,0,0,0,0,0,0,0,60,44,39,0,-34,136.97,-22,0,0,0,0,0,2,0,0,51,0,0,73567,-1,0,1,0,1,0,0,0,0,0,0,0,0,0,0
2568,,0,0,[0|0|0],73568,0,0,0,0,0,1,0,0,0,0,10,0,0,0,0,0,0,0,0,60,45,39,0,64,103.7,41,0,0,0,0,0,2,0,0,51,0,0,73568,-1,0,1,0,1,0,0,0,0,0,0,0,0,0,0
2569,,0,0,[0|0|0],73569,0,0,1,0,0,1,0,0,0,0,10,0,0,0,0,0,0,0,0,60,45,36,0,-86,28,89,0,0,0,0,0,2,0,0,51,0,0,73569,-1,0,1,0,1,0,0,0,0,0,0,0,0,0,0
2570,,0,0,[0|0|0],73570,0,0,0,1,0,1,0,0,0,0,10,0,0,0,0,0,0,0,0,60,45,37,0,-90.47,20.61,96.33,0,0,0,0,0,2,0,0,51,0,0,73570,-1,0,1,0,1,0,0,0,0,0,0,0,0,0,0
2571,,0,0,[0|0|0],73571,0,0,1,1,0,1,0,0,0,0,10,0,0,0,0,0,0,0,0,60,44,36,30,48.9,47,91.35,0,0,0,0,0,2,0,0,51,0,0,73571,-1,0,1,0,1,0,0,0,0,0,0,0,0,0,0
2572,,0,0,[0|0|0],73572,0,0,0,0,1,1,0,0,0,0,10,0,0,0,0,0,0,0,0,60,45,37,30,-30.53,28.19,53.87,0,0,0,0,0,2,0,0,51,0,0,73572,-1,0,1,0,1,0,0,0,0,0,0,0,0,0,0
2573,,0,0,[0|0|0],73573,0,0,1,0,1,1,0,0,0,0,10,0,0,0,0,0,0,0,0,60,43,38,10,-26.54,177.21,35.82,0,0,0,0,0,2,0,0,51,0,0,73573,-1,0,1,0,1,0,0,0,0,0,0,0,0,0,0
2574,,0,0,[0|0|0],73574,0,0,0,1,1,1,0,0,0,0,10,0,0,0,0,0,0,0,0,60,43,39,20,88.99,108.531,96.707,0,0,0,0,0,2,0,0,51,0,0,73574,-1,0,1,0,1,0,0,0,0,0,0,0,0,0,0
2575,,0,0,[0|0|0],73575,0,0,1,1,1,1,0,0,0,0,10,0,0,0,0,0,0,0,0,60,44,38,0,2,85,-13,0,0,0,0,0,2,0,0,51,0,0,73575,-1,0,1,0,1,0,0,0,0,0,0,0,0,0,0
2576,,0,0,[0|0|0],73576,0,0,0,0,0,0,1,0,0,0,10,0,0,0,0,0,0,0,0,60,44,37,50,-53,69.24,64,0,0,0,0,0,2,0,0,51,0,0,73576,-1,0,1,0,1,0,0,0,0,0,0,0,0,0,0
2577,,0,0,[0|0|0],73577,0,0,1,0,0,0,1,0,0,0,10,0,0,0,0,0,0,0,0,60,43,37,50,36.38,89.4,41.32,0,0,0,0,0,2,0,0,51,0,0,73577,-1,0,1,0,1,0,0,0,0,0,0,0,0,0,0
2580,,0,0,[0|0|0],73580,0,8062,0,0,1,0,1,0,0,0,10,0,0,0,0,0,0,0,0,60,42,36,0,26,79,-4,0,0,0,0,0,2,0,0,51,0,0,74580,-1,0,1,0,1,0,0,0,0,0,0,0,0,0,0
2581,,0,0,[0|0|0],73581,0,8062,1,0,1,0,1,0,0,0,10,0,0,0,0,0,0,0,0,60,42,38,0,-54,191.93,21,0,0,0,0,0,2,0,0,51,0,0,74581,-1,0,1,0,1,0,0,0,0,0,0,0,0,0,0
2582,,0,0,[0|0|0],73582,0,8062,0,1,1,0,1,0,0,0,10,0,0,0,0,0,0,0,0,60,43,36,0,88,64.81,-29,0,0,0,0,0,2,0,0,51,0,0,74582,-1,0,1,0,1,0,0,0,0,0,0,0,0,0,0
2583,,0,0,[0|0|0],73583,0,8062,1,1,1,0,1,0,0,0,10,0,0,0,0,0,0,0,0,60,43,36,0,-75,64.81,88,0,0,0,0,0,2,0,0,51,0,0,74583,-1,0,1,0,1,0,0,0,0,0,0,0,0,0,0
2584,,0,0,[0|0|0],73584,0,8062,0,0,0,1,1,0,0,0,10,0,0,0,0,0,0,0,0,60,43,37,0,17,86.31,-58,0,0,0,0,0,2,0,0,51,0,0,74584,-1,0,1,0,1,0,0,0,0,0,0,0,0,0,0
2585,,0,0,[0|0|0],73585,0,8062,1,0,0,1,1,0,0,0,10,0,0,0,0,0,0,0,0,60,43,38,0,-84,131.22,-62,0,0,0,0,0,2,0,0,51,0,0,74585,-1,0,1,0,1,0,0,0,0,0,0,0,0,0,0
2586,,0,0,[0|0|0],73586,0,8062,0,1,0,1,1,0,0,0,10,0,0,0,0,0,0,0,0,60,44,37,0,-53,69.24,64,0,0,0,0,0,2,0,0,51,0,0,74586,-1,0,1,0,1,0,0,0,0,0,0,0,0,0,0
2587,,0,0,[0|0|0],73587,0,8062,1,1,0,1,1,0,0,0,10,0,0,0,0,0,0,0,0,60,44,39,0,-34,136.97,-22,0,0,0,0,0,2,0,0,51,0,0,74587,-1,0,1,0,1,0,0,0,0,0,0,0,0,0,0
2588,,0,0,[0|0|0],73588,0,8062,0,0,1,1,1,0,0,0,10,0,0,0,0,0,0,0,0,60,45,39,0,64,103.7,41,0,0,0,0,0,2,0,0,51,0,0,74588,-1,0,1,0,1,0,0,0,0,0,0,0,0,0,0
2589,,0,0,[0|0|0],73589,0,8062,1,0,1,1,1,0,0,0,10,0,0,0,0,0,0,0,0,60,45,36,0,-86,28,89,0,0,0,0,0,2,0,0,51,0,0,74589,-1,0,1,0,1,0,0,0,0,0,0,0,0,0,0
2590,,0,0,[0|0|0],73590,0,8062,0,1,1,1,1,0,0,0,10,0,0,0,0,0,0,0,0,60,45,37,0,-90.47,20.61,96.33,0,0,0,0,0,2,0,0,51,0,0,74590,-1,0,1,0,1,0,0,0,0,0,0,0,0,0,0
2591,,0,0,[0|0|0],73591,0,8062,1,1,1,1,1,0,0,0,10,0,0,0,0,0,0,0,0,60,44,36,30,48.9,47,91.35,0,0,0,0,0,2,0,0,51,0,0,74591,-1,0,1,0,1,0,0,0,0,0,0,0,0,0,0
2592,,0,0,[0|0|0],73592,0,8062,0,0,0,0,0,1,0,0,10,0,0,0,0,0,0,0,0,60,45,37,30,-30.53,28.19,53.87,0,0,0,0,0,2,0,0,51,0,0,74592,-1,0,1,0,1,0,0,0,0,0,0,0,0,0,0
2593,,0,0,[0|0|0],73593,0,8062,1,0,0,0,0,1,0,0,10,0,0,0,0,0,0,0,0,60,43,38,10,-26.54,177.21,35.82,0,0,0,0,0,2,0,0,51,0,0,74593,-1,0,1,0,1,0,0,0,0,0,0,0,0,0,0
2594,,0,0,[0|0|0],73594,0,8062,0,1,0,0,0,1,0,0,10,0,0,0,0,0,0,0,0,60,43,39,20,88.99,108.531,96.707,0,0,0,0,0,2,0,0,51,0,0,74594,-1,0,1,0,1,0,0,0,0,0,0,0,0,0,0
2595,,0,0,[0|0|0],73595,0,8062,1,1,0,0,0,1,0,0,10,0,0,0,0,0,0,0,0,60,44,37,50,-53,69.24,64,0,0,0,0,0,2,0,0,51,0,0,74595,-1,0,1,0,1,0,0,0,0,0,0,0,0,0,0
2596,,0,0,[0|0|0],73596,0,8062,0,0,1,0,0,1,0,0,10,0,0,0,0,0,0,0,0,60,43,37,50,36.38,89.4,41.32,0,0,0,0,0,2,0,0,51,0,0,74596,-1,0,1,0,1,0,0,0,0,0,0,0,0,0,0
2601,,0,0,[0|0|0],73601,0,0,1,0,0,1,0,1,0,0,10,0,0,0,0,0,0,0,0,60,42,39,0,-125.4,222.28,-102.97,0,0,0,0,0,2,1,0,0,74601,0,0,-1,0,1,0,10,0,0,74240,74230,0,0,0,0,0,0
2602,,0,0,[0|0|0],73602,0,0,0,1,0,1,0,1,0,0,10,0,0,0,0,0,0,0,0,60,43,37,0,-107.35,64.06,-74.35,0,0,0,0,0,2,1,0,0,74602,0,0,-1,0,1,0,10,0,0,74241,74231,0,0,0,0,0,0
2603,,0,0,[0|0|0],73603,0,0,1,1,0,1,0,1,0,0,10,0,0,0,0,0,0,0,0,60,43,38,0,44.37,137.33,53.18,0,0,0,0,0,2,1,0,0,74603,0,0,-1,0,1,0,10,0,0,74242,74232,0,0,0,0,0,0
2604,,0,0,[0|0|0],73604,0,0,0,0,1,1,0,1,0,0,10,0,0,0,0,0,0,0,0,60,43,39,0,99.79,101.23,82.09,0,0,0,0,0,2,1,0,0,74604,0,0,-1,0,1,0,10,0,0,74243,74233,0,0,0,0,0,0
2605,,0,0,[0|0|0],73605,0,0,1,0,1,1,0,1,0,0,10,0,0,0,0,0,0,0,0,60,44,36,0,57.3,90.31,-26.55,0,0,0,0,0,2,1,0,0,74605,0,0,-1,0,1,0,10,0,0,74244,74234,0,0,0,0,0,0
2606,,0,0,[0|0|0],73606,0,0,0,1,1,1,0,1,0,0,10,0,0,0,0,0,0,0,0,60,44,38,0,73.22,84.52,82.15,0,0,0,0,0,2,1,0,0,74606,0,0,-1,0,1,0,10,0,0,74245,74235,0,0,0,0,0,0
2607,,0,0,[0|0|0],73607,0,0,1,1,1,1,0,1,0,0,10,0,0,0,0,0,0,0,0,60,45,38,0,61.87,17.62,-109.62,0,0,0,0,0,2,1,0,0,74607,0,0,-1,0,1,0,10,0,0,74246,74236,0,0,0,0,0,0
2615,,0,0,[0|0|0],73615,0,0,1,1,1,0,1,1,0,0,10,0,0,0,0,0,0,0,0,60,42,36,0,111.35,64.99,-13.79,0,0,0,0,0,2,0,0,51,0,0,73615,-1,0,1,0,1,0,0,0,0,0,0,0,0,0,0
2616,,0,0,[0|0|0],73616,0,0,0,0,0,1,1,1,0,0,10,0,0,0,0,0,0,0,0,60,42,36,0,-42.39,92.36,68.68,0,0,0,0,0,2,0,0,51,0,0,73616,-1,0,1,0,1,0,0,0,0,0,0,0,0,0,0
2617,,0,0,[0|0|0],73617,0,0,1,0,0,1,1,1,0,0,10,0,0,0,0,0,0,0,0,60,42,36,0,62.49,77.46,-106.94,0,0,0,0,0,2,0,0,51,0,0,73617,-1,0,1,0,1,0,0,0,0,0,0,0,0,0,0
2618,,0,0,[0|0|0],73618,0,0,0,1,0,1,1,1,0,0,10,0,0,0,0,0,0,0,0,60,42,37,0,-107.05,168.32,108.15,0,0,0,0,0,2,0,0,51,0,0,73618,-1,0,1,0,1,0,0,0,0,0,0,0,0,0,0
2619,,0,0,[0|0|0],73619,0,0,1,1,0,1,1,1,0,0,10,0,0,0,0,0,0,0,0,60,42,37,0,21.34,106.29,46.81,0,0,0,0,0,2,0,0,51,0,0,73619,-1,0,1,0,1,0,0,0,0,0,0,0,0,0,0
2620,,0,0,[0|0|0],73620,0,0,0,0,1,1,1,1,0,0,10,0,0,0,0,0,0,0,0,60,42,37,0,-22.38,106.2,-37.82,0,0,0,0,0,2,0,0,51,0,0,73620,-1,0,1,0,1,0,0,0,0,0,0,0,0,0,0
2621,,0,0,[0|0|0],73621,0,0,1,0,1,1,1,1,0,0,10,0,0,0,0,0,0,0,0,60,42,38,0,-68.29,175.87,-61.24,0,0,0,0,0,2,0,0,51,0,0,73621,-1,0,1,0,1,0,0,0,0,0,0,0,0,0,0
2622,,0,0,[0|0|0],73622,0,0,0,1,1,1,1,1,0,0,10,0,0,0,0,0,0,0,0,60,42,38,0,-84.22,197.85,115.12,0,0,0,0,0,2,0,0,51,0,0,73622,-1,0,1,0,1,0,0,0,0,0,0,0,0,0,0
2623,,0,0,[0|0|0],73623,0,0,1,1,1,1,1,1,0,0,10,0,0,0,0,0,0,0,0,60,42,38,0,34.33,151.63,36.93,0,0,0,0,0,2,0,0,51,0,0,73623,-1,0,1,0,1,0,0,0,0,0,0,0,0,0,0
2624,,0,0,[0|0|0],73624,0,0,0,0,0,0,0,0,1,0,10,0,0,0,0,0,0,0,0,60,42,39,0,38.17,206.62,59.14,0,0,0,0,0,2,0,0,51,0,0,73624,-1,0,1,0,1,0,0,0,0,0,0,0,0,0,0
2625,,0,0,[0|0|0],73625,0,0,1,0,0,0,0,0,1,0,10,0,0,0,0,0,0,0,0,60,42,39,0,57.26,206.91,16.37,0,0,0,0,0,2,0,0,51,0,0,73625,-1,0,1,0,1,0,0,0,0,0,0,0,0,0,0
2626,,0,0,[0|0|0],73626,0,0,0,1,0,0,0,0,1,0,10,0,0,0,0,0,0,0,0,60,42,39,0,81.27,189.24,-92.36,0,0,0,0,0,2,0,0,51,0,0,73626,-1,0,1,0,1,0,0,0,0,0,0,0,0,0,0
2627,,0,0,[0|0|0],73627,0,0,1,1,0,0,0,0,1,0,10,0,0,0,0,0,0,0,0,60,43,36,0,0.74,64.77,29.3,0,0,0,0,0,2,0,0,51,0,0,73627,-1,0,1,0,1,0,0,0,0,0,0,0,0,0,0
2628,,0,0,[0|0|0],73628,0,0,0,0,1,0,0,0,1,0,10,0,0,0,0,0,0,0,0,60,43,36,0,113.45,64.81,57.68,0,0,0,0,0,2,0,0,51,0,0,73628,-1,0,1,0,1,0,0,0,0,0,0,0,0,0,0
2629,,0,0,[0|0|0],73629,0,0,1,0,1,0,0,0,1,0,10,0,0,0,0,0,0,0,0,60,43,36,0,59.18,66.28,-109.54,0,0,0,0,0,2,0,0,51,0,0,73629,-1,0,1,0,1,0,0,0,0,0,0,0,0,0,0
2630,,0,0,[0|0|0],73630,0,0,0,1,1,0,0,0,1,0,10,0,0,0,0,0,0,0,0,60,43,37,0,119.14,89.27,-94.37,0,0,0,0,0,2,0,0,51,0,0,73630,-1,0,1,0,1,0,0,0,0,0,0,0,0,0,0
2631,,0,0,[0|0|0],73631,0,0,1,1,1,0,0,0,1,0,10,0,0,0,0,0,0,0,0,60,43,37,0,-70.46,85.05,-11.13,0,0,0,0,0,2,0,0,51,0,0,73631,-1,0,1,0,1,0,0,0,0,0,0,0,0,0,0
2632,,0,0,[0|0|0],73632,0,0,0,0,0,1,0,0,1,0,10,0,0,0,0,0,0,0,0,60,43,37,0,-88.09,100.38,104.64,0,0,0,0,0,2,0,0,51,0,0,73632,-1,0,1,0,1,0,0,0,0,0,0,0,0,0,0
2633,,0,0,[0|0|0],73633,0,0,1,0,0,1,0,0,1,0,10,0,0,0,0,0,0,0,0,60,43,38,0,100.74,99.04,13.1,0,0,0,0,0,2,0,0,51,0,0,73633,-1,0,1,0,1,0,0,0,0,0,0,0,0,0,0
2634,,0,0,[0|0|0],73634,0,0,0,1,0,1,0,0,1,0,10,0,0,0,0,0,0,0,0,60,43,38,0,54.99,97.33,-94.64,0,0,0,0,0,2,0,0,51,0,0,73634,-1,0,1,0,1,0,0,0,0,0,0,0,0,0,0
2635,,0,0,[0|0|0],73635,0,0,1,1,0,1,0,0,1,0,10,0,0,0,0,0,0,0,0,60,43,38,0,-82.2,189.85,88.58,0,0,0,0,0,2,0,0,51,0,0,73635,-1,0,1,0,1,0,0,0,0,0,0,0,0,0,0
2636,,0,0,[0|0|0],73636,0,0,0,0,1,1,0,0,1,0,10,0,0,0,0,0,0,0,0,60,43,39,0,-110.69,219.68,109.7,0,0,0,0,0,2,0,0,51,0,0,73636,-1,0,1,0,1,0,0,0,0,0,0,0,0,0,0
2637,,0,0,[0|0|0],73637,0,0,1,0,1,1,0,0,1,0,10,0,0,0,0,0,0,0,0,60,43,39,0,-127.64,189.3,-127.74,0,0,0,0,0,2,0,0,51,0,0,73637,-1,0,1,0,1,0,0,0,0,0,0,0,0,0,0
2638,,0,0,[0|0|0],73638,0,0,0,1,1,1,0,0,1,0,10,0,0,0,0,0,0,0,0,60,43,39,0,86.78,100.98,3.42,0,0,0,0,0,2,0,0,51,0,0,73638,-1,0,1,0,1,0,0,0,0,0,0,0,0,0,0
2639,,0,0,[0|0|0],73639,0,0,1,1,1,1,0,0,1,0,10,0,0,0,0,0,0,0,0,60,44,36,0,15.38,97.96,3.6,0,0,0,0,0,2,0,0,51,0,0,73639,-1,0,1,0,1,0,0,0,0,0,0,0,0,0,0
2640,,0,0,[0|0|0],73640,0,0,0,0,0,0,1,0,1,0,10,0,0,0,0,0,0,0,0,60,44,36,0,-57.72,85.86,88.02,0,0,0,0,0,2,0,0,51,0,0,73640,-1,0,1,0,1,0,0,0,0,0,0,0,0,0,0
2641,,0,0,[0|0|0],73641,0,0,1,0,0,0,1,0,1,0,10,0,0,0,0,0,0,0,0,60,44,36,0,-46.97,77.78,-120.19,0,0,0,0,0,2,0,0,51,0,0,73641,-1,0,1,0,1,0,0,0,0,0,0,0,0,0,0
2642,,0,0,[0|0|0],73642,0,0,0,1,0,0,1,0,1,0,10,0,0,0,0,0,0,0,0,60,44,37,0,-82.64,80.52,-14.15,0,0,0,0,0,2,0,0,51,0,0,73642,-1,0,1,0,1,0,0,0,0,0,0,0,0,0,0
2643,,0,0,[0|0|0],73643,0,0,1,1,0,0,1,0,1,0,10,0,0,0,0,0,0,0,0,60,44,37,0,12.25,54.97,39.28,0,0,0,0,0,2,0,0,51,0,0,73643,-1,0,1,0,1,0,0,0,0,0,0,0,0,0,0
2644,,0,0,[0|0|0],73644,0,0,0,0,1,0,1,0,1,0,10,0,0,0,0,0,0,0,0,60,44,37,0,87.25,32.84,103.81,0,0,0,0,0,2,0,0,51,0,0,73644,-1,0,1,0,1,0,0,0,0,0,0,0,0,0,0
2645,,0,0,[0|0|0],73645,0,0,1,0,1,0,1,0,1,0,10,0,0,0,0,0,0,0,0,60,44,38,0,-101.01,64.81,-15.03,0,0,0,0,0,2,0,0,51,0,0,73645,-1,0,1,0,1,0,0,0,0,0,0,0,0,0,0
2646,,0,0,[0|0|0],73646,0,0,0,1,1,0,1,0,1,0,10,0,0,0,0,0,0,0,0,60,44,38,0,-58.99,81.97,-109.43,0,0,0,0,0,2,0,0,51,0,0,73646,-1,0,1,0,1,0,0,0,0,0,0,0,0,0,0
2647,,0,0,[0|0|0],73647,0,0,1,1,1,0,1,0,1,0,10,0,0,0,0,0,0,0,0,60,44,38,0,13.31,121.12,107.03,0,0,0,0,0,2,0,0,51,0,0,73647,-1,0,1,0,1,0,0,0,0,0,0,0,0,0,0
2648,,0,0,[0|0|0],73648,0,0,0,0,0,1,1,0,1,0,10,0,0,0,0,0,0,0,0,60,44,39,0,-85.49,141.04,-98.42,0,0,0,0,0,2,0,0,51,0,0,73648,-1,0,1,0,1,0,0,0,0,0,0,0,0,0,0
2649,,0,0,[0|0|0],73649,0,0,1,0,0,1,1,0,1,0,10,0,0,0,0,0,0,0,0,60,44,39,0,85.68,115.62,19.94,0,0,0,0,0,2,0,0,51,0,0,73649,-1,0,1,0,1,0,0,0,0,0,0,0,0,0,0
2650,,0,0,[0|0|0],73650,0,0,0,1,0,1,1,0,1,0,10,0,0,0,0,0,0,0,0,60,44,39,0,30.98,140.97,81.92,0,0,0,0,0,2,0,0,51,0,0,73650,-1,0,1,0,1,0,0,0,0,0,0,0,0,0,0
2651,,0,0,[0|0|0],73651,0,0,1,1,0,1,1,0,1,0,10,0,0,0,0,0,0,0,0,60,45,36,0,90.27,31.64,113,0,0,0,0,0,2,0,0,51,0,0,73651,-1,0,1,0,1,0,0,0,0,0,0,0,0,0,0
2652,,0,0,[0|0|0],73652,0,0,0,0,1,1,1,0,1,0,10,0,0,0,0,0,0,0,0,60,45,36,0,-2.33,1.09,-68.37,0,0,0,0,0,2,0,0,51,0,0,73652,-1,0,1,0,1,0,0,0,0,0,0,0,0,0,0
2653,,0,0,[0|0|0],73653,0,0,1,0,1,1,1,0,1,0,10,0,0,0,0,0,0,0,0,60,45,36,0,-113.75,31.4,0.7,0,0,0,0,0,2,0,0,51,0,0,73653,-1,0,1,0,1,0,0,0,0,0,0,0,0,0,0
2654,,0,0,[0|0|0],73654,0,0,0,1,1,1,1,0,1,0,10,0,0,0,0,0,0,0,0,60,45,37,0,-82.28,21.47,-49.75,0,0,0,0,0,2,0,0,51,0,0,73654,-1,0,1,0,1,0,0,0,0,0,0,0,0,0,0
2655,,0,0,[0|0|0],73655,0,0,1,1,1,1,1,0,1,0,10,0,0,0,0,0,0,0,0,60,45,37,0,92.67,25.33,44.27,0,0,0,0,0,2,0,0,51,0,0,73655,-1,0,1,0,1,0,0,0,0,0,0,0,0,0,0
2656,,0,0,[0|0|0],73656,0,0,0,0,0,0,0,1,1,0,10,0,0,0,0,0,0,0,0,60,45,37,0,51.3,19.18,90.3,0,0,0,0,0,2,0,0,51,0,0,73656,-1,0,1,0,1,0,0,0,0,0,0,0,0,0,0
2657,,0,0,[0|0|0],73657,0,0,1,0,0,0,0,1,1,0,10,0,0,0,0,0,0,0,0,60,45,38,0,-45.8,60.28,99.06,0,0,0,0,0,2,0,0,51,0,0,73657,-1,0,1,0,1,0,0,0,0,0,0,0,0,0,0
2658,,0,0,[0|0|0],73658,0,0,0,1,0,0,0,1,1,0,10,0,0,0,0,0,0,0,0,60,45,38,0,112.6,14.06,48.65,0,0,0,0,0,2,0,0,51,0,0,73658,-1,0,1,0,1,0,0,0,0,0,0,0,0,0,0
2659,,0,0,[0|0|0],73659,0,0,1,1,0,0,0,1,1,0,10,0,0,0,0,0,0,0,0,60,45,38,0,-40.69,27.37,-74.63,0,0,0,0,0,2,0,0,51,0,0,73659,-1,0,1,0,1,0,0,0,0,0,0,0,0,0,0
2660,,0,0,[0|0|0],73660,0,0,0,0,1,0,0,1,1,0,10,0,0,0,0,0,0,0,0,60,45,39,0,-89.46,106.3,-21.93,0,0,0,0,0,2,0,0,51,0,0,73660,-1,0,1,0,1,0,0,0,0,0,0,0,0,0,0
2661,,0,0,[0|0|0],73661,0,0,1,0,1,0,0,1,1,0,10,0,0,0,0,0,0,0,0,60,45,39,0,1.06,90.2,-42.01,0,0,0,0,0,2,0,0,51,0,0,73661,-1,0,1,0,1,0,0,0,0,0,0,0,0,0,0
2662,,0,0,[0|0|0],73662,0,0,0,1,1,0,0,1,1,0,10,0,0,0,0,0,0,0,0,60,45,39,0,-104.67,118.05,107.68,0,0,0,0,0,2,0,0,51,0,0,73662,-1,0,1,0,1,0,0,0,0,0,0,0,0,0,0
2700,,0,0,[0|0|0],73700,0,0,0,0,1,1,0,0,0,1,10,0,0,0,0,0,0,0,0,60,42,36,0,57.51,95.49,75.78,0,0,0,0,0,2,0,0,0,0,0,0,-1,0,1,0,10,0,0,0,0,0,0,0,0,0,0
2701,,0,0,[0|0|0],73701,0,0,1,0,1,1,0,0,0,1,10,0,0,0,0,0,0,0,0,60,42,39,0,80.95,211.87,-34.22,0,0,0,0,0,2,0,0,0,0,0,0,-1,0,1,0,10,0,0,0,0,0,0,0,0,0,0
2702,,0,0,[0|0|0],73702,0,0,0,1,1,1,0,0,0,1,10,0,0,0,0,0,0,0,0,60,43,37,0,-46.9,77.54,-108.74,0,0,0,0,0,2,0,0,0,0,0,0,-1,0,1,0,10,0,0,0,0,0,0,0,0,0,0
2703,,0,0,[0|0|0],73703,0,0,1,1,1,1,0,0,0,1,10,0,0,0,0,0,0,0,0,60,43,38,0,-5.19,125.07,-17.44,0,0,0,0,0,2,0,0,0,0,0,0,-1,0,1,0,10,0,0,0,0,0,0,0,0,0,0
2704,,0,0,[0|0|0],73704,0,0,0,0,0,0,1,0,0,1,10,0,0,0,0,0,0,0,0,60,44,36,0,-64.96,72.74,-3.8,0,0,0,0,0,2,0,0,0,0,0,0,-1,0,1,0,10,0,0,0,0,0,0,0,0,0,0
2705,,0,0,[0|0|0],73705,0,0,1,0,0,0,1,0,0,1,10,0,0,0,0,0,0,0,0,60,44,36,0,100.92,81.4,-0.03,0,0,0,0,0,2,0,0,0,0,0,0,-1,0,1,0,10,0,0,0,0,0,0,0,0,0,0
2706,,0,0,[0|0|0],73706,0,0,0,1,0,0,1,0,0,1,10,0,0,0,0,0,0,0,0,60,44,37,0,-68.03,74.66,94.38,0,0,0,0,0,2,0,0,0,0,0,0,-1,0,1,0,10,0,0,0,0,0,0,0,0,0,0
2707,,0,0,[0|0|0],73707,0,0,1,1,0,0,1,0,0,1,10,0,0,0,0,0,0,0,0,60,44,39,0,-119.68,158.85,27.72,0,0,0,0,0,2,0,0,0,0,0,0,-1,0,1,0,10,0,0,0,0,0,0,0,0,0,0
2708,,0,0,[0|0|0],0,0,0,0,0,1,0,1,0,0,1,10,0,0,21,0,0,0,0,0,60,43,37,50,85.86,90.27,129.56,0,0,0,0,0,2,0,0,0,0,0,0,-1,0,1,0,10,0,0,0,0,0,0,0,0,0,0
2709,,0,0,[0|0|0],0,0,0,1,0,1,0,1,0,0,1,10,0,0,21,0,0,0,0,0,60,42,37,50,169.64,107.84,-16.46,0,0,0,0,0,2,0,0,0,0,0,0,-1,0,1,0,10,0,0,0,0,0,0,0,0,0,0
2710,,0,0,[0|0|0],73710,0,0,0,1,1,0,1,0,0,1,10,0,0,0,0,0,0,0,0,60,42,36,0,56.585,95.082,71.43,0,0,0,0,0,2,0,60,0,0,9271,0,-1,0,1,0,1,0,0,0,0,0,0,0,0,0,0
2711,,0,0,[0|0|0],73711,0,0,1,1,1,0,1,0,0,1,10,0,0,0,0,0,0,0,0,60,42,39,0,49.952,205.115,-44.263,0,0,0,0,0,2,0,60,0,0,9272,0,-1,0,1,0,1,0,0,0,0,0,0,0,0,0,0
2712,,0,0,[0|0|0],73712,0,0,0,0,0,1,1,0,0,1,10,0,0,0,0,0,0,0,0,60,43,37,0,-50.232,77.275,-111.543,0,0,0,0,0,2,0,60,0,0,9273,0,-1,0,1,0,1,0,0,0,0,0,0,0,0,0,0
2713,,0,0,[0|0|0],73713,0,0,1,0,0,1,1,0,0,1,10,0,0,0,0,0,0,0,0,60,43,38,0,-8.949,124.893,-23.482,0,0,0,0,0,2,0,60,0,0,9274,0,-1,0,1,0,1,0,0,0,0,0,0,0,0,0,0
2714,,0,0,[0|0|0],73714,0,0,0,1,0,1,1,0,0,1,10,0,0,0,0,0,0,0,0,60,44,36,0,103.027,82.098,-6.618,0,0,0,0,0,2,0,60,0,0,9275,0,-1,0,1,0,1,0,0,0,0,0,0,0,0,0,0
2715,,0,0,[0|0|0],73715,0,0,1,1,0,1,1,0,0,1,10,0,0,0,0,0,0,0,0,60,44,36,0,-65.831,70.654,-26.795,0,0,0,0,0,2,0,60,0,0,9276,0,-1,0,1,0,1,0,0,0,0,0,0,0,0,0,0
2716,,0,0,[0|0|0],73716,0,0,0,0,1,1,1,0,0,1,10,0,0,0,0,0,0,0,0,60,44,37,0,-100.08,82.22,-3.66,0,0,0,0,0,2,0,60,0,0,9277,0,-1,0,1,0,1,0,0,0,0,0,0,0,0,0,0
2717,,0,0,[0|0|0],73717,0,0,1,0,1,1,1,0,0,1,10,0,0,0,0,0,0,0,0,60,44,39,0,-120,-159.081,32.965,0,0,0,0,0,2,0,60,0,0,9278,0,-1,0,1,0,1,0,0,0,0,0,0,0,0,0,0
2718,,0,0,[0|0|0],73718,0,0,0,1,1,1,1,0,0,1,10,0,0,0,0,0,0,0,0,60,45,39,0,44.291,91.859,-22.021,0,0,0,0,0,2,0,60,0,0,9279,0,-1,0,1,0,1,0,0,0,0,0,0,0,0,0,0
2750,,0,0,[0|0|0],73750,0,0,0,1,1,1,1,1,0,1,10,0,0,0,0,0,0,0,0,60,42,36,0,93.28,75.15,-111.43,0,0,0,0,0,2,1,0,0,74750,0,0,-1,0,1,0,1,0,0,74850,0,0,73950,0,0,0,0
2751,,0,0,[0|0|0],73751,0,0,1,1,1,1,1,1,0,1,10,0,0,0,0,0,0,0,0,60,42,38,0,-46.23,172.74,-77.53,0,0,0,0,0,2,1,0,0,74751,0,0,-1,0,1,0,1,0,0,74851,0,0,73951,0,0,0,0
2752,,0,0,[0|0|0],73752,0,0,0,0,0,0,0,0,1,1,10,0,0,0,0,0,0,0,0,60,42,38,0,-112.69,197.39,82.2,0,0,0,0,0,2,1,0,0,74752,0,0,-1,0,1,0,1,0,0,74852,0,0,73952,0,0,0,0
2753,,0,0,[0|0|0],73753,0,0,1,0,0,0,0,0,1,1,10,0,0,0,0,0,0,0,0,60,42,38,0,94.25,184.18,65.8,0,0,0,0,0,2,1,0,0,74753,0,0,-1,0,1,0,1,0,0,74853,0,0,73953,0,0,0,0
2754,,0,0,[0|0|0],73754,0,0,0,1,0,0,0,0,1,1,10,0,0,0,0,0,0,0,0,60,42,39,0,69.86,209.89,90.74,0,0,0,0,0,2,1,0,0,74754,0,0,-1,0,1,0,1,0,0,74854,0,0,73954,0,0,0,0
2755,,0,0,[0|0|0],73755,0,0,1,1,0,0,0,0,1,1,10,0,0,0,0,0,0,0,0,60,43,36,0,25.03,64.82,54.58,0,0,0,0,0,2,1,0,0,74755,0,0,-1,0,1,0,1,0,0,74855,0,0,73955,0,0,0,0
2756,,0,0,[0|0|0],73756,6000,0,0,0,1,0,0,0,1,1,10,0,0,0,0,0,0,0,0,60,43,37,0,37.57,125.31,62.69,0,0,0,0,0,2,1,0,0,73000,0,0,-1,0,1,0,1,0,0,74856,0,0,73956,0,0,0,0
2757,,0,0,[0|0|0],73757,6000,0,1,0,1,0,0,0,1,1,10,0,0,0,0,0,0,0,0,60,43,37,0,37.57,125.31,62.69,0,0,0,0,0,2,1,0,0,74000,0,0,-1,0,1,0,1,0,0,74857,0,0,73957,0,0,0,0
2758,,0,0,[0|0|0],73758,0,0,0,1,1,0,0,0,1,1,10,0,0,0,0,0,0,0,0,60,43,39,0,-124.81,219.86,19.15,0,0,0,0,0,2,1,0,0,74758,0,0,-1,0,1,0,1,0,0,74858,0,0,73958,0,0,0,0
2759,,0,0,[0|0|0],73759,0,0,1,1,1,0,0,0,1,1,10,0,0,0,0,0,0,0,0,60,43,39,0,84.86,106.27,-167.25,0,0,0,0,0,2,1,0,0,74759,0,0,-1,0,1,0,1,0,0,74859,0,0,73959,0,0,0,0
2760,,0,0,[0|0|0],73760,0,0,0,0,0,1,0,0,1,1,10,0,0,0,0,0,0,0,0,60,44,38,0,-49.54,94.77,55.63,0,0,0,0,0,2,1,0,0,74760,0,0,-1,0,1,0,1,0,0,74860,0,0,73960,0,0,0,0
2761,,0,0,[0|0|0],73761,0,0,1,0,0,1,0,0,1,1,10,0,0,0,0,0,0,0,0,60,44,39,0,79.16,124.65,50.83,0,0,0,0,0,2,1,0,0,74761,0,0,-1,0,1,0,1,0,0,74861,0,0,73961,0,0,0,0
2762,,0,0,[0|0|0],73762,0,0,0,1,0,1,0,0,1,1,10,0,0,0,0,0,0,0,0,60,45,36,0,-102.93,35.32,-46.38,0,0,0,0,0,2,1,0,0,74762,0,0,-1,0,1,0,1,0,0,74862,0,0,73962,0,0,0,0
2763,,0,0,[0|0|0],73763,0,0,1,1,0,1,0,0,1,1,10,0,0,0,0,0,0,0,0,60,45,37,0,22.18,18.69,117.69,0,0,0,0,0,2,1,0,0,74763,0,0,-1,0,1,0,1,0,0,74863,0,0,73963,0,0,0,0
2764,,0,0,[0|0|0],73764,0,0,0,0,1,1,0,0,1,1,10,0,0,0,0,0,0,0,0,60,43,37,50,-124.96,34.22,-47.32,0,0,0,0,0,2,1,0,0,74764,0,0,-1,0,1,0,1,0,0,74864,0,0,73964,0,0,0,0
2765,,0,0,[0|0|0],73765,0,0,1,0,1,1,0,0,1,1,10,0,0,0,0,0,0,0,0,60,43,38,1,-64.36,99.78,118.43,0,0,0,0,0,2,1,0,0,74765,0,0,-1,0,1,0,1,0,0,74865,0,0,73965,0,0,0,0
2766,,0,0,[0|0|0],73766,0,0,0,1,1,1,0,0,1,1,10,0,0,0,0,0,0,0,0,60,43,38,1,-64.36,99.78,118.43,0,0,0,0,0,2,1,0,0,74766,0,0,-1,0,1,0,1,0,0,74866,0,0,73966,0,0,0,0
2767,,0,0,[0|0|0],73767,0,0,1,1,1,1,0,0,1,1,10,0,0,0,0,0,0,0,0,60,43,38,1,-64.36,99.78,118.43,0,0,0,0,0,2,1,0,0,74767,0,0,-1,0,1,0,1,0,0,74867,0,0,73967,0,0,0,0
2768,,0,0,[0|0|0],73768,0,0,0,0,0,0,1,0,1,1,10,0,0,0,0,0,0,0,0,60,43,38,1,-64.36,99.78,118.43,0,0,0,0,0,2,1,0,0,74768,0,0,-1,0,1,0,1,0,0,74868,0,0,73968,0,0,0,0
2769,,0,0,[0|0|0],73769,0,0,1,0,0,0,1,0,1,1,10,0,0,0,0,0,0,0,0,60,43,37,50,-124.96,34.22,-47.32,0,0,0,0,0,2,1,0,0,74769,0,0,-1,0,1,0,1,0,0,74869,0,0,73969,0,0,0,0
2770,,0,0,[0|0|0],73770,0,0,0,1,0,0,1,0,1,1,10,0,0,0,0,0,0,0,0,60,43,37,50,-124.96,34.22,-47.32,0,0,0,0,0,2,1,0,0,74770,0,0,-1,0,1,0,1,0,0,74870,0,0,73970,0,0,0,0
2771,,0,0,[0|0|0],73771,0,0,1,1,0,0,1,0,1,1,10,0,0,0,0,0,0,0,0,60,43,37,50,-124.96,34.22,-47.32,0,0,0,0,0,2,1,0,0,74771,0,0,-1,0,1,0,1,0,0,74871,0,0,73971,0,0,0,0
2772,,0,0,[0|0|0],73772,0,0,0,0,1,0,1,0,1,1,10,0,0,0,0,0,0,0,0,60,43,39,20,1.39,-91.54,119.53,0,0,0,0,0,2,1,0,0,74772,0,0,-1,0,1,0,1,0,0,74872,0,0,73972,0,0,0,0
2773,,0,0,[0|0|0],73773,0,0,1,0,1,0,1,0,1,1,10,0,0,0,0,0,0,0,0,60,43,39,20,1.39,-91.54,119.53,0,0,0,0,0,2,1,0,0,74773,0,0,-1,0,1,0,1,0,0,74873,0,0,73973,0,0,0,0
2774,,0,0,[0|0|0],73774,0,0,0,1,1,0,1,0,1,1,10,0,0,0,0,0,0,0,0,60,43,39,20,1.39,-91.54,119.53,0,0,0,0,0,2,1,0,0,74774,0,0,-1,0,1,0,1,0,0,74874,0,0,73974,0,0,0,0
2775,,0,0,[0|0|0],73775,0,0,1,1,1,0,1,0,1,1,10,0,0,0,0,0,0,0,0,60,43,39,20,1.39,-91.54,119.53,0,0,0,0,0,2,1,0,0,74775,0,0,-1,0,1,0,1,0,0,74875,0,0,73975,0,0,0,0
2776,,0,0,[0|0|0],73776,0,0,0,0,0,1,1,0,1,1,10,0,0,0,0,0,0,0,0,60,44,37,30,47.25,-147.4,-76.07,0,0,0,0,0,2,1,0,0,74776,0,0,-1,0,1,0,1,0,0,74876,0,0,73976,0,0,0,0
2777,,0,0,[0|0|0],73777,0,0,1,0,0,1,1,0,1,1,10,0,0,0,0,0,0,0,0,60,44,37,30,47.25,-147.4,-76.07,0,0,0,0,0,2,1,0,0,74777,0,0,-1,0,1,0,1,0,0,74877,0,0,73977,0,0,0,0
2800,,0,0,[0|0|0],73800,0,0,0,0,0,0,1,1,1,1,10,0,0,0,0,0,0,0,0,60,42,36,0,26,79,-4,0,0,0,0,0,2,0,0,0,0,0,0,-1,0,1,0,0,0,0,0,0,0,0,0,0,0,0
2801,,0,0,[0|0|0],73801,0,0,1,0,0,0,1,1,1,1,10,0,0,0,0,0,0,0,0,60,42,38,0,-54,191.93,21,0,0,0,0,0,2,0,0,0,0,0,0,-1,0,1,0,0,0,0,0,0,0,0,0,0,0,0
2802,,0,0,[0|0|0],73802,0,0,0,1,0,0,1,1,1,1,10,0,0,0,0,0,0,0,0,60,43,36,0,88,64.81,-29,0,0,0,0,0,2,0,0,0,0,0,0,-1,0,1,0,0,0,0,0,0,0,0,0,0,0,0
2803,,0,0,[0|0|0],73803,0,0,1,1,0,0,1,1,1,1,10,0,0,0,0,0,0,0,0,60,43,36,0,-75,64.81,88,0,0,0,0,0,2,0,0,0,0,0,0,-1,0,1,0,0,0,0,0,0,0,0,0,0,0,0
2804,,0,0,[0|0|0],73804,0,0,0,0,1,0,1,1,1,1,10,0,0,0,0,0,0,0,0,60,43,37,0,17,86.31,-58,0,0,0,0,0,2,0,0,0,0,0,0,-1,0,1,0,0,0,0,0,0,0,0,0,0,0,0
2805,,0,0,[0|0|0],73805,0,0,1,0,1,0,1,1,1,1,10,0,0,0,0,0,0,0,0,60,43,38,0,-84,131.22,-62,0,0,0,0,0,2,0,0,0,0,0,0,-1,0,1,0,0,0,0,0,0,0,0,0,0,0,0
2806,,0,0,[0|0|0],73806,0,0,0,1,1,0,1,1,1,1,10,0,0,0,0,0,0,0,0,60,44,37,0,-53,69.24,64,0,0,0,0,0,2,0,0,0,0,0,0,-1,0,1,0,0,0,0,0,0,0,0,0,0,0,0
2807,,0,0,[0|0|0],73807,0,0,1,1,1,0,1,1,1,1,10,0,0,0,0,0,0,0,0,60,44,39,0,-34,136.97,-22,0,0,0,0,0,2,0,0,0,0,0,0,-1,0,1,0,0,0,0,0,0,0,0,0,0,0,0
2808,,0,0,[0|0|0],73808,0,0,0,0,0,1,1,1,1,1,10,0,0,0,0,0,0,0,0,60,45,39,0,64,103.7,41,0,0,0,0,0,2,0,0,0,0,0,0,-1,0,1,0,0,0,0,0,0,0,0,0,0,0,0
2809,,0,0,[0|0|0],73809,0,0,1,0,0,1,1,1,1,1,10,0,0,0,0,0,0,0,0,60,45,36,0,-86,28,89,0,0,0,0,0,2,0,0,0,0,0,0,-1,0,1,0,0,0,0,0,0,0,0,0,0,0,0
2810,,0,0,[0|0|0],73810,0,0,0,1,0,1,1,1,1,1,10,0,0,0,0,0,0,0,0,60,45,37,0,-90.47,20.61,96.33,0,0,0,0,0,2,0,0,0,0,0,0,-1,0,1,0,0,0,0,0,0,0,0,0,0,0,0
2811,,0,0,[0|0|0],73811,0,0,1,1,0,1,1,1,1,1,10,0,0,0,0,0,0,0,0,60,44,36,30,48.9,47,91.35,0,0,0,0,0,2,0,0,0,0,0,0,-1,0,1,0,0,0,0,0,0,0,0,0,0,0,0
2812,,0,0,[0|0|0],73812,0,0,0,0,1,1,1,1,1,1,10,0,0,0,0,0,0,0,0,60,45,37,30,-30.53,28.19,53.87,0,0,0,0,0,2,0,0,0,0,0,0,-1,0,1,0,0,0,0,0,0,0,0,0,0,0,0
2813,,0,0,[0|0|0],73813,0,0,1,0,1,1,1,1,1,1,10,0,0,0,0,0,0,0,0,60,43,38,10,-26.54,177.21,35.82,0,0,0,0,0,2,0,0,0,0,0,0,-1,0,1,0,0,0,0,0,0,0,0,0,0,0,0
2814,,0,0,[0|0|0],73814,0,0,0,1,1,1,1,1,1,1,10,0,0,0,0,0,0,0,0,60,43,39,20,88.99,108.531,96.707,0,0,0,0,0,2,0,0,0,0,0,0,-1,0,1,0,0,0,0,0,0,0,0,0,0,0,0
2815,,0,0,[0|0|0],73815,0,0,1,1,1,1,1,1,1,1,10,0,0,0,0,0,0,0,0,60,42,39,0,-54.12,204.3,61.66,0,0,0,0,0,2,0,0,0,0,0,0,-1,0,1,0,0,0,0,0,0,0,0,0,0,0,0
2816,,0,0,[0|0|0],73816,0,0,0,0,0,0,0,0,0,0,11,0,0,0,0,0,0,0,0,60,44,37,50,-53,69.24,64,0,0,0,0,0,2,0,0,0,0,0,0,-1,0,1,0,0,0,0,0,0,0,0,0,0,0,0
2817,,0,0,[0|0|0],73817,0,0,1,0,0,0,0,0,0,0,11,0,0,0,0,0,0,0,0,60,43,37,50,36.38,89.4,41.32,0,0,0,0,0,2,0,0,0,0,0,0,-1,0,1,0,0,0,0,0,0,0,0,0,0,0,0
3540,,0,0,[0|0|0],73540,0,0,0,0,1,0,1,0,1,1,13,0,0,0,0,0,0,0,0,60,43,38,0,122.32,64.74,-102.29,0,0,0,0,0,0,0,0,52,0,0,73540,-1,0,3,0,0,0,0,0,0,0,0,0,0,0,0
3541,,0,0,[0|0|0],73541,0,0,1,0,1,0,1,0,1,1,13,0,0,0,0,0,0,0,0,60,43,38,0,122.32,64.74,-102.29,0,0,0,0,0,0,0,0,52,0,0,73541,-1,0,3,0,0,0,0,0,0,0,0,0,0,0,0
3542,,0,0,[0|0|0],73542,0,0,0,1,1,0,1,0,1,1,13,0,0,0,0,0,0,0,0,60,43,38,0,122.32,64.74,-102.29,0,0,0,0,0,0,0,0,52,0,0,73542,-1,0,3,0,0,0,0,0,0,0,0,0,0,0,0
3543,,0,0,[0|0|0],73543,0,0,1,1,1,0,1,0,1,1,13,0,0,0,0,0,0,0,0,60,43,38,0,122.32,64.74,-102.29,0,0,0,0,0,0,0,0,52,0,0,73543,-1,0,3,0,0,0,0,0,0,0,0,0,0,0,0
3544,,0,0,[0|0|0],73544,0,0,0,0,0,1,1,0,1,1,13,0,0,0,0,0,0,0,0,60,43,38,0,122.32,64.74,-102.29,0,0,0,0,0,0,0,0,52,0,0,73544,-1,0,3,0,0,0,0,0,0,0,0,0,0,0,0
3545,,0,0,[0|0|0],73545,0,0,1,0,0,1,1,0,1,1,13,0,0,0,0,0,0,0,0,60,43,38,0,122.32,64.74,-102.29,0,0,0,0,0,0,0,0,52,0,0,73545,-1,0,3,0,0,0,0,0,0,0,0,0,0,0,0
3546,,0,0,[0|0|0],73546,0,0,0,1,0,1,1,0,1,1,13,0,0,0,0,0,0,0,0,60,43,38,0,122.32,64.74,-102.29,0,0,0,0,0,0,0,0,52,0,0,73546,-1,0,3,0,0,0,0,0,0,0,0,0,0,0,0
3547,,0,0,[0|0|0],73547,0,0,1,1,0,1,1,0,1,1,13,0,0,0,0,0,0,0,0,60,43,38,0,122.32,64.74,-102.29,0,0,0,0,0,0,0,0,52,0,0,73547,-1,0,3,0,0,0,0,0,0,0,0,0,0,0,0
3548,,0,0,[0|0|0],73548,0,0,0,0,1,1,1,0,1,1,13,0,0,0,0,0,0,0,0,60,43,38,0,122.32,64.74,-102.29,0,0,0,0,0,0,0,0,52,0,0,73548,-1,0,3,0,0,0,0,0,0,0,0,0,0,0,0
3549,,0,0,[0|0|0],73549,0,0,1,0,1,1,1,0,1,1,13,0,0,0,0,0,0,0,0,60,43,38,0,122.32,64.74,-102.29,0,0,0,0,0,0,0,0,52,0,0,73549,-1,0,3,0,0,0,0,0,0,0,0,0,0,0,0
3550,,0,0,[0|0|0],73550,0,0,0,1,1,1,1,0,1,1,13,0,0,0,0,0,0,0,0,60,43,38,0,122.32,64.74,-102.29,0,0,0,0,0,0,0,0,52,0,0,73550,-1,0,3,0,0,0,0,0,0,0,0,0,0,0,0
3551,,0,0,[0|0|0],73551,0,0,1,1,1,1,1,0,1,1,13,0,0,0,0,0,0,0,0,60,43,38,0,122.32,64.74,-102.29,0,0,0,0,0,0,0,0,52,0,0,73551,-1,0,3,0,0,0,0,0,0,0,0,0,0,0,0
3552,,0,0,[0|0|0],73552,0,0,0,0,0,0,0,1,1,1,13,0,0,0,0,0,0,0,0,60,43,38,0,122.32,64.74,-102.29,0,0,0,0,0,0,0,0,52,0,0,73552,-1,0,3,0,0,0,0,0,0,0,0,0,0,0,0
3553,,0,0,[0|0|0],73553,0,0,1,0,0,0,0,1,1,1,13,0,0,0,0,0,0,0,0,60,43,38,0,122.32,64.74,-102.29,0,0,0,0,0,0,0,0,52,0,0,73553,-1,0,3,0,0,0,0,0,0,0,0,0,0,0,0
3554,,0,0,[0|0|0],73554,0,0,0,1,0,0,0,1,1,1,13,0,0,0,0,0,0,0,0,60,43,38,0,122.32,64.74,-102.29,0,0,0,0,0,0,0,0,52,0,0,73554,-1,0,3,0,0,0,0,0,0,0,0,0,0,0,0
3555,,0,0,[0|0|0],73555,0,0,1,1,0,0,0,1,1,1,13,0,0,0,0,0,0,0,0,60,43,38,0,122.32,64.74,-102.29,0,0,0,0,0,0,0,0,52,0,0,73555,-1,0,3,0,0,0,0,0,0,0,0,0,0,0,0
10100,[Personal Objective],1,0,[0|0|0],97110,0,8325,1,1,1,1,1,1,1,1,255,255,255,60,0,0,0,0,0,60,43,36,0,259.48,46.3,86.55,0,0,0,0,0,2,0,0,0,0,0,0,-1,0,3,0,0,0,0,0,0,0,0,0,0,0,0
10200,[Personal Objective],1,0,[0|0|0],97120,0,8330,1,1,1,1,1,1,1,1,255,255,255,60,0,0,0,0,0,60,42,36,50,157.03,145.49,-65.22,0,0,0,0,0,2,0,0,0,0,0,0,-1,0,1,0,0,0,0,0,0,0,0,0,0,0,0
20200,[Personal Objective],1,0,[0|0|0],97220,0,8355,1,1,1,1,1,1,1,1,255,255,255,60,0,0,0,0,0,60,42,36,0,10.25,95.34,-90.46,0,0,0,0,0,2,0,0,0,0,0,0,-1,0,1,0,0,0,0,0,0,0,0,0,0,0,0
30100,[Personal Objective],1,0,[0|0|0],97310,1044380230,8375,1,1,1,1,1,1,1,1,255,255,255,60,0,0,0,0,0,60,44,38,0,-123.56,154.68,107.42,0,0,0,0,0,2,0,0,0,0,0,0,-1,0,1,0,0,0,0,0,0,0,0,0,0,0,0
30101,[Personal Objective],1,0,[0|0|0],97310,1044360220,8375,1,1,1,1,1,1,1,1,255,255,255,60,0,0,0,0,0,60,44,36,0,-87,88.6,101,0,0,0,0,0,2,0,0,0,0,0,0,-1,0,1,0,0,0,0,0,0,0,0,0,0,0,0
30110,[Personal Objective],1,0,[0|0|0],97320,0,8380,1,1,1,1,1,1,1,1,255,255,255,60,0,0,0,0,0,60,42,38,0,-100.47,138.16,-102.56,0,0,0,0,0,2,0,0,0,0,0,0,-1,0,1,0,0,0,0,0,0,0,0,0,0,0,0
40100,[Personal Objective],1,0,[0|0|0],97410,0,8400,1,1,1,1,1,1,1,1,255,255,255,60,0,0,0,0,0,60,42,36,0,118.75,65.88,-69.21,0,0,0,0,0,2,0,0,0,0,0,0,-1,0,1,0,0,0,0,0,0,0,0,0,0,0,0
40300,[Personal Objective],1,0,[0|0|0],97430,0,8410,1,1,1,1,1,1,1,1,255,255,255,60,0,0,0,0,0,60,45,39,0,-59.52,101.65,-133.72,0,0,0,0,0,2,0,0,0,0,0,0,-1,0,1,0,0,0,0,0,0,0,0,0,0,0,0
60200,[Personal Objective],1,0,[0|0|0],97620,0,8456,1,1,1,1,1,1,1,1,255,255,255,60,0,0,0,0,0,60,44,37,0,-115.12,83.77,15.05,0,0,0,0,0,2,0,0,0,0,0,0,-1,0,1,0,0,0,0,0,0,0,0,0,0,0,0
60201,[Personal Objective],1,0,[0|0|0],97621,0,8457,1,1,1,1,1,1,1,1,255,255,255,60,0,0,0,0,0,60,43,36,0,75.29,64.97,30.79,0,0,0,0,0,2,0,0,0,0,0,0,-1,0,1,0,0,0,0,0,0,0,0,0,0,0,0
60202,[Personal Objective],1,0,[0|0|0],97622,0,8458,1,1,1,1,1,1,1,1,255,255,255,60,0,0,0,0,0,60,42,37,0,-1.755,144.447,110.9,0,0,0,0,0,2,0,0,0,0,0,0,-1,0,1,0,0,0,0,0,0,0,0,0,0,0,0
60203,[Personal Objective],1,0,[0|0|0],97623,0,8459,1,1,1,1,1,1,1,1,255,255,255,60,0,0,0,0,0,60,43,38,0,-41.44,165.37,102.74,0,0,0,0,0,2,0,0,0,0,0,0,-1,0,1,0,0,0,0,0,0,0,0,0,0,0,0
60204,[Personal Objective],1,0,[0|0|0],97624,0,8460,1,1,1,1,1,1,1,1,255,255,255,60,0,0,0,0,0,60,44,39,0,-28.69,119.32,-111,0,0,0,0,0,2,0,0,0,0,0,0,-1,0,1,0,0,0,0,0,0,0,0,0,0,0,0
60205,[Personal Objective],1,0,[0|0|0],97625,0,8461,1,1,1,1,1,1,1,1,255,255,255,60,0,0,0,0,0,60,45,39,0,-8.24,3.12,-78.64,0,0,0,0,0,2,0,0,0,0,0,0,-1,0,1,0,0,0,0,0,0,0,0,0,0,0,0
60206,[Personal Objective],1,0,[0|0|0],97626,0,8462,1,1,1,1,1,1,1,1,255,255,255,60,0,0,0,0,0,60,45,37,0,92.5,26.46,-16.77,0,0,0,0,0,2,0,0,0,0,0,0,-1,0,1,0,0,0,0,0,0,0,0,0,0,0,0
60207,[Personal Objective],1,0,[0|0|0],97627,0,8463,1,1,1,1,1,1,1,1,255,255,255,60,0,0,0,0,0,60,45,36,0,-15.83,0.71,-75.92,0,0,0,0,0,2,0,0,0,0,0,0,-1,0,1,0,0,0,0,0,0,0,0,0,0,0,0
60208,[Personal Objective],1,0,[0|0|0],97628,0,8464,1,1,1,1,1,1,1,1,255,255,255,60,0,0,0,0,0,60,44,37,0,59.03,38.19,106.69,0,0,0,0,0,2,0,0,0,0,0,0,-1,0,1,0,0,0,0,0,0,0,0,0,0,0,0
70100,[Personal Objective],1,0,[0|0|0],97710,0,8475,1,1,1,1,1,1,1,1,255,255,255,60,0,0,0,0,0,60,45,39,0,-23.54,2.21,-79.74,0,0,0,0,0,2,0,0,0,0,0,0,-1,0,1,0,0,0,0,0,0,0,0,0,0,0,0
80100,[Personal Objective],1,0,[0|0|0],97810,0,9261,1,1,1,1,1,1,1,1,255,255,255,60,0,0,0,0,0,60,42,38,0,-117.45,191.53,0.54,0,0,0,0,0,2,0,0,0,0,0,0,-1,0,1,0,0,0,0,0,0,0,0,0,0,0,0
80101,[Personal Objective],1,0,[0|0|0],97810,0,9262,1,1,1,1,1,1,1,1,255,255,255,60,0,0,0,0,0,60,43,39,0,97.03,100.94,-1.52,0,0,0,0,0,2,0,0,0,0,0,0,-1,0,1,0,0,0,0,0,0,0,0,0,0,0,0
80102,[Personal Objective],1,0,[0|0|0],97810,0,9263,1,1,1,1,1,1,1,1,255,255,255,60,0,0,0,0,0,60,44,38,0,-99.23,64.95,-32.45,0,0,0,0,0,2,0,0,0,0,0,0,-1,0,1,0,0,0,0,0,0,0,0,0,0,0,0
80103,[Personal Objective],1,0,[0|0|0],97810,0,9264,1,1,1,1,1,1,1,1,255,255,255,60,0,0,0,0,0,60,44,39,0,119.38,109.43,6.71,0,0,0,0,0,2,0,0,0,0,0,0,-1,0,1,0,0,0,0,0,0,0,0,0,0,0,0
80104,[Personal Objective],1,0,[0|0|0],97810,0,9265,1,1,1,1,1,1,1,1,255,255,255,60,0,0,0,0,0,60,44,37,0,113.1,30.96,-100.69,0,0,0,0,0,2,0,0,0,0,0,0,-1,0,1,0,0,0,0,0,0,0,0,0,0,0,0
80105,[Personal Objective],1,0,[0|0|0],97810,0,9266,1,1,1,1,1,1,1,1,255,255,255,60,0,0,0,0,0,60,43,37,0,-53.27,100.31,93.33,0,0,0,0,0,2,0,0,0,0,0,0,-1,0,1,0,0,0,0,0,0,0,0,0,0,0,0
80106,[Personal Objective],1,0,[0|0|0],97810,0,9267,1,1,1,1,1,1,1,1,255,255,255,60,0,0,0,0,0,60,42,36,0,88.1,94.27,85.43,0,0,0,0,0,2,0,0,0,0,0,0,-1,0,1,0,0,0,0,0,0,0,0,0,0,0,0
80200,[Personal Objective],1,0,[0|0|0],97820,0,8505,1,1,1,1,1,1,1,1,255,255,255,60,0,0,0,0,0,60,42,39,10,43.83,214.33,91.92,0,0,0,0,0,2,0,0,0,0,0,0,-1,0,1,0,0,0,0,0,0,0,0,0,0,0,0
80300,[Personal Objective],1,0,[0|0|0],97830,0,8510,1,1,1,1,1,1,1,1,255,255,255,60,0,0,0,0,0,60,45,39,0,59.9,3.11,-110.15,0,0,0,0,0,2,0,0,0,0,0,0,-1,0,1,0,0,0,0,0,0,0,0,0,0,0,0
100100,,1,0,[0|0|0],97629,0,8535,1,1,1,1,1,1,1,1,255,255,255,60,0,0,0,0,0,60,42,39,40,103.59,-666.22,-68.6,0,0,0,0,0,2,0,0,0,0,0,0,-1,0,1,0,0,0,0,0,0,0,0,0,0,0,0
61423600,[Site of Grace],0,0,[0|0|0],0,0,6011,1,1,1,1,1,1,1,1,255,255,255,1,0,0,0,0,0,60,42,36,0,-36.73,94.53,121.17,0,0,0,0,0,2,0,0,0,0,0,0,-1,0,1,0,9,0,0,0,0,0,0,0,0,0,0
61423650,[Site of Grace],0,0,[0|0|0],0,0,0,1,1,1,1,1,1,1,1,255,255,255,1,0,0,0,0,0,60,42,36,50,188.38,141.74,-28.04,0,0,0,0,0,2,0,0,0,0,0,0,-1,0,1,0,9,0,0,0,0,0,0,0,0,0,0
61423651,[Site of Grace],0,0,[0|0|0],0,0,0,1,1,1,1,1,1,1,1,255,255,255,1,0,0,0,0,0,60,42,36,50,50.98,154.24,50.98,0,0,0,0,0,2,0,0,0,0,0,0,-1,0,1,0,9,0,0,0,0,0,0,0,0,0,0
61423652,[Site of Grace],0,0,[0|0|0],0,0,0,1,1,1,1,1,1,1,1,255,255,255,1,0,0,0,0,0,60,42,36,50,18.34,166.84,154.16,0,0,0,0,0,2,0,0,0,0,0,0,-1,0,1,0,9,0,0,0,0,0,0,0,0,0,0
61423690,[Site of Grace],0,0,[0|0|0],7650,7502,7518,1,1,1,1,1,1,1,1,255,255,255,1,0,0,0,0,0,60,42,36,0,26,255,-4,0,0,0,0,0,2,0,0,0,0,0,0,-1,0,1,0,9,0,0,0,0,0,0,0,0,0,0
61423700,[Site of Grace],0,0,[0|0|0],0,0,6011,1,1,1,1,1,1,1,1,255,255,255,1,0,0,0,0,0,60,42,37,0,-40.88,155.24,76.41,0,0,0,0,0,2,0,0,0,0,0,0,-1,0,1,0,9,0,0,0,0,0,0,0,0,0,0
61423750,[Site of Grace],0,0,[0|0|0],0,0,0,1,1,1,1,1,1,1,1,255,255,255,1,0,0,0,0,0,60,42,37,50,-33.35,134.86,-31.26,0,0,0,0,0,2,0,0,0,0,0,0,-1,0,1,0,9,0,0,0,0,0,0,0,0,0,0
61423800,[Site of Grace],0,0,[0|0|0],0,0,6011,1,1,1,1,1,1,1,1,255,255,255,1,0,0,0,0,0,60,42,38,0,5.35,186.82,102.59,0,0,0,0,0,2,0,0,0,0,0,0,-1,0,1,0,9,0,0,0,0,0,0,0,0,0,0
61423890,[Site of Grace],0,0,[0|0|0],7651,7502,7518,1,1,1,1,1,1,1,1,255,255,255,1,0,0,0,0,0,60,42,38,0,-54,255,21,0,0,0,0,0,2,0,0,0,0,0,0,-1,0,1,0,9,0,0,0,0,0,0,0,0,0,0
61423910,[Site of Grace],0,0,[0|0|0],0,0,0,1,1,1,1,1,1,1,1,255,255,255,1,0,0,0,0,0,60,42,39,10,-2.9,343.02,-43.95,0,0,0,0,0,2,0,0,0,0,0,0,-1,0,1,0,9,0,0,0,0,0,0,0,0,0,0
61423990,[Site of Grace],0,0,[0|0|0],7652,7502,7518,1,1,1,1,1,1,1,1,255,255,255,1,0,0,0,0,0,60,42,39,0,-54,255,61,0,0,0,0,0,2,0,0,0,0,0,0,-1,0,1,0,9,0,0,0,0,0,0,0,0,0,0
61433604,[Site of Grace],0,0,[0|0|0],0,0,6011,1,1,1,1,1,1,1,1,255,255,255,1,0,0,0,0,0,60,43,36,0,125.93,65.04,61.57,0,0,0,0,0,2,0,0,0,0,0,0,-1,0,1,0,9,0,0,0,0,0,0,0,0,0,0
61433650,[Site of Grace],0,0,[0|0|0],0,0,0,1,1,1,1,1,1,1,1,255,255,255,1,0,0,0,0,0,60,43,36,50,123.48,65.04,72.36,0,0,0,0,0,2,0,0,0,0,0,0,-1,0,1,0,9,0,0,0,0,0,0,0,0,0,0
61433690,[Site of Grace],0,0,[0|0|0],7653,7502,7518,1,1,1,1,1,1,1,1,255,255,255,1,0,0,0,0,0,60,43,36,0,88,255,-29,0,0,0,0,0,2,0,0,0,0,0,0,-1,0,1,0,9,0,0,0,0,0,0,0,0,0,0
61433691,[Site of Grace],0,0,[0|0|0],7654,7502,7518,1,1,1,1,1,1,1,1,255,255,255,1,0,0,0,0,0,60,43,36,0,-75,255,88,0,0,0,0,0,2,0,0,0,0,0,0,-1,0,1,0,9,0,0,0,0,0,0,0,0,0,0
61433790,[Site of Grace],0,0,[0|0|0],7655,7502,7518,1,1,1,1,1,1,1,1,255,255,255,1,0,0,0,0,0,60,43,37,0,17,255,-58,0,0,0,0,0,2,0,0,0,0,0,0,-1,0,1,0,9,0,0,0,0,0,0,0,0,0,0
61433795,[Site of Grace],0,0,[0|0|0],7672,7502,7518,1,1,1,1,1,1,1,1,255,255,255,1,0,0,0,0,0,60,43,37,50,36.38,255,41.32,0,0,0,0,0,2,0,0,0,0,0,0,-1,0,1,0,9,0,0,0,0,0,0,0,0,0,0
61433800,[Site of Grace],0,0,[0|0|0],0,0,6011,1,1,1,1,1,1,1,1,255,255,255,1,0,0,0,0,0,60,43,38,0,55.71,97.4,-87.19,0,0,0,0,0,2,0,0,0,0,0,0,-1,0,1,0,9,0,0,0,0,0,0,0,0,0,0
61433801,[Site of Grace],0,0,[0|0|0],0,0,6011,1,1,1,1,1,1,1,1,255,255,255,1,0,0,0,0,0,60,43,38,0,-69.136,189,68.968,0,0,0,0,0,2,0,0,0,0,0,0,-1,0,1,0,9,0,0,0,0,0,0,0,0,0,0
61433810,[Site of Grace],0,0,[0|0|0],0,0,0,1,1,1,1,1,1,1,1,255,255,255,1,0,0,0,0,0,60,43,38,10,19.7,104.251,-79.903,0,0,0,0,0,2,0,0,0,0,0,0,-1,0,1,0,9,0,0,0,0,0,0,0,0,0,0
61433850,[Site of Grace],0,0,[0|0|0],0,0,0,1,1,1,1,1,1,1,1,255,255,255,1,0,0,0,0,0,60,43,38,20,40.87,-35.32,121.35,0,0,0,0,0,2,0,0,0,0,0,0,-1,0,2,0,9,0,0,0,0,0,0,0,0,0,0
61433890,[Site of Grace],0,0,[0|0|0],7656,7502,7518,1,1,1,1,1,1,1,1,255,255,255,1,0,0,0,0,0,60,43,38,0,-84,255,-62,0,0,0,0,0,2,0,0,0,0,0,0,-1,0,1,0,9,0,0,0,0,0,0,0,0,0,0
61433895,[Site of Grace],0,0,[0|0|0],7670,7502,7518,1,1,1,1,1,1,1,1,255,255,255,1,0,0,0,0,0,60,43,38,10,-26.54,255,35.82,0,0,0,0,0,2,0,0,0,0,0,0,-1,0,1,0,9,0,0,0,0,0,0,0,0,0,0
61433995,[Site of Grace],0,0,[0|0|0],7662,7502,7518,1,1,1,1,1,1,1,1,255,255,255,1,0,0,0,0,0,60,43,39,20,122.071,255,31.232,0,0,0,0,0,2,0,0,0,0,0,0,-1,0,1,0,9,0,0,0,0,0,0,0,0,0,0
61443600,[Site of Grace],0,0,[0|0|0],0,0,6011,1,1,1,1,1,1,1,1,255,255,255,1,0,0,0,0,0,60,44,36,0,-38.03,85.29,7.31,0,0,0,0,0,2,0,0,0,0,0,0,-1,0,1,0,9,0,0,0,0,0,0,0,0,0,0
61443630,[Site of Grace],0,0,[0|0|0],0,0,0,1,1,1,1,1,1,1,1,255,255,255,1,0,0,0,0,0,60,44,36,30,-35.86,85.11,5.82,0,0,0,0,0,2,0,0,0,0,0,0,-1,0,1,0,9,0,0,0,0,0,0,0,0,0,0
61443695,[Site of Grace],0,0,[0|0|0],7668,7502,7518,1,1,1,1,1,1,1,1,255,255,255,1,0,0,0,0,0,60,44,36,30,48.9,255,91.352,0,0,0,0,0,2,0,0,0,0,0,0,-1,0,1,0,9,0,0,0,0,0,0,0,0,0,0
61443700,[Site of Grace],0,0,[0|0|0],0,0,6011,1,1,1,1,1,1,1,1,255,255,255,1,0,0,0,0,0,60,44,37,0,-9.59,57.67,97.22,0,0,0,0,0,2,0,0,0,0,0,0,-1,0,1,0,9,0,0,0,0,0,0,0,0,0,0
61443703,[Site of Grace],0,0,[0|0|0],0,0,6011,1,1,1,1,1,1,1,1,255,255,255,1,0,0,0,0,0,60,44,37,0,-65.71,85.91,-120.36,0,0,0,0,0,2,0,0,0,0,0,0,-1,0,1,0,9,0,0,0,0,0,0,0,0,0,0
61443730,[Site of Grace],0,0,[0|0|0],0,0,0,1,1,1,1,1,1,1,1,255,255,255,1,0,0,0,0,0,60,44,37,30,-72.83,72.42,65.22,0,0,0,0,0,2,0,0,0,0,0,0,-1,0,1,0,9,0,0,0,0,0,0,0,0,0,0
61443750,[Site of Grace],0,0,[0|0|0],0,0,0,1,1,1,1,1,1,1,1,255,255,255,1,0,0,0,0,0,60,44,37,50,-9.59,57.67,97.22,0,0,0,0,0,2,0,0,0,0,0,0,-1,0,1,0,9,0,0,0,0,0,0,0,0,0,0
61443751,[Site of Grace],0,0,[0|0|0],0,0,0,1,1,1,1,1,1,1,1,255,255,255,1,0,0,0,0,0,60,44,37,50,-65.71,85.91,-120.36,0,0,0,0,0,2,0,0,0,0,0,0,-1,0,1,0,9,0,0,0,0,0,0,0,0,0,0
61443790,[Site of Grace],0,0,[0|0|0],7657,7502,7518,1,1,1,1,1,1,1,1,255,255,255,1,0,0,0,0,0,60,44,37,0,-63,255,54,0,0,0,0,0,2,0,0,0,0,0,0,-1,0,1,0,9,0,0,0,0,0,0,0,0,0,0
61443795,[Site of Grace],0,0,[0|0|0],7671,7502,7518,1,1,1,1,1,1,1,1,255,255,255,1,0,0,0,0,0,60,43,39,20,0,255,54,0,0,0,0,0,2,0,0,0,0,0,0,-1,0,1,0,9,0,0,0,0,0,0,0,0,0,0
61443802,[Site of Grace],0,0,[0|0|0],0,0,6011,1,1,1,1,1,1,1,1,255,255,255,1,0,0,0,0,0,60,44,38,0,114.32,55.55,29.73,0,0,0,0,0,2,0,0,0,0,0,0,-1,0,1,0,9,0,0,0,0,0,0,0,0,0,0
61443850,[Site of Grace],0,0,[0|0|0],0,0,0,1,1,1,1,1,1,1,1,255,255,255,1,0,0,0,0,0,60,44,38,20,-41.54,-51.07,16.3,0,0,0,0,0,2,0,0,0,0,0,0,-1,0,2,0,9,0,0,0,0,0,0,0,0,0,0
61443851,[Site of Grace],0,0,[0|0|0],0,0,0,1,1,1,1,1,1,1,1,255,255,255,1,0,0,0,0,0,60,44,38,20,132.23,54.62,34.61,0,0,0,0,0,2,0,0,0,0,0,0,-1,0,1,0,9,0,0,0,0,0,0,0,0,0,0
61443903,[Site of Grace],0,0,[0|0|0],0,0,6011,1,1,1,1,1,1,1,1,255,255,255,1,0,0,0,0,0,60,44,39,0,-100.7,153.95,2.89,0,0,0,0,0,2,0,0,0,0,0,0,-1,0,1,0,9,0,0,0,0,0,0,0,0,0,0
61443990,[Site of Grace],0,0,[0|0|0],7658,7502,7518,1,1,1,1,1,1,1,1,255,255,255,1,0,0,0,0,0,60,44,39,0,-34,255,-22,0,0,0,0,0,2,0,0,0,0,0,0,-1,0,1,0,9,0,0,0,0,0,0,0,0,0,0
61453690,[Site of Grace],0,0,[0|0|0],7659,7502,7518,1,1,1,1,1,1,1,1,255,255,255,1,0,0,0,0,0,60,45,36,0,-86,255,89,0,0,0,0,0,2,0,0,0,0,0,0,-1,0,1,0,9,0,0,0,0,0,0,0,0,0,0
61453701,[Site of Grace],0,0,[0|0|0],0,0,6011,1,1,1,1,1,1,1,1,255,255,255,1,0,0,0,0,0,60,45,37,0,41.8,21.26,5.2,0,0,0,0,0,2,0,0,0,0,0,0,-1,0,1,0,9,0,0,0,0,0,0,0,0,0,0
61453730,[Site of Grace],0,0,[0|0|0],0,0,0,1,1,1,1,1,1,1,1,255,255,255,1,0,0,0,0,0,60,45,37,30,-117.79,24.56,85.12,0,0,0,0,0,2,0,0,0,0,0,0,-1,0,1,0,9,0,0,0,0,0,0,0,0,0,0
61453790,[Site of Grace],0,0,[0|0|0],7660,7502,7518,1,1,1,1,1,1,1,1,255,255,255,1,0,0,0,0,0,60,45,37,0,-48,255,81.8,0,0,0,0,0,2,0,0,0,0,0,0,-1,0,1,0,9,0,0,0,0,0,0,0,0,0,0
61453795,[Site of Grace],0,0,[0|0|0],7669,7502,7518,1,1,1,1,1,1,1,1,255,255,255,1,0,0,0,0,0,60,45,37,30,-30.535,255,53.865,0,0,0,0,0,2,0,0,0,0,0,0,-1,0,1,0,9,0,0,0,0,0,0,0,0,0,0
61453801,[Site of Grace],0,0,[0|0|0],0,0,6011,1,1,1,1,1,1,1,1,255,255,255,1,0,0,0,0,0,60,45,38,0,-19.73,13.68,83.3,0,0,0,0,0,2,0,0,0,0,0,0,-1,0,1,0,9,0,0,0,0,0,0,0,0,0,0
61453990,[Site of Grace],0,0,[0|0|0],7661,7502,7518,1,1,1,1,1,1,1,1,255,255,255,1,0,0,0,0,0,60,45,39,0,82,255,18.05,0,0,0,0,0,2,0,0,0,0,0,0,-1,0,1,0,9,0,0,0,0,0,0,0,0,0,0
62423801,[Spectral Hawk Tree],0,0,[0|0|0],0,0,72250,1,1,1,1,1,1,1,1,255,255,255,13,0,0,0,0,0,60,42,38,0,89.53,145.37,-104.86,0,0,0,0,0,2,0,0,0,0,0,0,-1,0,1,0,11,0,0,0,0,0,0,0,0,0,0
62423821,[Spectral Hawk Tree],0,0,[0|0|0],0,0,72255,1,1,1,1,1,1,1,1,255,255,255,13,0,0,0,0,0,60,42,38,0,120.21,139.31,-95.1,0,0,0,0,0,2,0,0,0,0,0,0,-1,0,1,0,11,0,0,0,0,0,0,0,0,0,0
62433823,[Spectral Hawk Tree],0,0,[0|0|0],0,0,0,1,1,1,1,1,1,1,1,255,255,255,13,0,0,0,0,0,60,43,38,20,58.81,23.73,31.14,0,0,0,0,0,2,0,0,0,0,0,0,-1,0,1,0,11,0,0,0,0,0,0,0,0,0,0
62433901,[Spectral Hawk Tree],0,0,[0|0|0],0,0,6011,1,1,1,1,1,1,1,1,255,255,255,13,0,0,0,0,0,60,43,39,0,-90.48,226.28,-3.91,0,0,0,0,0,2,0,0,0,0,0,0,-1,0,1,0,11,0,0,0,0,0,0,0,0,0,0
62433921,[Spectral Hawk Tree],0,0,[0|0|0],0,0,0,1,1,1,1,1,1,1,1,255,255,255,13,0,0,0,0,0,60,43,39,20,104.87,100.98,-39.72,0,0,0,0,0,2,0,0,0,0,0,0,-1,0,1,0,11,0,0,0,0,0,0,0,0,0,0
62433924,[Spectral Hawk Tree],0,0,[0|0|0],0,0,0,1,1,1,1,1,1,1,1,255,255,255,13,0,0,0,0,0,60,43,39,20,59.69,-43.48,-66.32,0,0,0,0,0,2,0,0,0,0,0,0,-1,0,2,0,11,0,0,0,0,0,0,0,0,0,0
62433930,[Spectral Hawk Tree],0,0,[0|0|0],0,0,0,1,1,1,1,1,1,1,1,255,255,255,13,0,0,0,0,0,60,43,39,10,8.62,207.31,111.33,0,0,0,0,0,2,0,0,0,0,0,0,-1,0,1,0,11,0,0,0,0,0,0,0,0,0,0
62443601,[Spectral Hawk Tree],0,0,[0|0|0],0,0,72250,1,1,1,1,1,1,1,1,255,255,255,13,0,0,0,0,0,60,44,36,0,-90.18,92.54,63.06,0,0,0,0,0,2,0,0,0,0,0,0,-1,0,1,0,11,0,0,0,0,0,0,0,0,0,0
62443621,[Spectral Hawk Tree],0,0,[0|0|0],0,0,0,1,1,1,1,1,1,1,1,255,255,255,13,0,0,0,0,0,60,44,36,30,-90.18,92.54,63.06,0,0,0,0,0,2,0,0,0,0,0,0,-1,0,1,0,11,0,0,0,0,0,0,0,0,0,0
62443801,[Spectral Hawk Tree],0,0,[0|0|0],0,0,6011,1,1,1,1,1,1,1,1,255,255,255,13,0,0,0,0,0,60,44,38,0,25.45,125.22,96.55,0,0,0,0,0,2,0,0,0,0,0,0,-1,0,1,0,11,0,0,0,0,0,0,0,0,0,0
62443822,[Spectral Hawk Tree],0,0,[0|0|0],0,0,0,1,1,1,1,1,1,1,1,255,255,255,13,0,0,0,0,0,60,44,38,20,-22.09,-137.41,52.58,0,0,0,0,0,2,0,0,0,0,0,0,-1,0,2,0,11,0,0,0,0,0,0,0,0,0,0
62453601,[Spectral Hawk Tree],0,0,[0|0|0],0,0,6011,1,1,1,1,1,1,1,1,255,255,255,13,0,0,0,0,0,60,45,36,0,-77.53,32.43,-25.2,0,0,0,0,0,2,0,0,0,0,0,0,-1,0,1,0,11,0,0,0,0,0,0,0,0,0,0
62453801,[Spectral Hawk Tree],0,0,[0|0|0],0,0,6011,1,1,1,1,1,1,1,1,255,255,255,13,0,0,0,0,0,60,45,38,0,-45.88,100.85,120.8,0,0,0,0,0,2,0,0,0,0,0,0,-1,0,1,0,11,0,0,0,0,0,0,0,0,0,0
63443600,,0,0,[0|0|0],1044360225,8071,8027,1,1,1,1,1,1,1,1,255,255,255,0,0,0,0,0,0,60,44,36,0,-111.86,101.69,101.39,0,0,0,0,0,2,0,0,54,0,0,1044360225,-1,0,1,0,1,0,0,0,0,0,0,0,0,0,0
63443803,,0,0,[0|0|0],1044380235,8071,8027,1,1,1,1,1,1,1,1,255,255,255,0,0,0,0,0,0,60,44,38,0,-121.97,154.68,106.56,0,0,0,0,0,2,0,0,54,0,0,1044380235,-1,0,1,0,1,0,0,0,0,0,0,0,0,0,0
64382090,[Formidable Field Boss],0,0,[0|0|0],72447,0,0,1,1,1,1,1,1,1,1,255,255,255,28,0,0,0,0,0,60,44,38,20,-107.74,20.9,-22.58,0,0,0,0,0,2,1,0,0,1048202830,0,0,-1,0,1,0,0,41,0,72478,0,0,0,0,0,0,0
64423610,[Scarab],0,0,[0|0|0],73010,73050,74010,1,1,1,1,1,1,1,1,255,255,255,17,0,0,0,0,0,60,42,36,0,111.233,64.715,115.956,0,0,0,0,0,3,0,0,0,0,0,0,-1,0,1,0,1,0,0,0,0,0,0,0,0,0,0
64423611,[Scarab],0,0,[0|0|0],73011,73051,74011,1,1,1,1,1,1,1,1,255,255,255,17,0,0,0,0,0,60,42,36,0,62.27,78.551,-70.799,0,0,0,0,0,3,0,0,0,0,0,0,-1,0,1,0,1,0,0,0,0,0,0,0,0,0,0
64423612,[Scarab],0,0,[0|0|0],73012,73052,74012,1,1,1,1,1,1,1,1,255,255,255,17,0,0,0,0,0,60,42,36,0,73.069,93.716,71.725,0,0,0,0,0,3,0,0,0,0,0,0,-1,0,1,0,1,0,0,0,0,0,0,0,0,0,0
64423613,[Scarab],0,0,[0|0|0],73013,73053,74013,1,1,1,1,1,1,1,1,255,255,255,17,0,0,0,0,0,60,42,36,0,-21.347,93.642,-98.036,0,0,0,0,0,3,0,0,0,0,0,0,-1,0,1,0,1,0,0,0,0,0,0,0,0,0,0
64423618,[Scarab],0,0,[0|0|0],74094,73094,74054,1,1,1,1,1,1,1,1,255,255,255,17,0,0,0,0,0,60,42,36,50,-37.98,183.86,89.07,0,0,0,0,0,3,0,0,0,0,0,0,-1,0,1,0,1,0,0,0,0,0,0,0,0,0,0
64423619,[Scarab],0,0,[0|0|0],74095,73095,74055,1,1,1,1,1,1,1,1,255,255,255,17,0,0,0,0,0,60,42,36,50,130.56,172.71,-77.07,0,0,0,0,0,3,0,0,0,0,0,0,-1,0,1,0,1,0,0,0,0,0,0,0,0,0,0
64423650,[Buried Treasure],0,0,[0|0|0],8130,9110,1045378200,1,1,1,1,1,1,1,1,255,255,255,62,0,0,0,0,0,60,45,37,0,104.66,32.97,-51.22,0,0,0,0,0,3,0,0,0,0,0,0,-1,0,1,0,0,0,0,0,0,0,0,0,0,0,0
64423690,[Formidable Field Boss],0,0,[0|0|0],72449,0,0,1,1,1,1,1,1,1,1,255,255,255,28,0,0,0,0,0,60,42,36,50,-67.718,169.669,-67.873,0,0,0,0,0,2,1,0,0,1026500800,0,0,-1,0,1,0,0,41,0,0,0,0,0,0,0,0,0
64423691,[Formidable Field Boss],0,0,[0|0|0],72451,0,0,1,1,1,1,1,1,1,1,255,255,255,28,0,0,0,0,0,60,42,36,50,81.006,131.591,81.177,0,0,0,0,0,2,1,0,0,1026500850,0,0,-1,0,1,0,0,41,0,72486,0,0,0,0,0,0,0
64423692,[Field Boss],0,0,[0|0|0],72452,0,0,1,1,1,1,1,1,1,1,255,255,255,16,0,0,0,0,0,60,42,36,50,103.09,138.65,-6.37,0,0,0,0,0,2,1,0,0,1026500810,0,0,-1,0,1,0,0,40,0,72487,0,0,0,0,0,0,0
64423693,[Field Boss],0,0,[0|0|0],72461,0,0,1,1,1,1,1,1,1,1,255,255,255,16,0,0,0,0,0,60,42,36,50,71.95,132.01,140.87,0,0,0,0,0,2,1,0,0,1026500820,0,0,-1,0,1,0,0,40,0,0,0,0,0,0,0,0,0
64423694,[Field Boss],0,0,[0|0|0],72464,0,0,1,1,1,1,1,1,1,1,255,255,255,16,0,0,0,0,0,60,42,36,50,-64.61,134.28,129.28,0,0,0,0,0,2,1,0,0,1026500830,0,0,-1,0,1,0,0,40,0,72470,0,0,0,0,0,0,0
64423695,[Field Boss],0,0,[0|0|0],72465,0,0,1,1,1,1,1,1,1,1,255,255,255,16,0,0,0,0,0,60,42,36,50,103.06,146.68,-49.05,0,0,0,0,0,2,1,0,0,1026500840,0,0,-1,0,1,0,0,40,0,72471,0,0,0,0,0,0,0
64423696,[Field Boss],0,0,[0|0|0],72466,0,0,1,1,1,1,1,1,1,1,255,255,255,16,0,0,0,0,0,60,42,36,50,-14.61,139.46,83.88,0,0,0,0,0,2,1,0,0,1026500860,0,0,-1,0,1,0,0,40,0,72472,0,0,0,0,0,0,0
64423710,[Scarab],0,0,[0|0|0],73014,73054,74014,1,1,1,1,1,1,1,1,255,255,255,17,0,0,0,0,0,60,42,37,0,-15.422,117.542,122.154,0,0,0,0,0,3,0,0,0,0,0,0,-1,0,1,0,1,0,0,0,0,0,0,0,0,0,0
64423711,[Scarab],0,0,[0|0|0],73015,73055,74015,1,1,1,1,1,1,1,1,255,255,255,17,0,0,0,0,0,60,42,37,0,-57.764,109.97,-37.325,0,0,0,0,0,3,0,0,0,0,0,0,-1,0,1,0,1,0,0,0,0,0,0,0,0,0,0
64423712,[Scarab],0,0,[0|0|0],73016,73056,74016,1,1,1,1,1,1,1,1,255,255,255,17,0,0,0,0,0,60,42,37,0,-14.43,157.136,36.493,0,0,0,0,0,3,0,0,0,0,0,0,-1,0,1,0,1,0,0,0,0,0,0,0,0,0,0
64423719,[Scarab],0,0,[0|0|0],74096,73096,74056,1,1,1,1,1,1,1,1,255,255,255,17,0,0,0,0,0,60,42,37,50,-37.07,152.76,20.14,0,0,0,0,0,3,0,0,0,0,0,0,-1,0,1,0,1,0,0,0,0,0,0,0,0,0,0
64423748,[Buried Treasure],0,0,[0|0|0],8128,9108,1043378220,1,1,1,1,1,1,1,1,255,255,255,62,0,0,0,0,0,60,43,37,0,98.96,64.72,-124.36,0,0,0,0,0,3,0,0,0,0,0,0,-1,0,1,0,0,0,0,0,0,0,0,0,0,0,0
64423790,[Formidable Field Boss],0,0,[0|0|0],72458,0,0,1,1,1,1,1,1,1,1,255,255,255,28,0,0,0,0,0,60,42,37,50,138.635,93.432,84.873,0,0,0,0,0,2,1,0,0,1027500800,0,0,-1,0,1,0,0,41,0,72490,0,0,0,0,0,0,0
64423810,[Scarab],0,0,[0|0|0],73017,73057,74017,1,1,1,1,1,1,1,1,255,255,255,17,0,0,0,0,0,60,42,38,0,-87.356,133.939,-111.753,0,0,0,0,0,3,0,0,0,0,0,0,-1,0,1,0,1,0,0,0,0,0,0,0,0,0,0
64423811,[Scarab],0,0,[0|0|0],73018,73058,74018,1,1,1,1,1,1,1,1,255,255,255,17,0,0,0,0,0,60,42,38,0,95.449,182.545,71.308,0,0,0,0,0,3,0,0,0,0,0,0,-1,0,1,0,1,0,0,0,0,0,0,0,0,0,0
64423839,[Ruins],0,0,[0|0|0],0,0,0,1,1,1,1,1,1,1,1,255,255,255,3,0,0,0,0,0,60,42,38,10,-50.17,235.44,-44.27,40804,0,0,0,0,2,1,0,0,1028100820,0,0,-1,42608,1,0,10,0,0,0,0,0,74962,0,0,0,0
64423844,[Buried Treasure],0,0,[0|0|0],8124,9104,1042388200,1,1,1,1,1,1,1,1,255,255,255,62,0,0,0,0,0,60,42,38,0,0.291,197.205,48.138,0,0,0,0,0,3,0,0,0,0,0,0,-1,0,1,0,0,0,0,0,0,0,0,0,0,0,0
64423890,[Formidable Field Boss],0,0,[0|0|0],1028100201,0,0,1,1,1,1,1,1,1,1,255,255,255,28,0,0,0,0,0,60,42,38,10,-21.39,285.94,95.34,0,0,0,0,0,2,1,0,0,1028100800,0,0,-1,0,1,0,0,41,0,0,0,0,0,0,0,0,0
64423891,[Field Boss],0,0,[0|0|0],72442,0,0,1,1,1,1,1,1,1,1,255,255,255,16,0,0,0,0,0,60,42,38,10,89.28,192.57,97,0,0,0,0,0,2,1,0,0,1028100810,0,0,-1,0,1,0,0,40,0,72473,0,0,0,0,0,0,0
64423910,[Scarab],0,0,[0|0|0],73019,73059,74019,1,1,1,1,1,1,1,1,255,255,255,17,0,0,0,0,0,60,42,39,0,43.544,203.293,-12.632,0,0,0,0,0,3,0,0,0,0,0,0,-1,0,1,0,1,0,0,0,0,0,0,0,0,0,0
64423940,[Buried Treasure],0,0,[0|0|0],8120,9100,1042398200,1,1,1,1,1,1,1,1,255,255,255,62,0,0,0,0,0,60,42,39,0,-65,210,102,0,0,0,0,0,3,0,0,0,0,0,0,-1,0,1,0,0,0,0,0,0,0,0,0,0,0,0
64423945,[Buried Treasure],0,0,[0|0|0],8125,9105,1043388200,1,1,1,1,1,1,1,1,255,255,255,62,0,0,0,0,0,60,43,38,0,103.41,109.75,-50.55,0,0,0,0,0,3,0,0,0,0,0,0,-1,0,1,0,0,0,0,0,0,0,0,0,0,0,0
64423990,[Formidable Field Boss],0,0,[0|0|0],1029100201,0,0,1,1,1,1,1,1,1,1,255,255,255,28,0,0,0,0,0,60,42,39,10,-86.08,271.38,0.89,0,0,0,0,0,2,1,0,0,1029100800,0,0,-1,0,1,0,0,41,0,0,0,0,0,0,0,0,0
64423991,[Shifting Earth Power],0,0,[0|0|0],0,0,9193,1,1,1,1,1,1,1,1,255,255,255,61,0,0,0,0,0,60,42,39,10,60.72,369.59,-41.03,0,0,0,0,0,2,0,0,0,0,0,0,-1,0,1,0,0,0,0,0,0,0,0,0,0,0,0
64423992,,0,0,[0|0|0],72450,0,0,1,1,1,1,1,1,1,1,255,255,255,0,0,0,0,0,0,60,42,39,10,-91.995,266.52,1.031,0,0,0,0,0,0,0,0,53,0,0,72450,-1,0,1,0,0,0,0,0,0,0,0,0,0,0,0
64433610,[Scarab],0,0,[0|0|0],73020,73060,74020,1,1,1,1,1,1,1,1,255,255,255,17,0,0,0,0,0,60,43,36,0,60.114,64.715,48.074,0,0,0,0,0,3,0,0,0,0,0,0,-1,0,1,0,1,0,0,0,0,0,0,0,0,0,0
64433611,[Scarab],0,0,[0|0|0],73021,73061,74021,1,1,1,1,1,1,1,1,255,255,255,17,0,0,0,0,0,60,43,36,0,117.154,65.298,-66.699,0,0,0,0,0,3,0,0,0,0,0,0,-1,0,1,0,1,0,0,0,0,0,0,0,0,0,0
64433612,[Scarab],0,0,[0|0|0],73022,73062,74022,1,1,1,1,1,1,1,1,255,255,255,17,0,0,0,0,0,60,43,36,0,2.594,64.718,89.747,0,0,0,0,0,3,0,0,0,0,0,0,-1,0,1,0,1,0,0,0,0,0,0,0,0,0,0
64433619,[Scarab],0,0,[0|0|0],74097,73097,74057,1,1,1,1,1,1,1,1,255,255,255,17,0,0,0,0,0,60,43,36,50,16.89,142.61,-69.68,0,0,0,0,0,3,0,0,0,0,0,0,-1,0,1,0,1,0,0,0,0,0,0,0,0,0,0
64433690,[Formidable Field Boss],0,0,[0|0|0],72459,0,0,1,1,1,1,1,1,1,1,255,255,255,28,0,0,0,0,0,60,43,36,50,113.57,64.71,-22.92,0,0,0,0,0,2,1,0,0,1036500800,0,0,-1,0,1,0,0,41,0,72491,0,0,0,0,0,0,0
64433691,[Field Boss],0,0,[0|0|0],72462,0,0,1,1,1,1,1,1,1,1,255,255,255,16,0,0,0,0,0,60,43,36,50,-13.99,83.8,-35.99,0,0,0,0,0,2,1,0,0,1036500820,0,0,-1,0,1,0,0,40,0,0,0,0,0,0,0,0,0
64433700,[Castle],0,0,[0|0|0],0,0,6011,1,1,1,1,1,1,1,1,255,255,255,11,0,0,0,0,0,60,43,37,0,55.92,132.3,63.88,0,0,0,0,0,2,1,1,0,73000,74000,0,-1,0,1,0,10,0,0,0,0,0,0,0,0,0,0
64433710,[Scarab],0,0,[0|0|0],73023,73063,74023,1,1,1,1,1,1,1,1,255,255,255,17,0,0,0,0,0,60,43,37,0,-19.11,100.35,98.753,0,0,0,0,0,3,0,0,0,0,0,0,-1,0,1,0,1,0,0,0,0,0,0,0,0,0,0
64433719,[Scarab],0,0,[0|0|0],74098,73098,74058,1,1,1,1,1,1,1,1,255,255,255,17,0,0,0,0,0,60,43,37,50,76.39,97.86,-77.98,0,0,0,0,0,3,0,0,0,0,0,0,-1,0,1,0,1,0,0,0,0,0,0,0,0,0,0
64433749,[Buried Treasure],0,0,[0|0|0],8129,9109,1042368200,1,1,1,1,1,1,1,1,255,255,255,62,0,0,0,0,0,60,42,36,0,16.51,83.77,22.98,0,0,0,0,0,3,0,0,0,0,0,0,-1,0,1,0,0,0,0,0,0,0,0,0,0,0,0
64433790,[Field Boss],0,0,[0|0|0],72460,0,0,1,1,1,1,1,1,1,1,255,255,255,16,0,0,0,0,0,60,43,37,50,115.29,64.72,36.86,0,0,0,0,0,2,1,0,0,1037500800,0,0,-1,0,1,0,0,40,0,72492,0,0,0,0,0,0,0
64433800,[Mine],0,0,[0|0|0],0,0,6011,1,1,1,1,1,1,1,1,255,255,255,23,0,0,0,0,0,60,43,38,0,-132.33,166.89,3.33,0,0,0,0,0,2,0,0,0,0,0,0,-1,0,3,0,20,0,0,0,0,0,0,0,0,0,0
64433810,[Scarab],0,0,[0|0|0],73024,73064,74024,1,1,1,1,1,1,1,1,255,255,255,17,0,0,0,0,0,60,43,38,0,-18.198,142.637,-9.443,0,0,0,0,0,3,0,0,0,0,0,0,-1,0,1,0,1,0,0,0,0,0,0,0,0,0,0
64433811,[Scarab],0,0,[0|0|0],73025,73065,74025,1,1,1,1,1,1,1,1,255,255,255,17,0,0,0,0,0,60,43,38,0,97.739,95.71,-19.974,0,0,0,0,0,3,0,0,0,0,0,0,-1,0,1,0,1,0,0,0,0,0,0,0,0,0,0
64433820,[Church],0,0,[0|0|0],0,0,0,1,1,1,1,1,1,1,1,255,255,255,2,0,0,0,0,0,60,43,38,20,-15.78,100.56,85.03,40802,40804,0,0,0,2,0,0,0,0,0,0,-1,0,1,0,10,0,30,0,1038204700,0,74960,0,0,0,0
64433846,[Buried Treasure],0,0,[0|0|0],8126,9106,1044388210,1,1,1,1,1,1,1,1,255,255,255,62,0,0,0,0,0,60,44,38,0,59.27,41.38,-115.77,0,0,0,0,0,3,0,0,0,0,0,0,-1,0,1,0,0,0,0,0,0,0,0,0,0,0,0
64433890,[Field Boss],0,0,[0|0|0],72445,0,0,1,1,1,1,1,1,1,1,255,255,255,16,0,0,0,0,0,60,43,38,10,5.69,191.39,124.82,0,0,0,0,0,2,1,0,0,1038100800,0,0,-1,0,1,0,0,40,0,72476,0,0,0,0,0,0,0
64433891,[Formidable Field Boss],0,0,[0|0|0],72448,0,0,1,1,1,1,1,1,1,1,255,255,255,28,0,0,0,0,0,60,43,38,20,-27.204,69.789,-26.386,0,0,0,0,0,2,1,0,0,1038202800,0,0,-1,0,1,0,0,41,0,72479,0,0,0,0,0,0,0
64433892,[Field Boss],0,0,[0|0|0],72454,0,0,1,1,1,1,1,1,1,1,255,255,255,16,0,0,0,0,0,60,44,39,20,38.007,54.318,-100.726,0,0,0,0,0,2,1,0,0,1049202810,0,0,-1,0,1,0,0,40,0,72480,0,0,0,0,0,0,0
64433893,[Field Boss],0,0,[0|0|0],72455,0,0,1,1,1,1,1,1,1,1,255,255,255,16,0,0,0,0,0,60,43,39,20,-8.159,100.786,-16.66,0,0,0,0,0,2,1,0,0,1039202800,0,0,-1,0,1,0,0,40,0,72481,0,0,0,0,0,0,0
64433894,[Field Boss],0,0,[0|0|0],72456,0,0,1,1,1,1,1,1,1,1,255,255,255,16,0,0,0,0,0,60,44,39,20,-110.12,-36.021,-0.022,0,0,0,0,0,2,1,0,0,1049202800,0,0,-1,0,2,0,0,40,0,72482,0,0,0,0,0,0,0
64433895,[Field Boss],0,0,[0|0|0],72467,0,0,1,1,1,1,1,1,1,1,255,255,255,16,0,0,0,0,0,60,43,39,20,-86.258,189.49,-79.923,0,0,0,0,0,2,1,0,0,1039202810,0,0,-1,0,1,0,0,40,0,72483,0,0,0,0,0,0,0
64433896,[Field Boss],0,0,[0|0|0],72468,0,0,1,1,1,1,1,1,1,1,255,255,255,16,0,0,0,0,0,60,44,39,20,101.856,117.01,54.843,0,0,0,0,0,2,1,0,0,1049202820,0,0,-1,0,1,0,0,40,0,72484,0,0,0,0,0,0,0
64433899,[Fort],0,0,[0|0|0],0,0,72200,1,1,1,1,1,1,1,1,255,255,255,7,0,0,0,0,0,60,43,39,0,0,176,-77,40806,0,0,0,0,2,1,0,0,0,0,0,-1,0,1,0,10,0,0,0,0,0,0,0,0,0,0
64433900,[Mine],0,0,[0|0|0],0,0,6011,1,1,1,1,1,1,1,1,255,255,255,23,0,0,0,0,0,60,43,39,0,76.72,103.18,-109.95,0,0,0,0,0,2,0,0,0,0,0,0,-1,0,3,0,20,0,0,0,0,0,0,0,0,0,0
64433910,[Scarab],0,0,[0|0|0],73026,73066,74026,1,1,1,1,1,1,1,1,255,255,255,17,0,0,0,0,0,60,43,39,0,-85.238,221.707,-92.125,0,0,0,0,0,3,0,0,0,0,0,0,-1,0,1,0,1,0,0,0,0,0,0,0,0,0,0
64433911,[Scarab],0,0,[0|0|0],73027,73067,74027,1,1,1,1,1,1,1,1,255,255,255,17,0,0,0,0,0,60,43,39,0,-91.811,208.667,76.632,0,0,0,0,0,3,0,0,0,0,0,0,-1,0,1,0,1,0,0,0,0,0,0,0,0,0,0
64433941,[Buried Treasure],0,0,[0|0|0],8121,9101,1043398200,1,1,1,1,1,1,1,1,255,255,255,62,0,0,0,0,0,60,43,39,0,-64,191,19,0,0,0,0,0,3,0,0,0,0,0,0,-1,0,1,0,0,0,0,0,0,0,0,0,0,0,0
64433990,[Formidable Field Boss],0,0,[0|0|0],1039100206,0,0,1,1,1,1,1,1,1,1,255,255,255,28,0,0,0,0,0,60,43,39,10,-34.26,210.12,81.69,0,0,0,0,0,2,1,0,0,1039100801,0,0,-1,0,1,0,0,41,0,0,0,0,0,0,0,0,0
64433991,[Formidable Field Boss],0,0,[0|0|0],1039100201,0,0,1,1,1,1,1,1,1,1,255,255,255,28,0,0,0,0,0,60,43,39,10,-80.38,283.6,-50.31,0,0,0,0,0,2,1,0,0,1039100800,0,0,-1,0,1,0,0,41,0,0,0,0,0,0,0,0,0
64433992,[Field Boss],0,0,[0|0|0],72453,0,0,1,1,1,1,1,1,1,1,255,255,255,16,0,0,0,0,0,60,43,39,10,-121.105,241.753,88.542,0,0,0,0,0,2,1,0,0,1039100810,0,0,-1,0,1,0,0,40,0,72488,0,0,0,0,0,0,0
64433993,[Field Boss],0,0,[0|0|0],72457,0,0,1,1,1,1,1,1,1,1,255,255,255,16,0,0,0,0,0,60,43,39,10,47.865,174.156,84.129,0,0,0,0,0,2,1,0,0,1039100820,0,0,-1,0,1,0,0,40,0,72489,0,0,0,0,0,0,0
64433994,[Formidable Field Boss],0,0,[0|0|0],1039100211,0,0,1,1,1,1,1,1,1,1,255,255,255,28,0,0,0,0,0,60,43,39,10,-80.38,283.6,-50.31,0,0,0,0,0,2,1,0,0,1039100800,0,0,-1,0,1,0,0,41,0,0,0,0,0,0,0,0,0
64433995,[Field Boss],0,0,[0|0|0],72463,0,0,1,1,1,1,1,1,1,1,255,255,255,16,0,0,0,0,0,60,42,39,10,-4.85,229.19,61.79,0,0,0,0,0,2,1,0,0,1029100820,0,0,-1,0,1,0,0,40,0,72495,0,0,0,0,0,0,0
64433999,[Ruins],0,0,[0|0|0],0,0,72200,1,1,1,1,1,1,1,1,255,255,255,3,0,0,0,0,0,60,43,38,0,-128,188,92,0,0,0,0,0,2,0,0,0,0,0,0,-1,0,1,0,10,0,0,0,0,0,0,0,0,0,0
64443600,[Mine],0,0,[0|0|0],0,0,72561,1,1,1,1,1,1,1,1,255,255,255,23,0,0,0,0,0,60,43,36,0,122.4,64.99,97.35,0,0,0,0,0,2,60,0,0,97112,0,0,-1,0,3,0,20,0,0,0,0,0,0,0,0,0,0
64443601,[Mine],0,0,[0|0|0],0,0,6011,1,1,1,1,1,1,1,1,255,255,255,23,0,0,0,0,0,60,44,36,0,110.62,37.92,13.64,0,0,0,0,0,2,60,0,0,97112,0,0,-1,0,3,0,20,0,0,0,0,0,0,0,0,0,0
64443602,[Mine],0,0,[0|0|0],0,0,72560,1,1,1,1,1,1,1,1,255,255,255,23,0,0,0,0,0,60,43,36,50,122.4,64.99,97.35,0,0,0,0,0,2,60,0,0,97112,0,0,-1,0,3,0,20,0,0,0,0,0,0,0,0,0,0
64443630,[Shifting Earth Power],0,0,[0|0|0],1056304580,1046300590,9192,1,1,1,1,1,1,1,1,255,255,255,61,0,0,0,0,0,60,44,36,30,98.66,70.18,-54.77,0,0,0,0,0,2,0,0,0,0,0,0,-1,0,1,0,0,0,0,0,0,0,0,0,0,0,0
64443710,[Scarab],0,0,[0|0|0],73028,73068,74028,1,1,1,1,1,1,1,1,255,255,255,17,0,0,0,0,0,60,44,37,0,5.925,54.973,53.607,0,0,0,0,0,3,0,0,0,0,0,0,-1,0,1,0,1,0,0,0,0,0,0,0,0,0,0
64443711,[Scarab],0,0,[0|0|0],73029,73069,74029,1,1,1,1,1,1,1,1,255,255,255,17,0,0,0,0,0,60,44,37,0,107.123,107.123,-91.297,0,0,0,0,0,3,0,0,0,0,0,0,-1,0,1,0,1,0,0,0,0,0,0,0,0,0,0
64443730,[Shifting Earth Power],0,0,[0|0|0],1056304580,1047300590,9192,1,1,1,1,1,1,1,1,255,255,255,61,0,0,0,0,0,60,44,37,30,-24.1,67.47,-128.14,0,0,0,0,0,2,0,0,0,0,0,0,-1,0,1,0,0,0,0,0,0,0,0,0,0,0,0
64443800,[Mine],0,0,[0|0|0],0,0,6011,1,1,1,1,1,1,1,1,255,255,255,23,0,0,0,0,0,60,44,38,0,51.58,92.21,116.86,0,0,0,0,0,2,0,0,0,0,0,0,-1,0,3,0,20,0,0,0,0,0,0,0,0,0,0
64443801,[Scarab],0,0,[0|0|0],73900,0,0,1,1,1,1,1,1,1,1,255,255,255,178,0,0,0,0,0,60,44,38,0,-125.16,65.5,-80.85,0,0,0,0,0,2,0,0,0,0,0,0,-1,0,1,0,0,0,0,0,0,0,0,0,0,0,0
64443810,[Scarab],0,0,[0|0|0],73030,73070,74030,1,1,1,1,1,1,1,1,255,255,255,17,0,0,0,0,0,60,44,38,0,29.978,49.682,-124.657,0,0,0,0,0,3,0,0,0,0,0,0,-1,0,1,0,1,0,0,0,0,0,0,0,0,0,0
64443811,[Scarab],0,0,[0|0|0],73031,73071,74031,1,1,1,1,1,1,1,1,255,255,255,17,0,0,0,0,0,60,44,38,0,-40.215,116.014,118.236,0,0,0,0,0,3,0,0,0,0,0,0,-1,0,1,0,1,0,0,0,0,0,0,0,0,0,0
64443847,[Buried Treasure],0,0,[0|0|0],8127,9107,1042378200,1,1,1,1,1,1,1,1,255,255,255,62,0,0,0,0,0,60,42,37,0,4.87,144.46,111.69,0,0,0,0,0,3,0,0,0,0,0,0,-1,0,1,0,0,0,0,0,0,0,0,0,0,0,0
64443890,[Formidable Field Boss],0,0,[0|0|0],72446,0,0,1,1,1,1,1,1,1,1,255,255,255,28,0,0,0,0,0,60,44,38,20,-10.23,-135.65,-4.65,0,0,0,0,0,2,1,0,0,1048202800,0,0,-1,0,2,0,0,41,0,72477,0,0,0,0,0,0,0
64443900,[Mine],0,0,[0|0|0],0,0,6011,1,1,1,1,1,1,1,1,255,255,255,23,0,0,0,0,0,60,44,39,0,-137.73,108.43,-88.77,0,0,0,0,0,2,0,0,0,0,0,0,-1,0,3,0,20,0,0,0,0,0,0,0,0,0,0
64443910,[Scarab],0,0,[0|0|0],73032,73072,74032,1,1,1,1,1,1,1,1,255,255,255,17,0,0,0,0,0,60,44,39,0,-77.416,154.457,103.073,0,0,0,0,0,3,0,0,0,0,0,0,-1,0,1,0,1,0,0,0,0,0,0,0,0,0,0
64443911,[Scarab],0,0,[0|0|0],73033,73073,74033,1,1,1,1,1,1,1,1,255,255,255,17,0,0,0,0,0,60,44,39,0,1.915,140.369,74.262,0,0,0,0,0,3,0,0,0,0,0,0,-1,0,1,0,1,0,0,0,0,0,0,0,0,0,0
64443942,[Buried Treasure],0,0,[0|0|0],8122,9102,1044398200,1,1,1,1,1,1,1,1,255,255,255,62,0,0,0,0,0,60,44,39,0,7.58,139.63,74.3,0,0,0,0,0,3,0,0,0,0,0,0,-1,0,1,0,0,0,0,0,0,0,0,0,0,0,0
64443999,[Church (Completed)],0,0,[0|0|0],0,0,72200,1,1,1,1,1,1,1,1,255,255,255,30,0,0,0,0,0,60,44,39,0,22,132,44,0,0,0,0,0,2,0,0,0,0,0,0,-1,0,1,0,10,0,0,0,0,0,0,0,0,0,0
64453610,[Scarab],0,0,[0|0|0],73034,73074,74034,1,1,1,1,1,1,1,1,255,255,255,17,0,0,0,0,0,60,45,36,0,42.705,1.99,-34.579,0,0,0,0,0,3,0,0,0,0,0,0,-1,0,1,0,1,0,0,0,0,0,0,0,0,0,0
64453611,[Scarab],0,0,[0|0|0],73035,73075,74035,1,1,1,1,1,1,1,1,255,255,255,17,0,0,0,0,0,60,45,36,0,-112.663,29.183,20.794,0,0,0,0,0,3,0,0,0,0,0,0,-1,0,1,0,1,0,0,0,0,0,0,0,0,0,0
64453620,[Shifting Earth Power],0,0,[0|0|0],0,0,1056304581,1,1,1,1,1,1,1,1,255,255,255,61,0,0,0,0,0,60,45,36,30,-58.47,88.22,16.05,0,0,0,0,0,2,0,0,0,0,0,0,-1,0,1,0,0,0,0,0,0,0,0,0,0,0,0
64453631,[Fort],0,0,[0|0|0],0,0,0,1,1,1,1,1,1,1,1,255,255,255,7,0,0,0,0,0,60,45,36,30,-58.47,88.22,16.05,40804,40803,0,0,0,2,1,0,0,1056300800,0,0,-1,42605,1,0,10,0,0,0,0,0,74961,0,0,0,0
64453651,[Buried Treasure],0,0,[0|0|0],8131,9111,1044368200,1,1,1,1,1,1,1,1,255,255,255,62,0,0,0,0,0,60,44,36,0,0.99,99.18,-16.51,0,0,0,0,0,3,0,0,0,0,0,0,-1,0,1,0,0,0,0,0,0,0,0,0,0,0,0
64453710,[Scarab],0,0,[0|0|0],73036,73076,74036,1,1,1,1,1,1,1,1,255,255,255,17,0,0,0,0,0,60,45,37,0,114.156,34.965,-89.765,0,0,0,0,0,3,0,0,0,0,0,0,-1,0,1,0,1,0,0,0,0,0,0,0,0,0,0
64453730,[Shifting Earth Power],0,0,[0|0|0],1056304580,1057300590,9192,1,1,1,1,1,1,1,1,255,255,255,61,0,0,0,0,0,60,45,37,30,97.22,54.81,-34.28,0,0,0,0,0,2,0,0,0,0,0,0,-1,0,1,0,0,0,0,0,0,0,0,0,0,0,0
64453810,[Scarab],0,0,[0|0|0],73037,73077,74037,1,1,1,1,1,1,1,1,255,255,255,17,0,0,0,0,0,60,45,38,0,-44.21,59.406,95.446,0,0,0,0,0,3,0,0,0,0,0,0,-1,0,1,0,1,0,0,0,0,0,0,0,0,0,0
64453910,[Scarab],0,0,[0|0|0],73038,73078,74038,1,1,1,1,1,1,1,1,255,255,255,17,0,0,0,0,0,60,45,39,0,21.056,95.373,-10.468,0,0,0,0,0,3,0,0,0,0,0,0,-1,0,1,0,1,0,0,0,0,0,0,0,0,0,0
64453943,[Buried Treasure],0,0,[0|0|0],8123,9103,1045398210,1,1,1,1,1,1,1,1,255,255,255,62,0,0,0,0,0,60,45,39,0,-32.23,2.22,-70.4,0,0,0,0,0,3,0,0,0,0,0,0,-1,0,1,0,0,0,0,0,0,0,0,0,0,0,0
64900000,[Scarab],0,0,[0|0|0],73039,73079,74039,1,1,1,1,1,1,1,1,255,255,255,17,0,0,0,0,0,60,42,38,10,37.71,163.09,-104.23,0,0,0,0,0,3,0,0,0,0,0,0,-1,0,1,0,1,0,0,0,0,0,0,0,0,0,0
64900001,[Scarab],0,0,[0|0|0],73040,73080,74040,1,1,1,1,1,1,1,1,255,255,255,17,0,0,0,0,0,60,42,38,10,-103.96,222.26,3.05,0,0,0,0,0,3,0,0,0,0,0,0,-1,0,1,0,1,0,0,0,0,0,0,0,0,0,0
64900002,[Scarab],0,0,[0|0|0],73041,73081,74041,1,1,1,1,1,1,1,1,255,255,255,17,0,0,0,0,0,60,42,39,10,87.41,288.77,-0.95,0,0,0,0,0,3,0,0,0,0,0,0,-1,0,1,0,1,0,0,0,0,0,0,0,0,0,0
64900003,[Scarab],0,0,[0|0|0],73042,73082,74042,1,1,1,1,1,1,1,1,255,255,255,17,0,0,0,0,0,60,42,39,10,-40.79,344.9,-28.81,0,0,0,0,0,3,0,0,0,0,0,0,-1,0,1,0,1,0,0,0,0,0,0,0,0,0,0
64900004,[Scarab],0,0,[0|0|0],73043,73083,74043,1,1,1,1,1,1,1,1,255,255,255,17,0,0,0,0,0,60,43,38,10,-33.39,204.71,125.13,0,0,0,0,0,3,0,0,0,0,0,0,-1,0,1,0,1,0,0,0,0,0,0,0,0,0,0
64900005,[Scarab],0,0,[0|0|0],73044,73084,74044,1,1,1,1,1,1,1,1,255,255,255,17,0,0,0,0,0,60,43,38,20,56.312,73.972,-47.947,0,0,0,0,0,3,0,0,0,0,0,0,-1,0,1,0,1,0,0,0,0,0,0,0,0,0,0
64900006,[Scarab],0,0,[0|0|0],73045,73085,74045,1,1,1,1,1,1,1,1,255,255,255,17,0,0,0,0,0,60,43,38,20,105.005,-108.934,-48.982,0,0,0,0,0,3,0,0,0,0,0,0,-1,0,1,0,1,0,0,0,0,0,0,0,0,0,0
64900007,[Scarab],0,0,[0|0|0],73046,73086,74046,1,1,1,1,1,1,1,1,255,255,255,17,0,0,0,0,0,60,44,39,20,-34.385,75.558,30.705,0,0,0,0,0,3,0,0,0,0,0,0,-1,0,1,0,1,0,0,0,0,0,0,0,0,0,0
64900008,[Scarab],0,0,[0|0|0],73047,73087,74047,1,1,1,1,1,1,1,1,255,255,255,17,0,0,0,0,0,60,44,38,20,-15.468,-51.541,41.685,0,0,0,0,0,3,0,0,0,0,0,0,-1,0,1,0,1,0,0,0,0,0,0,0,0,0,0
64900009,[Scarab],0,0,[0|0|0],73048,73088,74048,1,1,1,1,1,1,1,1,255,255,255,17,0,0,0,0,0,60,43,39,20,23.309,208.23,-67.78,0,0,0,0,0,3,0,0,0,0,0,0,-1,0,1,0,1,0,0,0,0,0,0,0,0,0,0
64900010,[Scarab],0,0,[0|0|0],73049,73089,74049,1,1,1,1,1,1,1,1,255,255,255,17,0,0,0,0,0,60,44,37,30,-67.704,75.641,-4.985,0,0,0,0,0,3,0,0,0,0,0,0,-1,0,1,0,1,0,0,0,0,0,0,0,0,0,0
64900011,[Scarab],0,0,[0|0|0],74090,73090,74050,1,1,1,1,1,1,1,1,255,255,255,17,0,0,0,0,0,60,44,36,30,35.831,81.886,-104.954,0,0,0,0,0,3,0,0,0,0,0,0,-1,0,1,0,1,0,0,0,0,0,0,0,0,0,0
64900012,[Scarab],0,0,[0|0|0],74091,73091,74051,1,1,1,1,1,1,1,1,255,255,255,17,0,0,0,0,0,60,45,37,30,29.803,19.593,91.053,0,0,0,0,0,3,0,0,0,0,0,0,-1,0,1,0,1,0,0,0,0,0,0,0,0,0,0
64900013,[Scarab],0,0,[0|0|0],74092,73092,74052,1,1,1,1,1,1,1,1,255,255,255,17,0,0,0,0,0,60,45,37,30,-109.905,48.009,-102.08,0,0,0,0,0,3,0,0,0,0,0,0,-1,0,1,0,1,0,0,0,0,0,0,0,0,0,0
64900014,[Scarab],0,0,[0|0|0],74093,73093,74053,1,1,1,1,1,1,1,1,255,255,255,17,0,0,0,0,0,60,45,36,30,-16.753,91.671,-54.196,0,0,0,0,0,3,0,0,0,0,0,0,-1,0,1,0,1,0,0,0,0,0,0,0,0,0,0
65423675,[Spiritstream],0,0,[0|0|0],0,0,0,1,1,1,1,1,1,1,1,255,255,255,137,0,0,0,0,0,60,42,36,50,-59.791,128.271,60.743,0,0,0,0,0,2,0,0,0,0,0,0,-1,0,1,0,25,0,0,0,0,0,0,0,0,0,0
65423770,[Spiritstream],0,0,[0|0|0],0,0,6011,1,1,1,1,1,1,1,1,255,255,255,137,0,0,0,0,0,60,42,37,0,-42.79,114.27,-26.24,0,0,0,0,0,2,0,0,0,0,0,0,-1,0,1,0,25,0,0,0,0,0,0,0,0,0,0
65423775,[Spiritstream],0,0,[0|0|0],0,0,0,1,1,1,1,1,1,1,1,255,255,255,137,0,0,0,0,0,60,42,37,50,-35.5,133.92,-15.99,0,0,0,0,0,2,0,0,0,0,0,0,-1,0,1,0,25,0,0,0,0,0,0,0,0,0,0
65423870,[Spiritstream],0,0,[0|0|0],0,0,6011,1,1,1,1,1,1,1,1,255,255,255,137,0,0,0,0,0,60,42,38,0,-50.67,128.1,-107.28,0,0,0,0,0,2,0,0,0,0,0,0,-1,0,1,0,25,0,0,0,0,0,0,0,0,0,0
65423871,[Spiritstream],0,0,[0|0|0],0,0,6011,1,1,1,1,1,1,1,1,255,255,255,137,0,0,0,0,0,60,42,38,0,-15.92,156.71,-21.05,0,0,0,0,0,2,0,0,0,0,0,0,-1,0,1,0,25,0,0,0,0,0,0,0,0,0,0
65423872,[Spiritstream],0,0,[0|0|0],0,0,6011,1,1,1,1,1,1,1,1,255,255,255,137,0,0,0,0,0,60,42,38,0,104.61,105.43,-96.32,0,0,0,0,0,2,0,0,0,0,0,0,-1,0,1,0,25,0,0,0,0,0,0,0,0,0,0
65423875,[Spiritstream],0,0,[0|0|0],0,0,0,1,1,1,1,1,1,1,1,255,255,255,137,0,0,0,0,0,60,42,38,10,71.74,103.29,-114.32,0,0,0,0,0,2,0,0,0,0,0,0,-1,0,1,0,25,0,0,0,0,0,0,0,0,0,0
65423876,[Spiritstream],0,0,[0|0|0],0,0,0,1,1,1,1,1,1,1,1,255,255,255,137,0,0,0,0,0,60,42,38,10,-87.96,251.8,102.18,0,0,0,0,0,2,0,0,0,0,0,0,-1,0,1,0,25,0,0,0,0,0,0,0,0,0,0
65423877,[Spiritstream],0,0,[0|0|0],0,0,0,1,1,1,1,1,1,1,1,255,255,255,137,0,0,0,0,0,60,42,38,10,54.29,196.36,41.35,0,0,0,0,0,2,0,0,0,0,0,0,-1,0,1,0,25,0,0,0,0,0,0,0,0,0,0
65423970,[Spiritstream],0,0,[0|0|0],0,0,6011,1,1,1,1,1,1,1,1,255,255,255,137,0,0,0,0,0,60,42,39,0,-87.6,203.51,-116.32,0,0,0,0,0,2,0,0,0,0,0,0,-1,0,1,0,25,0,0,0,0,0,0,0,0,0,0
65423972,[Spiritstream],0,0,[0|0|0],0,0,0,1,1,1,1,1,1,1,1,255,255,255,137,0,0,0,0,0,60,42,39,10,103.92,244.36,72.62,0,0,0,0,0,2,0,0,0,0,0,0,-1,0,1,0,25,0,0,0,0,0,0,0,0,0,0
65433675,[Spiritstream],0,0,[0|0|0],0,0,0,1,1,1,1,1,1,1,1,255,255,255,137,0,0,0,0,0,60,43,36,50,-31.38,83.7,-33.42,0,0,0,0,0,2,0,0,0,0,0,0,-1,0,1,0,25,0,0,0,0,0,0,0,0,0,0
65433770,[Spiritstream],0,0,[0|0|0],0,0,6011,1,1,1,1,1,1,1,1,255,255,255,137,0,0,0,0,0,60,43,37,0,-111.66,65.28,-33.08,0,0,0,0,0,2,0,0,0,0,0,0,-1,0,1,0,25,0,0,0,0,0,0,0,0,0,0
65433775,[Spiritstream],0,0,[0|0|0],0,0,0,1,1,1,1,1,1,1,1,255,255,255,137,0,0,0,0,0,60,43,37,50,69.3,65.46,-124.4,0,0,0,0,0,2,0,0,0,0,0,0,-1,0,1,0,25,0,0,0,0,0,0,0,0,0,0
65433870,[Spiritstream],0,0,[0|0|0],0,0,6011,1,1,1,1,1,1,1,1,255,255,255,137,0,0,0,0,0,60,43,38,0,101.87,66.89,69.36,0,0,0,0,0,2,0,0,0,0,0,0,-1,0,1,0,25,0,0,0,0,0,0,0,0,0,0
65433871,[Spiritstream],0,0,[0|0|0],0,0,6011,1,1,1,1,1,1,1,1,255,255,255,137,0,0,0,0,0,60,43,38,0,-58.93,139.93,-13.27,0,0,0,0,0,2,0,0,0,0,0,0,-1,0,1,0,25,0,0,0,0,0,0,0,0,0,0
65433872,[Spiritstream],0,0,[0|0|0],0,0,6011,1,1,1,1,1,1,1,1,255,255,255,137,0,0,0,0,0,60,43,38,0,100.27,66.61,-118.99,0,0,0,0,0,2,0,0,0,0,0,0,-1,0,1,0,25,0,0,0,0,0,0,0,0,0,0
65433873,[Spiritstream],0,0,[0|0|0],0,0,0,1,1,1,1,1,1,1,1,255,255,255,137,0,0,0,0,0,60,43,38,20,100.27,66.61,-118.99,0,0,0,0,0,2,0,0,0,0,0,0,-1,0,1,0,25,0,0,0,0,0,0,0,0,0,0
65433874,[Spiritstream],0,0,[0|0|0],0,0,6011,1,1,1,1,1,1,1,1,255,255,255,137,0,0,0,0,0,60,43,38,0,77.52,107.62,108.61,0,0,0,0,0,2,0,0,0,0,0,0,-1,0,1,0,25,0,0,0,0,0,0,0,0,0,0
65433875,[Spiritstream],0,0,[0|0|0],0,0,0,1,1,1,1,1,1,1,1,255,255,255,137,0,0,0,0,0,60,43,38,20,-43.96,112.66,116.6,0,0,0,0,0,2,0,0,0,0,0,0,-1,0,1,0,25,0,0,0,0,0,0,0,0,0,0
65433877,[Spiritstream],0,0,[0|0|0],0,0,0,1,1,1,1,1,1,1,1,255,255,255,137,0,0,0,0,0,60,43,38,20,32.4,75.87,-35,0,0,0,0,0,2,0,0,0,0,0,0,-1,0,1,0,25,0,0,0,0,0,0,0,0,0,0
65433878,[Spiritstream],0,0,[0|0|0],0,0,6011,1,1,1,1,1,1,1,1,255,255,255,137,0,0,0,0,0,60,43,38,0,-49.77,155.37,59.92,0,0,0,0,0,2,0,0,0,0,0,0,-1,0,1,0,25,0,0,0,0,0,0,0,0,0,0
65433879,[Spiritstream],0,0,[0|0|0],0,0,0,1,1,1,1,1,1,1,1,255,255,255,137,0,0,0,0,0,60,43,38,10,-51.23,198.53,119.68,0,0,0,0,0,2,0,0,0,0,0,0,-1,0,1,0,25,0,0,0,0,0,0,0,0,0,0
65433880,[Spiritstream],0,0,[0|0|0],0,0,0,1,1,1,1,1,1,1,1,255,255,255,137,0,0,0,0,0,60,43,38,10,89.03,104.82,116.99,0,0,0,0,0,2,0,0,0,0,0,0,-1,0,1,0,25,0,0,0,0,0,0,0,0,0,0
65433881,[Spiritstream],0,0,[0|0|0],0,0,0,1,1,1,1,1,1,1,1,255,255,255,137,0,0,0,0,0,60,43,38,10,102.46,66.11,-118.53,0,0,0,0,0,2,0,0,0,0,0,0,-1,0,1,0,25,0,0,0,0,0,0,0,0,0,0
65433882,[Spiritstream],0,0,[0|0|0],0,0,0,1,1,1,1,1,1,1,1,255,255,255,137,0,0,0,0,0,60,43,38,10,101.68,67.11,71,0,0,0,0,0,2,0,0,0,0,0,0,-1,0,1,0,25,0,0,0,0,0,0,0,0,0,0
65433970,[Spiritstream],0,0,[0|0|0],0,0,6011,1,1,1,1,1,1,1,1,255,255,255,137,0,0,0,0,0,60,43,39,0,53.96,105.2,20.29,0,0,0,0,0,2,0,0,0,0,0,0,-1,0,1,0,25,0,0,0,0,0,0,0,0,0,0
65433971,[Spiritstream],0,0,[0|0|0],0,0,6011,1,1,1,1,1,1,1,1,255,255,255,137,0,0,0,0,0,60,43,39,0,-94.49,186.69,-23.6,0,0,0,0,0,2,0,0,0,0,0,0,-1,0,1,0,25,0,0,0,0,0,0,0,0,0,0
65433972,[Spiritstream],0,0,[0|0|0],0,0,0,1,1,1,1,1,1,1,1,255,255,255,137,0,0,0,0,0,60,43,39,20,-25.56,106.99,-13.01,0,0,0,0,0,2,0,0,0,0,0,0,-1,0,1,0,25,0,0,0,0,0,0,0,0,0,0
65433975,[Spiritstream],0,0,[0|0|0],0,0,0,1,1,1,1,1,1,1,1,255,255,255,137,0,0,0,0,0,60,43,39,10,70.9,148.22,-124.32,0,0,0,0,0,2,0,0,0,0,0,0,-1,0,1,0,25,0,0,0,0,0,0,0,0,0,0
65443670,[Spiritstream],0,0,[0|0|0],0,0,6011,1,1,1,1,1,1,1,1,255,255,255,137,0,0,0,0,0,60,44,36,0,118.33,40.78,71.04,0,0,0,0,0,2,0,0,0,0,0,0,-1,0,1,0,25,0,0,0,0,0,0,0,0,0,0
65443770,[Spiritstream],0,0,[0|0|0],0,0,6011,1,1,1,1,1,1,1,1,255,255,255,137,0,0,0,0,0,60,44,37,0,11.91,47,-57.43,0,0,0,0,0,2,0,0,0,0,0,0,-1,0,1,0,25,0,0,0,0,0,0,0,0,0,0
65443775,[Spiritstream],0,0,[0|0|0],0,0,0,1,1,1,1,1,1,1,1,255,255,255,137,0,0,0,0,0,60,44,37,50,-137.49,64.67,-3.22,0,0,0,0,0,2,0,0,0,0,0,0,-1,0,1,0,25,0,0,0,0,0,0,0,0,0,0
65443776,[Spiritstream],0,0,[0|0|0],0,0,0,1,1,1,1,1,1,1,1,255,255,255,137,0,0,0,0,0,60,44,37,50,11.51,37.5,-55.73,0,0,0,0,0,2,0,0,0,0,0,0,-1,0,1,0,25,0,0,0,0,0,0,0,0,0,0
65443870,[Spiritstream],0,0,[0|0|0],0,0,6011,1,1,1,1,1,1,1,1,255,255,255,137,0,0,0,0,0,60,44,38,0,98.54,53.76,24.43,0,0,0,0,0,2,0,0,0,0,0,0,-1,0,1,0,25,0,0,0,0,0,0,0,0,0,0
65443871,[Spiritstream],0,0,[0|0|0],0,0,6011,1,1,1,1,1,1,1,1,255,255,255,137,0,0,0,0,0,60,44,38,0,119.91,67.25,116.66,0,0,0,0,0,2,0,0,0,0,0,0,-1,0,1,0,25,0,0,0,0,0,0,0,0,0,0
65443872,[Spiritstream],0,0,[0|0|0],0,0,0,1,1,1,1,1,1,1,1,255,255,255,137,0,0,0,0,0,60,44,38,20,-4.22,41.56,50.88,0,0,0,0,0,2,0,0,0,0,0,0,-1,0,1,0,25,0,0,0,0,0,0,0,0,0,0
65443970,[Spiritstream],0,0,[0|0|0],0,0,6011,1,1,1,1,1,1,1,1,255,255,255,137,0,0,0,0,0,60,44,39,0,-140.8,105,-57.95,0,0,0,0,0,2,0,0,0,0,0,0,-1,0,1,0,25,0,0,0,0,0,0,0,0,0,0
65443971,[Spiritstream],0,0,[0|0|0],0,0,0,1,1,1,1,1,1,1,1,255,255,255,137,0,0,0,0,0,60,44,39,20,70.56,77.72,-2.2,0,0,0,0,0,2,0,0,0,0,0,0,-1,0,1,0,25,0,0,0,0,0,0,0,0,0,0
65443972,[Spiritstream],0,0,[0|0|0],0,0,0,1,1,1,1,1,1,1,1,255,255,255,137,0,0,0,0,0,60,44,39,20,19.84,144.07,-68.44,0,0,0,0,0,2,0,0,0,0,0,0,-1,0,1,0,25,0,0,0,0,0,0,0,0,0,0
65453870,[Spiritstream],0,0,[0|0|0],0,0,6011,1,1,1,1,1,1,1,1,255,255,255,137,0,0,0,0,0,60,45,38,0,90.69,16.87,58.21,0,0,0,0,0,2,0,0,0,0,0,0,-1,0,1,0,25,0,0,0,0,0,0,0,0,0,0
65453871,[Spiritstream],0,0,[0|0|0],0,0,6011,1,1,1,1,1,1,1,1,255,255,255,137,0,0,0,0,0,60,45,38,0,-21.97,22.65,106.43,0,0,0,0,0,2,0,0,0,0,0,0,-1,0,1,0,25,0,0,0,0,0,0,0,0,0,0
65453970,[Spiritstream],0,0,[0|0|0],0,0,6011,1,1,1,1,1,1,1,1,255,255,255,137,0,0,0,0,0,60,45,39,0,-38.14,4.75,-76.34,0,0,0,0,0,2,0,0,0,0,0,0,-1,0,1,0,25,0,0,0,0,0,0,0,0,0,0
161264000,,0,0,[0|0|0],0,0,6011,1,1,1,1,1,1,1,1,255,255,255,1,0,0,0,0,0,60,42,36,40,50.94,-792.473,56.267,0,0,0,0,0,2,0,0,0,0,0,0,-1,0,1,0,9,0,0,0,0,0,0,0,0,0,0
161364000,,0,0,[0|0|0],0,0,6011,1,1,1,1,1,1,1,1,255,255,255,1,0,0,0,0,0,60,43,36,40,-5.2,-593.85,0.89,0,0,0,0,0,2,0,0,0,0,0,0,-1,0,1,0,9,0,0,0,0,0,0,0,0,0,0
161364090,,0,0,[0|0|0],7663,7502,7518,1,1,1,1,1,1,1,1,255,255,255,1,0,0,0,0,0,60,43,36,40,-94.91,-764.49,121.09,0,0,0,0,0,2,0,0,0,0,0,0,-1,0,1,0,9,0,0,0,0,0,0,0,0,0,0
161374000,,0,0,[0|0|0],0,0,6011,1,1,1,1,1,1,1,1,255,255,255,1,0,0,0,0,0,60,43,37,40,-50.8,-773.18,122.26,0,0,0,0,0,2,0,0,0,0,0,0,-1,0,1,0,9,0,0,0,0,0,0,0,0,0,0
161384000,,0,0,[0|0|0],0,0,6011,1,1,1,1,1,1,1,1,255,255,255,1,0,0,0,0,0,60,43,38,40,-6.272,-718,25.684,0,0,0,0,0,2,0,0,0,0,0,0,-1,0,1,0,9,0,0,0,0,0,0,0,0,0,0
161384001,,0,0,[0|0|0],0,0,6011,1,1,1,1,1,1,1,1,255,255,255,1,0,0,0,0,0,60,43,38,40,-147.81,-675.77,-53.7,0,0,0,0,0,2,0,0,0,0,0,0,-1,0,1,0,9,0,0,0,0,0,0,0,0,0,0
161384090,,0,0,[0|0|0],7664,7502,7518,1,1,1,1,1,1,1,1,255,255,255,1,0,0,0,0,0,60,43,38,40,76.51,-724.54,-30.38,0,0,0,0,0,2,0,0,0,0,0,0,-1,0,1,0,9,0,0,0,0,0,0,0,0,0,0
161453700,,0,0,[0|0|0],0,0,6011,1,1,1,1,1,1,1,1,255,255,255,1,0,0,0,0,0,60,45,37,40,-75.852,-630.977,91.146,0,0,0,0,0,2,0,0,0,0,0,0,-1,0,1,0,9,0,0,0,0,0,0,0,0,0,0
161453900,,0,0,[0|0|0],0,0,6011,1,1,1,1,1,1,1,1,255,255,255,1,0,0,0,0,0,60,45,39,40,-0.712,-690.302,-131.013,0,0,0,0,0,2,0,0,0,0,0,0,-1,0,1,0,9,0,0,0,0,0,0,0,0,0,0
161464000,,0,0,[0|0|0],0,0,6011,1,1,1,1,1,1,1,1,255,255,255,1,0,0,0,0,0,60,44,36,40,33.48,-792.47,68.43,0,0,0,0,0,2,0,0,0,0,0,0,-1,0,2,0,9,0,0,0,0,0,0,0,0,0,0
161464001,,0,0,[0|0|0],0,0,6011,1,1,1,1,1,1,1,1,255,255,255,1,0,0,0,0,0,60,44,36,40,-47.11,-548.725,36.189,0,0,0,0,0,2,0,0,0,0,0,0,-1,0,1,0,9,0,0,0,0,0,0,0,0,0,0
161464002,,0,0,[0|0|0],0,0,6011,1,1,1,1,1,1,1,1,255,255,255,1,0,0,0,0,0,60,44,36,40,-87.899,-767.065,32.068,0,0,0,0,0,2,0,0,0,0,0,0,-1,0,2,0,9,0,0,0,0,0,0,0,0,0,0
161474000,,0,0,[0|0|0],0,0,6011,1,1,1,1,1,1,1,1,255,255,255,1,0,0,0,0,0,60,44,37,40,109.11,-602.422,-108.415,0,0,0,0,0,2,0,0,0,0,0,0,-1,0,1,0,9,0,0,0,0,0,0,0,0,0,0
161474090,,0,0,[0|0|0],7665,7502,7518,1,1,1,1,1,1,1,1,255,255,255,1,0,0,0,0,0,60,44,37,40,55.69,-808.14,35.04,0,0,0,0,0,2,0,0,0,0,0,0,-1,0,1,0,9,0,0,0,0,0,0,0,0,0,0
161484000,,0,0,[0|0|0],0,0,6011,1,1,1,1,1,1,1,1,255,255,255,1,0,0,0,0,0,60,44,38,40,88.38,-703.888,-127.271,0,0,0,0,0,2,0,0,0,0,0,0,-1,0,1,0,9,0,0,0,0,0,0,0,0,0,0
161524000,,0,0,[0|0|0],52400800,0,0,1,1,1,1,1,1,1,1,255,255,255,16,0,0,0,0,0,60,43,36,40,103.5,-747.88,-19.8,0,0,0,0,0,2,1,0,0,52400800,0,0,-1,0,2,0,0,0,0,0,0,0,0,0,0,0,0
161524001,,0,0,[0|0|0],52400810,0,0,1,1,1,1,1,1,1,1,255,255,255,16,0,0,0,0,0,60,43,36,40,23.25,-781.41,84.07,0,0,0,0,0,2,1,0,0,52400810,0,0,-1,0,2,0,0,0,0,0,0,0,0,0,0,0,0
161524200,,0,0,[0|0|0],52420800,0,0,1,1,1,1,1,1,1,1,255,255,255,16,0,0,0,0,0,60,43,36,40,49.5,-756.28,73.5,0,0,0,0,0,2,1,0,0,52420800,0,0,-1,0,2,0,0,0,0,0,0,0,0,0,0,0,0
161524201,,0,0,[0|0|0],52420810,0,0,1,1,1,1,1,1,1,1,255,255,255,16,0,0,0,0,0,60,43,36,40,23.25,-781.41,84.07,0,0,0,0,0,2,1,0,0,52420810,0,0,-1,0,2,0,0,0,0,0,0,0,0,0,0,0,0
161524500,,0,0,[0|0|0],52450800,0,0,1,1,1,1,1,1,1,1,255,255,255,16,0,0,0,0,0,60,45,38,40,47.96,-691.48,25.04,0,0,0,0,0,2,1,0,0,52450800,0,0,-1,0,1,0,0,0,0,0,0,0,0,0,0,0,0
161524501,,0,0,[0|0|0],52450810,0,0,1,1,1,1,1,1,1,1,255,255,255,16,0,0,0,0,0,60,45,38,40,-39.48,-691.78,-13.15,0,0,0,0,0,2,1,0,0,52450810,0,0,-1,0,1,0,0,0,0,0,0,0,0,0,0,0,0
161524600,,0,0,[0|0|0],52460800,0,0,1,1,1,1,1,1,1,1,255,255,255,16,0,0,0,0,0,60,45,38,40,47.96,-691.48,25.04,0,0,0,0,0,2,1,0,0,52460800,0,0,-1,0,1,0,0,0,0,0,0,0,0,0,0,0,0
161524601,,0,0,[0|0|0],52460810,0,0,1,1,1,1,1,1,1,1,255,255,255,16,0,0,0,0,0,60,45,38,40,-39.48,-691.78,-13.15,0,0,0,0,0,2,1,0,0,52460810,0,0,-1,0,1,0,0,0,0,0,0,0,0,0,0,0,0
161524700,,0,0,[0|0|0],52470800,0,0,1,1,1,1,1,1,1,1,255,255,255,16,0,0,0,0,0,60,45,38,40,47.96,-691.48,25.04,0,0,0,0,0,2,1,0,0,52470800,0,0,-1,0,1,0,0,0,0,0,0,0,0,0,0,0,0
161524701,,0,0,[0|0|0],52470810,0,0,1,1,1,1,1,1,1,1,255,255,255,16,0,0,0,0,0,60,45,38,40,-39.48,-691.78,-13.15,0,0,0,0,0,2,1,0,0,52470810,0,0,-1,0,1,0,0,0,0,0,0,0,0,0,0,0,0
161525000,,0,0,[0|0|0],52500800,0,0,1,1,1,1,1,1,1,1,255,255,255,16,0,0,0,0,0,60,42,37,40,22.05,-691.29,-28.17,0,0,0,0,0,2,1,0,0,52500800,0,0,-1,0,1,0,0,0,0,0,0,0,0,0,0,0,0
161525001,,0,0,[0|0|0],52500810,0,0,1,1,1,1,1,1,1,1,255,255,255,16,0,0,0,0,0,60,42,37,40,5.15,-741.65,-18.21,0,0,0,0,0,2,1,0,0,52500810,0,0,-1,0,1,0,0,0,0,0,0,0,0,0,0,0,0
161525200,,0,0,[0|0|0],52520800,0,0,1,1,1,1,1,1,1,1,255,255,255,16,0,0,0,0,0,60,42,37,40,22.05,-691.29,-28.17,0,0,0,0,0,2,1,0,0,52520800,0,0,-1,0,1,0,0,0,0,0,0,0,0,0,0,0,0
161525201,,0,0,[0|0|0],52520810,0,0,1,1,1,1,1,1,1,1,255,255,255,16,0,0,0,0,0,60,42,37,40,5.15,-741.65,-18.21,0,0,0,0,0,2,1,0,0,52520810,0,0,-1,0,1,0,0,0,0,0,0,0,0,0,0,0,0
161525500,,0,0,[0|0|0],52550800,0,0,1,1,1,1,1,1,1,1,255,255,255,16,0,0,0,0,0,60,45,36,40,-25.23,-778.78,22.94,0,0,0,0,0,2,1,0,0,52550800,0,0,-1,0,2,0,0,0,0,0,0,0,0,0,0,0,0
161525501,,0,0,[0|0|0],52550810,0,0,1,1,1,1,1,1,1,1,255,255,255,16,0,0,0,0,0,60,45,36,40,46.34,-844.67,-2.45,0,0,0,0,0,2,1,0,0,52550810,0,0,-1,0,2,0,0,0,0,0,0,0,0,0,0,0,0
161525700,,0,0,[0|0|0],52570800,0,0,1,1,1,1,1,1,1,1,255,255,255,16,0,0,0,0,0,60,45,36,40,-25.23,-778.78,22.94,0,0,0,0,0,2,1,0,0,52570800,0,0,-1,0,2,0,0,0,0,0,0,0,0,0,0,0,0
161525701,,0,0,[0|0|0],52570810,0,0,1,1,1,1,1,1,1,1,255,255,255,16,0,0,0,0,0,60,45,36,40,46.34,-844.67,-2.45,0,0,0,0,0,2,1,0,0,52570810,0,0,-1,0,2,0,0,0,0,0,0,0,0,0,0,0,0
161535000,,0,0,[0|0|0],0,53500800,0,0,0,0,1,1,1,1,0,4,0,0,16,0,0,0,0,0,60,43,39,40,-93.85,-698.31,-111.71,0,0,0,0,0,2,1,0,0,76100,0,0,-1,0,1,0,0,0,0,0,0,0,0,0,0,0,0
161535001,,0,0,[0|0|0],8240,0,0,1,1,1,1,1,1,1,1,255,255,255,51,0,0,0,0,0,60,43,39,40,-9.41,-591.51,-96.37,0,0,0,0,0,2,1,0,0,8242,0,0,-1,0,257,0,0,41,0,8241,0,0,0,0,0,0,0
161535100,,0,0,[0|0|0],0,53510800,0,0,0,0,1,1,1,1,0,4,0,0,16,0,0,0,0,0,60,43,39,40,-93.85,-698.31,-111.71,0,0,0,0,0,2,1,0,0,76100,0,0,-1,0,3,0,0,0,0,0,0,0,0,0,0,0,0
161536700,,0,0,[0|0|0],0,53670810,0,1,1,1,1,0,1,1,0,4,0,0,16,0,0,0,0,0,60,44,36,40,86.19,-560.1,69.5,0,0,0,0,0,2,1,0,0,76104,0,0,-1,0,1,0,0,0,0,0,0,0,0,0,0,0,0
161536701,,0,0,[0|0|0],8260,0,0,1,1,1,1,1,1,1,1,255,255,255,51,0,0,0,0,0,60,44,36,40,10.87,-509.79,47.79,0,0,0,0,0,2,1,0,0,8262,0,0,-1,0,257,0,0,41,0,8261,0,0,0,0,0,0,0
161536800,,0,0,[0|0|0],0,53680800,0,1,1,1,1,0,1,1,0,4,0,0,16,0,0,0,0,0,60,44,36,40,58.64,-570.91,51.04,0,0,0,0,0,2,1,0,0,76104,0,0,-1,0,1,0,0,0,0,0,0,0,0,0,0,0,0
161538100,,0,0,[0|0|0],0,53810800,0,1,0,0,0,1,1,1,0,4,0,0,16,0,0,0,0,0,60,45,37,40,-110.37,-592.05,-5.23,0,0,0,0,0,2,1,0,0,76105,0,0,-1,0,1,0,0,0,0,0,0,0,0,0,0,0,0
161538200,,0,0,[0|0|0],8250,0,0,1,1,1,1,1,1,1,1,255,255,255,51,0,0,0,0,0,60,44,37,40,124.37,-566.73,-43.79,0,0,0,0,0,2,1,0,0,8252,0,0,-1,0,257,0,0,41,0,8251,0,0,0,0,0,0,0
161538300,,0,0,[0|0|0],0,53830800,0,1,0,0,0,1,1,1,0,4,0,0,16,0,0,0,0,0,60,45,37,40,-108.34,-592.05,-2.36,0,0,0,0,0,2,1,0,0,76105,0,0,-1,0,1,0,0,0,0,0,0,0,0,0,0,0,0
162364000,,0,0,[0|0|0],0,0,6011,1,1,1,1,1,1,1,1,255,255,255,13,0,0,0,0,0,60,43,36,40,112.08,-754.34,115.09,0,0,0,0,0,2,0,0,0,0,0,0,-1,0,1,0,11,0,0,0,0,0,0,0,0,0,0
162374000,,0,0,[0|0|0],0,0,6011,1,1,1,1,1,1,1,1,255,255,255,13,0,0,0,0,0,60,43,37,40,-86.37,-739.34,-2.93,0,0,0,0,0,2,0,0,0,0,0,0,-1,0,1,0,11,0,0,0,0,0,0,0,0,0,0
162384000,,0,0,[0|0|0],0,0,6011,1,1,1,1,1,1,1,1,255,255,255,13,0,0,0,0,0,60,43,38,40,-8.37,-702.05,86.64,0,0,0,0,0,2,0,0,0,0,0,0,-1,0,1,0,11,0,0,0,0,0,0,0,0,0,0
162494000,,0,0,[0|0|0],0,0,6011,1,1,1,1,1,1,1,1,255,255,255,13,0,0,0,0,0,60,45,39,40,-108.18,-682.95,-72.72,0,0,0,0,0,2,0,0,0,0,0,0,-1,0,1,0,11,0,0,0,0,0,0,0,0,0,0
162574000,,0,0,[0|0|0],0,0,6011,1,1,1,1,1,1,1,1,255,255,255,13,0,0,0,0,0,60,45,37,40,-116.08,-715.55,101.03,0,0,0,0,0,2,0,0,0,0,0,0,-1,0,2,0,11,0,0,0,0,0,0,0,0,0,0
163000520,,0,0,[0|0|0],73520,8077,8062,0,0,0,1,1,0,1,1,9,0,0,16,0,0,0,0,0,60,42,36,0,26,79,-4,0,0,0,0,0,2,0,0,57,0,0,0,-1,0,1,0,1,0,0,0,0,0,0,0,0,0,0
163000521,,0,0,[0|0|0],73521,8077,8062,1,0,0,1,1,0,1,1,9,0,0,16,0,0,0,0,0,60,42,38,0,-54,191.93,21,0,0,0,0,0,2,0,0,57,0,0,0,-1,0,1,0,1,0,0,0,0,0,0,0,0,0,0
163000522,,0,0,[0|0|0],73522,8077,8062,0,1,0,1,1,0,1,1,9,0,0,16,0,0,0,0,0,60,43,36,0,88,64.81,-29,0,0,0,0,0,2,0,0,57,0,0,0,-1,0,1,0,1,0,0,0,0,0,0,0,0,0,0
163000523,,0,0,[0|0|0],73523,8077,8062,1,1,0,1,1,0,1,1,9,0,0,16,0,0,0,0,0,60,43,36,0,-75,64.81,88,0,0,0,0,0,2,0,0,57,0,0,0,-1,0,1,0,1,0,0,0,0,0,0,0,0,0,0
163000524,,0,0,[0|0|0],73524,8077,8062,0,0,1,1,1,0,1,1,9,0,0,16,0,0,0,0,0,60,43,37,0,17,86.31,-58,0,0,0,0,0,2,0,0,57,0,0,0,-1,0,1,0,1,0,0,0,0,0,0,0,0,0,0
163000525,,0,0,[0|0|0],73525,8077,8062,1,0,1,1,1,0,1,1,9,0,0,16,0,0,0,0,0,60,43,38,0,-84,131.22,-62,0,0,0,0,0,2,0,0,57,0,0,0,-1,0,1,0,1,0,0,0,0,0,0,0,0,0,0
163000526,,0,0,[0|0|0],73526,8077,8062,0,1,1,1,1,0,1,1,9,0,0,16,0,0,0,0,0,60,44,37,0,-53,69.24,64,0,0,0,0,0,2,0,0,57,0,0,0,-1,0,1,0,1,0,0,0,0,0,0,0,0,0,0
163000527,,0,0,[0|0|0],73527,8077,8062,1,1,1,1,1,0,1,1,9,0,0,16,0,0,0,0,0,60,44,39,0,-34,136.97,-22,0,0,0,0,0,2,0,0,57,0,0,0,-1,0,1,0,1,0,0,0,0,0,0,0,0,0,0
163000528,,0,0,[0|0|0],73528,8077,8062,0,0,0,0,0,1,1,1,9,0,0,16,0,0,0,0,0,60,45,39,0,64,103.7,41,0,0,0,0,0,2,0,0,57,0,0,0,-1,0,1,0,1,0,0,0,0,0,0,0,0,0,0
163000529,,0,0,[0|0|0],73529,8077,8062,1,0,0,0,0,1,1,1,9,0,0,16,0,0,0,0,0,60,45,36,0,-86,28,89,0,0,0,0,0,2,0,0,57,0,0,0,-1,0,1,0,1,0,0,0,0,0,0,0,0,0,0
163000530,,0,0,[0|0|0],73530,8077,8062,0,1,0,0,0,1,1,1,9,0,0,16,0,0,0,0,0,60,45,37,0,-90.47,20.61,96.33,0,0,0,0,0,2,0,0,57,0,0,0,-1,0,1,0,1,0,0,0,0,0,0,0,0,0,0
163000531,,0,0,[0|0|0],73531,8077,8062,1,1,0,0,0,1,1,1,9,0,0,16,0,0,0,0,0,60,44,36,30,48.9,47,91.35,0,0,0,0,0,2,0,0,57,0,0,0,-1,0,1,0,1,0,0,0,0,0,0,0,0,0,0
163000532,,0,0,[0|0|0],73532,8077,8062,0,0,1,0,0,1,1,1,9,0,0,16,0,0,0,0,0,60,45,37,30,-30.53,28.19,53.87,0,0,0,0,0,2,0,0,57,0,0,0,-1,0,1,0,1,0,0,0,0,0,0,0,0,0,0
163000533,,0,0,[0|0|0],73533,8077,8062,1,0,1,0,0,1,1,1,9,0,0,16,0,0,0,0,0,60,43,38,10,-26.54,177.21,35.82,0,0,0,0,0,2,0,0,57,0,0,0,-1,0,1,0,1,0,0,0,0,0,0,0,0,0,0
163000534,,0,0,[0|0|0],73534,8077,8062,0,1,1,0,0,1,1,1,9,0,0,16,0,0,0,0,0,60,43,39,20,88.99,108.531,96.707,0,0,0,0,0,2,0,0,57,0,0,0,-1,0,1,0,1,0,0,0,0,0,0,0,0,0,0
163000535,,0,0,[0|0|0],73535,8077,8062,1,1,1,0,0,1,1,1,9,0,0,16,0,0,0,0,0,60,44,37,50,-53,69.24,64,0,0,0,0,0,2,0,0,57,0,0,0,-1,0,1,0,1,0,0,0,0,0,0,0,0,0,0
163000536,,0,0,[0|0|0],73536,8077,8062,0,0,0,1,0,1,1,1,9,0,0,16,0,0,0,0,0,60,43,37,50,36.38,89.4,41.32,0,0,0,0,0,2,0,0,57,0,0,0,-1,0,1,0,1,0,0,0,0,0,0,0,0,0,0
163001200,,0,0,[0|0|0],75200,8077,8062,0,0,0,0,1,1,0,1,4,0,0,16,0,0,0,0,0,60,43,36,40,-94.91,-764.49,121.09,0,0,0,0,0,2,0,0,57,0,0,0,-1,0,1,0,9,0,0,0,0,0,0,0,0,0,0
163001201,,0,0,[0|0|0],75201,8077,8062,1,0,0,0,1,1,0,1,4,0,0,16,0,0,0,0,0,60,43,38,40,76.51,-724.54,-30.38,0,0,0,0,0,2,0,0,57,0,0,0,-1,0,1,0,9,0,0,0,0,0,0,0,0,0,0
163001202,,0,0,[0|0|0],75202,8077,8062,0,1,0,0,1,1,0,1,4,0,0,16,0,0,0,0,0,60,44,37,40,110.27,-806.49,41.38,0,0,0,0,0,2,0,0,57,0,0,0,-1,0,2,0,9,0,0,0,0,0,0,0,0,0,0
163001520,,0,0,[0|0|0],73520,8080,0,0,0,0,1,1,0,1,1,9,0,0,0,0,0,0,0,0,60,42,36,0,26,79,-4,0,0,0,0,0,0,0,0,56,0,0,73520,-1,0,1,0,1,0,0,0,0,0,0,0,0,0,0
163001521,,0,0,[0|0|0],73521,8080,0,1,0,0,1,1,0,1,1,9,0,0,0,0,0,0,0,0,60,42,38,0,-54,191.93,21,0,0,0,0,0,0,0,0,56,0,0,73521,-1,0,1,0,1,0,0,0,0,0,0,0,0,0,0
163001522,,0,0,[0|0|0],73522,8080,0,0,1,0,1,1,0,1,1,9,0,0,0,0,0,0,0,0,60,43,36,0,88,64.81,-29,0,0,0,0,0,0,0,0,56,0,0,73522,-1,0,1,0,1,0,0,0,0,0,0,0,0,0,0
163001523,,0,0,[0|0|0],73523,8080,0,1,1,0,1,1,0,1,1,9,0,0,0,0,0,0,0,0,60,43,36,0,-75,64.81,88,0,0,0,0,0,0,0,0,56,0,0,73523,-1,0,1,0,1,0,0,0,0,0,0,0,0,0,0
163001524,,0,0,[0|0|0],73524,8080,0,0,0,1,1,1,0,1,1,9,0,0,0,0,0,0,0,0,60,43,37,0,17,86.31,-58,0,0,0,0,0,0,0,0,56,0,0,73524,-1,0,1,0,1,0,0,0,0,0,0,0,0,0,0
163001525,,0,0,[0|0|0],73525,8080,0,1,0,1,1,1,0,1,1,9,0,0,0,0,0,0,0,0,60,43,38,0,-84,131.22,-62,0,0,0,0,0,0,0,0,56,0,0,73525,-1,0,1,0,1,0,0,0,0,0,0,0,0,0,0
163001526,,0,0,[0|0|0],73526,8080,0,0,1,1,1,1,0,1,1,9,0,0,0,0,0,0,0,0,60,44,37,0,-53,69.24,64,0,0,0,0,0,0,0,0,56,0,0,73526,-1,0,1,0,1,0,0,0,0,0,0,0,0,0,0
163001527,,0,0,[0|0|0],73527,8080,0,1,1,1,1,1,0,1,1,9,0,0,0,0,0,0,0,0,60,44,39,0,-34,136.97,-22,0,0,0,0,0,0,0,0,56,0,0,73527,-1,0,1,0,1,0,0,0,0,0,0,0,0,0,0
163001528,,0,0,[0|0|0],73528,8080,0,0,0,0,0,0,1,1,1,9,0,0,0,0,0,0,0,0,60,45,39,0,64,103.7,41,0,0,0,0,0,0,0,0,56,0,0,73528,-1,0,1,0,1,0,0,0,0,0,0,0,0,0,0
163001529,,0,0,[0|0|0],73529,8080,0,1,0,0,0,0,1,1,1,9,0,0,0,0,0,0,0,0,60,45,36,0,-86,28,89,0,0,0,0,0,0,0,0,56,0,0,73529,-1,0,1,0,1,0,0,0,0,0,0,0,0,0,0
163001530,,0,0,[0|0|0],73530,8080,0,0,1,0,0,0,1,1,1,9,0,0,0,0,0,0,0,0,60,45,37,0,-90.47,20.61,96.33,0,0,0,0,0,0,0,0,56,0,0,73530,-1,0,1,0,1,0,0,0,0,0,0,0,0,0,0
163001531,,0,0,[0|0|0],73531,8080,0,1,1,0,0,0,1,1,1,9,0,0,0,0,0,0,0,0,60,44,36,30,48.9,47,91.35,0,0,0,0,0,0,0,0,56,0,0,73531,-1,0,1,0,1,0,0,0,0,0,0,0,0,0,0
163001532,,0,0,[0|0|0],73532,8080,0,0,0,1,0,0,1,1,1,9,0,0,0,0,0,0,0,0,60,45,37,30,-30.53,28.19,53.87,0,0,0,0,0,0,0,0,56,0,0,73532,-1,0,1,0,1,0,0,0,0,0,0,0,0,0,0
163001534,,0,0,[0|0|0],73534,8080,0,0,1,1,0,0,1,1,1,9,0,0,0,0,0,0,0,0,60,43,39,20,88.99,108.531,96.707,0,0,0,0,0,0,0,0,56,0,0,73534,-1,0,1,0,1,0,0,0,0,0,0,0,0,0,0
163001535,,0,0,[0|0|0],73535,8080,0,1,1,1,0,0,1,1,1,9,0,0,0,0,0,0,0,0,60,44,37,50,-53,69.24,64,0,0,0,0,0,0,0,0,56,0,0,73535,-1,0,1,0,1,0,0,0,0,0,0,0,0,0,0
163001536,,0,0,[0|0|0],73536,8080,0,0,0,0,1,0,1,1,1,9,0,0,0,0,0,0,0,0,60,43,37,50,36.38,89.4,41.32,0,0,0,0,0,0,0,0,56,0,0,73536,-1,0,1,0,1,0,0,0,0,0,0,0,0,0,0
163002200,,0,0,[0|0|0],75200,8080,0,0,0,0,0,1,1,0,1,4,0,0,0,0,0,0,0,0,60,43,36,40,-94.91,-764.49,121.09,0,0,0,0,0,0,0,0,56,0,0,75200,-1,0,1,0,9,0,0,0,0,0,0,0,0,0,0
163002201,,0,0,[0|0|0],75201,8080,0,1,0,0,0,1,1,0,1,4,0,0,0,0,0,0,0,0,60,43,38,40,76.51,-724.54,-30.38,0,0,0,0,0,0,0,0,56,0,0,75201,-1,0,1,0,9,0,0,0,0,0,0,0,0,0,0
163002202,,0,0,[0|0|0],75202,8080,0,0,1,0,0,1,1,0,1,4,0,0,0,0,0,0,0,0,60,44,37,40,110.27,-806.49,41.38,0,0,0,0,0,0,0,0,56,0,0,75202,-1,0,1,0,9,0,0,0,0,0,0,0,0,0,0
163003200,,0,0,[0|0|0],75200,8078,0,0,0,0,0,1,1,0,1,4,0,0,0,0,0,0,0,0,60,43,36,40,-94.91,-764.49,121.09,0,0,0,0,0,2,0,0,0,0,0,0,-1,0,1,0,9,0,0,0,0,0,0,0,0,0,0
163003201,,0,0,[0|0|0],75201,8078,0,1,0,0,0,1,1,0,1,4,0,0,0,0,0,0,0,0,60,43,38,40,76.51,-724.54,-30.38,0,0,0,0,0,2,0,0,0,0,0,0,-1,0,1,0,9,0,0,0,0,0,0,0,0,0,0
163003202,,0,0,[0|0|0],75202,8078,0,0,1,0,0,1,1,0,1,4,0,0,0,0,0,0,0,0,60,44,37,40,110.27,-806.49,41.38,0,0,0,0,0,2,0,0,0,0,0,0,-1,0,1,0,9,0,0,0,0,0,0,0,0,0,0
163004200,,0,0,[0|0|0],75200,8076,0,0,0,0,0,1,1,0,1,4,0,0,0,0,0,0,0,0,60,43,36,40,-94.91,-764.49,121.09,0,0,0,0,0,2,0,0,51,0,0,75200,-1,0,1,0,9,0,0,0,0,0,0,0,0,0,0
163004201,,0,0,[0|0|0],75201,8076,0,1,0,0,0,1,1,0,1,4,0,0,0,0,0,0,0,0,60,43,38,40,76.51,-724.54,-30.38,0,0,0,0,0,2,0,0,51,0,0,75201,-1,0,1,0,9,0,0,0,0,0,0,0,0,0,0
163004202,,0,0,[0|0|0],75202,8076,0,0,1,0,0,1,1,0,1,4,0,0,0,0,0,0,0,0,60,44,37,40,110.27,-806.49,41.38,0,0,0,0,0,2,0,0,51,0,0,75202,-1,0,1,0,9,0,0,0,0,0,0,0,0,0,0
163005200,,0,0,[0|0|0],75200,8079,8062,0,0,0,0,1,1,0,1,4,0,0,0,0,0,0,0,0,60,43,36,40,-94.91,-764.49,121.09,0,0,0,0,0,2,0,0,51,0,0,75200,-1,0,1,0,9,0,0,0,0,0,0,0,0,0,0
163005201,,0,0,[0|0|0],75201,8079,8062,1,0,0,0,1,1,0,1,4,0,0,0,0,0,0,0,0,60,43,38,40,76.51,-724.54,-30.38,0,0,0,0,0,2,0,0,51,0,0,75201,-1,0,1,0,9,0,0,0,0,0,0,0,0,0,0
163005202,,0,0,[0|0|0],75202,8079,8062,0,1,0,0,1,1,0,1,4,0,0,0,0,0,0,0,0,60,44,37,40,55.69,-808.12,35.04,0,0,0,0,0,2,0,0,51,0,0,75202,-1,0,1,0,9,0,0,0,0,0,0,0,0,0,0
163005210,,0,0,[0|0|0],75200,8106,8105,1,1,1,1,1,1,1,1,255,255,255,25,0,0,0,0,0,60,43,36,40,-94.91,-764.49,121.09,0,0,0,0,0,2,0,0,0,0,0,0,-1,0,1,0,1,0,0,0,0,0,0,0,0,0,0
163005211,,0,0,[0|0|0],75201,8106,8105,1,1,1,1,1,1,1,1,255,255,255,25,0,0,0,0,0,60,43,38,40,76.51,-724.54,-30.38,0,0,0,0,0,2,0,0,0,0,0,0,-1,0,1,0,1,0,0,0,0,0,0,0,0,0,0
163005212,,0,0,[0|0|0],75202,8106,8105,1,1,1,1,1,1,1,1,255,255,255,25,0,0,0,0,0,60,44,37,40,55.69,-808.12,35.04,0,0,0,0,0,2,0,0,0,0,0,0,-1,0,2,0,1,0,0,0,0,0,0,0,0,0,0
163384000,,0,0,[0|0|0],1038400230,8071,8027,1,1,1,1,1,1,1,1,255,255,255,0,0,0,0,0,0,60,43,38,40,-18.16,-709.65,-89.05,0,0,0,0,0,2,0,0,54,0,0,1038400230,-1,0,1,0,1,0,0,0,0,0,0,0,0,0,0
163464000,,0,0,[0|0|0],1046400230,8071,8027,1,1,1,1,1,1,1,1,255,255,255,0,0,0,0,0,0,60,44,36,40,-68.08,-754.17,106.67,0,0,0,0,0,2,0,0,54,0,0,1046400230,-1,0,1,0,1,0,0,0,0,0,0,0,0,0,0
164237950,,0,0,[0|0|0],8730,9110,1027408300,1,1,1,1,1,1,1,1,255,255,255,62,0,0,0,0,0,60,42,37,40,-16,-669,-88,0,0,0,0,0,3,0,0,0,0,0,0,-1,0,1,0,0,0,0,0,0,0,0,0,0,0,0
164264010,,0,0,[0|0|0],75010,75050,76010,1,1,1,1,1,1,1,1,255,255,255,17,0,0,0,0,0,60,42,36,40,110.05,-700.9,3.13,0,0,0,0,0,3,0,0,0,0,0,0,-1,0,1,0,1,0,0,0,0,0,0,0,0,0,0
164274000,,0,0,[0|0|0],0,0,0,1,1,1,1,1,1,1,1,255,255,255,21,0,0,0,0,0,60,42,37,40,75.87,-716.28,5.43,0,0,0,0,0,2,0,0,0,0,0,0,-1,0,1,0,10,0,0,0,0,0,0,0,0,0,0
164274010,,0,0,[0|0|0],75011,75051,76011,1,1,1,1,1,1,1,1,255,255,255,17,0,0,0,0,0,60,42,37,40,-52.63,-738.72,-49.44,0,0,0,0,0,3,0,0,0,0,0,0,-1,0,1,0,1,0,0,0,0,0,0,0,0,0,0
164274011,,0,0,[0|0|0],75012,75052,76012,1,1,1,1,1,1,1,1,255,255,255,17,0,0,0,0,0,60,42,37,40,-22.81,-710.42,37.03,0,0,0,0,0,3,0,0,0,0,0,0,-1,0,1,0,1,0,0,0,0,0,0,0,0,0,0
164274020,,0,0,[0|0|0],1037400250,1037400280,1037400205,1,1,1,1,1,1,1,1,255,255,255,71,0,0,0,0,0,60,42,37,40,-0.57,-763.78,167.02,0,0,0,0,0,3,0,0,0,0,0,0,-1,0,257,0,0,72,0,1037400310,0,0,0,0,0,0,0
164274021,,0,0,[0|0|0],1037400251,1037400281,1037400205,1,1,1,1,1,1,1,1,255,255,255,71,0,0,0,0,0,60,42,37,40,33.55,-692.61,-25.83,0,0,0,0,0,3,0,0,0,0,0,0,-1,0,257,0,0,72,0,1037400311,0,0,0,0,0,0,0
164274023,,0,0,[0|0|0],1037400274,1037400304,1037400205,1,1,1,1,1,1,1,1,255,255,255,71,0,0,0,0,0,60,42,37,40,-48.62,-736.53,-80.88,0,0,0,0,0,3,0,0,0,0,0,0,-1,0,257,0,0,72,0,1037400334,0,0,0,0,0,0,0
164284000,,0,0,[0|0|0],0,0,0,1,1,1,1,1,1,1,1,255,255,255,73,0,0,0,0,0,60,42,38,40,18.14,-671.93,-21.36,0,0,0,0,0,2,1,1,0,1028400201,1028400206,0,-1,0,1,0,0,0,0,0,0,65536,0,1028400211,0,0,0
164284010,,0,0,[0|0|0],75013,75053,76013,1,1,1,1,1,1,1,1,255,255,255,17,0,0,0,0,0,60,42,38,40,79.18,-676.87,34.1,0,0,0,0,0,3,0,0,0,0,0,0,-1,0,1,0,1,0,0,0,0,0,0,0,0,0,0
164294010,,0,0,[0|0|0],0,0,6011,1,1,1,1,1,1,1,1,255,255,255,23,0,0,0,0,0,60,42,39,40,35.02,-697.75,-45.06,0,0,0,0,0,2,0,0,0,0,0,0,-1,0,3,0,20,0,0,0,0,0,0,0,0,0,0
164294011,,0,0,[0|0|0],75014,75054,76014,1,1,1,1,1,1,1,1,255,255,255,17,0,0,0,0,0,60,43,39,40,-90.85,-661.29,12.46,0,0,0,0,0,3,0,0,0,0,0,0,-1,0,1,0,1,0,0,0,0,0,0,0,0,0,0
164294030,,0,0,[0|0|0],1029400210,0,0,1,1,1,1,1,1,1,1,255,255,255,16,0,0,0,0,0,60,42,39,40,28.53,-698.44,-4.14,0,0,0,0,0,2,1,0,0,1029400800,0,0,-1,0,2,0,0,40,0,0,0,0,0,0,0,0,0
164337905,,0,0,[0|0|0],8725,9105,1037408300,1,1,1,1,1,1,1,1,255,255,255,62,0,0,0,0,0,60,43,37,40,82,-782,-50,0,0,0,0,0,3,0,0,0,0,0,0,-1,0,1,0,0,0,0,0,0,0,0,0,0,0,0
164337906,,0,0,[0|0|0],8726,9106,1037408301,1,1,1,1,1,1,1,1,255,255,255,62,0,0,0,0,0,60,43,37,40,-35,-757,-11,0,0,0,0,0,3,0,0,0,0,0,0,-1,0,1,0,0,0,0,0,0,0,0,0,0,0,0
164338907,,0,0,[0|0|0],8727,9107,1038408300,1,1,1,1,1,1,1,1,255,255,255,62,0,0,0,0,0,60,43,38,40,39,-737,-120,0,0,0,0,0,3,0,0,0,0,0,0,-1,0,1,0,0,0,0,0,0,0,0,0,0,0,0
164338911,,0,0,[0|0|0],8731,9111,1038408301,1,1,1,1,1,1,1,1,255,255,255,62,0,0,0,0,0,60,43,38,40,-106,-728,-61,0,0,0,0,0,3,0,0,0,0,0,0,-1,0,1,0,0,0,0,0,0,0,0,0,0,0,0
164339909,,0,0,[0|0|0],8729,9109,1039408300,1,1,1,1,1,1,1,1,255,255,255,62,0,0,0,0,0,60,43,39,40,69,-698,-61,0,0,0,0,0,3,0,0,0,0,0,0,-1,0,1,0,0,0,0,0,0,0,0,0,0,0,0
164364010,,0,0,[0|0|0],75015,75055,76015,1,1,1,1,1,1,1,1,255,255,255,17,0,0,0,0,0,60,43,36,40,35.6,-750.86,-46.07,0,0,0,0,0,3,0,0,0,0,0,0,-1,0,2,0,1,0,0,0,0,0,0,0,0,0,0
164364011,,0,0,[0|0|0],75016,75056,76016,1,1,1,1,1,1,1,1,255,255,255,17,0,0,0,0,0,60,44,36,40,-42.81,-572.22,103.02,0,0,0,0,0,3,0,0,0,0,0,0,-1,0,1,0,1,0,0,0,0,0,0,0,0,0,0
164364021,,0,0,[0|0|0],1037400266,1037400296,1037400205,1,1,1,1,1,1,1,1,255,255,255,71,0,0,0,0,0,60,43,36,40,-135.95,-609.82,-9.94,0,0,0,0,0,3,0,0,0,0,0,0,-1,0,257,0,0,72,0,1037400326,0,0,0,0,0,0,0
164364022,,0,0,[0|0|0],1037400275,1037400305,1037400205,1,1,1,1,1,1,1,1,255,255,255,71,0,0,0,0,0,60,43,36,40,7.26,-565.9,-54.43,0,0,0,0,0,3,0,0,0,0,0,0,-1,0,257,0,0,72,0,1037400335,0,0,0,0,0,0,0
164374000,,0,0,[0|0|0],0,0,0,1,1,1,1,1,1,1,1,255,255,255,21,0,0,0,0,0,60,43,37,40,-2.004,-773.179,119.225,0,0,0,0,0,2,0,0,0,0,0,0,-1,0,1,0,10,0,0,0,0,0,0,0,0,0,0
164374010,,0,0,[0|0|0],75017,75057,76017,1,1,1,1,1,1,1,1,255,255,255,17,0,0,0,0,0,60,43,37,40,48.76,-727.78,84.59,0,0,0,0,0,3,0,0,0,0,0,0,-1,0,1,0,1,0,0,0,0,0,0,0,0,0,0
164374011,,0,0,[0|0|0],75018,75058,76018,1,1,1,1,1,1,1,1,255,255,255,17,0,0,0,0,0,60,43,37,40,-74.16,-809.25,24.47,0,0,0,0,0,3,0,0,0,0,0,0,-1,0,1,0,1,0,0,0,0,0,0,0,0,0,0
164374012,,0,0,[0|0|0],75019,75059,76019,1,1,1,1,1,1,1,1,255,255,255,17,0,0,0,0,0,60,43,37,40,-26.16,-785.24,-69.18,0,0,0,0,0,3,0,0,0,0,0,0,-1,0,1,0,1,0,0,0,0,0,0,0,0,0,0
164374013,,0,0,[0|0|0],75020,75060,76020,1,1,1,1,1,1,1,1,255,255,255,17,0,0,0,0,0,60,43,37,40,-26.16,-785.24,-69.18,0,0,0,0,0,3,0,0,0,0,0,0,-1,0,1,0,1,0,0,0,0,0,0,0,0,0,0
164374020,,0,0,[0|0|0],1037400253,1037400283,1037400205,1,1,1,1,1,1,1,1,255,255,255,71,0,0,0,0,0,60,43,37,40,31.84,-762.72,-4.05,0,0,0,0,0,3,0,0,0,0,0,0,-1,0,257,0,0,72,0,1037400313,0,0,0,0,0,0,0
164374022,,0,0,[0|0|0],1037400255,1037400285,1037400205,1,1,1,1,1,1,1,1,255,255,255,71,0,0,0,0,0,60,43,37,40,109.64,-767.65,-126.27,0,0,0,0,0,3,0,0,0,0,0,0,-1,0,257,0,0,72,0,1037400315,0,0,0,0,0,0,0
164374023,,0,0,[0|0|0],1037400272,1037400302,1037400205,1,1,1,1,1,1,1,1,255,255,255,71,0,0,0,0,0,60,43,37,40,-60.55,-794.66,-60.1,0,0,0,0,0,3,0,0,0,0,0,0,-1,0,258,0,0,72,0,1037400332,0,0,0,0,0,0,0
164374024,,0,0,[0|0|0],1037400276,1037400306,1037400205,1,1,1,1,1,1,1,1,255,255,255,71,0,0,0,0,0,60,43,37,40,-23.12,-769.79,154.65,0,0,0,0,0,3,0,0,0,0,0,0,-1,0,257,0,0,72,0,1037400336,0,0,0,0,0,0,0
164384000,,0,0,[0|0|0],0,0,0,1,1,1,1,1,1,1,1,255,255,255,76,0,0,0,0,0,60,43,38,40,-123.32,-676.36,-86.66,0,0,0,0,0,2,0,0,0,0,0,0,-1,0,1,0,0,0,0,0,0,0,0,0,0,0,0
164384010,,0,0,[0|0|0],75021,75061,76021,1,1,1,1,1,1,1,1,255,255,255,17,0,0,0,0,0,60,43,38,40,-90.85,-729.41,-54.04,0,0,0,0,0,3,0,0,0,0,0,0,-1,0,1,0,1,0,0,0,0,0,0,0,0,0,0
164384011,,0,0,[0|0|0],75022,75062,76022,1,1,1,1,1,1,1,1,255,255,255,17,0,0,0,0,0,60,43,38,40,56.06,-734.44,-105.53,0,0,0,0,0,3,0,0,0,0,0,0,-1,0,1,0,1,0,0,0,0,0,0,0,0,0,0
164384021,,0,0,[0|0|0],1037400267,1037400297,1037400205,1,1,1,1,1,1,1,1,255,255,255,71,0,0,0,0,0,60,43,38,40,-78.85,-727.61,-37.22,0,0,0,0,0,3,0,0,0,0,0,0,-1,0,257,0,0,72,0,1037400327,0,0,0,0,0,0,0
164394010,,0,0,[0|0|0],0,0,6011,1,1,1,1,1,1,1,1,255,255,255,23,0,0,0,0,0,60,43,39,40,-114.63,-675.66,13.09,0,0,0,0,0,2,0,0,0,0,0,0,-1,0,3,0,20,0,0,0,0,0,0,0,0,0,0
164394011,,0,0,[0|0|0],75023,75063,76023,1,1,1,1,1,1,1,1,255,255,255,17,0,0,0,0,0,60,43,39,40,11.35,-723.3,-7.87,0,0,0,0,0,3,0,0,0,0,0,0,-1,0,1,0,1,0,0,0,0,0,0,0,0,0,0
164394012,,0,0,[0|0|0],75024,75064,76024,1,1,1,1,1,1,1,1,255,255,255,17,0,0,0,0,0,60,43,39,40,45.56,-703.98,-121.77,0,0,0,0,0,3,0,0,0,0,0,0,-1,0,1,0,1,0,0,0,0,0,0,0,0,0,0
164394020,,0,0,[0|0|0],0,0,0,1,1,1,1,1,1,1,1,255,255,255,2,0,0,0,0,0,60,43,39,40,-8.73,-716.77,39.41,40802,0,0,0,0,2,0,0,0,0,0,0,-1,0,1,0,10,0,30,0,1039404700,0,74960,0,0,0,0
164394022,,0,0,[0|0|0],1037400277,1037400307,1037400205,1,1,1,1,1,1,1,1,255,255,255,71,0,0,0,0,0,60,43,39,40,59.03,-702.59,-108.99,0,0,0,0,0,3,0,0,0,0,0,0,-1,0,257,0,0,72,0,1037400337,0,0,0,0,0,0,0
164394050,,0,0,[0|0|0],0,0,0,1,1,1,1,1,1,1,1,255,255,255,21,0,0,0,0,0,60,43,39,40,-46.16,-702.69,-38.67,0,0,0,0,0,2,0,0,0,0,0,0,-1,0,1,0,10,0,0,0,0,0,0,0,0,0,0
164436900,,0,0,[0|0|0],8720,9100,1046408300,1,1,1,1,1,1,1,1,255,255,255,62,0,0,0,0,0,60,44,36,40,-146,-542,-70,0,0,0,0,0,3,0,0,0,0,0,0,-1,0,1,0,0,0,0,0,0,0,0,0,0,0,0
164436901,,0,0,[0|0|0],8721,9101,1046408301,1,1,1,1,1,1,1,1,255,255,255,62,0,0,0,0,0,60,44,36,40,67,-760,149,0,0,0,0,0,3,0,0,0,0,0,0,-1,0,2,0,0,0,0,0,0,0,0,0,0,0,0
164438908,,0,0,[0|0|0],8728,9108,1048408300,1,1,1,1,1,1,1,1,255,255,255,62,0,0,0,0,0,60,44,38,40,-108,-683,-18,0,0,0,0,0,3,0,0,0,0,0,0,-1,0,1,0,0,0,0,0,0,0,0,0,0,0,0
164453900,,0,0,[0|0|0],73999,0,0,1,1,1,1,1,1,1,1,255,255,255,79,0,0,0,0,0,60,45,39,40,-61,-696.851,-91.75,0,0,0,0,0,2,0,0,0,0,0,0,-1,0,1,0,10,0,0,0,0,0,0,0,0,0,0
164464000,,0,0,[0|0|0],0,0,0,1,1,1,1,1,1,1,1,255,255,255,21,0,0,0,0,0,60,44,36,40,98.15,-796.19,86.53,0,0,0,0,0,2,0,0,0,0,0,0,-1,0,2,0,10,0,0,0,0,0,0,0,0,0,0
164464010,,0,0,[0|0|0],75025,75065,76025,1,1,1,1,1,1,1,1,255,255,255,17,0,0,0,0,0,60,44,36,40,37.51,-774.32,105.68,0,0,0,0,0,3,0,0,0,0,0,0,-1,0,2,0,1,0,0,0,0,0,0,0,0,0,0
164464011,,0,0,[0|0|0],75026,75066,76026,1,1,1,1,1,1,1,1,255,255,255,17,0,0,0,0,0,60,44,36,40,-42.81,-572.22,103.02,0,0,0,0,0,3,0,0,0,0,0,0,-1,0,1,0,1,0,0,0,0,0,0,0,0,0,0
164464020,,0,0,[0|0|0],1037400256,1037400286,1037400205,1,1,1,1,1,1,1,1,255,255,255,71,0,0,0,0,0,60,44,36,40,63.39,-749.83,7.55,0,0,0,0,0,3,0,0,0,0,0,0,-1,0,258,0,0,72,0,1037400316,0,0,0,0,0,0,0
164464022,,0,0,[0|0|0],1037400278,1037400308,1037400205,1,1,1,1,1,1,1,1,255,255,255,71,0,0,0,0,0,60,44,36,40,71.49,-760.16,144.06,0,0,0,0,0,3,0,0,0,0,0,0,-1,0,258,0,0,72,0,1037400338,0,0,0,0,0,0,0
164464050,,0,0,[0|0|0],0,0,0,1,1,1,1,1,1,1,1,255,255,255,21,0,0,0,0,0,60,44,36,40,66.76,-560.2,122,0,0,0,0,0,2,0,0,0,0,0,0,-1,0,1,0,10,0,0,0,0,0,0,0,0,0,0
164474000,,0,0,[0|0|0],1037400205,0,9195,1,1,1,1,1,1,1,1,255,255,255,61,0,0,0,0,0,60,44,37,40,-59.16,-787.13,-0.71,0,0,0,0,0,2,0,0,0,0,0,0,-1,0,1,0,0,0,0,0,0,0,0,0,0,0,0
164474002,,0,0,[0|0|0],0,0,0,1,1,1,1,1,1,1,1,255,255,255,76,0,0,0,0,0,60,44,37,40,19.51,-598.41,-58.76,0,0,0,0,0,2,0,0,0,0,0,0,-1,0,1,0,0,0,0,0,0,0,0,0,0,0,0
164474011,,0,0,[0|0|0],75027,75067,76027,1,1,1,1,1,1,1,1,255,255,255,17,0,0,0,0,0,60,44,37,40,71.83,-693.043,9.233,0,0,0,0,0,3,0,0,0,0,0,0,-1,0,1,0,1,0,0,0,0,0,0,0,0,0,0
164474021,,0,0,[0|0|0],1037400259,1037400289,1037400205,1,1,1,1,1,1,1,1,255,255,255,71,0,0,0,0,0,60,44,37,40,126.35,-794.4,-25.02,0,0,0,0,0,3,0,0,0,0,0,0,-1,0,258,0,0,72,0,1037400319,0,0,0,0,0,0,0
164484010,,0,0,[0|0|0],75028,75068,76028,1,1,1,1,1,1,1,1,255,255,255,17,0,0,0,0,0,60,44,38,40,36.139,-613.16,-14.91,0,0,0,0,0,3,0,0,0,0,0,0,-1,0,1,0,1,0,0,0,0,0,0,0,0,0,0
164484011,,0,0,[0|0|0],75029,75069,76029,1,1,1,1,1,1,1,1,255,255,255,17,0,0,0,0,0,60,44,38,40,-78.121,-711.352,42.749,0,0,0,0,0,3,0,0,0,0,0,0,-1,0,1,0,1,0,0,0,0,0,0,0,0,0,0
164484020,,0,0,[0|0|0],0,0,0,1,1,1,1,1,1,1,1,255,255,255,2,0,0,0,0,0,60,44,38,40,-64.57,-714.9,-8.08,40802,0,0,0,0,2,0,0,0,0,0,0,-1,0,1,0,10,0,30,0,1048404700,0,74960,0,0,0,0
164484022,,0,0,[0|0|0],1037400270,1037400300,1037400205,1,1,1,1,1,1,1,1,255,255,255,71,0,0,0,0,0,60,44,38,40,90.68,-698.64,-91.61,0,0,0,0,0,3,0,0,0,0,0,0,-1,0,257,0,0,72,0,1037400330,0,0,0,0,0,0,0
164484023,,0,0,[0|0|0],1037400273,1037400303,1037400205,1,1,1,1,1,1,1,1,255,255,255,71,0,0,0,0,0,60,44,38,40,-91.82,-715.91,-28.64,0,0,0,0,0,3,0,0,0,0,0,0,-1,0,257,0,0,72,0,1037400333,0,0,0,0,0,0,0
164537902,,0,0,[0|0|0],8722,9102,1057408300,1,1,1,1,1,1,1,1,255,255,255,62,0,0,0,0,0,60,45,37,40,-64,-755,73,0,0,0,0,0,3,0,0,0,0,0,0,-1,0,1,0,0,0,0,0,0,0,0,0,0,0,0
164537903,,0,0,[0|0|0],8723,9103,1057408301,1,1,1,1,1,1,1,1,255,255,255,62,0,0,0,0,0,60,45,37,40,-118,-717,152,0,0,0,0,0,3,0,0,0,0,0,0,-1,0,1,0,0,0,0,0,0,0,0,0,0,0,0
164538904,,0,0,[0|0|0],8724,9104,1058408300,1,1,1,1,1,1,1,1,255,255,255,62,0,0,0,0,0,60,45,38,40,89,-683,6,0,0,0,0,0,3,0,0,0,0,0,0,-1,0,1,0,0,0,0,0,0,0,0,0,0,0,0
164564000,,0,0,[0|0|0],0,0,0,1,1,1,1,1,1,1,1,255,255,255,73,0,0,0,0,0,60,45,36,40,-47.89,-590.02,90.45,0,0,0,0,0,2,1,1,0,1056400201,1056400206,0,-1,0,1,0,0,0,0,0,0,65536,0,1056400211,0,0,0
164564010,,0,0,[0|0|0],75030,75070,76030,1,1,1,1,1,1,1,1,255,255,255,17,0,0,0,0,0,60,45,36,40,-104.46,-787.92,2.04,0,0,0,0,0,3,0,0,0,0,0,0,-1,0,2,0,1,0,0,0,0,0,0,0,0,0,0
164564011,,0,0,[0|0|0],75031,75071,76031,1,1,1,1,1,1,1,1,255,255,255,17,0,0,0,0,0,60,45,36,40,62.76,-832.27,14.98,0,0,0,0,0,3,0,0,0,0,0,0,-1,0,2,0,1,0,0,0,0,0,0,0,0,0,0
164564020,,0,0,[0|0|0],1037400261,1037400291,1037400205,1,1,1,1,1,1,1,1,255,255,255,71,0,0,0,0,0,60,45,36,40,61.23,-844.97,-15.64,0,0,0,0,0,3,0,0,0,0,0,0,-1,0,258,0,0,72,0,1037400321,0,0,0,0,0,0,0
164574010,,0,0,[0|0|0],0,0,6011,1,1,1,1,1,1,1,1,255,255,255,23,0,0,0,0,0,60,45,37,40,21,-750.04,73.9,0,0,0,0,0,2,0,0,0,0,0,0,-1,0,3,0,20,0,0,0,0,0,0,0,0,0,0
164574011,,0,0,[0|0|0],75032,75072,76032,1,1,1,1,1,1,1,1,255,255,255,17,0,0,0,0,0,60,45,37,40,-34.22,-795.75,51.06,0,0,0,0,0,3,0,0,0,0,0,0,-1,0,2,0,1,0,0,0,0,0,0,0,0,0,0
164574012,,0,0,[0|0|0],75033,75073,76033,1,1,1,1,1,1,1,1,255,255,255,17,0,0,0,0,0,60,45,37,40,-42.58,-642.01,101.7,0,0,0,0,0,3,0,0,0,0,0,0,-1,0,1,0,1,0,0,0,0,0,0,0,0,0,0
164574013,,0,0,[0|0|0],75034,75074,76034,1,1,1,1,1,1,1,1,255,255,255,17,0,0,0,0,0,60,45,37,40,-59.46,-728.02,99.05,0,0,0,0,0,3,0,0,0,0,0,0,-1,0,2,0,1,0,0,0,0,0,0,0,0,0,0
164574014,,0,0,[0|0|0],75035,75075,76035,1,1,1,1,1,1,1,1,255,255,255,17,0,0,0,0,0,60,45,37,40,-87.08,-773.52,35.29,0,0,0,0,0,3,0,0,0,0,0,0,-1,0,1,0,1,0,0,0,0,0,0,0,0,0,0
164574020,,0,0,[0|0|0],1037400262,1037400292,1037400205,1,1,1,1,1,1,1,1,255,255,255,71,0,0,0,0,0,60,45,37,40,40.45,-765.16,-42.6,0,0,0,0,0,3,0,0,0,0,0,0,-1,0,258,0,0,72,0,1037400322,0,0,0,0,0,0,0
164574021,,0,0,[0|0|0],1037400271,1037400301,1037400205,1,1,1,1,1,1,1,1,255,255,255,71,0,0,0,0,0,60,45,37,40,-66.96,-726.2,106.48,0,0,0,0,0,3,0,0,0,0,0,0,-1,0,258,0,0,72,0,1037400331,0,0,0,0,0,0,0
164574050,,0,0,[0|0|0],0,0,0,1,1,1,1,1,1,1,1,255,255,255,21,0,0,0,0,0,60,45,37,40,-101.37,-627,67.77,0,0,0,0,0,2,0,0,0,0,0,0,-1,0,1,0,10,0,0,0,0,0,0,0,0,0,0
164584010,,0,0,[0|0|0],0,0,6011,1,1,1,1,1,1,1,1,255,255,255,23,0,0,0,0,0,60,45,38,40,-10.11,-658.05,-108.12,0,0,0,0,0,2,0,0,0,0,0,0,-1,0,3,0,20,0,0,0,0,0,0,0,0,0,0
164584021,,0,0,[0|0|0],1037400279,1037400309,1037400205,1,1,1,1,1,1,1,1,255,255,255,71,0,0,0,0,0,60,45,38,40,-31.3,-649.75,-101.41,0,0,0,0,0,3,0,0,0,0,0,0,-1,0,257,0,0,72,0,1037400339,0,0,0,0,0,0,0
164594020,,0,0,[0|0|0],1037400264,1037400294,1037400205,1,1,1,1,1,1,1,1,255,255,255,71,0,0,0,0,0,60,45,39,40,-83.51,-681.62,-103.23,0,0,0,0,0,3,0,0,0,0,0,0,-1,0,257,0,0,72,0,1037400324,0,0,0,0,0,0,0
165264000,,0,0,[0|0|0],0,0,6011,1,1,1,1,1,1,1,1,255,255,255,137,0,0,0,0,0,60,42,36,40,143.49,-700.45,20.73,0,0,0,0,0,2,0,0,0,0,0,0,-1,0,1,0,25,0,0,0,0,0,0,0,0,0,0
165274000,,0,0,[0|0|0],0,0,6011,1,1,1,1,1,1,1,1,255,255,255,137,0,0,0,0,0,60,42,37,40,27.87,-743.43,-119.16,0,0,0,0,0,2,0,0,0,0,0,0,-1,0,1,0,25,0,0,0,0,0,0,0,0,0,0
165274001,,0,0,[0|0|0],0,0,6011,1,1,1,1,1,1,1,1,255,255,255,137,0,0,0,0,0,60,42,37,40,63.84,-753.62,67.54,0,0,0,0,0,2,0,0,0,0,0,0,-1,0,1,0,25,0,0,0,0,0,0,0,0,0,0
165284000,,0,0,[0|0|0],1028400201,0,6011,1,1,1,1,1,1,1,1,255,255,255,137,0,0,0,0,0,60,42,38,40,98.58,-675.07,-43.79,0,0,0,0,0,2,0,0,0,0,0,0,-1,0,1,0,25,0,0,0,0,0,0,0,0,0,0
165294000,,0,0,[0|0|0],0,0,6011,1,1,1,1,1,1,1,1,255,255,255,137,0,0,0,0,0,60,42,39,40,47.3,-727.23,-102.66,0,0,0,0,0,2,0,0,0,0,0,0,-1,0,1,0,25,0,0,0,0,0,0,0,0,0,0
165364000,,0,0,[0|0|0],0,0,6011,1,1,1,1,1,1,1,1,255,255,255,137,0,0,0,0,0,60,43,36,40,-103.44,-745.67,38.19,0,0,0,0,0,2,0,0,0,0,0,0,-1,0,1,0,25,0,0,0,0,0,0,0,0,0,0
165374001,,0,0,[0|0|0],0,0,6011,1,1,1,1,1,1,1,1,255,255,255,137,0,0,0,0,0,60,43,37,40,-118.14,-801.76,25.74,0,0,0,0,0,2,0,0,0,0,0,0,-1,0,1,0,25,0,0,0,0,0,0,0,0,0,0
165374002,,0,0,[0|0|0],0,0,6011,1,1,1,1,1,1,1,1,255,255,255,137,0,0,0,0,0,60,43,37,40,-10.19,-809.01,-87.61,0,0,0,0,0,2,0,0,0,0,0,0,-1,0,1,0,25,0,0,0,0,0,0,0,0,0,0
165394000,,0,0,[0|0|0],1039400500,0,6011,1,1,1,1,1,1,1,1,255,255,255,137,0,0,0,0,0,60,43,39,40,-103.41,-732.78,-94.69,0,0,0,0,0,2,0,0,0,0,0,0,-1,0,2,0,25,0,0,0,0,0,0,0,0,0,0
165464001,,0,0,[0|0|0],0,0,6011,1,1,1,1,1,1,1,1,255,255,255,137,0,0,0,0,0,60,44,36,40,69.01,-775.19,5.55,0,0,0,0,0,2,0,0,0,0,0,0,-1,0,2,0,25,0,0,0,0,0,0,0,0,0,0
165464002,,0,0,[0|0|0],0,0,6011,1,1,1,1,1,1,1,1,255,255,255,137,0,0,0,0,0,60,44,36,40,115.937,-629.998,119.303,0,0,0,0,0,2,0,0,0,0,0,0,-1,0,1,0,25,0,0,0,0,0,0,0,0,0,0
165464003,,0,0,[0|0|0],0,0,6011,1,1,1,1,1,1,1,1,255,255,255,137,0,0,0,0,0,60,44,36,40,-13.34,-574.8,14.47,0,0,0,0,0,2,0,0,0,0,0,0,-1,0,1,0,25,0,0,0,0,0,0,0,0,0,0
165474002,,0,0,[0|0|0],0,0,6011,1,1,1,1,1,1,1,1,255,255,255,137,0,0,0,0,0,60,44,37,40,93.21,-797.15,100.39,0,0,0,0,0,2,0,0,0,0,0,0,-1,0,3,0,25,0,0,0,0,0,0,0,0,0,0
165484000,,0,0,[0|0|0],0,0,6011,1,1,1,1,1,1,1,1,255,255,255,137,0,0,0,0,0,60,44,38,40,-97.4,-775.66,-111,0,0,0,0,0,2,0,0,0,0,0,0,-1,0,3,0,25,0,0,0,0,0,0,0,0,0,0
165574000,,0,0,[0|0|0],0,0,6011,1,1,1,1,1,1,1,1,255,255,255,137,0,0,0,0,0,60,45,37,40,-107,-716,137,0,0,0,0,0,2,0,0,0,0,0,0,-1,0,2,0,25,0,0,0,0,0,0,0,0,0,0
165574001,,0,0,[0|0|0],1056400201,0,6011,1,1,1,1,1,1,1,1,255,255,255,137,0,0,0,0,0,60,45,37,40,-93.2,-592.67,-110.04,0,0,0,0,0,2,0,0,0,0,0,0,-1,0,1,0,25,0,0,0,0,0,0,0,0,0,0
165584002,,0,0,[0|0|0],0,0,6011,1,1,1,1,1,1,1,1,255,255,255,137,0,0,0,0,0,60,45,38,40,-96,-674,-99,0,0,0,0,0,2,0,0,0,0,0,0,-1,0,1,0,25,0,0,0,0,0,0,0,0,0,0
